사건번호,품목,hs_code,년월,규제국,중간국,수입국,규제국_중간국_수출량,규제국_수입국_수출량,규제국_중간국_수출총달러,규제국_수입국_수출총달러,규제국_중간국_단가,규제국_수입국_단가,isr_min,isr_best_lag,isr_risk
0,초산에틸(1차재심),291531,2012.03,일본,미국,대한민국,0.0,0.0,0.0,0.0,,,-0.8406680016960503,1,0.8406680016960503
0,초산에틸(1차재심),291531,2012.04,일본,미국,대한민국,0.0,0.0,0.0,0.0,,,-0.8406680016960503,1,0.8406680016960503
0,초산에틸(1차재심),291531,2012.05,일본,미국,대한민국,0.0,0.0,0.0,0.0,,,-0.8406680016960503,1,0.8406680016960503
0,초산에틸(1차재심),291531,2012.06,일본,미국,대한민국,0.0,105.0,0.0,3303.008,,31.457219047619045,-0.8406680016960503,1,0.8406680016960503
0,초산에틸(1차재심),291531,2012.07,일본,미국,대한민국,0.0,0.0,0.0,0.0,,,-0.8406680016960503,1,0.8406680016960503
0,초산에틸(1차재심),291531,2012.08,일본,미국,대한민국,0.0,0.0,0.0,0.0,,,-0.8406680016960503,1,0.8406680016960503
0,초산에틸(1차재심),291531,2012.09,일본,미국,대한민국,0.0,0.0,0.0,0.0,,,-0.8406680016960503,1,0.8406680016960503
0,초산에틸(1차재심),291531,2012.1,일본,미국,대한민국,0.0,0.0,0.0,0.0,,,-0.8406680016960503,1,0.8406680016960503
0,초산에틸(1차재심),291531,2012.11,일본,미국,대한민국,0.0,0.0,0.0,0.0,,,-0.8406680016960503,1,0.8406680016960503
0,초산에틸(1차재심),291531,2012.03,일본,이탈리아,대한민국,0.0,0.0,0.0,0.0,,,-0.8280786712108252,3,0.8280786712108252
0,초산에틸(1차재심),291531,2012.04,일본,이탈리아,대한민국,0.0,0.0,0.0,0.0,,,-0.8280786712108252,3,0.8280786712108252
0,초산에틸(1차재심),291531,2012.05,일본,이탈리아,대한민국,0.0,0.0,0.0,0.0,,,-0.8280786712108252,3,0.8280786712108252
0,초산에틸(1차재심),291531,2012.06,일본,이탈리아,대한민국,0.0,105.0,0.0,3303.008,,31.457219047619045,-0.8280786712108252,3,0.8280786712108252
0,초산에틸(1차재심),291531,2012.07,일본,이탈리아,대한민국,0.0,0.0,0.0,0.0,,,-0.8280786712108252,3,0.8280786712108252
0,초산에틸(1차재심),291531,2012.08,일본,이탈리아,대한민국,0.0,0.0,0.0,0.0,,,-0.8280786712108252,3,0.8280786712108252
0,초산에틸(1차재심),291531,2012.09,일본,이탈리아,대한민국,0.0,0.0,0.0,0.0,,,-0.8280786712108252,3,0.8280786712108252
0,초산에틸(1차재심),291531,2012.1,일본,이탈리아,대한민국,0.0,0.0,0.0,0.0,,,-0.8280786712108252,3,0.8280786712108252
0,초산에틸(1차재심),291531,2012.11,일본,이탈리아,대한민국,0.0,0.0,0.0,0.0,,,-0.8280786712108252,3,0.8280786712108252
0,초산에틸(1차재심),291531,2012.03,일본,인도,대한민국,0.0,0.0,0.0,0.0,,,-0.7714285714285715,0,0.7714285714285715
0,초산에틸(1차재심),291531,2012.04,일본,인도,대한민국,0.0,0.0,0.0,0.0,,,-0.7714285714285715,0,0.7714285714285715
0,초산에틸(1차재심),291531,2012.05,일본,인도,대한민국,0.0,0.0,0.0,0.0,,,-0.7714285714285715,0,0.7714285714285715
0,초산에틸(1차재심),291531,2012.06,일본,인도,대한민국,0.0,105.0,0.0,3303.008,,31.457219047619045,-0.7714285714285715,0,0.7714285714285715
0,초산에틸(1차재심),291531,2012.07,일본,인도,대한민국,0.0,0.0,0.0,0.0,,,-0.7714285714285715,0,0.7714285714285715
0,초산에틸(1차재심),291531,2012.08,일본,인도,대한민국,0.0,0.0,0.0,0.0,,,-0.7714285714285715,0,0.7714285714285715
0,초산에틸(1차재심),291531,2012.09,일본,인도,대한민국,0.0,0.0,0.0,0.0,,,-0.7714285714285715,0,0.7714285714285715
0,초산에틸(1차재심),291531,2012.10,일본,인도,대한민국,0.0,0.0,0.0,0.0,,,-0.7714285714285715,0,0.7714285714285715
0,초산에틸(1차재심),291531,2012.11,일본,인도,대한민국,0.0,0.0,0.0,0.0,,,-0.7714285714285715,0,0.7714285714285715
0,초산에틸(1차재심),291531,2012.03,중국,스페인,대한민국,1800.0,10743463.0,3294.0,9911924.0,1.83,0.922600468768776,-0.7775419143502353,0,0.7775419143502353
0,초산에틸(1차재심),291531,2012.04,중국,스페인,대한민국,340.0,3096432.0,661.0,2978379.0,1.9441176470588235,0.9618745058829,-0.7775419143502353,0,0.7775419143502353
0,초산에틸(1차재심),291531,2012.05,중국,스페인,대한민국,0.0,8146059.0,0.0,7633806.0,,0.9371164633106635,-0.7775419143502353,0,0.7775419143502353
0,초산에틸(1차재심),291531,2012.06,중국,스페인,대한민국,0.0,6166178.0,0.0,5900758.0,,0.9569555079337638,-0.7775419143502353,0,0.7775419143502353
0,초산에틸(1차재심),291531,2012.07,중국,스페인,대한민국,0.0,9587218.0,0.0,8172261.0,,0.8524121387455673,-0.7775419143502353,0,0.7775419143502353
0,초산에틸(1차재심),291531,2012.08,중국,스페인,대한민국,0.0,6191298.0,0.0,5554585.0,,0.8971600139421492,-0.7775419143502353,0,0.7775419143502353
0,초산에틸(1차재심),291531,2012.09,중국,스페인,대한민국,0.0,7097925.0,0.0,6252545.0,,0.8808975862664088,-0.7775419143502353,0,0.7775419143502353
0,초산에틸(1차재심),291531,2012.10,중국,스페인,대한민국,0.0,0.0,0.0,0.0,,,-0.7775419143502353,0,0.7775419143502353
0,초산에틸(1차재심),291531,2012.11,중국,스페인,대한민국,0.0,0.0,0.0,0.0,,,-0.7775419143502353,0,0.7775419143502353
0,초산에틸(1차재심),291531,2012.03,중국,영국,대한민국,0.0,10743463.0,0.0,9911924.0,,0.922600468768776,-0.7715167498104596,1,0.7715167498104596
0,초산에틸(1차재심),291531,2012.04,중국,영국,대한민국,170.0,3096432.0,340.0,2978379.0,2.0,0.9618745058829,-0.7715167498104596,1,0.7715167498104596
0,초산에틸(1차재심),291531,2012.05,중국,영국,대한민국,850.0,8146059.0,1700.0,7633806.0,2.0,0.9371164633106635,-0.7715167498104596,1,0.7715167498104596
0,초산에틸(1차재심),291531,2012.06,중국,영국,대한민국,170.0,6166178.0,340.0,5900758.0,2.0,0.9569555079337638,-0.7715167498104596,1,0.7715167498104596
0,초산에틸(1차재심),291531,2012.07,중국,영국,대한민국,180.0,9587218.0,468.0,8172261.0,2.6,0.8524121387455673,-0.7715167498104596,1,0.7715167498104596
0,초산에틸(1차재심),291531,2012.08,중국,영국,대한민국,0.0,6191298.0,0.0,5554585.0,,0.8971600139421492,-0.7715167498104596,1,0.7715167498104596
0,초산에틸(1차재심),291531,2012.09,중국,영국,대한민국,0.0,7097925.0,0.0,6252545.0,,0.8808975862664088,-0.7715167498104596,1,0.7715167498104596
0,초산에틸(1차재심),291531,2012.10,중국,영국,대한민국,0.0,0.0,0.0,0.0,,,-0.7715167498104596,1,0.7715167498104596
0,초산에틸(1차재심),291531,2012.11,중국,영국,대한민국,0.0,0.0,0.0,0.0,,,-0.7715167498104596,1,0.7715167498104596
1,PET필름(1차재심),392062,2012.05,인도,미국,대한민국,935825.0,121227.0,2211046.589,319691.095,2.362671000454145,2.6371278263093205,-0.7714285714285715,3,0.7714285714285715
1,PET필름(1차재심),392062,2012.06,인도,미국,대한민국,799064.0,104226.0,1583940.732,287113.744,1.9822451418159248,2.7547228522633507,-0.7714285714285715,3,0.7714285714285715
1,PET필름(1차재심),392062,2012.07,인도,미국,대한민국,604942.0,82765.0,1398157.925,255364.664,2.3112264068290846,3.0854185223222377,-0.7714285714285715,3,0.7714285714285715
1,PET필름(1차재심),392062,2012.08,인도,미국,대한민국,806302.0,144207.0,1772475.554,413411.975,2.1982775114039157,2.8667954745608744,-0.7714285714285715,3,0.7714285714285715
1,PET필름(1차재심),392062,2012.09,인도,미국,대한민국,614193.0,31083.0,1442742.586,91389.58,2.349005257305114,2.9401788759128786,-0.7714285714285715,3,0.7714285714285715
1,PET필름(1차재심),392062,2012.10,인도,미국,대한민국,541090.0,169886.0,1321997.173,531078.53,2.4432112458186253,3.1260876705555494,-0.7714285714285715,3,0.7714285714285715
1,PET필름(1차재심),392062,2012.11,인도,미국,대한민국,483793.0,79198.0,1115029.325,285030.417,2.3047653128507437,3.5989597843379886,-0.7714285714285715,3,0.7714285714285715
1,PET필름(1차재심),392062,2012.12,인도,미국,대한민국,549640.0,86774.0,1210176.221,243164.651,2.201761554835892,2.8022754626961994,-0.7714285714285715,3,0.7714285714285715
1,PET필름(1차재심),392062,2013.01,인도,미국,대한민국,477522.0,67508.0,1083619.615,193672.066,2.2692558981575717,2.8688757776856075,-0.7714285714285715,3,0.7714285714285715
1,PET필름(1차재심),392062,2012.05,인도,벨기에,대한민국,71096.0,121227.0,139521.7,319691.095,1.9624409249465513,2.6371278263093205,-0.8451542547285166,3,0.8451542547285166
1,PET필름(1차재심),392062,2012.06,인도,벨기에,대한민국,6018.0,104226.0,21476.177,287113.744,3.568656862745098,2.7547228522633507,-0.8451542547285166,3,0.8451542547285166
1,PET필름(1차재심),392062,2012.07,인도,벨기에,대한민국,20287.0,82765.0,45202.197,255364.664,2.228136097007936,3.0854185223222377,-0.8451542547285166,3,0.8451542547285166
1,PET필름(1차재심),392062,2012.08,인도,벨기에,대한민국,67902.0,144207.0,132973.12,413411.975,1.9583093281493917,2.8667954745608744,-0.8451542547285166,3,0.8451542547285166
1,PET필름(1차재심),392062,2012.09,인도,벨기에,대한민국,39238.0,31083.0,92762.341,91389.58,2.3640945257148682,2.9401788759128786,-0.8451542547285166,3,0.8451542547285166
1,PET필름(1차재심),392062,2012.1,인도,벨기에,대한민국,58289.0,169886.0,133787.217,531078.53,2.2952395306146958,3.1260876705555494,-0.8451542547285166,3,0.8451542547285166
1,PET필름(1차재심),392062,2012.11,인도,벨기에,대한민국,62010.0,79198.0,148955.925,285030.417,2.4021274794388,3.5989597843379886,-0.8451542547285166,3,0.8451542547285166
1,PET필름(1차재심),392062,2012.12,인도,벨기에,대한민국,70871.0,86774.0,182214.69,243164.651,2.571075475159092,2.8022754626961994,-0.8451542547285166,3,0.8451542547285166
1,PET필름(1차재심),392062,2013.01,인도,벨기에,대한민국,83509.0,67508.0,212233.87,193672.066,2.5414490653701995,2.8688757776856075,-0.8451542547285166,3,0.8451542547285166
1,PET필름(1차재심),392062,2012.05,인도,스위스,대한민국,0.0,121227.0,0.0,319691.095,,2.6371278263093205,-0.8451542547285166,3,0.8451542547285166
1,PET필름(1차재심),392062,2012.06,인도,스위스,대한민국,2632.0,104226.0,19554.483,287113.744,7.42951481762918,2.7547228522633507,-0.8451542547285166,3,0.8451542547285166
1,PET필름(1차재심),392062,2012.07,인도,스위스,대한민국,0.0,82765.0,0.0,255364.664,,3.0854185223222377,-0.8451542547285166,3,0.8451542547285166
1,PET필름(1차재심),392062,2012.08,인도,스위스,대한민국,0.0,144207.0,0.0,413411.975,,2.8667954745608744,-0.8451542547285166,3,0.8451542547285166
1,PET필름(1차재심),392062,2012.09,인도,스위스,대한민국,0.0,31083.0,0.0,91389.58,,2.9401788759128786,-0.8451542547285166,3,0.8451542547285166
1,PET필름(1차재심),392062,2012.1,인도,스위스,대한민국,19580.0,169886.0,49320.849,531078.53,2.5189401940755873,3.1260876705555494,-0.8451542547285166,3,0.8451542547285166
1,PET필름(1차재심),392062,2012.11,인도,스위스,대한민국,0.0,79198.0,0.0,285030.417,,3.5989597843379886,-0.8451542547285166,3,0.8451542547285166
1,PET필름(1차재심),392062,2012.12,인도,스위스,대한민국,11358.0,86774.0,27858.233,243164.651,2.4527410635675295,2.8022754626961994,-0.8451542547285166,3,0.8451542547285166
1,PET필름(1차재심),392062,2013.01,인도,스위스,대한민국,18070.0,67508.0,40515.136,193672.066,2.24212152739347,2.8688757776856075,-0.8451542547285166,3,0.8451542547285166
1,PET필름(1차재심),392062,2012.05,인도,이탈리아,대한민국,1376788.0,121227.0,2787382.799,319691.095,2.024554832697554,2.6371278263093205,-0.9276336570439176,3,0.9276336570439176
1,PET필름(1차재심),392062,2012.06,인도,이탈리아,대한민국,1491397.0,104226.0,2980643.986,287113.744,1.998558389214944,2.7547228522633507,-0.9276336570439176,3,0.9276336570439176
1,PET필름(1차재심),392062,2012.07,인도,이탈리아,대한민국,374352.0,82765.0,776145.457,255364.664,2.0733038877847587,3.0854185223222377,-0.9276336570439176,3,0.9276336570439176
1,PET필름(1차재심),392062,2012.08,인도,이탈리아,대한민국,1150744.0,144207.0,2266371.497,413411.975,1.9694836531843747,2.8667954745608744,-0.9276336570439176,3,0.9276336570439176
1,PET필름(1차재심),392062,2012.09,인도,이탈리아,대한민국,454648.0,31083.0,1076202.745,91389.58,2.36711201852862,2.9401788759128786,-0.9276336570439176,3,0.9276336570439176
1,PET필름(1차재심),392062,2012.1,인도,이탈리아,대한민국,667422.0,169886.0,1348770.126,531078.53,2.0208655483337377,3.1260876705555494,-0.9276336570439176,3,0.9276336570439176
1,PET필름(1차재심),392062,2012.11,인도,이탈리아,대한민국,420744.0,79198.0,872813.883,285030.417,2.0744535465746394,3.5989597843379886,-0.9276336570439176,3,0.9276336570439176
1,PET필름(1차재심),392062,2012.12,인도,이탈리아,대한민국,2164421.0,86774.0,4128895.158,243164.651,1.907621094971819,2.8022754626961994,-0.9276336570439176,3,0.9276336570439176
1,PET필름(1차재심),392062,2013.01,인도,이탈리아,대한민국,1857065.0,67508.0,3680721.468,193672.066,1.9820100362669049,2.8688757776856075,-0.9276336570439176,3,0.9276336570439176
1,PET필름(1차재심),392062,2012.05,중국,대만,대한민국,0.0,271655.0,0.0,899617.0,,3.311615836262907,-0.7714285714285715,3,0.7714285714285715
1,PET필름(1차재심),392062,2012.06,중국,대만,대한민국,0.0,332298.0,0.0,981323.0,,2.9531414573665806,-0.7714285714285715,3,0.7714285714285715
1,PET필름(1차재심),392062,2012.07,중국,대만,대한민국,0.0,348524.0,0.0,1319108.0,,3.7848412160998954,-0.7714285714285715,3,0.7714285714285715
1,PET필름(1차재심),392062,2012.08,중국,대만,대한민국,0.0,384398.0,0.0,1495263.0,,3.889882361510726,-0.7714285714285715,3,0.7714285714285715
1,PET필름(1차재심),392062,2012.09,중국,대만,대한민국,0.0,689144.0,0.0,2012228.0,,2.9198948260450646,-0.7714285714285715,3,0.7714285714285715
1,PET필름(1차재심),392062,2012.10,중국,대만,대한민국,0.0,0.0,0.0,0.0,,,-0.7714285714285715,3,0.7714285714285715
1,PET필름(1차재심),392062,2012.11,중국,대만,대한민국,0.0,0.0,0.0,0.0,,,-0.7714285714285715,3,0.7714285714285715
1,PET필름(1차재심),392062,2012.12,중국,대만,대한민국,0.0,0.0,0.0,0.0,,,-0.7714285714285715,3,0.7714285714285715
1,PET필름(1차재심),392062,2013.01,중국,대만,대한민국,0.0,0.0,0.0,0.0,,,-0.7714285714285715,3,0.7714285714285715
1,PET필름(1차재심),392062,2012.05,중국,벨기에,대한민국,413026.0,271655.0,1045638.0,899617.0,2.531651760421862,3.311615836262907,-0.8451542547285166,3,0.8451542547285166
1,PET필름(1차재심),392062,2012.06,중국,벨기에,대한민국,361367.0,332298.0,731183.0,981323.0,2.0233806628718174,2.9531414573665806,-0.8451542547285166,3,0.8451542547285166
1,PET필름(1차재심),392062,2012.07,중국,벨기에,대한민국,426014.0,348524.0,836261.0,1319108.0,1.9629894792189928,3.7848412160998954,-0.8451542547285166,3,0.8451542547285166
1,PET필름(1차재심),392062,2012.08,중국,벨기에,대한민국,254277.0,384398.0,498880.0,1495263.0,1.961954875981705,3.889882361510726,-0.8451542547285166,3,0.8451542547285166
1,PET필름(1차재심),392062,2012.09,중국,벨기에,대한민국,392103.0,689144.0,784953.0,2012228.0,2.0019051116670874,2.9198948260450646,-0.8451542547285166,3,0.8451542547285166
1,PET필름(1차재심),392062,2012.1,중국,벨기에,대한민국,0.0,0.0,0.0,0.0,,,-0.8451542547285166,3,0.8451542547285166
1,PET필름(1차재심),392062,2012.11,중국,벨기에,대한민국,0.0,0.0,0.0,0.0,,,-0.8451542547285166,3,0.8451542547285166
1,PET필름(1차재심),392062,2012.12,중국,벨기에,대한민국,0.0,0.0,0.0,0.0,,,-0.8451542547285166,3,0.8451542547285166
1,PET필름(1차재심),392062,2013.01,중국,벨기에,대한민국,0.0,0.0,0.0,0.0,,,-0.8451542547285166,3,0.8451542547285166
1,PET필름(1차재심),392062,2012.05,중국,스위스,대한민국,4215.0,271655.0,63608.0,899617.0,15.090865954922894,3.311615836262907,-0.8451542547285166,3,0.8451542547285166
1,PET필름(1차재심),392062,2012.06,중국,스위스,대한민국,1152.0,332298.0,9440.0,981323.0,8.194444444444445,2.9531414573665806,-0.8451542547285166,3,0.8451542547285166
1,PET필름(1차재심),392062,2012.07,중국,스위스,대한민국,11195.0,348524.0,125783.0,1319108.0,11.235640911121036,3.7848412160998954,-0.8451542547285166,3,0.8451542547285166
1,PET필름(1차재심),392062,2012.08,중국,스위스,대한민국,4858.0,384398.0,44486.0,1495263.0,9.15726636475916,3.889882361510726,-0.8451542547285166,3,0.8451542547285166
1,PET필름(1차재심),392062,2012.09,중국,스위스,대한민국,11484.0,689144.0,91391.0,2012228.0,7.9581156391501215,2.9198948260450646,-0.8451542547285166,3,0.8451542547285166
1,PET필름(1차재심),392062,2012.1,중국,스위스,대한민국,0.0,0.0,0.0,0.0,,,-0.8451542547285166,3,0.8451542547285166
1,PET필름(1차재심),392062,2012.11,중국,스위스,대한민국,0.0,0.0,0.0,0.0,,,-0.8451542547285166,3,0.8451542547285166
1,PET필름(1차재심),392062,2012.12,중국,스위스,대한민국,0.0,0.0,0.0,0.0,,,-0.8451542547285166,3,0.8451542547285166
1,PET필름(1차재심),392062,2013.01,중국,스위스,대한민국,0.0,0.0,0.0,0.0,,,-0.8451542547285166,3,0.8451542547285166
10,합판(1차재심),4412,2014.09,말레이시아,라트비아,대한민국,0.0,0.0,0.0,14729113.264,,,-0.942857142857143,1,0.942857142857143
10,합판(1차재심),4412,2014.1,말레이시아,라트비아,대한민국,0.0,0.0,0.0,8597137.739,,,-0.942857142857143,1,0.942857142857143
10,합판(1차재심),4412,2014.11,말레이시아,라트비아,대한민국,0.0,0.0,0.0,16213813.54,,,-0.942857142857143,1,0.942857142857143
10,합판(1차재심),4412,2014.12,말레이시아,라트비아,대한민국,0.0,0.0,0.0,15571208.438,,,-0.942857142857143,1,0.942857142857143
10,합판(1차재심),4412,2015.01,말레이시아,라트비아,대한민국,0.0,0.0,0.0,10378556.989,,,-0.942857142857143,1,0.942857142857143
10,합판(1차재심),4412,2015.02,말레이시아,라트비아,대한민국,0.0,0.0,0.0,8378851.218,,,-0.942857142857143,1,0.942857142857143
10,합판(1차재심),4412,2015.03,말레이시아,라트비아,대한민국,0.0,0.0,0.0,11763214.259,,,-0.942857142857143,1,0.942857142857143
10,합판(1차재심),4412,2015.04,말레이시아,라트비아,대한민국,0.0,0.0,0.0,10925996.287,,,-0.942857142857143,1,0.942857142857143
10,합판(1차재심),4412,2015.05,말레이시아,라트비아,대한민국,0.0,0.0,0.0,11396025.628,,,-0.942857142857143,1,0.942857142857143
10,합판(1차재심),4412,2014.09,말레이시아,스위스,대한민국,0.0,0.0,0.0,14729113.264,,,-0.9411239481143202,3,0.9411239481143202
10,합판(1차재심),4412,2014.1,말레이시아,스위스,대한민국,0.0,0.0,0.0,8597137.739,,,-0.9411239481143202,3,0.9411239481143202
10,합판(1차재심),4412,2014.11,말레이시아,스위스,대한민국,0.0,0.0,0.0,16213813.54,,,-0.9411239481143202,3,0.9411239481143202
10,합판(1차재심),4412,2014.12,말레이시아,스위스,대한민국,0.0,0.0,0.0,15571208.438,,,-0.9411239481143202,3,0.9411239481143202
10,합판(1차재심),4412,2015.01,말레이시아,스위스,대한민국,0.0,0.0,0.0,10378556.989,,,-0.9411239481143202,3,0.9411239481143202
10,합판(1차재심),4412,2015.02,말레이시아,스위스,대한민국,0.0,0.0,0.0,8378851.218,,,-0.9411239481143202,3,0.9411239481143202
10,합판(1차재심),4412,2015.03,말레이시아,스위스,대한민국,0.0,0.0,0.0,11763214.259,,,-0.9411239481143202,3,0.9411239481143202
10,합판(1차재심),4412,2015.04,말레이시아,스위스,대한민국,0.0,0.0,0.0,10925996.287,,,-0.9411239481143202,3,0.9411239481143202
10,합판(1차재심),4412,2015.05,말레이시아,스위스,대한민국,0.0,0.0,0.0,11396025.628,,,-0.9411239481143202,3,0.9411239481143202
10,합판(1차재심),4412,2014.09,말레이시아,슬로베니아,대한민국,0.0,0.0,0.0,14729113.264,,,-0.7775419143502353,1,0.7775419143502353
10,합판(1차재심),4412,2014.10,말레이시아,슬로베니아,대한민국,0.0,0.0,0.0,8597137.739,,,-0.7775419143502353,1,0.7775419143502353
10,합판(1차재심),4412,2014.11,말레이시아,슬로베니아,대한민국,0.0,0.0,0.0,16213813.54,,,-0.7775419143502353,1,0.7775419143502353
10,합판(1차재심),4412,2014.12,말레이시아,슬로베니아,대한민국,0.0,0.0,0.0,15571208.438,,,-0.7775419143502353,1,0.7775419143502353
10,합판(1차재심),4412,2015.01,말레이시아,슬로베니아,대한민국,0.0,0.0,0.0,10378556.989,,,-0.7775419143502353,1,0.7775419143502353
10,합판(1차재심),4412,2015.02,말레이시아,슬로베니아,대한민국,0.0,0.0,0.0,8378851.218,,,-0.7775419143502353,1,0.7775419143502353
10,합판(1차재심),4412,2015.03,말레이시아,슬로베니아,대한민국,0.0,0.0,0.0,11763214.259,,,-0.7775419143502353,1,0.7775419143502353
10,합판(1차재심),4412,2015.04,말레이시아,슬로베니아,대한민국,0.0,0.0,0.0,10925996.287,,,-0.7775419143502353,1,0.7775419143502353
10,합판(1차재심),4412,2015.05,말레이시아,슬로베니아,대한민국,0.0,0.0,0.0,11396025.628,,,-0.7775419143502353,1,0.7775419143502353
10,합판(1차재심),4412,2014.09,말레이시아,싱가포르,대한민국,0.0,0.0,1508947.457,14729113.264,,,-0.8451542547285166,2,0.8451542547285166
10,합판(1차재심),4412,2014.1,말레이시아,싱가포르,대한민국,0.0,0.0,1489301.052,8597137.739,,,-0.8451542547285166,2,0.8451542547285166
10,합판(1차재심),4412,2014.11,말레이시아,싱가포르,대한민국,0.0,0.0,1205937.566,16213813.54,,,-0.8451542547285166,2,0.8451542547285166
10,합판(1차재심),4412,2014.12,말레이시아,싱가포르,대한민국,0.0,0.0,1541925.042,15571208.438,,,-0.8451542547285166,2,0.8451542547285166
10,합판(1차재심),4412,2015.01,말레이시아,싱가포르,대한민국,0.0,0.0,1178261.497,10378556.989,,,-0.8451542547285166,2,0.8451542547285166
10,합판(1차재심),4412,2015.02,말레이시아,싱가포르,대한민국,0.0,0.0,655289.239,8378851.218,,,-0.8451542547285166,2,0.8451542547285166
10,합판(1차재심),4412,2015.03,말레이시아,싱가포르,대한민국,0.0,0.0,1192028.941,11763214.259,,,-0.8451542547285166,2,0.8451542547285166
10,합판(1차재심),4412,2015.04,말레이시아,싱가포르,대한민국,0.0,0.0,1632616.458,10925996.287,,,-0.8451542547285166,2,0.8451542547285166
10,합판(1차재심),4412,2015.05,말레이시아,싱가포르,대한민국,0.0,0.0,1643498.555,11396025.628,,,-0.8451542547285166,2,0.8451542547285166
10,합판(1차재심),4412,2014.09,말레이시아,영국,대한민국,0.0,0.0,6734684.646,14729113.264,,,-0.9411239481143202,2,0.9411239481143202
10,합판(1차재심),4412,2014.1,말레이시아,영국,대한민국,0.0,0.0,5379897.782,8597137.739,,,-0.9411239481143202,2,0.9411239481143202
10,합판(1차재심),4412,2014.11,말레이시아,영국,대한민국,0.0,0.0,5329828.615,16213813.54,,,-0.9411239481143202,2,0.9411239481143202
10,합판(1차재심),4412,2014.12,말레이시아,영국,대한민국,0.0,0.0,5466119.612,15571208.438,,,-0.9411239481143202,2,0.9411239481143202
10,합판(1차재심),4412,2015.01,말레이시아,영국,대한민국,0.0,0.0,2750086.555,10378556.989,,,-0.9411239481143202,2,0.9411239481143202
10,합판(1차재심),4412,2015.02,말레이시아,영국,대한민국,0.0,0.0,2066803.299,8378851.218,,,-0.9411239481143202,2,0.9411239481143202
10,합판(1차재심),4412,2015.03,말레이시아,영국,대한민국,0.0,0.0,2951273.715,11763214.259,,,-0.9411239481143202,2,0.9411239481143202
10,합판(1차재심),4412,2015.04,말레이시아,영국,대한민국,0.0,0.0,2953514.46,10925996.287,,,-0.9411239481143202,2,0.9411239481143202
10,합판(1차재심),4412,2015.05,말레이시아,영국,대한민국,0.0,0.0,3313009.495,11396025.628,,,-0.9411239481143202,2,0.9411239481143202
10,합판(1차재심),4412,2014.09,말레이시아,이탈리아,대한민국,0.0,0.0,28446.199,14729113.264,,,-0.942857142857143,1,0.942857142857143
10,합판(1차재심),4412,2014.1,말레이시아,이탈리아,대한민국,0.0,0.0,0.0,8597137.739,,,-0.942857142857143,1,0.942857142857143
10,합판(1차재심),4412,2014.11,말레이시아,이탈리아,대한민국,0.0,0.0,16487.216,16213813.54,,,-0.942857142857143,1,0.942857142857143
10,합판(1차재심),4412,2014.12,말레이시아,이탈리아,대한민국,0.0,0.0,0.0,15571208.438,,,-0.942857142857143,1,0.942857142857143
10,합판(1차재심),4412,2015.01,말레이시아,이탈리아,대한민국,0.0,0.0,75858.583,10378556.989,,,-0.942857142857143,1,0.942857142857143
10,합판(1차재심),4412,2015.02,말레이시아,이탈리아,대한민국,0.0,0.0,0.0,8378851.218,,,-0.942857142857143,1,0.942857142857143
10,합판(1차재심),4412,2015.03,말레이시아,이탈리아,대한민국,0.0,0.0,0.0,11763214.259,,,-0.942857142857143,1,0.942857142857143
10,합판(1차재심),4412,2015.04,말레이시아,이탈리아,대한민국,0.0,0.0,29946.613,10925996.287,,,-0.942857142857143,1,0.942857142857143
10,합판(1차재심),4412,2015.05,말레이시아,이탈리아,대한민국,0.0,0.0,86540.526,11396025.628,,,-0.942857142857143,1,0.942857142857143
10,합판(1차재심),4412,2014.09,말레이시아,캐나다,대한민국,0.0,0.0,185041.061,14729113.264,,,-0.8451542547285166,1,0.8451542547285166
10,합판(1차재심),4412,2014.1,말레이시아,캐나다,대한민국,0.0,0.0,81387.409,8597137.739,,,-0.8451542547285166,1,0.8451542547285166
10,합판(1차재심),4412,2014.11,말레이시아,캐나다,대한민국,0.0,0.0,74804.307,16213813.54,,,-0.8451542547285166,1,0.8451542547285166
10,합판(1차재심),4412,2014.12,말레이시아,캐나다,대한민국,0.0,0.0,283541.191,15571208.438,,,-0.8451542547285166,1,0.8451542547285166
10,합판(1차재심),4412,2015.01,말레이시아,캐나다,대한민국,0.0,0.0,229262.643,10378556.989,,,-0.8451542547285166,1,0.8451542547285166
10,합판(1차재심),4412,2015.02,말레이시아,캐나다,대한민국,0.0,0.0,109940.385,8378851.218,,,-0.8451542547285166,1,0.8451542547285166
10,합판(1차재심),4412,2015.03,말레이시아,캐나다,대한민국,0.0,0.0,0.0,11763214.259,,,-0.8451542547285166,1,0.8451542547285166
10,합판(1차재심),4412,2015.04,말레이시아,캐나다,대한민국,0.0,0.0,285689.727,10925996.287,,,-0.8451542547285166,1,0.8451542547285166
10,합판(1차재심),4412,2015.05,말레이시아,캐나다,대한민국,0.0,0.0,253276.587,11396025.628,,,-0.8451542547285166,1,0.8451542547285166
11,두꺼운 PET필름,392062,2014.12,일본,말레이시아,대한민국,173686.0,2689010.0,1676334.096,26485560.771,9.651521112812777,9.849558302497947,-0.8857142857142858,0,0.8857142857142858
11,두꺼운 PET필름,392062,2015.01,일본,말레이시아,대한민국,215313.0,2562440.0,1954113.822,23553718.149,9.075688983015423,9.191910112627028,-0.8857142857142858,0,0.8857142857142858
11,두꺼운 PET필름,392062,2015.02,일본,말레이시아,대한민국,202741.0,2163300.0,1922445.96,20610081.46,9.482275218135454,9.527149013081866,-0.8857142857142858,0,0.8857142857142858
11,두꺼운 PET필름,392062,2015.03,일본,말레이시아,대한민국,230717.0,2404080.0,1854537.75,22347042.822,8.038149551181752,9.295465551063193,-0.8857142857142858,0,0.8857142857142858
11,두꺼운 PET필름,392062,2015.04,일본,말레이시아,대한민국,232939.0,2705700.0,2392891.9,24556486.395,10.272611713796316,9.0758348652844,-0.8857142857142858,0,0.8857142857142858
11,두꺼운 PET필름,392062,2015.05,일본,말레이시아,대한민국,217477.0,2024570.0,1792800.39,18982405.686,8.243632154204812,9.376018456264788,-0.8857142857142858,0,0.8857142857142858
11,두꺼운 PET필름,392062,2015.06,일본,말레이시아,대한민국,328703.0,2196650.0,2721325.236,19850402.749,8.278979005363505,9.036670725422804,-0.8857142857142858,0,0.8857142857142858
11,두꺼운 PET필름,392062,2015.07,일본,말레이시아,대한민국,269683.0,2115610.0,2180848.464,21930908.672,8.086710930981932,10.366234169813906,-0.8857142857142858,0,0.8857142857142858
11,두꺼운 PET필름,392062,2015.08,일본,말레이시아,대한민국,255557.0,1879290.0,1846584.48,20006501.895,7.22572451547013,10.645776806666348,-0.8857142857142858,0,0.8857142857142858
13,공기압 전송용 밸브,848120,2015.08,일본,말레이시아,대한민국,16182.0,179381.0,628182.15,6781429.59,38.81980904708936,37.80461470278346,-0.7775419143502353,1,0.7775419143502353
13,공기압 전송용 밸브,848120,2015.09,일본,말레이시아,대한민국,14150.0,172366.0,595274.086,7957928.008,42.06884,46.16878043233584,-0.7775419143502353,1,0.7775419143502353
13,공기압 전송용 밸브,848120,2015.10,일본,말레이시아,대한민국,13991.0,227326.0,603377.747,9390980.816,43.12613444357086,41.31063237817055,-0.7775419143502353,1,0.7775419143502353
13,공기압 전송용 밸브,848120,2015.11,일본,말레이시아,대한민국,11455.0,166823.0,584050.126,7981196.848,50.98647979048451,47.842305005904464,-0.7775419143502353,1,0.7775419143502353
13,공기압 전송용 밸브,848120,2015.12,일본,말레이시아,대한민국,10795.0,172597.0,638952.204,9256096.434,59.189643723946276,53.62837380719248,-0.7775419143502353,1,0.7775419143502353
13,공기압 전송용 밸브,848120,2016.01,일본,말레이시아,대한민국,9186.0,185693.0,444247.415,8916824.563,48.361355867624646,48.019174459995796,-0.7775419143502353,1,0.7775419143502353
13,공기압 전송용 밸브,848120,2016.02,일본,말레이시아,대한민국,13528.0,193606.0,513250.541,9383068.631,37.93986849497339,48.46476158280218,-0.7775419143502353,1,0.7775419143502353
13,공기압 전송용 밸브,848120,2016.03,일본,말레이시아,대한민국,15067.0,268817.0,607963.092,10048703.148,40.35063994159421,37.38120412027513,-0.7775419143502353,1,0.7775419143502353
13,공기압 전송용 밸브,848120,2016.04,일본,말레이시아,대한민국,11552.0,247078.0,686678.846,9585976.306,59.442420879501384,38.797368871368555,-0.7775419143502353,1,0.7775419143502353
13,공기압 전송용 밸브,848120,2015.08,일본,싱가포르,대한민국,11845.0,179381.0,881921.97,6781429.59,74.45521063739974,37.80461470278346,-0.8116794499134279,3,0.8116794499134279
13,공기압 전송용 밸브,848120,2015.09,일본,싱가포르,대한민국,16300.0,172366.0,1105820.198,7957928.008,67.84172993865032,46.16878043233584,-0.8116794499134279,3,0.8116794499134279
13,공기압 전송용 밸브,848120,2015.1,일본,싱가포르,대한민국,18270.0,227326.0,1624788.004,9390980.816,88.93201992337164,41.31063237817055,-0.8116794499134279,3,0.8116794499134279
13,공기압 전송용 밸브,848120,2015.11,일본,싱가포르,대한민국,10057.0,166823.0,789258.471,7981196.848,78.47851953862981,47.842305005904464,-0.8116794499134279,3,0.8116794499134279
13,공기압 전송용 밸브,848120,2015.12,일본,싱가포르,대한민국,8638.0,172597.0,786522.588,9256096.434,91.05378420930771,53.62837380719248,-0.8116794499134279,3,0.8116794499134279
13,공기압 전송용 밸브,848120,2016.01,일본,싱가포르,대한민국,8283.0,185693.0,681277.988,8916824.563,82.25014946275505,48.019174459995796,-0.8116794499134279,3,0.8116794499134279
13,공기압 전송용 밸브,848120,2016.02,일본,싱가포르,대한민국,10915.0,193606.0,1122184.35,9383068.631,102.81120934493816,48.46476158280218,-0.8116794499134279,3,0.8116794499134279
13,공기압 전송용 밸브,848120,2016.03,일본,싱가포르,대한민국,9510.0,268817.0,1140407.268,10048703.148,119.91664227129337,37.38120412027513,-0.8116794499134279,3,0.8116794499134279
13,공기압 전송용 밸브,848120,2016.04,일본,싱가포르,대한민국,9029.0,247078.0,1073619.452,9585976.306,118.90790253627202,38.797368871368555,-0.8116794499134279,3,0.8116794499134279
13,공기압 전송용 밸브,848120,2015.08,일본,폴란드,대한민국,812.0,179381.0,86132.61,6781429.59,106.07464285714286,37.80461470278346,-0.942857142857143,1,0.942857142857143
13,공기압 전송용 밸브,848120,2015.09,일본,폴란드,대한민국,942.0,172366.0,104282.502,7957928.008,110.70329299363057,46.16878043233584,-0.942857142857143,1,0.942857142857143
13,공기압 전송용 밸브,848120,2015.1,일본,폴란드,대한민국,1375.0,227326.0,146940.218,9390980.816,106.86561309090908,41.31063237817055,-0.942857142857143,1,0.942857142857143
13,공기압 전송용 밸브,848120,2015.11,일본,폴란드,대한민국,250.0,166823.0,26449.801,7981196.848,105.799204,47.842305005904464,-0.942857142857143,1,0.942857142857143
13,공기압 전송용 밸브,848120,2015.12,일본,폴란드,대한민국,1224.0,172597.0,126622.476,9256096.434,103.44973529411764,53.62837380719248,-0.942857142857143,1,0.942857142857143
13,공기압 전송용 밸브,848120,2016.01,일본,폴란드,대한민국,475.0,185693.0,48993.588,8916824.563,103.14439578947369,48.019174459995796,-0.942857142857143,1,0.942857142857143
13,공기압 전송용 밸브,848120,2016.02,일본,폴란드,대한민국,750.0,193606.0,78374.78,9383068.631,104.49970666666667,48.46476158280218,-0.942857142857143,1,0.942857142857143
13,공기압 전송용 밸브,848120,2016.03,일본,폴란드,대한민국,65.0,268817.0,5775.132,10048703.148,88.84818461538461,37.38120412027513,-0.942857142857143,1,0.942857142857143
13,공기압 전송용 밸브,848120,2016.04,일본,폴란드,대한민국,0.0,247078.0,0.0,9585976.306,,38.797368871368555,-0.942857142857143,1,0.942857142857143
14,합판(신규공급자조사),4412,2014.02,중국,오스트리아,대한민국,0.0,0.0,0.0,0.0,,,-0.8116794499134279,2,0.8116794499134279
14,합판(신규공급자조사),4412,2014.03,중국,오스트리아,대한민국,0.0,0.0,0.0,0.0,,,-0.8116794499134279,2,0.8116794499134279
14,합판(신규공급자조사),4412,2014.04,중국,오스트리아,대한민국,0.0,0.0,0.0,0.0,,,-0.8116794499134279,2,0.8116794499134279
14,합판(신규공급자조사),4412,2014.05,중국,오스트리아,대한민국,0.0,0.0,0.0,0.0,,,-0.8116794499134279,2,0.8116794499134279
14,합판(신규공급자조사),4412,2014.06,중국,오스트리아,대한민국,0.0,0.0,0.0,0.0,,,-0.8116794499134279,2,0.8116794499134279
14,합판(신규공급자조사),4412,2014.07,중국,오스트리아,대한민국,0.0,0.0,0.0,0.0,,,-0.8116794499134279,2,0.8116794499134279
14,합판(신규공급자조사),4412,2014.08,중국,오스트리아,대한민국,0.0,0.0,0.0,0.0,,,-0.8116794499134279,2,0.8116794499134279
14,합판(신규공급자조사),4412,2014.09,중국,오스트리아,대한민국,0.0,0.0,0.0,0.0,,,-0.8116794499134279,2,0.8116794499134279
14,합판(신규공급자조사),4412,2014.10,중국,오스트리아,대한민국,0.0,0.0,0.0,0.0,,,-0.8116794499134279,2,0.8116794499134279
14,합판(신규공급자조사),4412,2014.02,중국,인도,대한민국,0.0,0.0,0.0,0.0,,,-0.8451542547285166,1,0.8451542547285166
14,합판(신규공급자조사),4412,2014.03,중국,인도,대한민국,0.0,0.0,0.0,0.0,,,-0.8451542547285166,1,0.8451542547285166
14,합판(신규공급자조사),4412,2014.04,중국,인도,대한민국,0.0,0.0,0.0,0.0,,,-0.8451542547285166,1,0.8451542547285166
14,합판(신규공급자조사),4412,2014.05,중국,인도,대한민국,0.0,0.0,0.0,0.0,,,-0.8451542547285166,1,0.8451542547285166
14,합판(신규공급자조사),4412,2014.06,중국,인도,대한민국,0.0,0.0,0.0,0.0,,,-0.8451542547285166,1,0.8451542547285166
14,합판(신규공급자조사),4412,2014.07,중국,인도,대한민국,0.0,0.0,0.0,0.0,,,-0.8451542547285166,1,0.8451542547285166
14,합판(신규공급자조사),4412,2014.08,중국,인도,대한민국,0.0,0.0,0.0,0.0,,,-0.8451542547285166,1,0.8451542547285166
14,합판(신규공급자조사),4412,2014.09,중국,인도,대한민국,0.0,0.0,0.0,0.0,,,-0.8451542547285166,1,0.8451542547285166
14,합판(신규공급자조사),4412,2014.1,중국,인도,대한민국,0.0,0.0,0.0,0.0,,,-0.8451542547285166,1,0.8451542547285166
14,합판(신규공급자조사),4412,2014.02,중국,인도네시아,대한민국,0.0,0.0,0.0,0.0,,,-0.8285714285714287,2,0.8285714285714287
14,합판(신규공급자조사),4412,2014.03,중국,인도네시아,대한민국,0.0,0.0,0.0,0.0,,,-0.8285714285714287,2,0.8285714285714287
14,합판(신규공급자조사),4412,2014.04,중국,인도네시아,대한민국,0.0,0.0,0.0,0.0,,,-0.8285714285714287,2,0.8285714285714287
14,합판(신규공급자조사),4412,2014.05,중국,인도네시아,대한민국,0.0,0.0,0.0,0.0,,,-0.8285714285714287,2,0.8285714285714287
14,합판(신규공급자조사),4412,2014.06,중국,인도네시아,대한민국,0.0,0.0,0.0,0.0,,,-0.8285714285714287,2,0.8285714285714287
14,합판(신규공급자조사),4412,2014.07,중국,인도네시아,대한민국,0.0,0.0,0.0,0.0,,,-0.8285714285714287,2,0.8285714285714287
14,합판(신규공급자조사),4412,2014.08,중국,인도네시아,대한민국,0.0,0.0,0.0,0.0,,,-0.8285714285714287,2,0.8285714285714287
14,합판(신규공급자조사),4412,2014.09,중국,인도네시아,대한민국,0.0,0.0,0.0,0.0,,,-0.8285714285714287,2,0.8285714285714287
14,합판(신규공급자조사),4412,2014.1,중국,인도네시아,대한민국,0.0,0.0,0.0,0.0,,,-0.8285714285714287,2,0.8285714285714287
14,합판(신규공급자조사),4412,2014.02,중국,포루투갈,대한민국,0.0,0.0,0.0,0.0,,,-0.7775419143502353,2,0.7775419143502353
14,합판(신규공급자조사),4412,2014.03,중국,포루투갈,대한민국,0.0,0.0,0.0,0.0,,,-0.7775419143502353,2,0.7775419143502353
14,합판(신규공급자조사),4412,2014.04,중국,포루투갈,대한민국,0.0,0.0,0.0,0.0,,,-0.7775419143502353,2,0.7775419143502353
14,합판(신규공급자조사),4412,2014.05,중국,포루투갈,대한민국,0.0,0.0,0.0,0.0,,,-0.7775419143502353,2,0.7775419143502353
14,합판(신규공급자조사),4412,2014.06,중국,포루투갈,대한민국,0.0,0.0,0.0,0.0,,,-0.7775419143502353,2,0.7775419143502353
14,합판(신규공급자조사),4412,2014.07,중국,포루투갈,대한민국,0.0,0.0,0.0,0.0,,,-0.7775419143502353,2,0.7775419143502353
14,합판(신규공급자조사),4412,2014.08,중국,포루투갈,대한민국,0.0,0.0,0.0,0.0,,,-0.7775419143502353,2,0.7775419143502353
14,합판(신규공급자조사),4412,2014.09,중국,포루투갈,대한민국,0.0,0.0,0.0,0.0,,,-0.7775419143502353,2,0.7775419143502353
14,합판(신규공급자조사),4412,2014.10,중국,포루투갈,대한민국,0.0,0.0,0.0,0.0,,,-0.7775419143502353,2,0.7775419143502353
14,합판(신규공급자조사),4412,2014.02,중국,프랑스,대한민국,0.0,0.0,0.0,0.0,,,-0.9276336570439176,2,0.9276336570439176
14,합판(신규공급자조사),4412,2014.03,중국,프랑스,대한민국,0.0,0.0,0.0,0.0,,,-0.9276336570439176,2,0.9276336570439176
14,합판(신규공급자조사),4412,2014.04,중국,프랑스,대한민국,0.0,0.0,0.0,0.0,,,-0.9276336570439176,2,0.9276336570439176
14,합판(신규공급자조사),4412,2014.05,중국,프랑스,대한민국,0.0,0.0,0.0,0.0,,,-0.9276336570439176,2,0.9276336570439176
14,합판(신규공급자조사),4412,2014.06,중국,프랑스,대한민국,0.0,0.0,0.0,0.0,,,-0.9276336570439176,2,0.9276336570439176
14,합판(신규공급자조사),4412,2014.07,중국,프랑스,대한민국,0.0,0.0,0.0,0.0,,,-0.9276336570439176,2,0.9276336570439176
14,합판(신규공급자조사),4412,2014.08,중국,프랑스,대한민국,0.0,0.0,0.0,0.0,,,-0.9276336570439176,2,0.9276336570439176
14,합판(신규공급자조사),4412,2014.09,중국,프랑스,대한민국,0.0,0.0,0.0,0.0,,,-0.9276336570439176,2,0.9276336570439176
14,합판(신규공급자조사),4412,2014.1,중국,프랑스,대한민국,0.0,0.0,0.0,0.0,,,-0.9276336570439176,2,0.9276336570439176
15,합판(신규공급자조사),4412,2014.02,중국,오스트리아,대한민국,0.0,0.0,0.0,0.0,,,-0.8116794499134279,2,0.8116794499134279
15,합판(신규공급자조사),4412,2014.03,중국,오스트리아,대한민국,0.0,0.0,0.0,0.0,,,-0.8116794499134279,2,0.8116794499134279
15,합판(신규공급자조사),4412,2014.04,중국,오스트리아,대한민국,0.0,0.0,0.0,0.0,,,-0.8116794499134279,2,0.8116794499134279
15,합판(신규공급자조사),4412,2014.05,중국,오스트리아,대한민국,0.0,0.0,0.0,0.0,,,-0.8116794499134279,2,0.8116794499134279
15,합판(신규공급자조사),4412,2014.06,중국,오스트리아,대한민국,0.0,0.0,0.0,0.0,,,-0.8116794499134279,2,0.8116794499134279
15,합판(신규공급자조사),4412,2014.07,중국,오스트리아,대한민국,0.0,0.0,0.0,0.0,,,-0.8116794499134279,2,0.8116794499134279
15,합판(신규공급자조사),4412,2014.08,중국,오스트리아,대한민국,0.0,0.0,0.0,0.0,,,-0.8116794499134279,2,0.8116794499134279
15,합판(신규공급자조사),4412,2014.09,중국,오스트리아,대한민국,0.0,0.0,0.0,0.0,,,-0.8116794499134279,2,0.8116794499134279
15,합판(신규공급자조사),4412,2014.10,중국,오스트리아,대한민국,0.0,0.0,0.0,0.0,,,-0.8116794499134279,2,0.8116794499134279
15,합판(신규공급자조사),4412,2014.02,중국,인도,대한민국,0.0,0.0,0.0,0.0,,,-0.8451542547285166,1,0.8451542547285166
15,합판(신규공급자조사),4412,2014.03,중국,인도,대한민국,0.0,0.0,0.0,0.0,,,-0.8451542547285166,1,0.8451542547285166
15,합판(신규공급자조사),4412,2014.04,중국,인도,대한민국,0.0,0.0,0.0,0.0,,,-0.8451542547285166,1,0.8451542547285166
15,합판(신규공급자조사),4412,2014.05,중국,인도,대한민국,0.0,0.0,0.0,0.0,,,-0.8451542547285166,1,0.8451542547285166
15,합판(신규공급자조사),4412,2014.06,중국,인도,대한민국,0.0,0.0,0.0,0.0,,,-0.8451542547285166,1,0.8451542547285166
15,합판(신규공급자조사),4412,2014.07,중국,인도,대한민국,0.0,0.0,0.0,0.0,,,-0.8451542547285166,1,0.8451542547285166
15,합판(신규공급자조사),4412,2014.08,중국,인도,대한민국,0.0,0.0,0.0,0.0,,,-0.8451542547285166,1,0.8451542547285166
15,합판(신규공급자조사),4412,2014.09,중국,인도,대한민국,0.0,0.0,0.0,0.0,,,-0.8451542547285166,1,0.8451542547285166
15,합판(신규공급자조사),4412,2014.1,중국,인도,대한민국,0.0,0.0,0.0,0.0,,,-0.8451542547285166,1,0.8451542547285166
15,합판(신규공급자조사),4412,2014.02,중국,인도네시아,대한민국,0.0,0.0,0.0,0.0,,,-0.8285714285714287,2,0.8285714285714287
15,합판(신규공급자조사),4412,2014.03,중국,인도네시아,대한민국,0.0,0.0,0.0,0.0,,,-0.8285714285714287,2,0.8285714285714287
15,합판(신규공급자조사),4412,2014.04,중국,인도네시아,대한민국,0.0,0.0,0.0,0.0,,,-0.8285714285714287,2,0.8285714285714287
15,합판(신규공급자조사),4412,2014.05,중국,인도네시아,대한민국,0.0,0.0,0.0,0.0,,,-0.8285714285714287,2,0.8285714285714287
15,합판(신규공급자조사),4412,2014.06,중국,인도네시아,대한민국,0.0,0.0,0.0,0.0,,,-0.8285714285714287,2,0.8285714285714287
15,합판(신규공급자조사),4412,2014.07,중국,인도네시아,대한민국,0.0,0.0,0.0,0.0,,,-0.8285714285714287,2,0.8285714285714287
15,합판(신규공급자조사),4412,2014.08,중국,인도네시아,대한민국,0.0,0.0,0.0,0.0,,,-0.8285714285714287,2,0.8285714285714287
15,합판(신규공급자조사),4412,2014.09,중국,인도네시아,대한민국,0.0,0.0,0.0,0.0,,,-0.8285714285714287,2,0.8285714285714287
15,합판(신규공급자조사),4412,2014.1,중국,인도네시아,대한민국,0.0,0.0,0.0,0.0,,,-0.8285714285714287,2,0.8285714285714287
15,합판(신규공급자조사),4412,2014.02,중국,포루투갈,대한민국,0.0,0.0,0.0,0.0,,,-0.7775419143502353,2,0.7775419143502353
15,합판(신규공급자조사),4412,2014.03,중국,포루투갈,대한민국,0.0,0.0,0.0,0.0,,,-0.7775419143502353,2,0.7775419143502353
15,합판(신규공급자조사),4412,2014.04,중국,포루투갈,대한민국,0.0,0.0,0.0,0.0,,,-0.7775419143502353,2,0.7775419143502353
15,합판(신규공급자조사),4412,2014.05,중국,포루투갈,대한민국,0.0,0.0,0.0,0.0,,,-0.7775419143502353,2,0.7775419143502353
15,합판(신규공급자조사),4412,2014.06,중국,포루투갈,대한민국,0.0,0.0,0.0,0.0,,,-0.7775419143502353,2,0.7775419143502353
15,합판(신규공급자조사),4412,2014.07,중국,포루투갈,대한민국,0.0,0.0,0.0,0.0,,,-0.7775419143502353,2,0.7775419143502353
15,합판(신규공급자조사),4412,2014.08,중국,포루투갈,대한민국,0.0,0.0,0.0,0.0,,,-0.7775419143502353,2,0.7775419143502353
15,합판(신규공급자조사),4412,2014.09,중국,포루투갈,대한민국,0.0,0.0,0.0,0.0,,,-0.7775419143502353,2,0.7775419143502353
15,합판(신규공급자조사),4412,2014.10,중국,포루투갈,대한민국,0.0,0.0,0.0,0.0,,,-0.7775419143502353,2,0.7775419143502353
15,합판(신규공급자조사),4412,2014.02,중국,프랑스,대한민국,0.0,0.0,0.0,0.0,,,-0.9276336570439176,2,0.9276336570439176
15,합판(신규공급자조사),4412,2014.03,중국,프랑스,대한민국,0.0,0.0,0.0,0.0,,,-0.9276336570439176,2,0.9276336570439176
15,합판(신규공급자조사),4412,2014.04,중국,프랑스,대한민국,0.0,0.0,0.0,0.0,,,-0.9276336570439176,2,0.9276336570439176
15,합판(신규공급자조사),4412,2014.05,중국,프랑스,대한민국,0.0,0.0,0.0,0.0,,,-0.9276336570439176,2,0.9276336570439176
15,합판(신규공급자조사),4412,2014.06,중국,프랑스,대한민국,0.0,0.0,0.0,0.0,,,-0.9276336570439176,2,0.9276336570439176
15,합판(신규공급자조사),4412,2014.07,중국,프랑스,대한민국,0.0,0.0,0.0,0.0,,,-0.9276336570439176,2,0.9276336570439176
15,합판(신규공급자조사),4412,2014.08,중국,프랑스,대한민국,0.0,0.0,0.0,0.0,,,-0.9276336570439176,2,0.9276336570439176
15,합판(신규공급자조사),4412,2014.09,중국,프랑스,대한민국,0.0,0.0,0.0,0.0,,,-0.9276336570439176,2,0.9276336570439176
15,합판(신규공급자조사),4412,2014.1,중국,프랑스,대한민국,0.0,0.0,0.0,0.0,,,-0.9276336570439176,2,0.9276336570439176
16,합판(신규공급자조사),4412,2014.02,중국,오스트리아,대한민국,0.0,0.0,0.0,0.0,,,-0.8116794499134279,2,0.8116794499134279
16,합판(신규공급자조사),4412,2014.03,중국,오스트리아,대한민국,0.0,0.0,0.0,0.0,,,-0.8116794499134279,2,0.8116794499134279
16,합판(신규공급자조사),4412,2014.04,중국,오스트리아,대한민국,0.0,0.0,0.0,0.0,,,-0.8116794499134279,2,0.8116794499134279
16,합판(신규공급자조사),4412,2014.05,중국,오스트리아,대한민국,0.0,0.0,0.0,0.0,,,-0.8116794499134279,2,0.8116794499134279
16,합판(신규공급자조사),4412,2014.06,중국,오스트리아,대한민국,0.0,0.0,0.0,0.0,,,-0.8116794499134279,2,0.8116794499134279
16,합판(신규공급자조사),4412,2014.07,중국,오스트리아,대한민국,0.0,0.0,0.0,0.0,,,-0.8116794499134279,2,0.8116794499134279
16,합판(신규공급자조사),4412,2014.08,중국,오스트리아,대한민국,0.0,0.0,0.0,0.0,,,-0.8116794499134279,2,0.8116794499134279
16,합판(신규공급자조사),4412,2014.09,중국,오스트리아,대한민국,0.0,0.0,0.0,0.0,,,-0.8116794499134279,2,0.8116794499134279
16,합판(신규공급자조사),4412,2014.10,중국,오스트리아,대한민국,0.0,0.0,0.0,0.0,,,-0.8116794499134279,2,0.8116794499134279
16,합판(신규공급자조사),4412,2014.02,중국,인도,대한민국,0.0,0.0,0.0,0.0,,,-0.8451542547285166,1,0.8451542547285166
16,합판(신규공급자조사),4412,2014.03,중국,인도,대한민국,0.0,0.0,0.0,0.0,,,-0.8451542547285166,1,0.8451542547285166
16,합판(신규공급자조사),4412,2014.04,중국,인도,대한민국,0.0,0.0,0.0,0.0,,,-0.8451542547285166,1,0.8451542547285166
16,합판(신규공급자조사),4412,2014.05,중국,인도,대한민국,0.0,0.0,0.0,0.0,,,-0.8451542547285166,1,0.8451542547285166
16,합판(신규공급자조사),4412,2014.06,중국,인도,대한민국,0.0,0.0,0.0,0.0,,,-0.8451542547285166,1,0.8451542547285166
16,합판(신규공급자조사),4412,2014.07,중국,인도,대한민국,0.0,0.0,0.0,0.0,,,-0.8451542547285166,1,0.8451542547285166
16,합판(신규공급자조사),4412,2014.08,중국,인도,대한민국,0.0,0.0,0.0,0.0,,,-0.8451542547285166,1,0.8451542547285166
16,합판(신규공급자조사),4412,2014.09,중국,인도,대한민국,0.0,0.0,0.0,0.0,,,-0.8451542547285166,1,0.8451542547285166
16,합판(신규공급자조사),4412,2014.1,중국,인도,대한민국,0.0,0.0,0.0,0.0,,,-0.8451542547285166,1,0.8451542547285166
16,합판(신규공급자조사),4412,2014.02,중국,인도네시아,대한민국,0.0,0.0,0.0,0.0,,,-0.8285714285714287,2,0.8285714285714287
16,합판(신규공급자조사),4412,2014.03,중국,인도네시아,대한민국,0.0,0.0,0.0,0.0,,,-0.8285714285714287,2,0.8285714285714287
16,합판(신규공급자조사),4412,2014.04,중국,인도네시아,대한민국,0.0,0.0,0.0,0.0,,,-0.8285714285714287,2,0.8285714285714287
16,합판(신규공급자조사),4412,2014.05,중국,인도네시아,대한민국,0.0,0.0,0.0,0.0,,,-0.8285714285714287,2,0.8285714285714287
16,합판(신규공급자조사),4412,2014.06,중국,인도네시아,대한민국,0.0,0.0,0.0,0.0,,,-0.8285714285714287,2,0.8285714285714287
16,합판(신규공급자조사),4412,2014.07,중국,인도네시아,대한민국,0.0,0.0,0.0,0.0,,,-0.8285714285714287,2,0.8285714285714287
16,합판(신규공급자조사),4412,2014.08,중국,인도네시아,대한민국,0.0,0.0,0.0,0.0,,,-0.8285714285714287,2,0.8285714285714287
16,합판(신규공급자조사),4412,2014.09,중국,인도네시아,대한민국,0.0,0.0,0.0,0.0,,,-0.8285714285714287,2,0.8285714285714287
16,합판(신규공급자조사),4412,2014.1,중국,인도네시아,대한민국,0.0,0.0,0.0,0.0,,,-0.8285714285714287,2,0.8285714285714287
16,합판(신규공급자조사),4412,2014.02,중국,포루투갈,대한민국,0.0,0.0,0.0,0.0,,,-0.7775419143502353,2,0.7775419143502353
16,합판(신규공급자조사),4412,2014.03,중국,포루투갈,대한민국,0.0,0.0,0.0,0.0,,,-0.7775419143502353,2,0.7775419143502353
16,합판(신규공급자조사),4412,2014.04,중국,포루투갈,대한민국,0.0,0.0,0.0,0.0,,,-0.7775419143502353,2,0.7775419143502353
16,합판(신규공급자조사),4412,2014.05,중국,포루투갈,대한민국,0.0,0.0,0.0,0.0,,,-0.7775419143502353,2,0.7775419143502353
16,합판(신규공급자조사),4412,2014.06,중국,포루투갈,대한민국,0.0,0.0,0.0,0.0,,,-0.7775419143502353,2,0.7775419143502353
16,합판(신규공급자조사),4412,2014.07,중국,포루투갈,대한민국,0.0,0.0,0.0,0.0,,,-0.7775419143502353,2,0.7775419143502353
16,합판(신규공급자조사),4412,2014.08,중국,포루투갈,대한민국,0.0,0.0,0.0,0.0,,,-0.7775419143502353,2,0.7775419143502353
16,합판(신규공급자조사),4412,2014.09,중국,포루투갈,대한민국,0.0,0.0,0.0,0.0,,,-0.7775419143502353,2,0.7775419143502353
16,합판(신규공급자조사),4412,2014.10,중국,포루투갈,대한민국,0.0,0.0,0.0,0.0,,,-0.7775419143502353,2,0.7775419143502353
16,합판(신규공급자조사),4412,2014.02,중국,프랑스,대한민국,0.0,0.0,0.0,0.0,,,-0.9276336570439176,2,0.9276336570439176
16,합판(신규공급자조사),4412,2014.03,중국,프랑스,대한민국,0.0,0.0,0.0,0.0,,,-0.9276336570439176,2,0.9276336570439176
16,합판(신규공급자조사),4412,2014.04,중국,프랑스,대한민국,0.0,0.0,0.0,0.0,,,-0.9276336570439176,2,0.9276336570439176
16,합판(신규공급자조사),4412,2014.05,중국,프랑스,대한민국,0.0,0.0,0.0,0.0,,,-0.9276336570439176,2,0.9276336570439176
16,합판(신규공급자조사),4412,2014.06,중국,프랑스,대한민국,0.0,0.0,0.0,0.0,,,-0.9276336570439176,2,0.9276336570439176
16,합판(신규공급자조사),4412,2014.07,중국,프랑스,대한민국,0.0,0.0,0.0,0.0,,,-0.9276336570439176,2,0.9276336570439176
16,합판(신규공급자조사),4412,2014.08,중국,프랑스,대한민국,0.0,0.0,0.0,0.0,,,-0.9276336570439176,2,0.9276336570439176
16,합판(신규공급자조사),4412,2014.09,중국,프랑스,대한민국,0.0,0.0,0.0,0.0,,,-0.9276336570439176,2,0.9276336570439176
16,합판(신규공급자조사),4412,2014.1,중국,프랑스,대한민국,0.0,0.0,0.0,0.0,,,-0.9276336570439176,2,0.9276336570439176
17,초산에틸(2차재심),291531,2015.11,일본,미국,대한민국,0.0,0.0,0.0,0.0,,,-0.8285714285714287,2,0.8285714285714287
17,초산에틸(2차재심),291531,2015.12,일본,미국,대한민국,5.0,0.0,17593.29,0.0,3518.6580000000004,,-0.8285714285714287,2,0.8285714285714287
17,초산에틸(2차재심),291531,2016.01,일본,미국,대한민국,0.0,0.0,0.0,0.0,,,-0.8285714285714287,2,0.8285714285714287
17,초산에틸(2차재심),291531,2016.02,일본,미국,대한민국,0.0,0.0,0.0,0.0,,,-0.8285714285714287,2,0.8285714285714287
17,초산에틸(2차재심),291531,2016.03,일본,미국,대한민국,5.0,0.0,17245.8,0.0,3449.16,,-0.8285714285714287,2,0.8285714285714287
17,초산에틸(2차재심),291531,2016.04,일본,미국,대한민국,0.0,0.0,0.0,0.0,,,-0.8285714285714287,2,0.8285714285714287
17,초산에틸(2차재심),291531,2016.05,일본,미국,대한민국,0.0,0.0,0.0,0.0,,,-0.8285714285714287,2,0.8285714285714287
17,초산에틸(2차재심),291531,2016.06,일본,미국,대한민국,0.0,0.0,0.0,0.0,,,-0.8285714285714287,2,0.8285714285714287
17,초산에틸(2차재심),291531,2016.07,일본,미국,대한민국,0.0,0.0,0.0,0.0,,,-0.8285714285714287,2,0.8285714285714287
19,PET필름(2차재심),392062,2016.01,중국,이스라엘,대한민국,87267.22,1188131.48,202911.0,2762606.0,2.325168602827041,2.3251685916107534,-0.7775419143502353,0,0.7775419143502353
19,PET필름(2차재심),392062,2016.02,중국,이스라엘,대한민국,40872.305,644081.468,95035.0,1497598.0,2.3251685952138006,2.3251685918713623,-0.7775419143502353,0,0.7775419143502353
19,PET필름(2차재심),392062,2016.03,중국,이스라엘,대한민국,82833.133,1118397.612,192601.0,2600463.0,2.3251686013131967,2.3251685912934517,-0.7775419143502353,0,0.7775419143502353
19,PET필름(2차재심),392062,2016.04,중국,이스라엘,대한민국,88768.617,934044.098,206402.0,2171810.0,2.3251685897055263,2.3251685917724196,-0.7775419143502353,0,0.7775419143502353
19,PET필름(2차재심),392062,2016.05,중국,이스라엘,대한민국,86112.035,1285800.957,200225.0,2989704.0,2.3251686015781647,2.325168591393419,-0.7775419143502353,0,0.7775419143502353
19,PET필름(2차재심),392062,2016.06,중국,이스라엘,대한민국,69837.947,1280847.337,162385.0,2978186.0,2.3251685791966366,2.325168592672024,-0.7775419143502353,0,0.7775419143502353
19,PET필름(2차재심),392062,2016.07,중국,이스라엘,대한민국,32362.815,1727454.523,75249.0,4016623.0,2.325168561511105,2.3251685914280937,-0.7775419143502353,0,0.7775419143502353
19,PET필름(2차재심),392062,2016.08,중국,이스라엘,대한민국,55641.987,1206908.183,129377.0,2806265.0,2.3251685817762042,2.3251685915530826,-0.7775419143502353,0,0.7775419143502353
19,PET필름(2차재심),392062,2016.09,중국,이스라엘,대한민국,49512.969,1043343.699,115126.0,2425950.0,2.3251685836088725,2.32516859240648,-0.7775419143502353,0,0.7775419143502353
19,PET필름(2차재심),392062,2016.01,중국,이탈리아,대한민국,558125.12,1188131.48,1297735.0,2762606.0,2.3251685930208623,2.3251685916107534,-0.942857142857143,0,0.942857142857143
19,PET필름(2차재심),392062,2016.02,중국,이탈리아,대한민국,625915.904,644081.468,1455360.0,1497598.0,2.325168590060303,2.3251685918713623,-0.942857142857143,0,0.942857142857143
19,PET필름(2차재심),392062,2016.03,중국,이탈리아,대한민국,452483.748,1118397.612,1052101.0,2600463.0,2.3251685936795234,2.3251685912934517,-0.942857142857143,0,0.942857142857143
19,PET필름(2차재심),392062,2016.04,중국,이탈리아,대한민국,460509.403,934044.098,1070762.0,2171810.0,2.325168591617227,2.3251685917724196,-0.942857142857143,0,0.942857142857143
19,PET필름(2차재심),392062,2016.05,중국,이탈리아,대한민국,497438.338,1285800.957,1156628.0,2989704.0,2.3251685920517047,2.325168591393419,-0.942857142857143,0,0.942857142857143
19,PET필름(2차재심),392062,2016.06,중국,이탈리아,대한민국,868037.701,1280847.337,2018334.0,2978186.0,2.3251685931092987,2.325168592672024,-0.942857142857143,0,0.942857142857143
19,PET필름(2차재심),392062,2016.07,중국,이탈리아,대한민국,395676.255,1727454.523,920014.0,4016623.0,2.3251685901647043,2.3251685914280937,-0.942857142857143,0,0.942857142857143
19,PET필름(2차재심),392062,2016.08,중국,이탈리아,대한민국,442042.355,1206908.183,1027823.0,2806265.0,2.325168591593446,2.3251685915530826,-0.942857142857143,0,0.942857142857143
19,PET필름(2차재심),392062,2016.09,중국,이탈리아,대한민국,193897.338,1043343.699,450844.0,2425950.0,2.3251685899885848,2.32516859240648,-0.942857142857143,0,0.942857142857143
19,PET필름(2차재심),392062,2016.01,중국,인도네시아,대한민국,1247969.291,1188131.48,2901739.0,2762606.0,2.325168592630057,2.3251685916107534,-0.942857142857143,0,0.942857142857143
19,PET필름(2차재심),392062,2016.02,중국,인도네시아,대한민국,1024050.475,644081.468,2381090.0,1497598.0,2.3251685909329813,2.3251685918713623,-0.942857142857143,0,0.942857142857143
19,PET필름(2차재심),392062,2016.03,중국,인도네시아,대한민국,2039647.799,1118397.612,4742525.0,2600463.0,2.3251685915211286,2.3251685912934517,-0.942857142857143,0,0.942857142857143
19,PET필름(2차재심),392062,2016.04,중국,인도네시아,대한민국,2328004.954,934044.098,5413004.0,2171810.0,2.325168591544157,2.3251685917724196,-0.942857142857143,0,0.942857142857143
19,PET필름(2차재심),392062,2016.05,중국,인도네시아,대한민국,2755544.274,1285800.957,6407105.0,2989704.0,2.3251685920833802,2.325168591393419,-0.942857142857143,0,0.942857142857143
19,PET필름(2차재심),392062,2016.06,중국,인도네시아,대한민국,1329979.259,1280847.337,3092426.0,2978186.0,2.325168591219361,2.325168592672024,-0.942857142857143,0,0.942857142857143
19,PET필름(2차재심),392062,2016.07,중국,인도네시아,대한민국,2264692.125,1727454.523,5265791.0,4016623.0,2.32516859217674,2.3251685914280937,-0.942857142857143,0,0.942857142857143
19,PET필름(2차재심),392062,2016.08,중국,인도네시아,대한민국,2392124.605,1206908.183,5562093.0,2806265.0,2.325168592126914,2.3251685915530826,-0.942857142857143,0,0.942857142857143
19,PET필름(2차재심),392062,2016.09,중국,인도네시아,대한민국,1796660.687,1043343.699,4177539.0,2425950.0,2.325168592059253,2.32516859240648,-0.942857142857143,0,0.942857142857143
19,PET필름(2차재심),392062,2016.01,중국,필리핀,대한민국,959567.839,1188131.48,2231157.0,2762606.0,2.3251685908160162,2.3251685916107534,-0.7775419143502353,3,0.7775419143502353
19,PET필름(2차재심),392062,2016.02,중국,필리핀,대한민국,563100.673,644081.468,1309304.0,1497598.0,2.3251685937871365,2.3251685918713623,-0.7775419143502353,3,0.7775419143502353
19,PET필름(2차재심),392062,2016.03,중국,필리핀,대한민국,1073445.602,1118397.612,2495942.0,2600463.0,2.325168592940027,2.3251685912934517,-0.7775419143502353,3,0.7775419143502353
19,PET필름(2차재심),392062,2016.04,중국,필리핀,대한민국,944636.878,934044.098,2196440.0,2171810.0,2.325168592454634,2.3251685917724196,-0.7775419143502353,3,0.7775419143502353
19,PET필름(2차재심),392062,2016.05,중국,필리핀,대한민국,1225131.378,1285800.957,2848637.0,2989704.0,2.325168591021101,2.325168591393419,-0.7775419143502353,3,0.7775419143502353
19,PET필름(2차재심),392062,2016.06,중국,필리핀,대한민국,1145395.224,1280847.337,2663237.0,2978186.0,2.3251685917628726,2.325168592672024,-0.7775419143502353,3,0.7775419143502353
19,PET필름(2차재심),392062,2016.07,중국,필리핀,대한민국,799431.493,1727454.523,1858813.0,4016623.0,2.3251685932768225,2.3251685914280937,-0.7775419143502353,3,0.7775419143502353
19,PET필름(2차재심),392062,2016.08,중국,필리핀,대한민국,1284367.082,1206908.183,2986370.0,2806265.0,2.32516859226076,2.3251685915530826,-0.7775419143502353,3,0.7775419143502353
19,PET필름(2차재심),392062,2016.09,중국,필리핀,대한민국,963230.799,1043343.699,2239674.0,2425950.0,2.3251685912921065,2.32516859240648,-0.7775419143502353,3,0.7775419143502353
2,크라프트지(1차재심),4804,2012.04,미국,뉴질랜드,대한민국,0.0,0.0,658655.0,3140453.0,,,-0.8285714285714287,1,0.8285714285714287
2,크라프트지(1차재심),4804,2012.05,미국,뉴질랜드,대한민국,0.0,0.0,650616.0,5153788.0,,,-0.8285714285714287,1,0.8285714285714287
2,크라프트지(1차재심),4804,2012.06,미국,뉴질랜드,대한민국,0.0,0.0,1016961.0,4853499.0,,,-0.8285714285714287,1,0.8285714285714287
2,크라프트지(1차재심),4804,2012.07,미국,뉴질랜드,대한민국,0.0,0.0,605803.0,4905678.0,,,-0.8285714285714287,1,0.8285714285714287
2,크라프트지(1차재심),4804,2012.08,미국,뉴질랜드,대한민국,0.0,0.0,590769.0,5240280.0,,,-0.8285714285714287,1,0.8285714285714287
2,크라프트지(1차재심),4804,2012.09,미국,뉴질랜드,대한민국,0.0,0.0,579007.0,4953728.0,,,-0.8285714285714287,1,0.8285714285714287
2,크라프트지(1차재심),4804,2012.1,미국,뉴질랜드,대한민국,0.0,0.0,615531.0,4950113.0,,,-0.8285714285714287,1,0.8285714285714287
2,크라프트지(1차재심),4804,2012.11,미국,뉴질랜드,대한민국,0.0,0.0,826936.0,4326817.0,,,-0.8285714285714287,1,0.8285714285714287
2,크라프트지(1차재심),4804,2012.12,미국,뉴질랜드,대한민국,0.0,0.0,228573.0,5393936.0,,,-0.8285714285714287,1,0.8285714285714287
2,크라프트지(1차재심),4804,2012.04,미국,보스니아-헤르체고비나,대한민국,0.0,0.0,0.0,3140453.0,,,-0.8116794499134279,1,0.8116794499134279
2,크라프트지(1차재심),4804,2012.05,미국,보스니아-헤르체고비나,대한민국,0.0,0.0,0.0,5153788.0,,,-0.8116794499134279,1,0.8116794499134279
2,크라프트지(1차재심),4804,2012.06,미국,보스니아-헤르체고비나,대한민국,0.0,0.0,0.0,4853499.0,,,-0.8116794499134279,1,0.8116794499134279
2,크라프트지(1차재심),4804,2012.07,미국,보스니아-헤르체고비나,대한민국,0.0,0.0,0.0,4905678.0,,,-0.8116794499134279,1,0.8116794499134279
2,크라프트지(1차재심),4804,2012.08,미국,보스니아-헤르체고비나,대한민국,0.0,0.0,0.0,5240280.0,,,-0.8116794499134279,1,0.8116794499134279
2,크라프트지(1차재심),4804,2012.09,미국,보스니아-헤르체고비나,대한민국,0.0,0.0,0.0,4953728.0,,,-0.8116794499134279,1,0.8116794499134279
2,크라프트지(1차재심),4804,2012.1,미국,보스니아-헤르체고비나,대한민국,0.0,0.0,0.0,4950113.0,,,-0.8116794499134279,1,0.8116794499134279
2,크라프트지(1차재심),4804,2012.11,미국,보스니아-헤르체고비나,대한민국,0.0,0.0,0.0,4326817.0,,,-0.8116794499134279,1,0.8116794499134279
2,크라프트지(1차재심),4804,2012.12,미국,보스니아-헤르체고비나,대한민국,0.0,0.0,0.0,5393936.0,,,-0.8116794499134279,1,0.8116794499134279
2,크라프트지(1차재심),4804,2012.04,미국,스웨덴,대한민국,0.0,0.0,166787.0,3140453.0,,,-0.942857142857143,3,0.942857142857143
2,크라프트지(1차재심),4804,2012.05,미국,스웨덴,대한민국,0.0,0.0,48751.0,5153788.0,,,-0.942857142857143,3,0.942857142857143
2,크라프트지(1차재심),4804,2012.06,미국,스웨덴,대한민국,0.0,0.0,83264.0,4853499.0,,,-0.942857142857143,3,0.942857142857143
2,크라프트지(1차재심),4804,2012.07,미국,스웨덴,대한민국,0.0,0.0,0.0,4905678.0,,,-0.942857142857143,3,0.942857142857143
2,크라프트지(1차재심),4804,2012.08,미국,스웨덴,대한민국,0.0,0.0,0.0,5240280.0,,,-0.942857142857143,3,0.942857142857143
2,크라프트지(1차재심),4804,2012.09,미국,스웨덴,대한민국,0.0,0.0,20515.0,4953728.0,,,-0.942857142857143,3,0.942857142857143
2,크라프트지(1차재심),4804,2012.1,미국,스웨덴,대한민국,0.0,0.0,19404.0,4950113.0,,,-0.942857142857143,3,0.942857142857143
2,크라프트지(1차재심),4804,2012.11,미국,스웨덴,대한민국,0.0,0.0,54388.0,4326817.0,,,-0.942857142857143,3,0.942857142857143
2,크라프트지(1차재심),4804,2012.12,미국,스웨덴,대한민국,0.0,0.0,0.0,5393936.0,,,-0.942857142857143,3,0.942857142857143
2,크라프트지(1차재심),4804,2012.04,미국,오스트리아,대한민국,0.0,0.0,1049985.0,3140453.0,,,-0.8285714285714287,3,0.8285714285714287
2,크라프트지(1차재심),4804,2012.05,미국,오스트리아,대한민국,0.0,0.0,1370650.0,5153788.0,,,-0.8285714285714287,3,0.8285714285714287
2,크라프트지(1차재심),4804,2012.06,미국,오스트리아,대한민국,0.0,0.0,1543019.0,4853499.0,,,-0.8285714285714287,3,0.8285714285714287
2,크라프트지(1차재심),4804,2012.07,미국,오스트리아,대한민국,0.0,0.0,629980.0,4905678.0,,,-0.8285714285714287,3,0.8285714285714287
2,크라프트지(1차재심),4804,2012.08,미국,오스트리아,대한민국,0.0,0.0,899423.0,5240280.0,,,-0.8285714285714287,3,0.8285714285714287
2,크라프트지(1차재심),4804,2012.09,미국,오스트리아,대한민국,0.0,0.0,1127095.0,4953728.0,,,-0.8285714285714287,3,0.8285714285714287
2,크라프트지(1차재심),4804,2012.1,미국,오스트리아,대한민국,0.0,0.0,1123621.0,4950113.0,,,-0.8285714285714287,3,0.8285714285714287
2,크라프트지(1차재심),4804,2012.11,미국,오스트리아,대한민국,0.0,0.0,235278.0,4326817.0,,,-0.8285714285714287,3,0.8285714285714287
2,크라프트지(1차재심),4804,2012.12,미국,오스트리아,대한민국,0.0,0.0,132443.0,5393936.0,,,-0.8285714285714287,3,0.8285714285714287
2,크라프트지(1차재심),4804,2012.04,미국,체코공화국,대한민국,0.0,0.0,0.0,3140453.0,,,-0.9276336570439176,1,0.9276336570439176
2,크라프트지(1차재심),4804,2012.05,미국,체코공화국,대한민국,0.0,0.0,53548.0,5153788.0,,,-0.9276336570439176,1,0.9276336570439176
2,크라프트지(1차재심),4804,2012.06,미국,체코공화국,대한민국,0.0,0.0,26274.0,4853499.0,,,-0.9276336570439176,1,0.9276336570439176
2,크라프트지(1차재심),4804,2012.07,미국,체코공화국,대한민국,0.0,0.0,0.0,4905678.0,,,-0.9276336570439176,1,0.9276336570439176
2,크라프트지(1차재심),4804,2012.08,미국,체코공화국,대한민국,0.0,0.0,9088.0,5240280.0,,,-0.9276336570439176,1,0.9276336570439176
2,크라프트지(1차재심),4804,2012.09,미국,체코공화국,대한민국,0.0,0.0,0.0,4953728.0,,,-0.9276336570439176,1,0.9276336570439176
2,크라프트지(1차재심),4804,2012.1,미국,체코공화국,대한민국,0.0,0.0,0.0,4950113.0,,,-0.9276336570439176,1,0.9276336570439176
2,크라프트지(1차재심),4804,2012.11,미국,체코공화국,대한민국,0.0,0.0,3063.0,4326817.0,,,-0.9276336570439176,1,0.9276336570439176
2,크라프트지(1차재심),4804,2012.12,미국,체코공화국,대한민국,0.0,0.0,0.0,5393936.0,,,-0.9276336570439176,1,0.9276336570439176
2,크라프트지(1차재심),4804,2012.04,미국,폴란드,대한민국,0.0,0.0,62807.0,3140453.0,,,-0.8285714285714287,1,0.8285714285714287
2,크라프트지(1차재심),4804,2012.05,미국,폴란드,대한민국,0.0,0.0,48058.0,5153788.0,,,-0.8285714285714287,1,0.8285714285714287
2,크라프트지(1차재심),4804,2012.06,미국,폴란드,대한민국,0.0,0.0,49606.0,4853499.0,,,-0.8285714285714287,1,0.8285714285714287
2,크라프트지(1차재심),4804,2012.07,미국,폴란드,대한민국,0.0,0.0,80432.0,4905678.0,,,-0.8285714285714287,1,0.8285714285714287
2,크라프트지(1차재심),4804,2012.08,미국,폴란드,대한민국,0.0,0.0,207310.0,5240280.0,,,-0.8285714285714287,1,0.8285714285714287
2,크라프트지(1차재심),4804,2012.09,미국,폴란드,대한민국,0.0,0.0,96790.0,4953728.0,,,-0.8285714285714287,1,0.8285714285714287
2,크라프트지(1차재심),4804,2012.1,미국,폴란드,대한민국,0.0,0.0,102597.0,4950113.0,,,-0.8285714285714287,1,0.8285714285714287
2,크라프트지(1차재심),4804,2012.11,미국,폴란드,대한민국,0.0,0.0,114217.0,4326817.0,,,-0.8285714285714287,1,0.8285714285714287
2,크라프트지(1차재심),4804,2012.12,미국,폴란드,대한민국,0.0,0.0,145927.0,5393936.0,,,-0.8285714285714287,1,0.8285714285714287
2,크라프트지(1차재심),4804,2012.04,인도네시아,독일,대한민국,0.0,0.0,0.0,0.0,,,-0.8451542547285165,0,0.8451542547285165
2,크라프트지(1차재심),4804,2012.05,인도네시아,독일,대한민국,0.0,0.0,0.0,0.0,,,-0.8451542547285165,0,0.8451542547285165
2,크라프트지(1차재심),4804,2012.06,인도네시아,독일,대한민국,0.0,0.0,0.0,0.0,,,-0.8451542547285165,0,0.8451542547285165
2,크라프트지(1차재심),4804,2012.07,인도네시아,독일,대한민국,0.0,0.0,0.0,0.0,,,-0.8451542547285165,0,0.8451542547285165
2,크라프트지(1차재심),4804,2012.08,인도네시아,독일,대한민국,0.0,0.0,0.0,0.0,,,-0.8451542547285165,0,0.8451542547285165
2,크라프트지(1차재심),4804,2012.09,인도네시아,독일,대한민국,0.0,0.0,0.0,0.0,,,-0.8451542547285165,0,0.8451542547285165
2,크라프트지(1차재심),4804,2012.1,인도네시아,독일,대한민국,0.0,0.0,0.0,0.0,,,-0.8451542547285165,0,0.8451542547285165
2,크라프트지(1차재심),4804,2012.11,인도네시아,독일,대한민국,0.0,0.0,0.0,0.0,,,-0.8451542547285165,0,0.8451542547285165
2,크라프트지(1차재심),4804,2012.12,인도네시아,독일,대한민국,0.0,0.0,0.0,0.0,,,-0.8451542547285165,0,0.8451542547285165
2,크라프트지(1차재심),4804,2012.04,중국,대만,대한민국,0.0,565530.0,0.0,844575.0,,1.4934220996233623,-0.8857142857142858,2,0.8857142857142858
2,크라프트지(1차재심),4804,2012.05,중국,대만,대한민국,0.0,763747.0,0.0,616937.0,,0.8077766590245199,-0.8857142857142858,2,0.8857142857142858
2,크라프트지(1차재심),4804,2012.06,중국,대만,대한민국,0.0,276187.0,0.0,317807.0,,1.1506950001267258,-0.8857142857142858,2,0.8857142857142858
2,크라프트지(1차재심),4804,2012.07,중국,대만,대한민국,0.0,1463476.0,0.0,1199109.0,,0.8193567916385373,-0.8857142857142858,2,0.8857142857142858
2,크라프트지(1차재심),4804,2012.08,중국,대만,대한민국,0.0,509546.0,0.0,441572.0,,0.8665988939173304,-0.8857142857142858,2,0.8857142857142858
2,크라프트지(1차재심),4804,2012.09,중국,대만,대한민국,0.0,476921.0,0.0,408944.0,,0.857466959936761,-0.8857142857142858,2,0.8857142857142858
2,크라프트지(1차재심),4804,2012.1,중국,대만,대한민국,0.0,0.0,0.0,0.0,,,-0.8857142857142858,2,0.8857142857142858
2,크라프트지(1차재심),4804,2012.11,중국,대만,대한민국,0.0,0.0,0.0,0.0,,,-0.8857142857142858,2,0.8857142857142858
2,크라프트지(1차재심),4804,2012.12,중국,대만,대한민국,0.0,0.0,0.0,0.0,,,-0.8857142857142858,2,0.8857142857142858
2,크라프트지(1차재심),4804,2012.04,중국,독일,대한민국,78.0,565530.0,260.0,844575.0,3.3333333333333335,1.4934220996233623,-0.942857142857143,3,0.942857142857143
2,크라프트지(1차재심),4804,2012.05,중국,독일,대한민국,8427.0,763747.0,21495.0,616937.0,2.5507297970808116,0.8077766590245199,-0.942857142857143,3,0.942857142857143
2,크라프트지(1차재심),4804,2012.06,중국,독일,대한민국,0.0,276187.0,0.0,317807.0,,1.1506950001267258,-0.942857142857143,3,0.942857142857143
2,크라프트지(1차재심),4804,2012.07,중국,독일,대한민국,40211.0,1463476.0,253859.0,1199109.0,6.313173012359802,0.8193567916385373,-0.942857142857143,3,0.942857142857143
2,크라프트지(1차재심),4804,2012.08,중국,독일,대한민국,24100.0,509546.0,74434.0,441572.0,3.0885477178423235,0.8665988939173304,-0.942857142857143,3,0.942857142857143
2,크라프트지(1차재심),4804,2012.09,중국,독일,대한민국,486.0,476921.0,1516.0,408944.0,3.119341563786008,0.857466959936761,-0.942857142857143,3,0.942857142857143
2,크라프트지(1차재심),4804,2012.1,중국,독일,대한민국,0.0,0.0,0.0,0.0,,,-0.942857142857143,3,0.942857142857143
2,크라프트지(1차재심),4804,2012.11,중국,독일,대한민국,0.0,0.0,0.0,0.0,,,-0.942857142857143,3,0.942857142857143
2,크라프트지(1차재심),4804,2012.12,중국,독일,대한민국,0.0,0.0,0.0,0.0,,,-0.942857142857143,3,0.942857142857143
2,크라프트지(1차재심),4804,2012.04,중국,러시아 연방,대한민국,0.0,565530.0,0.0,844575.0,,1.4934220996233623,-0.8857142857142858,0,0.8857142857142858
2,크라프트지(1차재심),4804,2012.05,중국,러시아 연방,대한민국,23471.0,763747.0,16970.0,616937.0,0.7230198968940394,0.8077766590245199,-0.8857142857142858,0,0.8857142857142858
2,크라프트지(1차재심),4804,2012.06,중국,러시아 연방,대한민국,0.0,276187.0,0.0,317807.0,,1.1506950001267258,-0.8857142857142858,0,0.8857142857142858
2,크라프트지(1차재심),4804,2012.07,중국,러시아 연방,대한민국,4451.0,1463476.0,7179.0,1199109.0,1.612895978431813,0.8193567916385373,-0.8857142857142858,0,0.8857142857142858
2,크라프트지(1차재심),4804,2012.08,중국,러시아 연방,대한민국,2000.0,509546.0,1393.0,441572.0,0.6965,0.8665988939173304,-0.8857142857142858,0,0.8857142857142858
2,크라프트지(1차재심),4804,2012.09,중국,러시아 연방,대한민국,0.0,476921.0,0.0,408944.0,,0.857466959936761,-0.8857142857142858,0,0.8857142857142858
2,크라프트지(1차재심),4804,2012.1,중국,러시아 연방,대한민국,0.0,0.0,0.0,0.0,,,-0.8857142857142858,0,0.8857142857142858
2,크라프트지(1차재심),4804,2012.11,중국,러시아 연방,대한민국,0.0,0.0,0.0,0.0,,,-0.8857142857142858,0,0.8857142857142858
2,크라프트지(1차재심),4804,2012.12,중국,러시아 연방,대한민국,0.0,0.0,0.0,0.0,,,-0.8857142857142858,0,0.8857142857142858
2,크라프트지(1차재심),4804,2012.04,중국,보스니아-헤르체고비나,대한민국,0.0,565530.0,0.0,844575.0,,1.4934220996233623,-0.8285714285714287,0,0.8285714285714287
2,크라프트지(1차재심),4804,2012.05,중국,보스니아-헤르체고비나,대한민국,0.0,763747.0,0.0,616937.0,,0.8077766590245199,-0.8285714285714287,0,0.8285714285714287
2,크라프트지(1차재심),4804,2012.06,중국,보스니아-헤르체고비나,대한민국,0.0,276187.0,0.0,317807.0,,1.1506950001267258,-0.8285714285714287,0,0.8285714285714287
2,크라프트지(1차재심),4804,2012.07,중국,보스니아-헤르체고비나,대한민국,0.0,1463476.0,0.0,1199109.0,,0.8193567916385373,-0.8285714285714287,0,0.8285714285714287
2,크라프트지(1차재심),4804,2012.08,중국,보스니아-헤르체고비나,대한민국,0.0,509546.0,0.0,441572.0,,0.8665988939173304,-0.8285714285714287,0,0.8285714285714287
2,크라프트지(1차재심),4804,2012.09,중국,보스니아-헤르체고비나,대한민국,0.0,476921.0,0.0,408944.0,,0.857466959936761,-0.8285714285714287,0,0.8285714285714287
2,크라프트지(1차재심),4804,2012.1,중국,보스니아-헤르체고비나,대한민국,0.0,0.0,0.0,0.0,,,-0.8285714285714287,0,0.8285714285714287
2,크라프트지(1차재심),4804,2012.11,중국,보스니아-헤르체고비나,대한민국,0.0,0.0,0.0,0.0,,,-0.8285714285714287,0,0.8285714285714287
2,크라프트지(1차재심),4804,2012.12,중국,보스니아-헤르체고비나,대한민국,0.0,0.0,0.0,0.0,,,-0.8285714285714287,0,0.8285714285714287
2,크라프트지(1차재심),4804,2012.04,중국,브라질,대한민국,0.0,565530.0,0.0,844575.0,,1.4934220996233623,-0.8451542547285166,3,0.8451542547285166
2,크라프트지(1차재심),4804,2012.05,중국,브라질,대한민국,0.0,763747.0,0.0,616937.0,,0.8077766590245199,-0.8451542547285166,3,0.8451542547285166
2,크라프트지(1차재심),4804,2012.06,중국,브라질,대한민국,90873.0,276187.0,1133392.0,317807.0,12.472263488604977,1.1506950001267258,-0.8451542547285166,3,0.8451542547285166
2,크라프트지(1차재심),4804,2012.07,중국,브라질,대한민국,1386182.0,1463476.0,12194478.0,1199109.0,8.79716949145206,0.8193567916385373,-0.8451542547285166,3,0.8451542547285166
2,크라프트지(1차재심),4804,2012.08,중국,브라질,대한민국,491692.0,509546.0,3431239.0,441572.0,6.978431619794505,0.8665988939173304,-0.8451542547285166,3,0.8451542547285166
2,크라프트지(1차재심),4804,2012.09,중국,브라질,대한민국,44984.0,476921.0,115421.0,408944.0,2.565823403876934,0.857466959936761,-0.8451542547285166,3,0.8451542547285166
2,크라프트지(1차재심),4804,2012.1,중국,브라질,대한민국,0.0,0.0,0.0,0.0,,,-0.8451542547285166,3,0.8451542547285166
2,크라프트지(1차재심),4804,2012.11,중국,브라질,대한민국,0.0,0.0,0.0,0.0,,,-0.8451542547285166,3,0.8451542547285166
2,크라프트지(1차재심),4804,2012.12,중국,브라질,대한민국,0.0,0.0,0.0,0.0,,,-0.8451542547285166,3,0.8451542547285166
2,크라프트지(1차재심),4804,2012.04,중국,스페인,대한민국,389366.0,565530.0,2848322.0,844575.0,7.315281765742258,1.4934220996233623,-0.7775419143502353,2,0.7775419143502353
2,크라프트지(1차재심),4804,2012.05,중국,스페인,대한민국,2249.0,763747.0,4808.0,616937.0,2.1378390395731435,0.8077766590245199,-0.7775419143502353,2,0.7775419143502353
2,크라프트지(1차재심),4804,2012.06,중국,스페인,대한민국,35549.0,276187.0,207364.0,317807.0,5.8331879940364,1.1506950001267258,-0.7775419143502353,2,0.7775419143502353
2,크라프트지(1차재심),4804,2012.07,중국,스페인,대한민국,1195.0,1463476.0,1434.0,1199109.0,1.2,0.8193567916385373,-0.7775419143502353,2,0.7775419143502353
2,크라프트지(1차재심),4804,2012.08,중국,스페인,대한민국,1195.0,509546.0,2211.0,441572.0,1.8502092050209205,0.8665988939173304,-0.7775419143502353,2,0.7775419143502353
2,크라프트지(1차재심),4804,2012.09,중국,스페인,대한민국,3564.0,476921.0,5316.0,408944.0,1.4915824915824916,0.857466959936761,-0.7775419143502353,2,0.7775419143502353
2,크라프트지(1차재심),4804,2012.10,중국,스페인,대한민국,0.0,0.0,0.0,0.0,,,-0.7775419143502353,2,0.7775419143502353
2,크라프트지(1차재심),4804,2012.11,중국,스페인,대한민국,0.0,0.0,0.0,0.0,,,-0.7775419143502353,2,0.7775419143502353
2,크라프트지(1차재심),4804,2012.12,중국,스페인,대한민국,0.0,0.0,0.0,0.0,,,-0.7775419143502353,2,0.7775419143502353
2,크라프트지(1차재심),4804,2012.04,중국,에스토니아,대한민국,0.0,565530.0,0.0,844575.0,,1.4934220996233623,-0.9276336570439176,3,0.9276336570439176
2,크라프트지(1차재심),4804,2012.05,중국,에스토니아,대한민국,28205.0,763747.0,275011.0,616937.0,9.750434320156002,0.8077766590245199,-0.9276336570439176,3,0.9276336570439176
2,크라프트지(1차재심),4804,2012.06,중국,에스토니아,대한민국,0.0,276187.0,0.0,317807.0,,1.1506950001267258,-0.9276336570439176,3,0.9276336570439176
2,크라프트지(1차재심),4804,2012.07,중국,에스토니아,대한민국,0.0,1463476.0,0.0,1199109.0,,0.8193567916385373,-0.9276336570439176,3,0.9276336570439176
2,크라프트지(1차재심),4804,2012.08,중국,에스토니아,대한민국,0.0,509546.0,0.0,441572.0,,0.8665988939173304,-0.9276336570439176,3,0.9276336570439176
2,크라프트지(1차재심),4804,2012.09,중국,에스토니아,대한민국,0.0,476921.0,0.0,408944.0,,0.857466959936761,-0.9276336570439176,3,0.9276336570439176
2,크라프트지(1차재심),4804,2012.1,중국,에스토니아,대한민국,0.0,0.0,0.0,0.0,,,-0.9276336570439176,3,0.9276336570439176
2,크라프트지(1차재심),4804,2012.11,중국,에스토니아,대한민국,0.0,0.0,0.0,0.0,,,-0.9276336570439176,3,0.9276336570439176
2,크라프트지(1차재심),4804,2012.12,중국,에스토니아,대한민국,0.0,0.0,0.0,0.0,,,-0.9276336570439176,3,0.9276336570439176
2,크라프트지(1차재심),4804,2012.04,중국,일본,대한민국,40098.0,565530.0,43218.0,844575.0,1.0778093670507258,1.4934220996233623,-0.7714285714285715,3,0.7714285714285715
2,크라프트지(1차재심),4804,2012.05,중국,일본,대한민국,125376.0,763747.0,54037.0,616937.0,0.4309995533435426,0.8077766590245199,-0.7714285714285715,3,0.7714285714285715
2,크라프트지(1차재심),4804,2012.06,중국,일본,대한민국,28564.0,276187.0,16844.0,317807.0,0.5896933202632685,1.1506950001267258,-0.7714285714285715,3,0.7714285714285715
2,크라프트지(1차재심),4804,2012.07,중국,일본,대한민국,490335.0,1463476.0,171527.0,1199109.0,0.3498159421619913,0.8193567916385373,-0.7714285714285715,3,0.7714285714285715
2,크라프트지(1차재심),4804,2012.08,중국,일본,대한민국,50004.0,509546.0,72137.0,441572.0,1.4426245900327974,0.8665988939173304,-0.7714285714285715,3,0.7714285714285715
2,크라프트지(1차재심),4804,2012.09,중국,일본,대한민국,8837.0,476921.0,23531.0,408944.0,2.6627814869299535,0.857466959936761,-0.7714285714285715,3,0.7714285714285715
2,크라프트지(1차재심),4804,2012.10,중국,일본,대한민국,0.0,0.0,0.0,0.0,,,-0.7714285714285715,3,0.7714285714285715
2,크라프트지(1차재심),4804,2012.11,중국,일본,대한민국,0.0,0.0,0.0,0.0,,,-0.7714285714285715,3,0.7714285714285715
2,크라프트지(1차재심),4804,2012.12,중국,일본,대한민국,0.0,0.0,0.0,0.0,,,-0.7714285714285715,3,0.7714285714285715
2,크라프트지(1차재심),4804,2012.04,중국,태국,대한민국,78506.0,565530.0,103605.0,844575.0,1.3197080477925254,1.4934220996233623,-0.8285714285714287,0,0.8285714285714287
2,크라프트지(1차재심),4804,2012.05,중국,태국,대한민국,312244.0,763747.0,239442.0,616937.0,0.7668425974558358,0.8077766590245199,-0.8285714285714287,0,0.8285714285714287
2,크라프트지(1차재심),4804,2012.06,중국,태국,대한민국,241916.0,276187.0,149298.0,317807.0,0.6171481009937334,1.1506950001267258,-0.8285714285714287,0,0.8285714285714287
2,크라프트지(1차재심),4804,2012.07,중국,태국,대한민국,620322.0,1463476.0,453796.0,1199109.0,0.7315490986939042,0.8193567916385373,-0.8285714285714287,0,0.8285714285714287
2,크라프트지(1차재심),4804,2012.08,중국,태국,대한민국,458621.0,509546.0,454175.0,441572.0,0.9903057208457529,0.8665988939173304,-0.8285714285714287,0,0.8285714285714287
2,크라프트지(1차재심),4804,2012.09,중국,태국,대한민국,334886.0,476921.0,849961.0,408944.0,2.538060713197924,0.857466959936761,-0.8285714285714287,0,0.8285714285714287
2,크라프트지(1차재심),4804,2012.1,중국,태국,대한민국,0.0,0.0,0.0,0.0,,,-0.8285714285714287,0,0.8285714285714287
2,크라프트지(1차재심),4804,2012.11,중국,태국,대한민국,0.0,0.0,0.0,0.0,,,-0.8285714285714287,0,0.8285714285714287
2,크라프트지(1차재심),4804,2012.12,중국,태국,대한민국,0.0,0.0,0.0,0.0,,,-0.8285714285714287,0,0.8285714285714287
2,크라프트지(1차재심),4804,2012.04,중국,폴란드,대한민국,0.0,565530.0,0.0,844575.0,,1.4934220996233623,-0.7714285714285715,2,0.7714285714285715
2,크라프트지(1차재심),4804,2012.05,중국,폴란드,대한민국,125696.0,763747.0,599052.0,616937.0,4.765879582484725,0.8077766590245199,-0.7714285714285715,2,0.7714285714285715
2,크라프트지(1차재심),4804,2012.06,중국,폴란드,대한민국,300568.0,276187.0,1458268.0,317807.0,4.851707433925101,1.1506950001267258,-0.7714285714285715,2,0.7714285714285715
2,크라프트지(1차재심),4804,2012.07,중국,폴란드,대한민국,1611004.0,1463476.0,12181257.0,1199109.0,7.561282901842578,0.8193567916385373,-0.7714285714285715,2,0.7714285714285715
2,크라프트지(1차재심),4804,2012.08,중국,폴란드,대한민국,143910.0,509546.0,1256651.0,441572.0,8.732200680981169,0.8665988939173304,-0.7714285714285715,2,0.7714285714285715
2,크라프트지(1차재심),4804,2012.09,중국,폴란드,대한민국,34525.0,476921.0,173448.0,408944.0,5.023837798696596,0.857466959936761,-0.7714285714285715,2,0.7714285714285715
2,크라프트지(1차재심),4804,2012.10,중국,폴란드,대한민국,0.0,0.0,0.0,0.0,,,-0.7714285714285715,2,0.7714285714285715
2,크라프트지(1차재심),4804,2012.11,중국,폴란드,대한민국,0.0,0.0,0.0,0.0,,,-0.7714285714285715,2,0.7714285714285715
2,크라프트지(1차재심),4804,2012.12,중국,폴란드,대한민국,0.0,0.0,0.0,0.0,,,-0.7714285714285715,2,0.7714285714285715
2,크라프트지(1차재심),4804,2012.04,중국,프랑스,대한민국,0.0,565530.0,0.0,844575.0,,1.4934220996233623,-0.8285714285714287,3,0.8285714285714287
2,크라프트지(1차재심),4804,2012.05,중국,프랑스,대한민국,0.0,763747.0,0.0,616937.0,,0.8077766590245199,-0.8285714285714287,3,0.8285714285714287
2,크라프트지(1차재심),4804,2012.06,중국,프랑스,대한민국,0.0,276187.0,0.0,317807.0,,1.1506950001267258,-0.8285714285714287,3,0.8285714285714287
2,크라프트지(1차재심),4804,2012.07,중국,프랑스,대한민국,0.0,1463476.0,0.0,1199109.0,,0.8193567916385373,-0.8285714285714287,3,0.8285714285714287
2,크라프트지(1차재심),4804,2012.08,중국,프랑스,대한민국,0.0,509546.0,0.0,441572.0,,0.8665988939173304,-0.8285714285714287,3,0.8285714285714287
2,크라프트지(1차재심),4804,2012.09,중국,프랑스,대한민국,0.0,476921.0,0.0,408944.0,,0.857466959936761,-0.8285714285714287,3,0.8285714285714287
2,크라프트지(1차재심),4804,2012.1,중국,프랑스,대한민국,0.0,0.0,0.0,0.0,,,-0.8285714285714287,3,0.8285714285714287
2,크라프트지(1차재심),4804,2012.11,중국,프랑스,대한민국,0.0,0.0,0.0,0.0,,,-0.8285714285714287,3,0.8285714285714287
2,크라프트지(1차재심),4804,2012.12,중국,프랑스,대한민국,0.0,0.0,0.0,0.0,,,-0.8285714285714287,3,0.8285714285714287
2,크라프트지(1차재심),4804,2012.04,캐나다,러시아 연방,대한민국,0.0,317000.0,0.0,317003.844,,1.0000121261829653,-0.8285714285714287,1,0.8285714285714287
2,크라프트지(1차재심),4804,2012.05,캐나다,러시아 연방,대한민국,0.0,160000.0,0.0,161077.259,,1.00673286875,-0.8285714285714287,1,0.8285714285714287
2,크라프트지(1차재심),4804,2012.06,캐나다,러시아 연방,대한민국,0.0,69000.0,0.0,66792.048,,0.9680006956521738,-0.8285714285714287,1,0.8285714285714287
2,크라프트지(1차재심),4804,2012.07,캐나다,러시아 연방,대한민국,0.0,204000.0,0.0,207911.316,,1.0191731176470589,-0.8285714285714287,1,0.8285714285714287
2,크라프트지(1차재심),4804,2012.08,캐나다,러시아 연방,대한민국,0.0,0.0,0.0,194.529,,,-0.8285714285714287,1,0.8285714285714287
2,크라프트지(1차재심),4804,2012.09,캐나다,러시아 연방,대한민국,0.0,129000.0,0.0,128157.475,,0.9934687984496124,-0.8285714285714287,1,0.8285714285714287
2,크라프트지(1차재심),4804,2012.1,캐나다,러시아 연방,대한민국,0.0,201000.0,0.0,209953.89,,1.0445467164179105,-0.8285714285714287,1,0.8285714285714287
2,크라프트지(1차재심),4804,2012.11,캐나다,러시아 연방,대한민국,0.0,200000.0,0.0,192098.027,,0.960490135,-0.8285714285714287,1,0.8285714285714287
2,크라프트지(1차재심),4804,2012.12,캐나다,러시아 연방,대한민국,0.0,155000.0,0.0,162044.263,,1.0454468580645162,-0.8285714285714287,1,0.8285714285714287
2,크라프트지(1차재심),4804,2012.04,캐나다,보스니아-헤르체고비나,대한민국,0.0,317000.0,0.0,317003.844,,1.0000121261829653,-0.9856107606091624,1,0.9856107606091624
2,크라프트지(1차재심),4804,2012.05,캐나다,보스니아-헤르체고비나,대한민국,0.0,160000.0,0.0,161077.259,,1.00673286875,-0.9856107606091624,1,0.9856107606091624
2,크라프트지(1차재심),4804,2012.06,캐나다,보스니아-헤르체고비나,대한민국,0.0,69000.0,0.0,66792.048,,0.9680006956521738,-0.9856107606091624,1,0.9856107606091624
2,크라프트지(1차재심),4804,2012.07,캐나다,보스니아-헤르체고비나,대한민국,0.0,204000.0,0.0,207911.316,,1.0191731176470589,-0.9856107606091624,1,0.9856107606091624
2,크라프트지(1차재심),4804,2012.08,캐나다,보스니아-헤르체고비나,대한민국,0.0,0.0,0.0,194.529,,,-0.9856107606091624,1,0.9856107606091624
2,크라프트지(1차재심),4804,2012.09,캐나다,보스니아-헤르체고비나,대한민국,0.0,129000.0,0.0,128157.475,,0.9934687984496124,-0.9856107606091624,1,0.9856107606091624
2,크라프트지(1차재심),4804,2012.1,캐나다,보스니아-헤르체고비나,대한민국,0.0,201000.0,0.0,209953.89,,1.0445467164179105,-0.9856107606091624,1,0.9856107606091624
2,크라프트지(1차재심),4804,2012.11,캐나다,보스니아-헤르체고비나,대한민국,0.0,200000.0,0.0,192098.027,,0.960490135,-0.9856107606091624,1,0.9856107606091624
2,크라프트지(1차재심),4804,2012.12,캐나다,보스니아-헤르체고비나,대한민국,0.0,155000.0,0.0,162044.263,,1.0454468580645162,-0.9856107606091624,1,0.9856107606091624
2,크라프트지(1차재심),4804,2012.04,캐나다,오스트리아,대한민국,0.0,317000.0,0.0,317003.844,,1.0000121261829653,-0.8857142857142858,3,0.8857142857142858
2,크라프트지(1차재심),4804,2012.05,캐나다,오스트리아,대한민국,0.0,160000.0,0.0,161077.259,,1.00673286875,-0.8857142857142858,3,0.8857142857142858
2,크라프트지(1차재심),4804,2012.06,캐나다,오스트리아,대한민국,0.0,69000.0,0.0,66792.048,,0.9680006956521738,-0.8857142857142858,3,0.8857142857142858
2,크라프트지(1차재심),4804,2012.07,캐나다,오스트리아,대한민국,0.0,204000.0,0.0,207911.316,,1.0191731176470589,-0.8857142857142858,3,0.8857142857142858
2,크라프트지(1차재심),4804,2012.08,캐나다,오스트리아,대한민국,0.0,0.0,0.0,194.529,,,-0.8857142857142858,3,0.8857142857142858
2,크라프트지(1차재심),4804,2012.09,캐나다,오스트리아,대한민국,0.0,129000.0,0.0,128157.475,,0.9934687984496124,-0.8857142857142858,3,0.8857142857142858
2,크라프트지(1차재심),4804,2012.1,캐나다,오스트리아,대한민국,0.0,201000.0,0.0,209953.89,,1.0445467164179105,-0.8857142857142858,3,0.8857142857142858
2,크라프트지(1차재심),4804,2012.11,캐나다,오스트리아,대한민국,0.0,200000.0,0.0,192098.027,,0.960490135,-0.8857142857142858,3,0.8857142857142858
2,크라프트지(1차재심),4804,2012.12,캐나다,오스트리아,대한민국,0.0,155000.0,0.0,162044.263,,1.0454468580645162,-0.8857142857142858,3,0.8857142857142858
2,크라프트지(1차재심),4804,2012.04,캐나다,핀란드,대한민국,0.0,317000.0,0.0,317003.844,,1.0000121261829653,-0.8285714285714287,3,0.8285714285714287
2,크라프트지(1차재심),4804,2012.05,캐나다,핀란드,대한민국,0.0,160000.0,0.0,161077.259,,1.00673286875,-0.8285714285714287,3,0.8285714285714287
2,크라프트지(1차재심),4804,2012.06,캐나다,핀란드,대한민국,0.0,69000.0,0.0,66792.048,,0.9680006956521738,-0.8285714285714287,3,0.8285714285714287
2,크라프트지(1차재심),4804,2012.07,캐나다,핀란드,대한민국,0.0,204000.0,0.0,207911.316,,1.0191731176470589,-0.8285714285714287,3,0.8285714285714287
2,크라프트지(1차재심),4804,2012.08,캐나다,핀란드,대한민국,0.0,0.0,0.0,194.529,,,-0.8285714285714287,3,0.8285714285714287
2,크라프트지(1차재심),4804,2012.09,캐나다,핀란드,대한민국,0.0,129000.0,0.0,128157.475,,0.9934687984496124,-0.8285714285714287,3,0.8285714285714287
2,크라프트지(1차재심),4804,2012.1,캐나다,핀란드,대한민국,0.0,201000.0,0.0,209953.89,,1.0445467164179105,-0.8285714285714287,3,0.8285714285714287
2,크라프트지(1차재심),4804,2012.11,캐나다,핀란드,대한민국,4000.0,200000.0,3930.992,192098.027,0.9827480000000001,0.960490135,-0.8285714285714287,3,0.8285714285714287
2,크라프트지(1차재심),4804,2012.12,캐나다,핀란드,대한민국,0.0,155000.0,0.0,162044.263,,1.0454468580645162,-0.8285714285714287,3,0.8285714285714287
2,크라프트지(1차재심),4804,2012.04,캐나다,홍콩,대한민국,0.0,317000.0,0.0,317003.844,,1.0000121261829653,-0.7775419143502353,0,0.7775419143502353
2,크라프트지(1차재심),4804,2012.05,캐나다,홍콩,대한민국,0.0,160000.0,0.0,161077.259,,1.00673286875,-0.7775419143502353,0,0.7775419143502353
2,크라프트지(1차재심),4804,2012.06,캐나다,홍콩,대한민국,0.0,69000.0,0.0,66792.048,,0.9680006956521738,-0.7775419143502353,0,0.7775419143502353
2,크라프트지(1차재심),4804,2012.07,캐나다,홍콩,대한민국,0.0,204000.0,0.0,207911.316,,1.0191731176470589,-0.7775419143502353,0,0.7775419143502353
2,크라프트지(1차재심),4804,2012.08,캐나다,홍콩,대한민국,0.0,0.0,0.0,194.529,,,-0.7775419143502353,0,0.7775419143502353
2,크라프트지(1차재심),4804,2012.09,캐나다,홍콩,대한민국,0.0,129000.0,0.0,128157.475,,0.9934687984496124,-0.7775419143502353,0,0.7775419143502353
2,크라프트지(1차재심),4804,2012.10,캐나다,홍콩,대한민국,0.0,201000.0,0.0,209953.89,,1.0445467164179105,-0.7775419143502353,0,0.7775419143502353
2,크라프트지(1차재심),4804,2012.11,캐나다,홍콩,대한민국,0.0,200000.0,0.0,192098.027,,0.960490135,-0.7775419143502353,0,0.7775419143502353
2,크라프트지(1차재심),4804,2012.12,캐나다,홍콩,대한민국,0.0,155000.0,0.0,162044.263,,1.0454468580645162,-0.7775419143502353,0,0.7775419143502353
20,침엽수 합판,441232,2016.03,중국,독일,대한민국,2908440.075,7402833.835,2748657.0,6996139.0,0.9450622770696074,0.945062276951675,-0.8406680016960503,3,0.8406680016960503
20,침엽수 합판,441232,2016.04,중국,독일,대한민국,3526043.819,8308249.299,3332331.0,7851813.0,0.9450622768905527,0.9450622769522651,-0.8406680016960503,3,0.8406680016960503
20,침엽수 합판,441232,2016.05,중국,독일,대한민국,4569597.269,12717827.484,4318554.0,12019139.0,0.9450622769969096,0.945062276958938,-0.8406680016960503,3,0.8406680016960503
20,침엽수 합판,441232,2016.06,중국,독일,대한민국,3687432.125,11583384.786,3484853.0,10947020.0,0.9450622769090292,0.945062276894304,-0.8406680016960503,3,0.8406680016960503
20,침엽수 합판,441232,2016.07,중국,독일,대한민국,5171111.068,8767809.49,4887022.0,8286126.0,0.9450622768948037,0.9450622768948872,-0.8406680016960503,3,0.8406680016960503
20,침엽수 합판,441232,2016.08,중국,독일,대한민국,2887109.206,7733478.712,2728498.0,7308619.0,0.94506227694111,0.945062276910293,-0.8406680016960503,3,0.8406680016960503
20,침엽수 합판,441232,2016.09,중국,독일,대한민국,4800463.536,8173087.836,4536737.0,7724077.0,0.9450622770025765,0.9450622769496931,-0.8406680016960503,3,0.8406680016960503
20,침엽수 합판,441232,2016.1,중국,독일,대한민국,1809535.775,9437082.844,1710124.0,8918631.0,0.9450622770914823,0.9450622769164704,-0.8406680016960503,3,0.8406680016960503
20,침엽수 합판,441232,2016.11,중국,독일,대한민국,2570834.811,9448300.094,2429599.0,8929232.0,0.9450622768932156,0.9450622769349137,-0.8406680016960503,3,0.8406680016960503
20,침엽수 합판,441232,2016.03,중국,핀란드,대한민국,23040.81,7402833.835,21775.0,6996139.0,0.9450622612659885,0.945062276951675,-0.8857142857142858,2,0.8857142857142858
20,침엽수 합판,441232,2016.04,중국,핀란드,대한민국,209368.213,8308249.299,197866.0,7851813.0,0.9450622764784261,0.9450622769522651,-0.8857142857142858,2,0.8857142857142858
20,침엽수 합판,441232,2016.05,중국,핀란드,대한민국,83415.667,12717827.484,78833.0,12019139.0,0.9450622746923548,0.945062276958938,-0.8857142857142858,2,0.8857142857142858
20,침엽수 합판,441232,2016.06,중국,핀란드,대한민국,21228.231,11583384.786,20062.0,10947020.0,0.9450622616646672,0.945062276894304,-0.8857142857142858,2,0.8857142857142858
20,침엽수 합판,441232,2016.07,중국,핀란드,대한민국,158404.376,8767809.49,149702.0,8286126.0,0.9450622752997683,0.9450622768948872,-0.8857142857142858,2,0.8857142857142858
20,침엽수 합판,441232,2016.08,중국,핀란드,대한민국,77664.723,7733478.712,73398.0,7308619.0,0.9450622775027473,0.945062276910293,-0.8857142857142858,2,0.8857142857142858
20,침엽수 합판,441232,2016.09,중국,핀란드,대한민국,25271.35,8173087.836,23883.0,7724077.0,0.9450622938624174,0.9450622769496931,-0.8857142857142858,2,0.8857142857142858
20,침엽수 합판,441232,2016.1,중국,핀란드,대한민국,0.0,9437082.844,0.0,8918631.0,,0.9450622769164704,-0.8857142857142858,2,0.8857142857142858
20,침엽수 합판,441232,2016.11,중국,핀란드,대한민국,0.0,9448300.094,0.0,8929232.0,,0.9450622769349137,-0.8857142857142858,2,0.8857142857142858
22,합판(2차재심),4412,2017.05,말레이시아,미국,대한민국,2229305.254,13674705.638,3337354.784,21816556.59,1.4970380471726998,1.5953949699198635,-0.942857142857143,1,0.942857142857143
22,합판(2차재심),4412,2017.06,말레이시아,미국,대한민국,9725001.558,12362807.662,13965422.396,20018074.826,1.4360329211990446,1.6192175251201446,-0.942857142857143,1,0.942857142857143
22,합판(2차재심),4412,2017.07,말레이시아,미국,대한민국,2708168.248,12918685.218,4685373.048,20134209.792,1.7300893515239235,1.5585339724778173,-0.942857142857143,1,0.942857142857143
22,합판(2차재심),4412,2017.08,말레이시아,미국,대한민국,2400946.312,14534814.144,3764859.582,24299544.508,1.568073206461603,1.6718166649575565,-0.942857142857143,1,0.942857142857143
22,합판(2차재심),4412,2017.09,말레이시아,미국,대한민국,2923506.48,12857998.666,4472609.162,20475993.002,1.529878313113915,1.5924712339676954,-0.942857142857143,1,0.942857142857143
22,합판(2차재심),4412,2017.1,말레이시아,미국,대한민국,10948177.778,13785207.95,15469306.096,23162782.064,1.412957152292965,1.6802635221763196,-0.942857142857143,1,0.942857142857143
22,합판(2차재심),4412,2017.11,말레이시아,미국,대한민국,4994299.726,18771690.656,7821554.972,30563242.204,1.5660964301524583,1.628156076300515,-0.942857142857143,1,0.942857142857143
22,합판(2차재심),4412,2017.12,말레이시아,미국,대한민국,9556667.796,11085271.07,12236588.178,18459015.59,1.280424143562016,1.6651839610810708,-0.942857142857143,1,0.942857142857143
22,합판(2차재심),4412,2018.01,말레이시아,미국,대한민국,5535733.768,13398846.854,11667541.162,27800247.158,2.1076774373517884,2.0748238606593747,-0.942857142857143,1,0.942857142857143
22,합판(2차재심),4412,2017.05,말레이시아,베트남,대한민국,1463574.352,13674705.638,1469619.474,21816556.59,1.0041303825745096,1.5953949699198635,-0.942857142857143,1,0.942857142857143
22,합판(2차재심),4412,2017.06,말레이시아,베트남,대한민국,403907.482,12362807.662,451877.04,20018074.826,1.1187637271844346,1.6192175251201446,-0.942857142857143,1,0.942857142857143
22,합판(2차재심),4412,2017.07,말레이시아,베트남,대한민국,700114.7,12918685.218,815938.276,20134209.792,1.1654351436985968,1.5585339724778173,-0.942857142857143,1,0.942857142857143
22,합판(2차재심),4412,2017.08,말레이시아,베트남,대한민국,631994.59,14534814.144,860903.836,24299544.508,1.3622012745393912,1.6718166649575565,-0.942857142857143,1,0.942857142857143
22,합판(2차재심),4412,2017.09,말레이시아,베트남,대한민국,418170.822,12857998.666,472956.992,20475993.002,1.1310138515594472,1.5924712339676954,-0.942857142857143,1,0.942857142857143
22,합판(2차재심),4412,2017.1,말레이시아,베트남,대한민국,575268.522,13785207.95,832560.134,23162782.064,1.4472548073819342,1.6802635221763196,-0.942857142857143,1,0.942857142857143
22,합판(2차재심),4412,2017.11,말레이시아,베트남,대한민국,987325.584,18771690.656,1204487.63,30563242.204,1.2199497810238045,1.628156076300515,-0.942857142857143,1,0.942857142857143
22,합판(2차재심),4412,2017.12,말레이시아,베트남,대한민국,606304.954,11085271.07,631109.938,18459015.59,1.0409117290504606,1.6651839610810708,-0.942857142857143,1,0.942857142857143
22,합판(2차재심),4412,2018.01,말레이시아,베트남,대한민국,973349.702,13398846.854,1356591.2,27800247.158,1.3937346435844493,2.0748238606593747,-0.942857142857143,1,0.942857142857143
22,합판(2차재심),4412,2017.05,말레이시아,일본,대한민국,62910408.94,13674705.638,99028539.394,21816556.59,1.5741201028981897,1.5953949699198635,-0.8285714285714287,1,0.8285714285714287
22,합판(2차재심),4412,2017.06,말레이시아,일본,대한민국,47628399.456,12362807.662,79338223.244,20018074.826,1.6657755488360286,1.6192175251201446,-0.8285714285714287,1,0.8285714285714287
22,합판(2차재심),4412,2017.07,말레이시아,일본,대한민국,45759321.736,12918685.218,75093236.032,20134209.792,1.641047838629179,1.5585339724778173,-0.8285714285714287,1,0.8285714285714287
22,합판(2차재심),4412,2017.08,말레이시아,일본,대한민국,56993946.53,14534814.144,84463024.564,24299544.508,1.4819648349766592,1.6718166649575565,-0.8285714285714287,1,0.8285714285714287
22,합판(2차재심),4412,2017.09,말레이시아,일본,대한민국,62401888.228,12857998.666,97388840.202,20475993.002,1.560671366965162,1.5924712339676954,-0.8285714285714287,1,0.8285714285714287
22,합판(2차재심),4412,2017.1,말레이시아,일본,대한민국,53233362.67,13785207.95,87518803.262,23162782.064,1.6440592679545636,1.6802635221763196,-0.8285714285714287,1,0.8285714285714287
22,합판(2차재심),4412,2017.11,말레이시아,일본,대한민국,56484628.068,18771690.656,93462708.504,30563242.204,1.6546574121278321,1.628156076300515,-0.8285714285714287,1,0.8285714285714287
22,합판(2차재심),4412,2017.12,말레이시아,일본,대한민국,68291028.066,11085271.07,93264616.226,18459015.59,1.3656935452174512,1.6651839610810708,-0.8285714285714287,1,0.8285714285714287
22,합판(2차재심),4412,2018.01,말레이시아,일본,대한민국,57214240.562,13398846.854,119031108.812,27800247.158,2.0804454912411603,2.0748238606593747,-0.8285714285714287,1,0.8285714285714287
24,옵셋인쇄판,370130,2017.09,중국,스페인,대한민국,38910.432,601088.899,461327.0,7126586.0,11.856126398185452,11.856126459590465,-0.7775419143502353,3,0.7775419143502353
24,옵셋인쇄판,370130,2017.10,중국,스페인,대한민국,62212.14,613095.94,737595.0,7268943.0,11.856126473064583,11.85612646529677,-0.7775419143502353,3,0.7775419143502353
24,옵셋인쇄판,370130,2017.11,중국,스페인,대한민국,45393.915,876534.426,538196.0,10392303.0,11.856126531496567,11.856126458631529,-0.7775419143502353,3,0.7775419143502353
24,옵셋인쇄판,370130,2017.12,중국,스페인,대한민국,98421.605,902823.957,1166899.0,10703995.0,11.856126507995882,11.856126454118895,-0.7775419143502353,3,0.7775419143502353
24,옵셋인쇄판,370130,2018.01,중국,스페인,대한민국,435436.0,1765493.0,1691130.0,7410573.0,3.8837624817424374,4.19745249627158,-0.7775419143502353,3,0.7775419143502353
24,옵셋인쇄판,370130,2018.02,중국,스페인,대한민국,460717.0,2384483.0,1866083.0,9695602.0,4.0503888504222765,4.0661233483316925,-0.7775419143502353,3,0.7775419143502353
24,옵셋인쇄판,370130,2018.03,중국,스페인,대한민국,104282.0,2185176.0,409376.0,9295111.0,3.925663105809248,4.253712744419672,-0.7775419143502353,3,0.7775419143502353
24,옵셋인쇄판,370130,2018.04,중국,스페인,대한민국,491400.0,1892980.0,1989117.0,8059149.0,4.047857142857143,4.257387294107703,-0.7775419143502353,3,0.7775419143502353
24,옵셋인쇄판,370130,2018.05,중국,스페인,대한민국,389589.0,1542986.0,1510562.0,6813561.0,3.8773219983110407,4.415828141020074,-0.7775419143502353,3,0.7775419143502353
24,옵셋인쇄판,370130,2017.09,중국,일본,대한민국,36041.367,601088.899,427311.0,7126586.0,11.856126322844526,11.856126459590465,-0.8857142857142858,3,0.8857142857142858
24,옵셋인쇄판,370130,2017.1,중국,일본,대한민국,117925.109,613095.94,1398135.0,7268943.0,11.856126416639563,11.85612646529677,-0.8857142857142858,3,0.8857142857142858
24,옵셋인쇄판,370130,2017.11,중국,일본,대한민국,40873.13,876534.426,484597.0,10392303.0,11.856126506582687,11.856126458631529,-0.8857142857142858,3,0.8857142857142858
24,옵셋인쇄판,370130,2017.12,중국,일본,대한민국,79224.104,902823.957,939291.0,10703995.0,11.856126514223499,11.856126454118895,-0.8857142857142858,3,0.8857142857142858
24,옵셋인쇄판,370130,2018.01,중국,일본,대한민국,148201.0,1765493.0,1149890.0,7410573.0,7.758989480502831,4.19745249627158,-0.8857142857142858,3,0.8857142857142858
24,옵셋인쇄판,370130,2018.02,중국,일본,대한민국,86210.0,2384483.0,713075.0,9695602.0,8.271372230599699,4.0661233483316925,-0.8857142857142858,3,0.8857142857142858
24,옵셋인쇄판,370130,2018.03,중국,일본,대한민국,159902.0,2185176.0,1237282.0,9295111.0,7.737751873022226,4.253712744419672,-0.8857142857142858,3,0.8857142857142858
24,옵셋인쇄판,370130,2018.04,중국,일본,대한민국,220825.0,1892980.0,1646076.0,8059149.0,7.454210347560285,4.257387294107703,-0.8857142857142858,3,0.8857142857142858
24,옵셋인쇄판,370130,2018.05,중국,일본,대한민국,236256.0,1542986.0,1920741.0,6813561.0,8.129914160910198,4.415828141020074,-0.8857142857142858,3,0.8857142857142858
26,PET필름,392062,2018.04,대만,파키스탄,대한민국,0.0,0.0,0.0,0.0,,,-0.9856107606091624,0,0.9856107606091624
26,PET필름,392062,2018.05,대만,파키스탄,대한민국,0.0,0.0,0.0,0.0,,,-0.9856107606091624,0,0.9856107606091624
26,PET필름,392062,2018.06,대만,파키스탄,대한민국,0.0,0.0,0.0,0.0,,,-0.9856107606091624,0,0.9856107606091624
26,PET필름,392062,2018.07,대만,파키스탄,대한민국,0.0,0.0,0.0,0.0,,,-0.9856107606091624,0,0.9856107606091624
26,PET필름,392062,2018.08,대만,파키스탄,대한민국,0.0,0.0,0.0,0.0,,,-0.9856107606091624,0,0.9856107606091624
26,PET필름,392062,2018.09,대만,파키스탄,대한민국,0.0,0.0,0.0,0.0,,,-0.9856107606091624,0,0.9856107606091624
26,PET필름,392062,2018.1,대만,파키스탄,대한민국,0.0,0.0,0.0,0.0,,,-0.9856107606091624,0,0.9856107606091624
26,PET필름,392062,2018.11,대만,파키스탄,대한민국,0.0,0.0,0.0,0.0,,,-0.9856107606091624,0,0.9856107606091624
26,PET필름,392062,2018.12,대만,파키스탄,대한민국,0.0,0.0,0.0,0.0,,,-0.9856107606091624,0,0.9856107606091624
26,PET필름,392062,2018.04,대만,홍콩,대한민국,0.0,0.0,0.0,0.0,,,-0.8406680016960503,3,0.8406680016960503
26,PET필름,392062,2018.05,대만,홍콩,대한민국,0.0,0.0,0.0,0.0,,,-0.8406680016960503,3,0.8406680016960503
26,PET필름,392062,2018.06,대만,홍콩,대한민국,0.0,0.0,0.0,0.0,,,-0.8406680016960503,3,0.8406680016960503
26,PET필름,392062,2018.07,대만,홍콩,대한민국,0.0,0.0,0.0,0.0,,,-0.8406680016960503,3,0.8406680016960503
26,PET필름,392062,2018.08,대만,홍콩,대한민국,0.0,0.0,0.0,0.0,,,-0.8406680016960503,3,0.8406680016960503
26,PET필름,392062,2018.09,대만,홍콩,대한민국,0.0,0.0,0.0,0.0,,,-0.8406680016960503,3,0.8406680016960503
26,PET필름,392062,2018.1,대만,홍콩,대한민국,0.0,0.0,0.0,0.0,,,-0.8406680016960503,3,0.8406680016960503
26,PET필름,392062,2018.11,대만,홍콩,대한민국,0.0,0.0,0.0,0.0,,,-0.8406680016960503,3,0.8406680016960503
26,PET필름,392062,2018.12,대만,홍콩,대한민국,0.0,0.0,0.0,0.0,,,-0.8406680016960503,3,0.8406680016960503
26,PET필름,392062,2018.04,태국,바레인,대한민국,0.0,3970630.0,0.0,7226154.279999999,,1.8199011945207686,-0.8986451052612952,2,0.8986451052612952
26,PET필름,392062,2018.05,태국,바레인,대한민국,41560.0,4407338.0,57674.08,8452180.98,1.387730510105871,1.9177519355220771,-0.8986451052612952,2,0.8986451052612952
26,PET필름,392062,2018.06,태국,바레인,대한민국,0.0,4510624.0,0.0,8696469.34,,1.9279969556318592,-0.8986451052612952,2,0.8986451052612952
26,PET필름,392062,2018.07,태국,바레인,대한민국,18970.0,4892974.0,27512.6,9845679.24,1.4503215603584607,2.0122075531159576,-0.8986451052612952,2,0.8986451052612952
26,PET필름,392062,2018.08,태국,바레인,대한민국,0.0,4781818.0,0.0,9906137.86,,2.071625866981972,-0.8986451052612952,2,0.8986451052612952
26,PET필름,392062,2018.09,태국,바레인,대한민국,0.0,4114242.0,0.0,8363031.4,,2.0327028405232364,-0.8986451052612952,2,0.8986451052612952
26,PET필름,392062,2018.1,태국,바레인,대한민국,41600.0,3212276.0,58035.98,6683885.1,1.395095673076923,2.080731886052132,-0.8986451052612952,2,0.8986451052612952
26,PET필름,392062,2018.11,태국,바레인,대한민국,0.0,2968428.0,0.0,6241507.66,,2.1026306381694284,-0.8986451052612952,2,0.8986451052612952
26,PET필름,392062,2018.12,태국,바레인,대한민국,44224.0,4879972.0,61038.46,9939406.08,1.3802111975397975,2.0367752273988455,-0.8986451052612952,2,0.8986451052612952
26,PET필름,392062,2018.04,태국,스페인,대한민국,66936.0,3970630.0,108971.98,7226154.279999999,1.6280025696187401,1.8199011945207686,-0.7775419143502353,3,0.7775419143502353
26,PET필름,392062,2018.05,태국,스페인,대한민국,73548.0,4407338.0,132737.16,8452180.98,1.804769130363844,1.9177519355220771,-0.7775419143502353,3,0.7775419143502353
26,PET필름,392062,2018.06,태국,스페인,대한민국,66092.0,4510624.0,100870.84,8696469.34,1.5262186043696664,1.9279969556318592,-0.7775419143502353,3,0.7775419143502353
26,PET필름,392062,2018.07,태국,스페인,대한민국,23284.0,4892974.0,44112.76,9845679.24,1.8945524823913418,2.0122075531159576,-0.7775419143502353,3,0.7775419143502353
26,PET필름,392062,2018.08,태국,스페인,대한민국,9528.0,4781818.0,28885.7,9906137.86,3.0316645675902603,2.071625866981972,-0.7775419143502353,3,0.7775419143502353
26,PET필름,392062,2018.09,태국,스페인,대한민국,0.0,4114242.0,0.0,8363031.4,,2.0327028405232364,-0.7775419143502353,3,0.7775419143502353
26,PET필름,392062,2018.10,태국,스페인,대한민국,0.0,3212276.0,0.0,6683885.1,,2.080731886052132,-0.7775419143502353,3,0.7775419143502353
26,PET필름,392062,2018.11,태국,스페인,대한민국,0.0,2968428.0,0.0,6241507.66,,2.1026306381694284,-0.7775419143502353,3,0.7775419143502353
26,PET필름,392062,2018.12,태국,스페인,대한민국,9486.0,4879972.0,29422.18,9939406.08,3.101642420409024,2.0367752273988455,-0.7775419143502353,3,0.7775419143502353
26,PET필름,392062,2018.04,태국,일본,대한민국,510504.0,3970630.0,1150434.78,7226154.279999999,2.253527455220723,1.8199011945207686,-0.8285714285714287,0,0.8285714285714287
26,PET필름,392062,2018.05,태국,일본,대한민국,1227046.0,4407338.0,2587625.84,8452180.98,2.1088254556063912,1.9177519355220771,-0.8285714285714287,0,0.8285714285714287
26,PET필름,392062,2018.06,태국,일본,대한민국,896790.0,4510624.0,2053094.06,8696469.34,2.2893810814125937,1.9279969556318592,-0.8285714285714287,0,0.8285714285714287
26,PET필름,392062,2018.07,태국,일본,대한민국,1247108.0,4892974.0,2670610.72,9845679.24,2.1414430185677586,2.0122075531159576,-0.8285714285714287,0,0.8285714285714287
26,PET필름,392062,2018.08,태국,일본,대한민국,920966.0,4781818.0,1964433.36,9906137.86,2.1330139874870517,2.071625866981972,-0.8285714285714287,0,0.8285714285714287
26,PET필름,392062,2018.09,태국,일본,대한민국,694762.0,4114242.0,1584731.26,8363031.4,2.2809699724509978,2.0327028405232364,-0.8285714285714287,0,0.8285714285714287
26,PET필름,392062,2018.1,태국,일본,대한민국,887170.0,3212276.0,2010415.36,6683885.1,2.2660993496173227,2.080731886052132,-0.8285714285714287,0,0.8285714285714287
26,PET필름,392062,2018.11,태국,일본,대한민국,733660.0,2968428.0,1607464.8,6241507.66,2.1910214540795465,2.1026306381694284,-0.8285714285714287,0,0.8285714285714287
26,PET필름,392062,2018.12,태국,일본,대한민국,987616.0,4879972.0,2124187.64,9939406.08,2.150823437449373,2.0367752273988455,-0.8285714285714287,0,0.8285714285714287
26,PET필름,392062,2018.04,태국,홍콩,대한민국,0.0,3970630.0,0.0,7226154.279999999,,1.8199011945207686,-0.8857142857142858,0,0.8857142857142858
26,PET필름,392062,2018.05,태국,홍콩,대한민국,2.0,4407338.0,357.98,8452180.98,178.99,1.9177519355220771,-0.8857142857142858,0,0.8857142857142858
26,PET필름,392062,2018.06,태국,홍콩,대한민국,54.0,4510624.0,175.02,8696469.34,3.2411111111111115,1.9279969556318592,-0.8857142857142858,0,0.8857142857142858
26,PET필름,392062,2018.07,태국,홍콩,대한민국,2538.0,4892974.0,14037.58,9845679.24,5.530961386918833,2.0122075531159576,-0.8857142857142858,0,0.8857142857142858
26,PET필름,392062,2018.08,태국,홍콩,대한민국,16864.0,4781818.0,34632.0,9906137.86,2.0536053130929792,2.071625866981972,-0.8857142857142858,0,0.8857142857142858
26,PET필름,392062,2018.09,태국,홍콩,대한민국,6676.0,4114242.0,276986.08,8363031.4,41.48982624325944,2.0327028405232364,-0.8857142857142858,0,0.8857142857142858
26,PET필름,392062,2018.1,태국,홍콩,대한민국,0.464,3212276.0,0.98,6683885.1,2.112068965517241,2.080731886052132,-0.8857142857142858,0,0.8857142857142858
26,PET필름,392062,2018.11,태국,홍콩,대한민국,0.0,2968428.0,0.0,6241507.66,,2.1026306381694284,-0.8857142857142858,0,0.8857142857142858
26,PET필름,392062,2018.12,태국,홍콩,대한민국,1906.0,4879972.0,10819.98,9939406.08,5.676799580272823,2.0367752273988455,-0.8857142857142858,0,0.8857142857142858
28,플로트판유리(3차재심),7005,2018.08,중국,인도,대한민국,5149660.0,14967300.0,2213195.0,5974237.0,0.42977497543527143,0.3991526193769083,-0.7775419143502353,2,0.7775419143502353
28,플로트판유리(3차재심),7005,2018.09,중국,인도,대한민국,2899106.0,14715130.0,1254244.0,5875215.0,0.4326313008217016,0.3992635471110347,-0.7775419143502353,2,0.7775419143502353
28,플로트판유리(3차재심),7005,2018.10,중국,인도,대한민국,2926488.0,13718420.0,1050179.0,5823216.0,0.3588530005932025,0.42448153650347487,-0.7775419143502353,2,0.7775419143502353
28,플로트판유리(3차재심),7005,2018.11,중국,인도,대한민국,0.0,0.0,1579355.0,6367893.0,,,-0.7775419143502353,2,0.7775419143502353
28,플로트판유리(3차재심),7005,2018.12,중국,인도,대한민국,4293586.0,14428919.0,1648325.0,5471916.0,0.3839040373245115,0.37923256759567364,-0.7775419143502353,2,0.7775419143502353
28,플로트판유리(3차재심),7005,2019.01,중국,인도,대한민국,4273217.0,13076442.0,1750392.0,5294485.0,0.40961926342612603,0.40488727744137126,-0.7775419143502353,2,0.7775419143502353
28,플로트판유리(3차재심),7005,2019.02,중국,인도,대한민국,3815310.0,14260080.0,1462326.0,5367726.0,0.38327842298528825,0.3764162613393473,-0.7775419143502353,2,0.7775419143502353
28,플로트판유리(3차재심),7005,2019.03,중국,인도,대한민국,4144848.0,15428540.0,1623104.0,6131466.0,0.39159554222495013,0.3974106428735318,-0.7775419143502353,2,0.7775419143502353
28,플로트판유리(3차재심),7005,2019.04,중국,인도,대한민국,4518380.0,13936290.0,1735251.0,5485648.0,0.3840427321296571,0.3936232670244376,-0.7775419143502353,2,0.7775419143502353
29,초산에틸(3차재심),291531,2019.07,일본,영국,대한민국,0.0,0.0,0.0,0.0,,,-0.8451542547285166,3,0.8451542547285166
29,초산에틸(3차재심),291531,2019.08,일본,영국,대한민국,0.0,0.0,0.0,0.0,,,-0.8451542547285166,3,0.8451542547285166
29,초산에틸(3차재심),291531,2019.09,일본,영국,대한민국,0.0,0.0,0.0,0.0,,,-0.8451542547285166,3,0.8451542547285166
29,초산에틸(3차재심),291531,2019.1,일본,영국,대한민국,0.0,0.0,0.0,0.0,,,-0.8451542547285166,3,0.8451542547285166
29,초산에틸(3차재심),291531,2019.11,일본,영국,대한민국,0.0,0.0,0.0,0.0,,,-0.8451542547285166,3,0.8451542547285166
29,초산에틸(3차재심),291531,2019.12,일본,영국,대한민국,0.0,0.0,0.0,0.0,,,-0.8451542547285166,3,0.8451542547285166
29,초산에틸(3차재심),291531,2020.01,일본,영국,대한민국,0.0,0.0,0.0,0.0,,,-0.8451542547285166,3,0.8451542547285166
29,초산에틸(3차재심),291531,2020.02,일본,영국,대한민국,0.0,0.0,0.0,0.0,,,-0.8451542547285166,3,0.8451542547285166
29,초산에틸(3차재심),291531,2020.03,일본,영국,대한민국,0.0,0.0,0.0,0.0,,,-0.8451542547285166,3,0.8451542547285166
29,초산에틸(3차재심),291531,2019.07,중국,남아프리카공화국,대한민국,0.0,0.0,0.0,0.0,,,-0.8451542547285166,3,0.8451542547285166
29,초산에틸(3차재심),291531,2019.08,중국,남아프리카공화국,대한민국,0.0,4014120.0,0.0,2643392.0,,0.658523412354389,-0.8451542547285166,3,0.8451542547285166
29,초산에틸(3차재심),291531,2019.09,중국,남아프리카공화국,대한민국,16000.0,1999440.0,14430.0,1393610.0,0.901875,0.6970001600448126,-0.8451542547285166,3,0.8451542547285166
29,초산에틸(3차재심),291531,2019.1,중국,남아프리카공화국,대한민국,0.0,0.0,0.0,0.0,,,-0.8451542547285166,3,0.8451542547285166
29,초산에틸(3차재심),291531,2019.11,중국,남아프리카공화국,대한민국,0.0,3010650.0,0.0,2261640.0,,0.7512131931642668,-0.8451542547285166,3,0.8451542547285166
29,초산에틸(3차재심),291531,2019.12,중국,남아프리카공화국,대한민국,0.0,2996990.0,0.0,2157795.0,,0.7199873873453031,-0.8451542547285166,3,0.8451542547285166
29,초산에틸(3차재심),291531,2020.01,중국,남아프리카공화국,대한민국,0.0,0.0,0.0,0.0,,,-0.8451542547285166,3,0.8451542547285166
29,초산에틸(3차재심),291531,2020.02,중국,남아프리카공화국,대한민국,0.0,3008600.0,0.0,2134002.0,,0.7093006714086286,-0.8451542547285166,3,0.8451542547285166
29,초산에틸(3차재심),291531,2020.03,중국,남아프리카공화국,대한민국,0.0,1999440.0,0.0,1483584.0,,0.7419997599327812,-0.8451542547285166,3,0.8451542547285166
29,초산에틸(3차재심),291531,2019.07,중국,스페인,대한민국,519696.0,0.0,351019.0,0.0,0.6754314060527693,,-0.7775419143502353,2,0.7775419143502353
29,초산에틸(3차재심),291531,2019.08,중국,스페인,대한민국,2160.0,4014120.0,3002.0,2643392.0,1.3898148148148148,0.658523412354389,-0.7775419143502353,2,0.7775419143502353
29,초산에틸(3차재심),291531,2019.09,중국,스페인,대한민국,326070.0,1999440.0,279785.0,1393610.0,0.8580519520348392,0.6970001600448126,-0.7775419143502353,2,0.7775419143502353
29,초산에틸(3차재심),291531,2019.10,중국,스페인,대한민국,23480.0,0.0,19831.0,0.0,0.8445911413969336,,-0.7775419143502353,2,0.7775419143502353
29,초산에틸(3차재심),291531,2019.11,중국,스페인,대한민국,43780.0,3010650.0,37587.0,2261640.0,0.8585427135678392,0.7512131931642668,-0.7775419143502353,2,0.7775419143502353
29,초산에틸(3차재심),291531,2019.12,중국,스페인,대한민국,42180.0,2996990.0,32387.0,2157795.0,0.76782835467046,0.7199873873453031,-0.7775419143502353,2,0.7775419143502353
29,초산에틸(3차재심),291531,2020.01,중국,스페인,대한민국,20980.0,0.0,15840.0,0.0,0.7550047664442326,,-0.7775419143502353,2,0.7775419143502353
29,초산에틸(3차재심),291531,2020.02,중국,스페인,대한민국,540.0,3008600.0,1593.0,2134002.0,2.95,0.7093006714086286,-0.7775419143502353,2,0.7775419143502353
29,초산에틸(3차재심),291531,2020.03,중국,스페인,대한민국,3060.0,1999440.0,9027.0,1483584.0,2.95,0.7419997599327812,-0.7775419143502353,2,0.7775419143502353
31,OPP필름(1차재심),392020,2019.08,중국,대만,대한민국,0.0,847609.0,0.0,5562251.0,,6.562284024827485,-0.8857142857142858,2,0.8857142857142858
31,OPP필름(1차재심),392020,2019.09,중국,대만,대한민국,0.0,762184.0,0.0,4003762.0,,5.2530123959568815,-0.8857142857142858,2,0.8857142857142858
31,OPP필름(1차재심),392020,2019.1,중국,대만,대한민국,0.0,857197.0,0.0,3870405.0,,4.5151872906694726,-0.8857142857142858,2,0.8857142857142858
31,OPP필름(1차재심),392020,2019.11,중국,대만,대한민국,0.0,884896.0,0.0,3936892.0,,4.448988355693777,-0.8857142857142858,2,0.8857142857142858
31,OPP필름(1차재심),392020,2019.12,중국,대만,대한민국,0.0,1060923.0,0.0,4517187.0,,4.257789679364101,-0.8857142857142858,2,0.8857142857142858
31,OPP필름(1차재심),392020,2020.01,중국,대만,대한민국,0.0,1011170.0,0.0,4374612.0,,4.3262873700762485,-0.8857142857142858,2,0.8857142857142858
31,OPP필름(1차재심),392020,2020.02,중국,대만,대한민국,0.0,527039.0,0.0,2570480.0,,4.877210225429238,-0.8857142857142858,2,0.8857142857142858
31,OPP필름(1차재심),392020,2020.03,중국,대만,대한민국,0.0,1417994.0,0.0,5075264.0,,3.5791858075563083,-0.8857142857142858,2,0.8857142857142858
31,OPP필름(1차재심),392020,2020.04,중국,대만,대한민국,0.0,1246076.0,0.0,6138968.0,,4.926640108629008,-0.8857142857142858,2,0.8857142857142858
31,OPP필름(1차재심),392020,2019.08,중국,베트남,대한민국,5429171.0,847609.0,9454968.0,5562251.0,1.7415122861298713,6.562284024827485,-0.942857142857143,2,0.942857142857143
31,OPP필름(1차재심),392020,2019.09,중국,베트남,대한민국,4119284.0,762184.0,7590060.0,4003762.0,1.8425677860521392,5.2530123959568815,-0.942857142857143,2,0.942857142857143
31,OPP필름(1차재심),392020,2019.1,중국,베트남,대한민국,5094432.0,857197.0,8930198.0,3870405.0,1.7529330060740824,4.5151872906694726,-0.942857142857143,2,0.942857142857143
31,OPP필름(1차재심),392020,2019.11,중국,베트남,대한민국,4577378.0,884896.0,9003159.0,3936892.0,1.9668812582225021,4.448988355693777,-0.942857142857143,2,0.942857142857143
31,OPP필름(1차재심),392020,2019.12,중국,베트남,대한민국,5005503.0,1060923.0,10003725.0,4517187.0,1.9985454009317345,4.257789679364101,-0.942857142857143,2,0.942857142857143
31,OPP필름(1차재심),392020,2020.01,중국,베트남,대한민국,2243103.0,1011170.0,4711291.0,4374612.0,2.100345369784624,4.3262873700762485,-0.942857142857143,2,0.942857142857143
31,OPP필름(1차재심),392020,2020.02,중국,베트남,대한민국,2904719.0,527039.0,4630722.0,2570480.0,1.5942065308210536,4.877210225429238,-0.942857142857143,2,0.942857142857143
31,OPP필름(1차재심),392020,2020.03,중국,베트남,대한민국,6306129.0,1417994.0,12501943.0,5075264.0,1.9825067010205468,3.5791858075563083,-0.942857142857143,2,0.942857142857143
31,OPP필름(1차재심),392020,2020.04,중국,베트남,대한민국,2344722.0,1246076.0,5137584.0,6138968.0,2.19112713575426,4.926640108629008,-0.942857142857143,2,0.942857142857143
32,PET필름(3차재심),392062,2019.09,인도,아랍에미리트 연합,대한민국,728735.0,56189.0,1196161.936,104322.986,1.641422377132977,1.8566442898076136,-0.8451542547285166,1,0.8451542547285166
32,PET필름(3차재심),392062,2019.1,인도,아랍에미리트 연합,대한민국,311476.0,89208.0,499203.99,199721.816,1.6027045101388229,2.238833019460138,-0.8451542547285166,1,0.8451542547285166
32,PET필름(3차재심),392062,2019.11,인도,아랍에미리트 연합,대한민국,900696.0,169947.0,1512953.961,323783.835,1.6797609415385435,1.9052047697223253,-0.8451542547285166,1,0.8451542547285166
32,PET필름(3차재심),392062,2019.12,인도,아랍에미리트 연합,대한민국,668725.0,133902.0,1077937.458,337984.932,1.6119293551160792,2.524121611327687,-0.8451542547285166,1,0.8451542547285166
32,PET필름(3차재심),392062,2020.01,인도,아랍에미리트 연합,대한민국,1208857.0,45606.0,1897863.738,88782.852,1.5699654615889223,1.9467362189185633,-0.8451542547285166,1,0.8451542547285166
32,PET필름(3차재심),392062,2020.02,인도,아랍에미리트 연합,대한민국,147052.0,55019.0,390735.426,114535.559,2.6571241873622933,2.0817455606245114,-0.8451542547285166,1,0.8451542547285166
32,PET필름(3차재심),392062,2020.03,인도,아랍에미리트 연합,대한민국,153623.0,30387.0,344796.868,99020.402,2.2444351952507113,3.2586435646822656,-0.8451542547285166,1,0.8451542547285166
32,PET필름(3차재심),392062,2020.04,인도,아랍에미리트 연합,대한민국,889780.0,92905.0,1360637.87,233382.078,1.5291845961923174,2.5120507830579624,-0.8451542547285166,1,0.8451542547285166
32,PET필름(3차재심),392062,2020.05,인도,아랍에미리트 연합,대한민국,655524.0,67241.0,1115628.71,153002.847,1.7018884281887467,2.2754397911988224,-0.8451542547285166,1,0.8451542547285166
32,PET필름(3차재심),392062,2019.09,인도,폴란드,대한민국,421034.0,56189.0,684985.098,104322.986,1.6269115985882374,1.8566442898076136,-0.7775419143502353,1,0.7775419143502353
32,PET필름(3차재심),392062,2019.10,인도,폴란드,대한민국,311957.0,89208.0,489054.488,199721.816,1.5676983943299878,2.238833019460138,-0.7775419143502353,1,0.7775419143502353
32,PET필름(3차재심),392062,2019.11,인도,폴란드,대한민국,319710.0,169947.0,480947.035,323783.835,1.504322776891558,1.9052047697223253,-0.7775419143502353,1,0.7775419143502353
32,PET필름(3차재심),392062,2019.12,인도,폴란드,대한민국,469194.0,133902.0,710756.899,337984.932,1.5148465219077822,2.524121611327687,-0.7775419143502353,1,0.7775419143502353
32,PET필름(3차재심),392062,2020.01,인도,폴란드,대한민국,185674.0,45606.0,288985.514,88782.852,1.556413466613527,1.9467362189185633,-0.7775419143502353,1,0.7775419143502353
32,PET필름(3차재심),392062,2020.02,인도,폴란드,대한민국,259364.0,55019.0,409055.047,114535.559,1.5771465854937463,2.0817455606245114,-0.7775419143502353,1,0.7775419143502353
32,PET필름(3차재심),392062,2020.03,인도,폴란드,대한민국,410070.0,30387.0,588391.279,99020.402,1.4348557051235153,3.2586435646822656,-0.7775419143502353,1,0.7775419143502353
32,PET필름(3차재심),392062,2020.04,인도,폴란드,대한민국,316788.0,92905.0,477549.046,233382.078,1.5074720191421391,2.5120507830579624,-0.7775419143502353,1,0.7775419143502353
32,PET필름(3차재심),392062,2020.05,인도,폴란드,대한민국,307025.0,67241.0,489145.257,153002.847,1.5931772884944222,2.2754397911988224,-0.7775419143502353,1,0.7775419143502353
32,PET필름(3차재심),392062,2019.09,중국,미국,대한민국,764912.0,2340450.0,3582661.0,6591620.0,4.683755778442488,2.8163900104680724,-0.8857142857142858,1,0.8857142857142858
32,PET필름(3차재심),392062,2019.1,중국,미국,대한민국,537549.0,1908910.0,2576143.0,5335839.0,4.792387298646263,2.7952281668596215,-0.8857142857142858,1,0.8857142857142858
32,PET필름(3차재심),392062,2019.11,중국,미국,대한민국,687311.0,1952780.0,3079583.0,4991314.0,4.480625219151156,2.5560042605925912,-0.8857142857142858,1,0.8857142857142858
32,PET필름(3차재심),392062,2019.12,중국,미국,대한민국,719871.0,2063880.0,4250015.0,5465726.0,5.903856385380158,2.6482770316103648,-0.8857142857142858,1,0.8857142857142858
32,PET필름(3차재심),392062,2020.01,중국,미국,대한민국,715656.0,2099990.0,3085059.0,6017450.0,4.3108127368456355,2.8654660260286953,-0.8857142857142858,1,0.8857142857142858
32,PET필름(3차재심),392062,2020.02,중국,미국,대한민국,184617.0,1951030.0,831322.0,4712448.0,4.502954765812466,2.415364192247172,-0.8857142857142858,1,0.8857142857142858
32,PET필름(3차재심),392062,2020.03,중국,미국,대한민국,780426.0,3520990.0,2908713.0,9120371.0,3.7270836696880933,2.5902859707071024,-0.8857142857142858,1,0.8857142857142858
32,PET필름(3차재심),392062,2020.04,중국,미국,대한민국,1312695.0,3086180.0,4755498.0,6995021.0,3.622698341960623,2.2665628706037886,-0.8857142857142858,1,0.8857142857142858
32,PET필름(3차재심),392062,2020.05,중국,미국,대한민국,824580.0,3118550.0,3162389.0,6914468.0,3.835151228504208,2.217206073335364,-0.8857142857142858,1,0.8857142857142858
32,PET필름(3차재심),392062,2019.09,중국,이탈리아,대한민국,316276.0,2340450.0,906263.0,6591620.0,2.8654181790587967,2.8163900104680724,-0.8116794499134279,1,0.8116794499134279
32,PET필름(3차재심),392062,2019.10,중국,이탈리아,대한민국,472688.0,1908910.0,1230515.0,5335839.0,2.6032287682361304,2.7952281668596215,-0.8116794499134279,1,0.8116794499134279
32,PET필름(3차재심),392062,2019.11,중국,이탈리아,대한민국,314214.0,1952780.0,858882.0,4991314.0,2.733430082682503,2.5560042605925912,-0.8116794499134279,1,0.8116794499134279
32,PET필름(3차재심),392062,2019.12,중국,이탈리아,대한민국,528787.0,2063880.0,1297272.0,5465726.0,2.453297830695535,2.6482770316103648,-0.8116794499134279,1,0.8116794499134279
32,PET필름(3차재심),392062,2020.01,중국,이탈리아,대한민국,548784.0,2099990.0,1265621.0,6017450.0,2.306227951252223,2.8654660260286953,-0.8116794499134279,1,0.8116794499134279
32,PET필름(3차재심),392062,2020.02,중국,이탈리아,대한민국,342440.0,1951030.0,723470.0,4712448.0,2.1126912743838338,2.415364192247172,-0.8116794499134279,1,0.8116794499134279
32,PET필름(3차재심),392062,2020.03,중국,이탈리아,대한민국,577588.0,3520990.0,1570084.0,9120371.0,2.7183459490155615,2.5902859707071024,-0.8116794499134279,1,0.8116794499134279
32,PET필름(3차재심),392062,2020.04,중국,이탈리아,대한민국,937523.0,3086180.0,1836844.0,6995021.0,1.959252199679368,2.2665628706037886,-0.8116794499134279,1,0.8116794499134279
32,PET필름(3차재심),392062,2020.05,중국,이탈리아,대한민국,828753.0,3118550.0,1591751.0,6914468.0,1.9206579041041179,2.217206073335364,-0.8116794499134279,1,0.8116794499134279
32,PET필름(3차재심),392062,2019.09,중국,일본,대한민국,2626370.0,2340450.0,6546477.0,6591620.0,2.492595102746376,2.8163900104680724,-0.8285714285714287,1,0.8285714285714287
32,PET필름(3차재심),392062,2019.1,중국,일본,대한민국,2693700.0,1908910.0,6357516.0,5335839.0,2.360142554850206,2.7952281668596215,-0.8285714285714287,1,0.8285714285714287
32,PET필름(3차재심),392062,2019.11,중국,일본,대한민국,2906580.0,1952780.0,7065322.0,4991314.0,2.430802523928466,2.5560042605925912,-0.8285714285714287,1,0.8285714285714287
32,PET필름(3차재심),392062,2019.12,중국,일본,대한민국,2487720.0,2063880.0,5871743.0,5465726.0,2.3602909491421866,2.6482770316103648,-0.8285714285714287,1,0.8285714285714287
32,PET필름(3차재심),392062,2020.01,중국,일본,대한민국,2594910.0,2099990.0,5796485.0,6017450.0,2.233790381940029,2.8654660260286953,-0.8285714285714287,1,0.8285714285714287
32,PET필름(3차재심),392062,2020.02,중국,일본,대한민국,1695240.0,1951030.0,3550552.0,4712448.0,2.0944243882872042,2.415364192247172,-0.8285714285714287,1,0.8285714285714287
32,PET필름(3차재심),392062,2020.03,중국,일본,대한민국,3699100.0,3520990.0,8797782.0,9120371.0,2.3783574382958017,2.5902859707071024,-0.8285714285714287,1,0.8285714285714287
32,PET필름(3차재심),392062,2020.04,중국,일본,대한민국,2831350.0,3086180.0,6756604.0,6995021.0,2.386354212654741,2.2665628706037886,-0.8285714285714287,1,0.8285714285714287
32,PET필름(3차재심),392062,2020.05,중국,일본,대한민국,2906930.0,3118550.0,6555704.0,6914468.0,2.2551984395909086,2.217206073335364,-0.8285714285714287,1,0.8285714285714287
33,스테인리스 스틸바,7222,2020.05,일본,대만,대한민국,0.0,422689.0,0.0,1887432.872,,4.465299243651952,-0.8285714285714287,3,0.8285714285714287
33,스테인리스 스틸바,7222,2020.06,일본,대만,대한민국,0.0,446691.0,0.0,2390337.593,,5.351210552708696,-0.8285714285714287,3,0.8285714285714287
33,스테인리스 스틸바,7222,2020.07,일본,대만,대한민국,0.0,484022.0,0.0,2398577.761,,4.955513924986881,-0.8285714285714287,3,0.8285714285714287
33,스테인리스 스틸바,7222,2020.08,일본,대만,대한민국,0.0,463968.0,0.0,2129864.201,,4.590541160166218,-0.8285714285714287,3,0.8285714285714287
33,스테인리스 스틸바,7222,2020.09,일본,대만,대한민국,0.0,303419.0,0.0,1638679.425,,5.400714605875044,-0.8285714285714287,3,0.8285714285714287
33,스테인리스 스틸바,7222,2020.1,일본,대만,대한민국,0.0,424826.0,0.0,2068352.404,,4.868704843865489,-0.8285714285714287,3,0.8285714285714287
33,스테인리스 스틸바,7222,2020.11,일본,대만,대한민국,0.0,474416.0,0.0,2192086.492,,4.620599836430475,-0.8285714285714287,3,0.8285714285714287
33,스테인리스 스틸바,7222,2020.12,일본,대만,대한민국,0.0,652966.0,0.0,2955119.193,,4.525686165895315,-0.8285714285714287,3,0.8285714285714287
33,스테인리스 스틸바,7222,2021.01,일본,대만,대한민국,0.0,343125.0,0.0,2348621.533,,6.844798638979963,-0.8285714285714287,3,0.8285714285714287
33,스테인리스 스틸바,7222,2020.05,일본,프랑스,대한민국,1250.0,422689.0,13384.066,1887432.872,10.707252800000001,4.465299243651952,-0.8406680016960503,3,0.8406680016960503
33,스테인리스 스틸바,7222,2020.06,일본,프랑스,대한민국,0.0,446691.0,0.0,2390337.593,,5.351210552708696,-0.8406680016960503,3,0.8406680016960503
33,스테인리스 스틸바,7222,2020.07,일본,프랑스,대한민국,0.0,484022.0,0.0,2398577.761,,4.955513924986881,-0.8406680016960503,3,0.8406680016960503
33,스테인리스 스틸바,7222,2020.08,일본,프랑스,대한민국,0.0,463968.0,0.0,2129864.201,,4.590541160166218,-0.8406680016960503,3,0.8406680016960503
33,스테인리스 스틸바,7222,2020.09,일본,프랑스,대한민국,0.0,303419.0,0.0,1638679.425,,5.400714605875044,-0.8406680016960503,3,0.8406680016960503
33,스테인리스 스틸바,7222,2020.1,일본,프랑스,대한민국,402.0,424826.0,4675.811,2068352.404,11.631370646766168,4.868704843865489,-0.8406680016960503,3,0.8406680016960503
33,스테인리스 스틸바,7222,2020.11,일본,프랑스,대한민국,0.0,474416.0,0.0,2192086.492,,4.620599836430475,-0.8406680016960503,3,0.8406680016960503
33,스테인리스 스틸바,7222,2020.12,일본,프랑스,대한민국,0.0,652966.0,0.0,2955119.193,,4.525686165895315,-0.8406680016960503,3,0.8406680016960503
33,스테인리스 스틸바,7222,2021.01,일본,프랑스,대한민국,0.0,343125.0,0.0,2348621.533,,6.844798638979963,-0.8406680016960503,3,0.8406680016960503
34,합판,4412,2020.11,말레이시아,라트비아,대한민국,0.0,3868271.4,0.0,5190414.982,,1.3417918354953067,-0.8285714285714287,3,0.8285714285714287
34,합판,4412,2020.12,말레이시아,라트비아,대한민국,0.0,6600180.234,0.0,8130293.766,,1.2318290528064388,-0.8285714285714287,3,0.8285714285714287
34,합판,4412,2021.01,말레이시아,라트비아,대한민국,0.0,2992000.17,0.0,7056242.774,,2.358369777097974,-0.8285714285714287,3,0.8285714285714287
34,합판,4412,2021.02,말레이시아,라트비아,대한민국,0.0,3102395.236,0.0,7234058.218,,2.331765512677573,-0.8285714285714287,3,0.8285714285714287
34,합판,4412,2021.03,말레이시아,라트비아,대한민국,0.0,3213741.564,0.0,7349408.93,,2.286869925176099,-0.8285714285714287,3,0.8285714285714287
34,합판,4412,2021.04,말레이시아,라트비아,대한민국,0.0,2792278.466,0.0,5300236.23,,1.8981760933008607,-0.8285714285714287,3,0.8285714285714287
34,합판,4412,2021.05,말레이시아,라트비아,대한민국,0.0,6497086.35,0.0,11888652.574,,1.8298437074027807,-0.8285714285714287,3,0.8285714285714287
34,합판,4412,2021.06,말레이시아,라트비아,대한민국,0.0,4172556.766,0.0,7633256.18,,1.8293954062409512,-0.8285714285714287,3,0.8285714285714287
34,합판,4412,2021.07,말레이시아,라트비아,대한민국,0.0,3913231.44,0.0,9225470.162,,2.3575069104525035,-0.8285714285714287,3,0.8285714285714287
34,합판,4412,2020.11,말레이시아,스페인,대한민국,0.0,3868271.4,0.0,5190414.982,,1.3417918354953067,-0.942857142857143,1,0.942857142857143
34,합판,4412,2020.12,말레이시아,스페인,대한민국,0.0,6600180.234,0.0,8130293.766,,1.2318290528064388,-0.942857142857143,1,0.942857142857143
34,합판,4412,2021.01,말레이시아,스페인,대한민국,0.0,2992000.17,0.0,7056242.774,,2.358369777097974,-0.942857142857143,1,0.942857142857143
34,합판,4412,2021.02,말레이시아,스페인,대한민국,0.0,3102395.236,0.0,7234058.218,,2.331765512677573,-0.942857142857143,1,0.942857142857143
34,합판,4412,2021.03,말레이시아,스페인,대한민국,0.0,3213741.564,0.0,7349408.93,,2.286869925176099,-0.942857142857143,1,0.942857142857143
34,합판,4412,2021.04,말레이시아,스페인,대한민국,0.0,2792278.466,0.0,5300236.23,,1.8981760933008607,-0.942857142857143,1,0.942857142857143
34,합판,4412,2021.05,말레이시아,스페인,대한민국,0.0,6497086.35,0.0,11888652.574,,1.8298437074027807,-0.942857142857143,1,0.942857142857143
34,합판,4412,2021.06,말레이시아,스페인,대한민국,0.0,4172556.766,0.0,7633256.18,,1.8293954062409512,-0.942857142857143,1,0.942857142857143
34,합판,4412,2021.07,말레이시아,스페인,대한민국,0.0,3913231.44,0.0,9225470.162,,2.3575069104525035,-0.942857142857143,1,0.942857142857143
35,합판,4412,2020.11,중국,노르웨이,대한민국,964944.0,8087374.0,871447.0,6308305.0,0.9031062942512726,0.7800189530000715,-0.9411239481143202,3,0.9411239481143202
35,합판,4412,2020.12,중국,노르웨이,대한민국,992644.0,11381266.0,888352.0,8900921.0,0.8949351429112552,0.7820677418487539,-0.9411239481143202,3,0.9411239481143202
35,합판,4412,2021.01,중국,노르웨이,대한민국,1203091.0,12100956.0,924063.0,10039479.0,0.7680740692100597,0.829643459574599,-0.9411239481143202,3,0.9411239481143202
35,합판,4412,2021.02,중국,노르웨이,대한민국,1108843.0,5934479.0,830707.0,6453874.0,0.7491655716814734,1.0875215836133214,-0.9411239481143202,3,0.9411239481143202
35,합판,4412,2021.03,중국,노르웨이,대한민국,382099.0,7276379.0,425651.0,7124003.0,1.11398093164337,0.9790588148308382,-0.9411239481143202,3,0.9411239481143202
35,합판,4412,2021.04,중국,노르웨이,대한민국,584833.0,10593224.0,519322.0,10377480.0,0.8879834072290722,0.979633773438568,-0.9411239481143202,3,0.9411239481143202
35,합판,4412,2021.05,중국,노르웨이,대한민국,456967.0,11858062.0,400017.0,12183732.0,0.8753739329098162,1.027464015620765,-0.9411239481143202,3,0.9411239481143202
35,합판,4412,2021.06,중국,노르웨이,대한민국,1138113.0,12346346.0,1024206.0,12368872.0,0.8999159134462044,1.0018245074291616,-0.9411239481143202,3,0.9411239481143202
35,합판,4412,2021.07,중국,노르웨이,대한민국,490676.0,12544204.0,490498.0,11374833.0,0.9996372351612877,0.9067799758358521,-0.9411239481143202,3,0.9411239481143202
35,합판,4412,2020.11,중국,미국,대한민국,28677577.0,8087374.0,34917707.0,6308305.0,1.2175961379163938,0.7800189530000715,-0.8857142857142858,3,0.8857142857142858
35,합판,4412,2020.12,중국,미국,대한민국,20315109.0,11381266.0,27200666.0,8900921.0,1.3389377334869332,0.7820677418487539,-0.8857142857142858,3,0.8857142857142858
35,합판,4412,2021.01,중국,미국,대한민국,22186047.0,12100956.0,28390879.0,10039479.0,1.2796727150176865,0.829643459574599,-0.8857142857142858,3,0.8857142857142858
35,합판,4412,2021.02,중국,미국,대한민국,23399358.0,5934479.0,28097156.0,6453874.0,1.2007661064889046,1.0875215836133214,-0.8857142857142858,3,0.8857142857142858
35,합판,4412,2021.03,중국,미국,대한민국,14399384.0,7276379.0,22532803.0,7124003.0,1.5648449266996423,0.9790588148308382,-0.8857142857142858,3,0.8857142857142858
35,합판,4412,2021.04,중국,미국,대한민국,25301445.0,10593224.0,30047318.0,10377480.0,1.1875731998706003,0.979633773438568,-0.8857142857142858,3,0.8857142857142858
35,합판,4412,2021.05,중국,미국,대한민국,30612000.0,11858062.0,34226929.0,12183732.0,1.1180886253756697,1.027464015620765,-0.8857142857142858,3,0.8857142857142858
35,합판,4412,2021.06,중국,미국,대한민국,35731874.0,12346346.0,43241439.0,12368872.0,1.2101643199570222,1.0018245074291616,-0.8857142857142858,3,0.8857142857142858
35,합판,4412,2021.07,중국,미국,대한민국,42934945.0,12544204.0,54612448.0,11374833.0,1.2719813196453378,0.9067799758358521,-0.8857142857142858,3,0.8857142857142858
35,합판,4412,2020.11,중국,일본,대한민국,28202987.0,8087374.0,21693865.0,6308305.0,0.7692045172378372,0.7800189530000715,-0.942857142857143,1,0.942857142857143
35,합판,4412,2020.12,중국,일본,대한민국,25429516.0,11381266.0,20227105.0,8900921.0,0.7954184027725891,0.7820677418487539,-0.942857142857143,1,0.942857142857143
35,합판,4412,2021.01,중국,일본,대한민국,28864435.0,12100956.0,23817992.0,10039479.0,0.8251674422173862,0.829643459574599,-0.942857142857143,1,0.942857142857143
35,합판,4412,2021.02,중국,일본,대한민국,16556599.0,5934479.0,14960441.0,6453874.0,0.9035938479877419,1.0875215836133214,-0.942857142857143,1,0.942857142857143
35,합판,4412,2021.03,중국,일본,대한민국,26846786.0,7276379.0,21163778.0,7124003.0,0.7883170074808955,0.9790588148308382,-0.942857142857143,1,0.942857142857143
35,합판,4412,2021.04,중국,일본,대한민국,29530446.0,10593224.0,24255862.0,10377480.0,0.8213848852807709,0.979633773438568,-0.942857142857143,1,0.942857142857143
35,합판,4412,2021.05,중국,일본,대한민국,34272386.0,11858062.0,28495191.0,12183732.0,0.8314329501307555,1.027464015620765,-0.942857142857143,1,0.942857142857143
35,합판,4412,2021.06,중국,일본,대한민국,35345481.0,12346346.0,29492477.0,12368872.0,0.8344058749688539,1.0018245074291616,-0.942857142857143,1,0.942857142857143
35,합판,4412,2021.07,중국,일본,대한민국,39888470.0,12544204.0,33965927.0,11374833.0,0.8515224324222012,0.9067799758358521,-0.942857142857143,1,0.942857142857143
35,합판,4412,2020.11,중국,필리핀,대한민국,45857576.0,8087374.0,35495416.0,6308305.0,0.7740360284198188,0.7800189530000715,-0.8116794499134279,2,0.8116794499134279
35,합판,4412,2020.12,중국,필리핀,대한민국,40006872.0,11381266.0,31390785.0,8900921.0,0.7846348247371102,0.7820677418487539,-0.8116794499134279,2,0.8116794499134279
35,합판,4412,2021.01,중국,필리핀,대한민국,46311548.0,12100956.0,36007066.0,10039479.0,0.7774964896444403,0.829643459574599,-0.8116794499134279,2,0.8116794499134279
35,합판,4412,2021.02,중국,필리핀,대한민국,27321919.0,5934479.0,23025287.0,6453874.0,0.8427404751474448,1.0875215836133214,-0.8116794499134279,2,0.8116794499134279
35,합판,4412,2021.03,중국,필리핀,대한민국,39956396.0,7276379.0,31807817.0,7124003.0,0.7960632135090462,0.9790588148308382,-0.8116794499134279,2,0.8116794499134279
35,합판,4412,2021.04,중국,필리핀,대한민국,60873599.0,10593224.0,50083134.0,10377480.0,0.822739821905388,0.979633773438568,-0.8116794499134279,2,0.8116794499134279
35,합판,4412,2021.05,중국,필리핀,대한민국,64439516.0,11858062.0,54108239.0,12183732.0,0.8396748200281331,1.027464015620765,-0.8116794499134279,2,0.8116794499134279
35,합판,4412,2021.06,중국,필리핀,대한민국,53168419.0,12346346.0,44582303.0,12368872.0,0.8385109777290914,1.0018245074291616,-0.8116794499134279,2,0.8116794499134279
35,합판,4412,2021.07,중국,필리핀,대한민국,40243834.0,12544204.0,34670407.0,11374833.0,0.8615085481169612,0.9067799758358521,-0.8116794499134279,2,0.8116794499134279
36,합판,4412,2020.11,베트남,라오스,대한민국,85828.753,13505268.107,107163.01,15316015.604,1.2485677148309495,1.1340771232865388,-0.8451542547285166,3,0.8451542547285166
36,합판,4412,2020.12,베트남,라오스,대한민국,135370.147,23056690.996,166067.708,27510001.5,1.2267675826635545,1.1931461242540218,-0.8451542547285166,3,0.8451542547285166
36,합판,4412,2021.01,베트남,라오스,대한민국,50708.455,25458123.178,80344.248,28962167.521,1.5844349428512465,1.1376395391954137,-0.8451542547285166,3,0.8451542547285166
36,합판,4412,2021.02,베트남,라오스,대한민국,58010.829,11912669.68,93661.534,13692870.176,1.614552586380036,1.149437577287042,-0.8451542547285166,3,0.8451542547285166
36,합판,4412,2021.03,베트남,라오스,대한민국,94750.2,18047862.413,150922.14,20976511.173,1.592842442548934,1.1622712259757961,-0.8451542547285166,3,0.8451542547285166
36,합판,4412,2021.04,베트남,라오스,대한민국,56708.005,16384830.967,91399.76,19604240.007,1.6117611614092224,1.1964871683134282,-0.8451542547285166,3,0.8451542547285166
36,합판,4412,2021.05,베트남,라오스,대한민국,73435.302,16731388.237,115226.099,19762615.652,1.569083204696292,1.1811701080665085,-0.8451542547285166,3,0.8451542547285166
36,합판,4412,2021.06,베트남,라오스,대한민국,46348.691,17903009.734,73132.003,21350851.69,1.5778655539592261,1.1925844875932858,-0.8451542547285166,3,0.8451542547285166
36,합판,4412,2021.07,베트남,라오스,대한민국,63246.793,21672706.161,99664.675,25731390.29,1.5758059859256421,1.1872716816649134,-0.8451542547285166,3,0.8451542547285166
36,합판,4412,2020.11,베트남,벨기에,대한민국,0.0,13505268.107,0.0,15316015.604,,1.1340771232865388,-0.942857142857143,1,0.942857142857143
36,합판,4412,2020.12,베트남,벨기에,대한민국,0.0,23056690.996,0.0,27510001.5,,1.1931461242540218,-0.942857142857143,1,0.942857142857143
36,합판,4412,2021.01,베트남,벨기에,대한민국,54623.79,25458123.178,60118.98,28962167.521,1.1006006723444126,1.1376395391954137,-0.942857142857143,1,0.942857142857143
36,합판,4412,2021.02,베트남,벨기에,대한민국,29416.664,11912669.68,32376.0,13692870.176,1.1006006663434031,1.149437577287042,-0.942857142857143,1,0.942857142857143
36,합판,4412,2021.03,베트남,벨기에,대한민국,0.0,18047862.413,0.0,20976511.173,,1.1622712259757961,-0.942857142857143,1,0.942857142857143
36,합판,4412,2021.04,베트남,벨기에,대한민국,26401.178,16384830.967,29057.154,19604240.007,1.1006006625916465,1.1964871683134282,-0.942857142857143,1,0.942857142857143
36,합판,4412,2021.05,베트남,벨기에,대한민국,27854.936,16731388.237,30657.161,19762615.652,1.1006006619437214,1.1811701080665085,-0.942857142857143,1,0.942857142857143
36,합판,4412,2021.06,베트남,벨기에,대한민국,9532.336,17903009.734,17060.54,21350851.69,1.7897543687087827,1.1925844875932858,-0.942857142857143,1,0.942857142857143
36,합판,4412,2021.07,베트남,벨기에,대한민국,48038.068,21672706.161,52870.731,25731390.29,1.1006006944325903,1.1872716816649134,-0.942857142857143,1,0.942857142857143
36,합판,4412,2020.11,베트남,중국,대한민국,36406.958,13505268.107,51322.66,15316015.604,1.4096937184370089,1.1340771232865388,-0.8285714285714287,2,0.8285714285714287
36,합판,4412,2020.12,베트남,중국,대한민국,4379.837,23056690.996,5265.0,27510001.5,1.2020995301879955,1.1931461242540218,-0.8285714285714287,2,0.8285714285714287
36,합판,4412,2021.01,베트남,중국,대한민국,96998.294,25458123.178,112193.34,28962167.521,1.1566527139126799,1.1376395391954137,-0.8285714285714287,2,0.8285714285714287
36,합판,4412,2021.02,베트남,중국,대한민국,77885.365,11912669.68,82727.2,13692870.176,1.0621661720401514,1.149437577287042,-0.8285714285714287,2,0.8285714285714287
36,합판,4412,2021.03,베트남,중국,대한민국,27119.729,18047862.413,41797.17,20976511.173,1.5412089847947965,1.1622712259757961,-0.8285714285714287,2,0.8285714285714287
36,합판,4412,2021.04,베트남,중국,대한민국,19202.568,16384830.967,21267.08,19604240.007,1.107512286898294,1.1964871683134282,-0.8285714285714287,2,0.8285714285714287
36,합판,4412,2021.05,베트남,중국,대한민국,0.0,16731388.237,0.0,19762615.652,,1.1811701080665085,-0.8285714285714287,2,0.8285714285714287
36,합판,4412,2021.06,베트남,중국,대한민국,3108.641,17903009.734,3542.5,21350851.69,1.1395654885848832,1.1925844875932858,-0.8285714285714287,2,0.8285714285714287
36,합판,4412,2021.07,베트남,중국,대한민국,6670.732,21672706.161,10500.0,25731390.29,1.574040150316337,1.1872716816649134,-0.8285714285714287,2,0.8285714285714287
36,합판,4412,2020.11,베트남,필리핀,대한민국,597808.68,13505268.107,638634.26,15316015.604,1.0682920495567243,1.1340771232865388,-0.8696565534786727,1,0.8696565534786727
36,합판,4412,2020.12,베트남,필리핀,대한민국,280273.368,23056690.996,395971.09,27510001.5,1.4128031244124486,1.1931461242540218,-0.8696565534786727,1,0.8696565534786727
36,합판,4412,2021.01,베트남,필리핀,대한민국,628437.398,25458123.178,777538.33,28962167.521,1.2372566185184286,1.1376395391954137,-0.8696565534786727,1,0.8696565534786727
36,합판,4412,2021.02,베트남,필리핀,대한민국,400453.466,11912669.68,504355.83,13692870.176,1.2594617672756014,1.149437577287042,-0.8696565534786727,1,0.8696565534786727
36,합판,4412,2021.03,베트남,필리핀,대한민국,705098.1,18047862.413,910671.66,20976511.173,1.2915531328193908,1.1622712259757961,-0.8696565534786727,1,0.8696565534786727
36,합판,4412,2021.04,베트남,필리핀,대한민국,833910.406,16384830.967,1267168.45,19604240.007,1.519549871164457,1.1964871683134282,-0.8696565534786727,1,0.8696565534786727
36,합판,4412,2021.05,베트남,필리핀,대한민국,653067.12,16731388.237,765229.44,19762615.652,1.171747002053939,1.1811701080665085,-0.8696565534786727,1,0.8696565534786727
36,합판,4412,2021.06,베트남,필리핀,대한민국,819414.195,17903009.734,994112.566,21350851.69,1.2131991025613122,1.1925844875932858,-0.8696565534786727,1,0.8696565534786727
36,합판,4412,2021.07,베트남,필리핀,대한민국,1278038.575,21672706.161,1703196.11,25731390.29,1.3326640864498165,1.1872716816649134,-0.8696565534786727,1,0.8696565534786727
37,스테인리스스틸바,7222,2021.01,인도,독일,대한민국,3099027.0,835086.0,8203691.995,1940024.928,2.6471831303825364,2.3231438773970585,-0.8857142857142858,1,0.8857142857142858
37,스테인리스스틸바,7222,2021.02,인도,독일,대한민국,2511798.0,1122300.0,6787055.926,2761715.606,2.702070758078476,2.4607641504054176,-0.8857142857142858,1,0.8857142857142858
37,스테인리스스틸바,7222,2021.03,인도,독일,대한민국,3779772.0,1542140.0,10098110.108,4220924.862,2.671618845792815,2.7370568573540663,-0.8857142857142858,1,0.8857142857142858
37,스테인리스스틸바,7222,2021.04,인도,독일,대한민국,3117847.0,1151328.0,8625133.771,3265821.393,2.7663749282758263,2.836569068936046,-0.8857142857142858,1,0.8857142857142858
37,스테인리스스틸바,7222,2021.05,인도,독일,대한민국,2314028.0,1364358.0,6889430.072,4023610.751,2.977245768849815,2.9490872271060824,-0.8857142857142858,1,0.8857142857142858
37,스테인리스스틸바,7222,2021.06,인도,독일,대한민국,2806164.0,1825371.0,8338472.551,5196294.874,2.9714844004128054,2.8467061621993555,-0.8857142857142858,1,0.8857142857142858
37,스테인리스스틸바,7222,2021.07,인도,독일,대한민국,3443401.0,1366513.0,10812880.591,4214831.442,3.140174667719502,3.084369809873744,-0.8857142857142858,1,0.8857142857142858
37,스테인리스스틸바,7222,2021.08,인도,독일,대한민국,4206283.0,1563479.0,13335141.879,4984740.316,3.170291176081115,3.188236180978446,-0.8857142857142858,1,0.8857142857142858
37,스테인리스스틸바,7222,2021.09,인도,독일,대한민국,3929781.0,1282115.0,12904496.651,4212802.413,3.283769922802314,3.2858225767579348,-0.8857142857142858,1,0.8857142857142858
37,스테인리스스틸바,7222,2021.01,인도,슬로베니아,대한민국,181984.0,835086.0,386926.292,1940024.928,2.1261555521364515,2.3231438773970585,-0.8857142857142858,0,0.8857142857142858
37,스테인리스스틸바,7222,2021.02,인도,슬로베니아,대한민국,237406.0,1122300.0,559885.879,2761715.606,2.3583476365382507,2.4607641504054176,-0.8857142857142858,0,0.8857142857142858
37,스테인리스스틸바,7222,2021.03,인도,슬로베니아,대한민국,166820.0,1542140.0,433316.901,4220924.862,2.597511695240379,2.7370568573540663,-0.8857142857142858,0,0.8857142857142858
37,스테인리스스틸바,7222,2021.04,인도,슬로베니아,대한민국,82324.0,1151328.0,209397.547,3265821.393,2.5435783854040133,2.836569068936046,-0.8857142857142858,0,0.8857142857142858
37,스테인리스스틸바,7222,2021.05,인도,슬로베니아,대한민국,93753.0,1364358.0,263558.051,4023610.751,2.811195919063923,2.9490872271060824,-0.8857142857142858,0,0.8857142857142858
37,스테인리스스틸바,7222,2021.06,인도,슬로베니아,대한민국,185722.0,1825371.0,436589.768,5196294.874,2.3507703341553503,2.8467061621993555,-0.8857142857142858,0,0.8857142857142858
37,스테인리스스틸바,7222,2021.07,인도,슬로베니아,대한민국,213174.0,1366513.0,560917.16,4214831.442,2.6312644131085405,3.084369809873744,-0.8857142857142858,0,0.8857142857142858
37,스테인리스스틸바,7222,2021.08,인도,슬로베니아,대한민국,168544.0,1563479.0,451742.891,4984740.316,2.6802668205335105,3.188236180978446,-0.8857142857142858,0,0.8857142857142858
37,스테인리스스틸바,7222,2021.09,인도,슬로베니아,대한민국,170967.0,1282115.0,527476.657,4212802.413,3.085254212801301,3.2858225767579348,-0.8857142857142858,0,0.8857142857142858
37,스테인리스스틸바,7222,2021.01,인도,아일랜드,대한민국,43490.0,835086.0,108829.664,1940024.928,2.502406622212003,2.3231438773970585,-0.8451542547285166,3,0.8451542547285166
37,스테인리스스틸바,7222,2021.02,인도,아일랜드,대한민국,24000.0,1122300.0,60990.046,2761715.606,2.541251916666667,2.4607641504054176,-0.8451542547285166,3,0.8451542547285166
37,스테인리스스틸바,7222,2021.03,인도,아일랜드,대한민국,95960.0,1542140.0,252394.08,4220924.862,2.63020091704877,2.7370568573540663,-0.8451542547285166,3,0.8451542547285166
37,스테인리스스틸바,7222,2021.04,인도,아일랜드,대한민국,0.0,1151328.0,0.0,3265821.393,,2.836569068936046,-0.8451542547285166,3,0.8451542547285166
37,스테인리스스틸바,7222,2021.05,인도,아일랜드,대한민국,25274.0,1364358.0,69784.721,4023610.751,2.761126889293345,2.9490872271060824,-0.8451542547285166,3,0.8451542547285166
37,스테인리스스틸바,7222,2021.06,인도,아일랜드,대한민국,67412.0,1825371.0,179193.779,5196294.874,2.6581881415771673,2.8467061621993555,-0.8451542547285166,3,0.8451542547285166
37,스테인리스스틸바,7222,2021.07,인도,아일랜드,대한민국,27217.0,1366513.0,84302.757,4214831.442,3.0974301723187714,3.084369809873744,-0.8451542547285166,3,0.8451542547285166
37,스테인리스스틸바,7222,2021.08,인도,아일랜드,대한민국,74740.0,1563479.0,221169.941,4984740.316,2.9591910757291946,3.188236180978446,-0.8451542547285166,3,0.8451542547285166
37,스테인리스스틸바,7222,2021.09,인도,아일랜드,대한민국,48198.0,1282115.0,150692.062,4212802.413,3.1265210589651025,3.2858225767579348,-0.8451542547285166,3,0.8451542547285166
37,스테인리스스틸바,7222,2021.01,일본,노르웨이,대한민국,0.0,343125.0,0.0,2348621.533,,6.844798638979963,-0.7775419143502353,2,0.7775419143502353
37,스테인리스스틸바,7222,2021.02,일본,노르웨이,대한민국,0.0,485987.0,0.0,2596205.034,,5.342128563109712,-0.7775419143502353,2,0.7775419143502353
37,스테인리스스틸바,7222,2021.03,일본,노르웨이,대한민국,0.0,687248.0,0.0,3154268.569,,4.589709346553209,-0.7775419143502353,2,0.7775419143502353
37,스테인리스스틸바,7222,2021.04,일본,노르웨이,대한민국,0.0,650247.0,0.0,3493832.037,,5.373084438682532,-0.7775419143502353,2,0.7775419143502353
37,스테인리스스틸바,7222,2021.05,일본,노르웨이,대한민국,0.0,601071.0,0.0,3311968.567,,5.510112061636645,-0.7775419143502353,2,0.7775419143502353
37,스테인리스스틸바,7222,2021.06,일본,노르웨이,대한민국,0.0,731827.0,0.0,3761185.839,,5.139446671139491,-0.7775419143502353,2,0.7775419143502353
37,스테인리스스틸바,7222,2021.07,일본,노르웨이,대한민국,0.0,891152.0,0.0,4167987.001,,4.67707753671652,-0.7775419143502353,2,0.7775419143502353
37,스테인리스스틸바,7222,2021.08,일본,노르웨이,대한민국,0.0,542738.0,0.0,3078276.973,,5.67175501439,-0.7775419143502353,2,0.7775419143502353
37,스테인리스스틸바,7222,2021.09,일본,노르웨이,대한민국,0.0,663971.0,0.0,3886032.958,,5.852714889656325,-0.7775419143502353,2,0.7775419143502353
37,스테인리스스틸바,7222,2021.01,일본,대만,대한민국,0.0,343125.0,0.0,2348621.533,,6.844798638979963,-0.8857142857142858,1,0.8857142857142858
37,스테인리스스틸바,7222,2021.02,일본,대만,대한민국,0.0,485987.0,0.0,2596205.034,,5.342128563109712,-0.8857142857142858,1,0.8857142857142858
37,스테인리스스틸바,7222,2021.03,일본,대만,대한민국,0.0,687248.0,0.0,3154268.569,,4.589709346553209,-0.8857142857142858,1,0.8857142857142858
37,스테인리스스틸바,7222,2021.04,일본,대만,대한민국,0.0,650247.0,0.0,3493832.037,,5.373084438682532,-0.8857142857142858,1,0.8857142857142858
37,스테인리스스틸바,7222,2021.05,일본,대만,대한민국,0.0,601071.0,0.0,3311968.567,,5.510112061636645,-0.8857142857142858,1,0.8857142857142858
37,스테인리스스틸바,7222,2021.06,일본,대만,대한민국,0.0,731827.0,0.0,3761185.839,,5.139446671139491,-0.8857142857142858,1,0.8857142857142858
37,스테인리스스틸바,7222,2021.07,일본,대만,대한민국,0.0,891152.0,0.0,4167987.001,,4.67707753671652,-0.8857142857142858,1,0.8857142857142858
37,스테인리스스틸바,7222,2021.08,일본,대만,대한민국,0.0,542738.0,0.0,3078276.973,,5.67175501439,-0.8857142857142858,1,0.8857142857142858
37,스테인리스스틸바,7222,2021.09,일본,대만,대한민국,0.0,663971.0,0.0,3886032.958,,5.852714889656325,-0.8857142857142858,1,0.8857142857142858
37,스테인리스스틸바,7222,2021.01,일본,덴마크,대한민국,0.0,343125.0,0.0,2348621.533,,6.844798638979963,-0.7775419143502353,1,0.7775419143502353
37,스테인리스스틸바,7222,2021.02,일본,덴마크,대한민국,179.0,485987.0,2325.048,2596205.034,12.989094972067038,5.342128563109712,-0.7775419143502353,1,0.7775419143502353
37,스테인리스스틸바,7222,2021.03,일본,덴마크,대한민국,0.0,687248.0,0.0,3154268.569,,4.589709346553209,-0.7775419143502353,1,0.7775419143502353
37,스테인리스스틸바,7222,2021.04,일본,덴마크,대한민국,0.0,650247.0,0.0,3493832.037,,5.373084438682532,-0.7775419143502353,1,0.7775419143502353
37,스테인리스스틸바,7222,2021.05,일본,덴마크,대한민국,2920.0,601071.0,10814.771,3311968.567,3.7036886986301374,5.510112061636645,-0.7775419143502353,1,0.7775419143502353
37,스테인리스스틸바,7222,2021.06,일본,덴마크,대한민국,0.0,731827.0,0.0,3761185.839,,5.139446671139491,-0.7775419143502353,1,0.7775419143502353
37,스테인리스스틸바,7222,2021.07,일본,덴마크,대한민국,0.0,891152.0,0.0,4167987.001,,4.67707753671652,-0.7775419143502353,1,0.7775419143502353
37,스테인리스스틸바,7222,2021.08,일본,덴마크,대한민국,0.0,542738.0,0.0,3078276.973,,5.67175501439,-0.7775419143502353,1,0.7775419143502353
37,스테인리스스틸바,7222,2021.09,일본,덴마크,대한민국,0.0,663971.0,0.0,3886032.958,,5.852714889656325,-0.7775419143502353,1,0.7775419143502353
37,스테인리스스틸바,7222,2021.01,일본,우크라이나,대한민국,0.0,343125.0,0.0,2348621.533,,6.844798638979963,-0.8285714285714287,2,0.8285714285714287
37,스테인리스스틸바,7222,2021.02,일본,우크라이나,대한민국,0.0,485987.0,0.0,2596205.034,,5.342128563109712,-0.8285714285714287,2,0.8285714285714287
37,스테인리스스틸바,7222,2021.03,일본,우크라이나,대한민국,0.0,687248.0,0.0,3154268.569,,4.589709346553209,-0.8285714285714287,2,0.8285714285714287
37,스테인리스스틸바,7222,2021.04,일본,우크라이나,대한민국,0.0,650247.0,0.0,3493832.037,,5.373084438682532,-0.8285714285714287,2,0.8285714285714287
37,스테인리스스틸바,7222,2021.05,일본,우크라이나,대한민국,0.0,601071.0,0.0,3311968.567,,5.510112061636645,-0.8285714285714287,2,0.8285714285714287
37,스테인리스스틸바,7222,2021.06,일본,우크라이나,대한민국,0.0,731827.0,0.0,3761185.839,,5.139446671139491,-0.8285714285714287,2,0.8285714285714287
37,스테인리스스틸바,7222,2021.07,일본,우크라이나,대한민국,0.0,891152.0,0.0,4167987.001,,4.67707753671652,-0.8285714285714287,2,0.8285714285714287
37,스테인리스스틸바,7222,2021.08,일본,우크라이나,대한민국,0.0,542738.0,0.0,3078276.973,,5.67175501439,-0.8285714285714287,2,0.8285714285714287
37,스테인리스스틸바,7222,2021.09,일본,우크라이나,대한민국,0.0,663971.0,0.0,3886032.958,,5.852714889656325,-0.8285714285714287,2,0.8285714285714287
39,PET필름,392062,2021.12,대만,룩셈부르그,대한민국,0.0,0.0,0.0,0.0,,,-0.8451542547285166,2,0.8451542547285166
39,PET필름,392062,2022.01,대만,룩셈부르그,대한민국,0.0,0.0,0.0,0.0,,,-0.8451542547285166,2,0.8451542547285166
39,PET필름,392062,2022.02,대만,룩셈부르그,대한민국,0.0,0.0,0.0,0.0,,,-0.8451542547285166,2,0.8451542547285166
39,PET필름,392062,2022.03,대만,룩셈부르그,대한민국,0.0,0.0,0.0,0.0,,,-0.8451542547285166,2,0.8451542547285166
39,PET필름,392062,2022.04,대만,룩셈부르그,대한민국,0.0,0.0,0.0,0.0,,,-0.8451542547285166,2,0.8451542547285166
39,PET필름,392062,2022.05,대만,룩셈부르그,대한민국,0.0,0.0,0.0,0.0,,,-0.8451542547285166,2,0.8451542547285166
39,PET필름,392062,2022.06,대만,룩셈부르그,대한민국,0.0,0.0,0.0,0.0,,,-0.8451542547285166,2,0.8451542547285166
39,PET필름,392062,2022.07,대만,룩셈부르그,대한민국,0.0,0.0,0.0,0.0,,,-0.8451542547285166,2,0.8451542547285166
39,PET필름,392062,2022.08,대만,룩셈부르그,대한민국,0.0,0.0,0.0,0.0,,,-0.8451542547285166,2,0.8451542547285166
39,PET필름,392062,2021.12,대만,튀르키예,대한민국,0.0,0.0,0.0,0.0,,,-0.8451542547285166,1,0.8451542547285166
39,PET필름,392062,2022.01,대만,튀르키예,대한민국,0.0,0.0,0.0,0.0,,,-0.8451542547285166,1,0.8451542547285166
39,PET필름,392062,2022.02,대만,튀르키예,대한민국,0.0,0.0,0.0,0.0,,,-0.8451542547285166,1,0.8451542547285166
39,PET필름,392062,2022.03,대만,튀르키예,대한민국,0.0,0.0,0.0,0.0,,,-0.8451542547285166,1,0.8451542547285166
39,PET필름,392062,2022.04,대만,튀르키예,대한민국,0.0,0.0,0.0,0.0,,,-0.8451542547285166,1,0.8451542547285166
39,PET필름,392062,2022.05,대만,튀르키예,대한민국,0.0,0.0,0.0,0.0,,,-0.8451542547285166,1,0.8451542547285166
39,PET필름,392062,2022.06,대만,튀르키예,대한민국,0.0,0.0,0.0,0.0,,,-0.8451542547285166,1,0.8451542547285166
39,PET필름,392062,2022.07,대만,튀르키예,대한민국,0.0,0.0,0.0,0.0,,,-0.8451542547285166,1,0.8451542547285166
39,PET필름,392062,2022.08,대만,튀르키예,대한민국,0.0,0.0,0.0,0.0,,,-0.8451542547285166,1,0.8451542547285166
39,PET필름,392062,2021.12,대만,필리핀,대한민국,0.0,0.0,0.0,0.0,,,-0.8857142857142858,3,0.8857142857142858
39,PET필름,392062,2022.01,대만,필리핀,대한민국,0.0,0.0,0.0,0.0,,,-0.8857142857142858,3,0.8857142857142858
39,PET필름,392062,2022.02,대만,필리핀,대한민국,0.0,0.0,0.0,0.0,,,-0.8857142857142858,3,0.8857142857142858
39,PET필름,392062,2022.03,대만,필리핀,대한민국,0.0,0.0,0.0,0.0,,,-0.8857142857142858,3,0.8857142857142858
39,PET필름,392062,2022.04,대만,필리핀,대한민국,0.0,0.0,0.0,0.0,,,-0.8857142857142858,3,0.8857142857142858
39,PET필름,392062,2022.05,대만,필리핀,대한민국,0.0,0.0,0.0,0.0,,,-0.8857142857142858,3,0.8857142857142858
39,PET필름,392062,2022.06,대만,필리핀,대한민국,0.0,0.0,0.0,0.0,,,-0.8857142857142858,3,0.8857142857142858
39,PET필름,392062,2022.07,대만,필리핀,대한민국,0.0,0.0,0.0,0.0,,,-0.8857142857142858,3,0.8857142857142858
39,PET필름,392062,2022.08,대만,필리핀,대한민국,0.0,0.0,0.0,0.0,,,-0.8857142857142858,3,0.8857142857142858
39,PET필름,392062,2021.12,태국,룩셈부르그,대한민국,0.0,14597060.0,0.0,27940291.212,,1.9141040190284895,-0.8451542547285166,2,0.8451542547285166
39,PET필름,392062,2022.01,태국,룩셈부르그,대한민국,0.0,17201992.0,0.0,32363092.428,,1.8813572537413108,-0.8451542547285166,2,0.8451542547285166
39,PET필름,392062,2022.02,태국,룩셈부르그,대한민국,0.0,12313412.0,0.0,23284244.889,,1.8909661180020614,-0.8451542547285166,2,0.8451542547285166
39,PET필름,392062,2022.03,태국,룩셈부르그,대한민국,0.0,17341100.0,0.0,33409399.912,,1.92660211359141,-0.8451542547285166,2,0.8451542547285166
39,PET필름,392062,2022.04,태국,룩셈부르그,대한민국,0.0,17702828.0,0.0,33907017.158,,1.9153446645925725,-0.8451542547285166,2,0.8451542547285166
39,PET필름,392062,2022.05,태국,룩셈부르그,대한민국,0.0,14403888.0,0.0,27917543.008,,1.9381949518074566,-0.8451542547285166,2,0.8451542547285166
39,PET필름,392062,2022.06,태국,룩셈부르그,대한민국,0.0,18428888.0,0.0,33494498.843,,1.8174997234233556,-0.8451542547285166,2,0.8451542547285166
39,PET필름,392062,2022.07,태국,룩셈부르그,대한민국,0.0,9154208.0,0.0,16732222.504,,1.8278176008235776,-0.8451542547285166,2,0.8451542547285166
39,PET필름,392062,2022.08,태국,룩셈부르그,대한민국,0.0,11392068.0,0.0,20146646.436,,1.768480177260178,-0.8451542547285166,2,0.8451542547285166
39,PET필름,392062,2021.12,태국,튀르키예,대한민국,18324.0,14597060.0,23172.352,27940291.212,1.2645902641344684,1.9141040190284895,-0.8451542547285166,1,0.8451542547285166
39,PET필름,392062,2022.01,태국,튀르키예,대한민국,0.0,17201992.0,0.0,32363092.428,,1.8813572537413108,-0.8451542547285166,1,0.8451542547285166
39,PET필름,392062,2022.02,태국,튀르키예,대한민국,95144.0,12313412.0,179510.852,23284244.889,1.8867280332968974,1.8909661180020614,-0.8451542547285166,1,0.8451542547285166
39,PET필름,392062,2022.03,태국,튀르키예,대한민국,30952.0,17341100.0,109124.428,33409399.912,3.525601835099509,1.92660211359141,-0.8451542547285166,1,0.8451542547285166
39,PET필름,392062,2022.04,태국,튀르키예,대한민국,22992.0,17702828.0,63760.018,33907017.158,2.7731392658315936,1.9153446645925725,-0.8451542547285166,1,0.8451542547285166
39,PET필름,392062,2022.05,태국,튀르키예,대한민국,246616.0,14403888.0,601205.624,27917543.008,2.437820838875012,1.9381949518074566,-0.8451542547285166,1,0.8451542547285166
39,PET필름,392062,2022.06,태국,튀르키예,대한민국,246592.0,18428888.0,584200.088,33494498.843,2.3690958668569944,1.8174997234233556,-0.8451542547285166,1,0.8451542547285166
39,PET필름,392062,2022.07,태국,튀르키예,대한민국,0.0,9154208.0,0.0,16732222.504,,1.8278176008235776,-0.8451542547285166,1,0.8451542547285166
39,PET필름,392062,2022.08,태국,튀르키예,대한민국,0.0,11392068.0,0.0,20146646.436,,1.768480177260178,-0.8451542547285166,1,0.8451542547285166
39,PET필름,392062,2021.12,태국,필리핀,대한민국,2034796.0,14597060.0,4221978.468,27940291.212,2.0748902926878174,1.9141040190284895,-0.8857142857142858,3,0.8857142857142858
39,PET필름,392062,2022.01,태국,필리핀,대한민국,2537728.0,17201992.0,4675994.093,32363092.428,1.8425907319460557,1.8813572537413108,-0.8857142857142858,3,0.8857142857142858
39,PET필름,392062,2022.02,태국,필리핀,대한민국,3634848.0,12313412.0,6352173.02,23284244.889,1.7475759701643643,1.8909661180020614,-0.8857142857142858,3,0.8857142857142858
39,PET필름,392062,2022.03,태국,필리핀,대한민국,4693156.0,17341100.0,9467270.904,33409399.912,2.017250418268645,1.92660211359141,-0.8857142857142858,3,0.8857142857142858
39,PET필름,392062,2022.04,태국,필리핀,대한민국,2597660.0,17702828.0,5277530.652,33907017.158,2.0316479647066976,1.9153446645925725,-0.8857142857142858,3,0.8857142857142858
39,PET필름,392062,2022.05,태국,필리핀,대한민국,1278988.0,14403888.0,2827193.504,27917543.008,2.210492595708482,1.9381949518074566,-0.8857142857142858,3,0.8857142857142858
39,PET필름,392062,2022.06,태국,필리핀,대한민국,4142976.0,18428888.0,7673361.896,33494498.843,1.8521376652918096,1.8174997234233556,-0.8857142857142858,3,0.8857142857142858
39,PET필름,392062,2022.07,태국,필리핀,대한민국,2592736.0,9154208.0,5032901.772,16732222.504,1.9411547384693235,1.8278176008235776,-0.8857142857142858,3,0.8857142857142858
39,PET필름,392062,2022.08,태국,필리핀,대한민국,2081984.0,11392068.0,3822229.82,20146646.436,1.8358593629922226,1.768480177260178,-0.8857142857142858,3,0.8857142857142858
4,알루미늄 보틀캔,761290,2013.01,일본,스위스,대한민국,0.0,30518.0,0.0,280108.384,,9.178464643816765,-0.942857142857143,3,0.942857142857143
4,알루미늄 보틀캔,761290,2013.02,일본,스위스,대한민국,0.0,0.0,0.0,0.0,,,-0.942857142857143,3,0.942857142857143
4,알루미늄 보틀캔,761290,2013.03,일본,스위스,대한민국,0.0,30240.0,0.0,247313.1,,8.178343253968254,-0.942857142857143,3,0.942857142857143
4,알루미늄 보틀캔,761290,2013.04,일본,스위스,대한민국,0.0,30682.0,0.0,259922.748,,8.471506029593899,-0.942857142857143,3,0.942857142857143
4,알루미늄 보틀캔,761290,2013.05,일본,스위스,대한민국,0.0,61158.0,0.0,484648.177,,7.9245262598515325,-0.942857142857143,3,0.942857142857143
4,알루미늄 보틀캔,761290,2013.06,일본,스위스,대한민국,0.0,121555.0,0.0,993855.39,,8.176178602278805,-0.942857142857143,3,0.942857142857143
4,알루미늄 보틀캔,761290,2013.07,일본,스위스,대한민국,0.0,66500.0,0.0,587174.275,,8.829688345864662,-0.942857142857143,3,0.942857142857143
4,알루미늄 보틀캔,761290,2013.08,일본,스위스,대한민국,0.0,81906.0,0.0,671251.074,,8.195383415134422,-0.942857142857143,3,0.942857142857143
4,알루미늄 보틀캔,761290,2013.09,일본,스위스,대한민국,0.0,685.0,0.0,28234.619,,41.21842189781022,-0.942857142857143,3,0.942857142857143
4,알루미늄 보틀캔,761290,2013.01,일본,중국,대한민국,4529.0,30518.0,137250.192,280108.384,30.30474541841466,9.178464643816765,-0.8857142857142858,2,0.8857142857142858
4,알루미늄 보틀캔,761290,2013.02,일본,중국,대한민국,6928.0,0.0,174277.224,0.0,25.155488452655888,,-0.8857142857142858,2,0.8857142857142858
4,알루미늄 보틀캔,761290,2013.03,일본,중국,대한민국,2988.0,30240.0,95308.7,247313.1,31.897155287817938,8.178343253968254,-0.8857142857142858,2,0.8857142857142858
4,알루미늄 보틀캔,761290,2013.04,일본,중국,대한민국,4992.0,30682.0,131481.42,259922.748,26.338425480769235,8.471506029593899,-0.8857142857142858,2,0.8857142857142858
4,알루미늄 보틀캔,761290,2013.05,일본,중국,대한민국,4913.0,61158.0,128331.996,484648.177,26.120902910645228,7.9245262598515325,-0.8857142857142858,2,0.8857142857142858
4,알루미늄 보틀캔,761290,2013.06,일본,중국,대한민국,3517.0,121555.0,92291.342,993855.39,26.24149616150128,8.176178602278805,-0.8857142857142858,2,0.8857142857142858
4,알루미늄 보틀캔,761290,2013.07,일본,중국,대한민국,4692.0,66500.0,118034.35,587174.275,25.15651108269395,8.829688345864662,-0.8857142857142858,2,0.8857142857142858
4,알루미늄 보틀캔,761290,2013.08,일본,중국,대한민국,3837.0,81906.0,110722.248,671251.074,28.856462861610634,8.195383415134422,-0.8857142857142858,2,0.8857142857142858
4,알루미늄 보틀캔,761290,2013.09,일본,중국,대한민국,22921.0,685.0,297626.931,28234.619,12.984901662231142,41.21842189781022,-0.8857142857142858,2,0.8857142857142858
4,알루미늄 보틀캔,761290,2013.01,일본,체코공화국,대한민국,0.0,30518.0,0.0,280108.384,,9.178464643816765,-0.9258200997725516,3,0.9258200997725516
4,알루미늄 보틀캔,761290,2013.02,일본,체코공화국,대한민국,0.0,0.0,0.0,0.0,,,-0.9258200997725516,3,0.9258200997725516
4,알루미늄 보틀캔,761290,2013.03,일본,체코공화국,대한민국,0.0,30240.0,0.0,247313.1,,8.178343253968254,-0.9258200997725516,3,0.9258200997725516
4,알루미늄 보틀캔,761290,2013.04,일본,체코공화국,대한민국,0.0,30682.0,0.0,259922.748,,8.471506029593899,-0.9258200997725516,3,0.9258200997725516
4,알루미늄 보틀캔,761290,2013.05,일본,체코공화국,대한민국,0.0,61158.0,0.0,484648.177,,7.9245262598515325,-0.9258200997725516,3,0.9258200997725516
4,알루미늄 보틀캔,761290,2013.06,일본,체코공화국,대한민국,0.0,121555.0,0.0,993855.39,,8.176178602278805,-0.9258200997725516,3,0.9258200997725516
4,알루미늄 보틀캔,761290,2013.07,일본,체코공화국,대한민국,0.0,66500.0,0.0,587174.275,,8.829688345864662,-0.9258200997725516,3,0.9258200997725516
4,알루미늄 보틀캔,761290,2013.08,일본,체코공화국,대한민국,0.0,81906.0,0.0,671251.074,,8.195383415134422,-0.9258200997725516,3,0.9258200997725516
4,알루미늄 보틀캔,761290,2013.09,일본,체코공화국,대한민국,0.0,685.0,0.0,28234.619,,41.21842189781022,-0.9258200997725516,3,0.9258200997725516
4,알루미늄 보틀캔,761290,2013.01,일본,프랑스,대한민국,92.0,30518.0,4374.24,280108.384,47.546086956521734,9.178464643816765,-0.7714285714285715,3,0.7714285714285715
4,알루미늄 보틀캔,761290,2013.02,일본,프랑스,대한민국,0.0,0.0,0.0,0.0,,,-0.7714285714285715,3,0.7714285714285715
4,알루미늄 보틀캔,761290,2013.03,일본,프랑스,대한민국,0.0,30240.0,0.0,247313.1,,8.178343253968254,-0.7714285714285715,3,0.7714285714285715
4,알루미늄 보틀캔,761290,2013.04,일본,프랑스,대한민국,0.0,30682.0,0.0,259922.748,,8.471506029593899,-0.7714285714285715,3,0.7714285714285715
4,알루미늄 보틀캔,761290,2013.05,일본,프랑스,대한민국,0.0,61158.0,0.0,484648.177,,7.9245262598515325,-0.7714285714285715,3,0.7714285714285715
4,알루미늄 보틀캔,761290,2013.06,일본,프랑스,대한민국,0.0,121555.0,0.0,993855.39,,8.176178602278805,-0.7714285714285715,3,0.7714285714285715
4,알루미늄 보틀캔,761290,2013.07,일본,프랑스,대한민국,0.0,66500.0,0.0,587174.275,,8.829688345864662,-0.7714285714285715,3,0.7714285714285715
4,알루미늄 보틀캔,761290,2013.08,일본,프랑스,대한민국,0.0,81906.0,0.0,671251.074,,8.195383415134422,-0.7714285714285715,3,0.7714285714285715
4,알루미늄 보틀캔,761290,2013.09,일본,프랑스,대한민국,0.0,685.0,0.0,28234.619,,41.21842189781022,-0.7714285714285715,3,0.7714285714285715
40,플로트판유리,7005,2022.04,중국,라트비아,대한민국,0.0,6969555.0,0.0,11987842.0,,1.7200297579974617,-0.8804062740424288,3,0.8804062740424288
40,플로트판유리,7005,2022.05,중국,라트비아,대한민국,0.0,11480575.0,0.0,22359887.0,,1.947627797388197,-0.8804062740424288,3,0.8804062740424288
40,플로트판유리,7005,2022.06,중국,라트비아,대한민국,0.0,9299268.0,0.0,11008712.0,,1.183825651653442,-0.8804062740424288,3,0.8804062740424288
40,플로트판유리,7005,2022.07,중국,라트비아,대한민국,0.0,11921001.0,0.0,8185663.0,,0.6866590314018093,-0.8804062740424288,3,0.8804062740424288
40,플로트판유리,7005,2022.08,중국,라트비아,대한민국,0.0,8512381.0,0.0,7253688.0,,0.8521338506817305,-0.8804062740424288,3,0.8804062740424288
40,플로트판유리,7005,2022.09,중국,라트비아,대한민국,0.0,8059393.0,0.0,5545854.0,,0.6881230385464513,-0.8804062740424288,3,0.8804062740424288
40,플로트판유리,7005,2022.1,중국,라트비아,대한민국,4.0,7498510.0,4.0,4931361.0,1.0,0.6576454522298429,-0.8804062740424288,3,0.8804062740424288
40,플로트판유리,7005,2022.11,중국,라트비아,대한민국,0.0,5881422.0,0.0,2820734.0,,0.47960068160387065,-0.8804062740424288,3,0.8804062740424288
40,플로트판유리,7005,2022.12,중국,라트비아,대한민국,0.0,8250906.0,0.0,9108478.0,,1.1039367070719264,-0.8804062740424288,3,0.8804062740424288
40,플로트판유리,7005,2022.04,중국,인도네시아,대한민국,269965.0,6969555.0,449237.0,11987842.0,1.6640564517622656,1.7200297579974617,-0.8285714285714287,3,0.8285714285714287
40,플로트판유리,7005,2022.05,중국,인도네시아,대한민국,107025.0,11480575.0,67315.0,22359887.0,0.6289651950478861,1.947627797388197,-0.8285714285714287,3,0.8285714285714287
40,플로트판유리,7005,2022.06,중국,인도네시아,대한민국,219577.0,9299268.0,123507.0,11008712.0,0.562476944306553,1.183825651653442,-0.8285714285714287,3,0.8285714285714287
40,플로트판유리,7005,2022.07,중국,인도네시아,대한민국,153500.0,11921001.0,454290.0,8185663.0,2.959543973941368,0.6866590314018093,-0.8285714285714287,3,0.8285714285714287
40,플로트판유리,7005,2022.08,중국,인도네시아,대한민국,102470.0,8512381.0,365336.0,7253688.0,3.5652971601444325,0.8521338506817305,-0.8285714285714287,3,0.8285714285714287
40,플로트판유리,7005,2022.09,중국,인도네시아,대한민국,154500.0,8059393.0,48532.0,5545854.0,0.3141229773462783,0.6881230385464513,-0.8285714285714287,3,0.8285714285714287
40,플로트판유리,7005,2022.1,중국,인도네시아,대한민국,123585.0,7498510.0,77829.0,4931361.0,0.6297608933122952,0.6576454522298429,-0.8285714285714287,3,0.8285714285714287
40,플로트판유리,7005,2022.11,중국,인도네시아,대한민국,508951.0,5881422.0,337126.0,2820734.0,0.6623938257317502,0.47960068160387065,-0.8285714285714287,3,0.8285714285714287
40,플로트판유리,7005,2022.12,중국,인도네시아,대한민국,389977.0,8250906.0,726221.0,9108478.0,1.862214951138144,1.1039367070719264,-0.8285714285714287,3,0.8285714285714287
41,"인쇄제판용 평면모양 사진 플레이트(옵셋 인쇄판, 더블레이어 제품)",370130,2022.11,중국,미국,대한민국,728013.0,1610499.529,3663087.0,6839025.0,5.031623061676097,4.246524060920728,-0.942857142857143,1,0.942857142857143
41,"인쇄제판용 평면모양 사진 플레이트(옵셋 인쇄판, 더블레이어 제품)",370130,2022.12,중국,미국,대한민국,245388.0,2051852.509,1220352.0,8646236.0,4.973152721404469,4.213868181107164,-0.942857142857143,1,0.942857142857143
41,"인쇄제판용 평면모양 사진 플레이트(옵셋 인쇄판, 더블레이어 제품)",370130,2023.01,중국,미국,대한민국,746981.0,2155258.875,3812671.0,8967500.0,5.104107065641562,4.16075307890798,-0.942857142857143,1,0.942857142857143
41,"인쇄제판용 평면모양 사진 플레이트(옵셋 인쇄판, 더블레이어 제품)",370130,2023.02,중국,미국,대한민국,787816.0,1978286.033,4123831.0,8377583.0,5.2345103425165265,4.234768309664348,-0.942857142857143,1,0.942857142857143
41,"인쇄제판용 평면모양 사진 플레이트(옵셋 인쇄판, 더블레이어 제품)",370130,2023.03,중국,미국,대한민국,635685.0,1668965.0,3306355.0,7356877.0,5.201247473198204,4.40804750249406,-0.942857142857143,1,0.942857142857143
41,"인쇄제판용 평면모양 사진 플레이트(옵셋 인쇄판, 더블레이어 제품)",370130,2023.04,중국,미국,대한민국,301363.0,2027654.0,1529033.0,8593971.0,5.073725042556651,4.238381400376987,-0.942857142857143,1,0.942857142857143
41,"인쇄제판용 평면모양 사진 플레이트(옵셋 인쇄판, 더블레이어 제품)",370130,2023.05,중국,미국,대한민국,386148.0,1582628.919,2100884.0,6501070.0,5.440618622911423,4.107766464995324,-0.942857142857143,1,0.942857142857143
41,"인쇄제판용 평면모양 사진 플레이트(옵셋 인쇄판, 더블레이어 제품)",370130,2023.06,중국,미국,대한민국,333016.0,1715334.0,1664597.0,7379770.0,4.998549619237514,4.30223501662067,-0.942857142857143,1,0.942857142857143
41,"인쇄제판용 평면모양 사진 플레이트(옵셋 인쇄판, 더블레이어 제품)",370130,2023.07,중국,미국,대한민국,361762.0,2035607.0,1907354.0,8061009.0,5.272400086244548,3.9600025938209096,-0.942857142857143,1,0.942857142857143
41,"인쇄제판용 평면모양 사진 플레이트(옵셋 인쇄판, 더블레이어 제품)",370130,2022.11,중국,홍콩,대한민국,112033.029,1610499.529,708592.0,6839025.0,6.324849076427275,4.246524060920728,-0.8285714285714287,2,0.8285714285714287
41,"인쇄제판용 평면모양 사진 플레이트(옵셋 인쇄판, 더블레이어 제품)",370130,2022.12,중국,홍콩,대한민국,131541.0,2051852.509,555236.0,8646236.0,4.221010939554968,4.213868181107164,-0.8285714285714287,2,0.8285714285714287
41,"인쇄제판용 평면모양 사진 플레이트(옵셋 인쇄판, 더블레이어 제품)",370130,2023.01,중국,홍콩,대한민국,38461.0,2155258.875,278356.0,8967500.0,7.237357323002522,4.16075307890798,-0.8285714285714287,2,0.8285714285714287
41,"인쇄제판용 평면모양 사진 플레이트(옵셋 인쇄판, 더블레이어 제품)",370130,2023.02,중국,홍콩,대한민국,73356.0,1978286.033,342865.0,8377583.0,4.673987131250341,4.234768309664348,-0.8285714285714287,2,0.8285714285714287
41,"인쇄제판용 평면모양 사진 플레이트(옵셋 인쇄판, 더블레이어 제품)",370130,2023.03,중국,홍콩,대한민국,195721.0,1668965.0,1040696.0,7356877.0,5.3172424011730985,4.40804750249406,-0.8285714285714287,2,0.8285714285714287
41,"인쇄제판용 평면모양 사진 플레이트(옵셋 인쇄판, 더블레이어 제품)",370130,2023.04,중국,홍콩,대한민국,111957.812,2027654.0,725386.0,8593971.0,6.4791012528897935,4.238381400376987,-0.8285714285714287,2,0.8285714285714287
41,"인쇄제판용 평면모양 사진 플레이트(옵셋 인쇄판, 더블레이어 제품)",370130,2023.05,중국,홍콩,대한민국,82442.279,1582628.919,354371.0,6501070.0,4.298413439055949,4.107766464995324,-0.8285714285714287,2,0.8285714285714287
41,"인쇄제판용 평면모양 사진 플레이트(옵셋 인쇄판, 더블레이어 제품)",370130,2023.06,중국,홍콩,대한민국,107588.0,1715334.0,652736.0,7379770.0,6.066996319292114,4.30223501662067,-0.8285714285714287,2,0.8285714285714287
41,"인쇄제판용 평면모양 사진 플레이트(옵셋 인쇄판, 더블레이어 제품)",370130,2023.07,중국,홍콩,대한민국,104105.0,2035607.0,432479.0,8061009.0,4.154257720570578,3.9600025938209096,-0.8285714285714287,2,0.8285714285714287
43,부틸글리콜에테르,290943,2022.09,사우디아라비아,일본,대한민국,0.0,9015440.0,0.0,10530006.137,,1.1679969182868501,-0.8451542547285165,1,0.8451542547285165
43,부틸글리콜에테르,290943,2022.1,사우디아라비아,일본,대한민국,2880000.0,7452200.0,1363063.699,6613451.568,0.47328600659722225,0.8874495542255978,-0.8451542547285165,1,0.8451542547285165
43,부틸글리콜에테르,290943,2022.11,사우디아라비아,일본,대한민국,0.0,18127200.0,0.0,9293008.034,,0.5126554588684408,-0.8451542547285165,1,0.8451542547285165
43,부틸글리콜에테르,290943,2022.12,사우디아라비아,일본,대한민국,0.0,7040560.0,0.0,5085664.673,,0.7223380914302272,-0.8451542547285165,1,0.8451542547285165
43,부틸글리콜에테르,290943,2023.01,사우디아라비아,일본,대한민국,0.0,6979040.0,0.0,5360868.666,,0.7681384067149637,-0.8451542547285165,1,0.8451542547285165
43,부틸글리콜에테르,290943,2023.02,사우디아라비아,일본,대한민국,0.0,16351100.0,0.0,9425362.698,,0.5764360011253066,-0.8451542547285165,1,0.8451542547285165
43,부틸글리콜에테르,290943,2023.03,사우디아라비아,일본,대한민국,0.0,1134000.0,0.0,1403992.765,,1.2380888580246914,-0.8451542547285165,1,0.8451542547285165
43,부틸글리콜에테르,290943,2023.04,사우디아라비아,일본,대한민국,0.0,2358080.0,0.0,3111275.389,,1.3194104479067716,-0.8451542547285165,1,0.8451542547285165
43,부틸글리콜에테르,290943,2023.05,사우디아라비아,일본,대한민국,0.0,5625120.0,0.0,7642231.009,,1.358589862794038,-0.8451542547285165,1,0.8451542547285165
44,이음매없는동관,7411,2023.03,베트남,체코공화국,대한민국,44769.032,1738972.276,472002.048,18334067.98,10.543047881848327,10.543047886980805,-0.8696565534786727,3,0.8696565534786727
44,이음매없는동관,7411,2023.04,베트남,체코공화국,대한민국,0.0,1121455.43,0.0,11823558.3,,10.543047885549942,-0.8696565534786727,3,0.8696565534786727
44,이음매없는동관,7411,2023.05,베트남,체코공화국,대한민국,38475.77,1137827.692,405651.88,11996171.86,10.5430477414747,10.543047901140376,-0.8696565534786727,3,0.8696565534786727
44,이음매없는동관,7411,2023.06,베트남,체코공화국,대한민국,36458.148,1084986.95,384380.0,11439069.38,10.543047880545112,10.543047895645199,-0.8696565534786727,3,0.8696565534786727
44,이음매없는동관,7411,2023.07,베트남,체코공화국,대한민국,198.142,1130086.4,2089.02,11914555.04,10.543044887000232,10.543047894391083,-0.8696565534786727,3,0.8696565534786727
44,이음매없는동관,7411,2023.08,베트남,체코공화국,대한민국,0.0,1294068.978,0.0,13643431.22,,10.543047899259665,-0.8696565534786727,3,0.8696565534786727
44,이음매없는동관,7411,2023.09,베트남,체코공화국,대한민국,188.626,1449643.292,1988.7,15285306.358,10.543085258659994,10.544184519290695,-0.8696565534786727,3,0.8696565534786727
44,이음매없는동관,7411,2023.1,베트남,체코공화국,대한민국,0.0,1313357.332,0.0,13846789.26,,10.54304789916839,-0.8696565534786727,3,0.8696565534786727
44,이음매없는동관,7411,2023.11,베트남,체코공화국,대한민국,35812.014,1191246.724,377567.78,12559371.26,10.54304792799422,10.543047890052373,-0.8696565534786727,3,0.8696565534786727
44,이음매없는동관,7411,2023.03,중국,독일,대한민국,69387.0,802677.5,963513.0,8633435.0,13.88607376021445,10.755795447112943,-0.8857142857142858,3,0.8857142857142858
44,이음매없는동관,7411,2023.04,중국,독일,대한민국,175184.0,592473.0,2229167.0,6590211.0,12.72471801077724,11.12322586852059,-0.8857142857142858,3,0.8857142857142858
44,이음매없는동관,7411,2023.05,중국,독일,대한민국,95812.0,406476.007,1295971.0,4661238.0,13.526186698952115,11.467436994380828,-0.8857142857142858,3,0.8857142857142858
44,이음매없는동관,7411,2023.06,중국,독일,대한민국,213417.0,642389.549,2669950.0,6570044.0,12.510484169489779,10.227507608471383,-0.8857142857142858,3,0.8857142857142858
44,이음매없는동관,7411,2023.07,중국,독일,대한민국,217123.144,538010.0,2683089.0,5212689.0,12.35745278264762,9.688832921321165,-0.8857142857142858,3,0.8857142857142858
44,이음매없는동관,7411,2023.08,중국,독일,대한민국,77701.894,574313.0,1054508.0,6150407.0,13.571200722597572,10.709155112281978,-0.8857142857142858,3,0.8857142857142858
44,이음매없는동관,7411,2023.09,중국,독일,대한민국,141341.567,574686.0,1971459.0,5648981.0,13.94818977774599,9.829682644087379,-0.8857142857142858,3,0.8857142857142858
44,이음매없는동관,7411,2023.1,중국,독일,대한민국,82583.0,428969.0,1102324.0,4343846.0,13.348074058825667,10.12624688497304,-0.8857142857142858,3,0.8857142857142858
44,이음매없는동관,7411,2023.11,중국,독일,대한민국,34646.0,503242.0,576696.0,4897619.0,16.645384748600126,9.732134837712273,-0.8857142857142858,3,0.8857142857142858
44,이음매없는동관,7411,2023.03,중국,미국,대한민국,1103990.0,802677.5,12434694.0,8633435.0,11.263411806266362,10.755795447112943,-0.8285714285714287,1,0.8285714285714287
44,이음매없는동관,7411,2023.04,중국,미국,대한민국,832947.0,592473.0,9374443.0,6590211.0,11.254549209013298,11.12322586852059,-0.8285714285714287,1,0.8285714285714287
44,이음매없는동관,7411,2023.05,중국,미국,대한민국,1352328.0,406476.007,15785645.0,4661238.0,11.672941032057311,11.467436994380828,-0.8285714285714287,1,0.8285714285714287
44,이음매없는동관,7411,2023.06,중국,미국,대한민국,1031230.0,642389.549,11947928.0,6570044.0,11.586094275767772,10.227507608471383,-0.8285714285714287,1,0.8285714285714287
44,이음매없는동관,7411,2023.07,중국,미국,대한민국,644402.0,538010.0,7404296.0,5212689.0,11.490181594718825,9.688832921321165,-0.8285714285714287,1,0.8285714285714287
44,이음매없는동관,7411,2023.08,중국,미국,대한민국,811892.0,574313.0,8677417.0,6150407.0,10.687895680706301,10.709155112281978,-0.8285714285714287,1,0.8285714285714287
44,이음매없는동관,7411,2023.09,중국,미국,대한민국,976800.0,574686.0,11133673.0,5648981.0,11.398109131859131,9.829682644087379,-0.8285714285714287,1,0.8285714285714287
44,이음매없는동관,7411,2023.1,중국,미국,대한민국,910075.0,428969.0,10345396.0,4343846.0,11.367630140373047,10.12624688497304,-0.8285714285714287,1,0.8285714285714287
44,이음매없는동관,7411,2023.11,중국,미국,대한민국,927211.0,503242.0,10207415.0,4897619.0,11.008729404633897,9.732134837712273,-0.8285714285714287,1,0.8285714285714287
44,이음매없는동관,7411,2023.03,중국,폴란드,대한민국,21085.0,802677.5,284016.0,8633435.0,13.470049798434907,10.755795447112943,-0.7775419143502353,1,0.7775419143502353
44,이음매없는동관,7411,2023.04,중국,폴란드,대한민국,35687.0,592473.0,427723.0,6590211.0,11.985400846246533,11.12322586852059,-0.7775419143502353,1,0.7775419143502353
44,이음매없는동관,7411,2023.05,중국,폴란드,대한민국,16532.0,406476.007,253105.0,4661238.0,15.310004839099927,11.467436994380828,-0.7775419143502353,1,0.7775419143502353
44,이음매없는동관,7411,2023.06,중국,폴란드,대한민국,94585.54,642389.549,975449.0,6570044.0,10.312876577117391,10.227507608471383,-0.7775419143502353,1,0.7775419143502353
44,이음매없는동관,7411,2023.07,중국,폴란드,대한민국,101232.0,538010.0,972211.0,5212689.0,9.60379129129129,9.688832921321165,-0.7775419143502353,1,0.7775419143502353
44,이음매없는동관,7411,2023.08,중국,폴란드,대한민국,23957.0,574313.0,229492.0,6150407.0,9.579329632257796,10.709155112281978,-0.7775419143502353,1,0.7775419143502353
44,이음매없는동관,7411,2023.09,중국,폴란드,대한민국,39000.0,574686.0,402062.0,5648981.0,10.309282051282052,9.829682644087379,-0.7775419143502353,1,0.7775419143502353
44,이음매없는동관,7411,2023.10,중국,폴란드,대한민국,47794.0,428969.0,505012.0,4343846.0,10.566430932753065,10.12624688497304,-0.7775419143502353,1,0.7775419143502353
44,이음매없는동관,7411,2023.11,중국,폴란드,대한민국,31657.0,503242.0,334805.0,4897619.0,10.576017942319234,9.732134837712273,-0.7775419143502353,1,0.7775419143502353
46,수산화알루미늄,281830,2023.04,호주,체코공화국,대한민국,0.0,12600000.0,0.0,2967627.848,,0.2355260196825397,-0.840168050416806,1,0.840168050416806
46,수산화알루미늄,281830,2023.05,호주,체코공화국,대한민국,0.0,0.0,0.0,0.0,,,-0.840168050416806,1,0.840168050416806
46,수산화알루미늄,281830,2023.06,호주,체코공화국,대한민국,0.0,0.0,0.0,0.0,,,-0.840168050416806,1,0.840168050416806
46,수산화알루미늄,281830,2023.07,호주,체코공화국,대한민국,0.0,0.0,0.0,0.0,,,-0.840168050416806,1,0.840168050416806
46,수산화알루미늄,281830,2023.08,호주,체코공화국,대한민국,0.0,0.0,0.0,0.0,,,-0.840168050416806,1,0.840168050416806
46,수산화알루미늄,281830,2023.09,호주,체코공화국,대한민국,0.0,0.0,0.0,0.0,,,-0.840168050416806,1,0.840168050416806
46,수산화알루미늄,281830,2023.1,호주,체코공화국,대한민국,0.0,12600000.0,0.0,2908717.2,,0.23085057142857143,-0.840168050416806,1,0.840168050416806
46,수산화알루미늄,281830,2023.11,호주,체코공화국,대한민국,0.0,0.0,0.0,0.0,,,-0.840168050416806,1,0.840168050416806
46,수산화알루미늄,281830,2023.12,호주,체코공화국,대한민국,0.0,0.0,0.0,0.0,,,-0.840168050416806,1,0.840168050416806
47,페로실리코망간,720230,2023.07,베트남,노르웨이,대한민국,0.0,2812669.62,0.0,2835387.3,,1.0080769102202625,-0.8280786712108252,1,0.8280786712108252
47,페로실리코망간,720230,2023.08,베트남,노르웨이,대한민국,0.0,4957120.442,0.0,4997158.66,,1.0080769104701937,-0.8280786712108252,1,0.8280786712108252
47,페로실리코망간,720230,2023.09,베트남,노르웨이,대한민국,0.0,3764873.592,0.0,3795282.14,,1.0080769107532894,-0.8280786712108252,1,0.8280786712108252
47,페로실리코망간,720230,2023.1,베트남,노르웨이,대한민국,0.0,1676260.99,0.0,1689800.0,,1.008076910505446,-0.8280786712108252,1,0.8280786712108252
47,페로실리코망간,720230,2023.11,베트남,노르웨이,대한민국,0.0,1928027.494,0.0,1943600.0,,1.0080769107538463,-0.8280786712108252,1,0.8280786712108252
47,페로실리코망간,720230,2023.12,베트남,노르웨이,대한민국,0.0,3563122.438,0.0,3591901.46,,1.0080769107715966,-0.8280786712108252,1,0.8280786712108252
47,페로실리코망간,720230,2024.01,베트남,노르웨이,대한민국,0.0,0.0,0.0,0.0,,,-0.8280786712108252,1,0.8280786712108252
47,페로실리코망간,720230,2024.02,베트남,노르웨이,대한민국,0.0,0.0,0.0,0.0,,,-0.8280786712108252,1,0.8280786712108252
47,페로실리코망간,720230,2024.03,베트남,노르웨이,대한민국,0.0,0.0,0.0,0.0,,,-0.8280786712108252,1,0.8280786712108252
48,도공(coated) 인쇄용지,4810,2024.03,일본,네덜란드,대한민국,5682.0,955216.0,42218.848,828858.181,7.4302794790566695,0.867718066908427,-0.8332380897952965,0,0.8332380897952965
48,도공(coated) 인쇄용지,4810,2024.04,일본,네덜란드,대한민국,2904.0,1352721.0,25509.417,1063939.505,8.784234504132233,0.7865180661792046,-0.8332380897952965,0,0.8332380897952965
48,도공(coated) 인쇄용지,4810,2024.05,일본,네덜란드,대한민국,3871.0,1675650.0,32331.183,1378645.97,8.35215267372772,0.8227529436338137,-0.8332380897952965,0,0.8332380897952965
48,도공(coated) 인쇄용지,4810,2024.06,일본,네덜란드,대한민국,6087.0,1949778.0,30845.06,1559367.305,5.06736651881058,0.7997665913760438,-0.8332380897952965,0,0.8332380897952965
48,도공(coated) 인쇄용지,4810,2024.07,일본,네덜란드,대한민국,2672.0,734986.0,18359.018,603013.872,6.8708899700598804,0.8204426642140122,-0.8332380897952965,0,0.8332380897952965
48,도공(coated) 인쇄용지,4810,2024.08,일본,네덜란드,대한민국,4179.0,1735621.0,33453.453,1449542.486,8.005133524766691,0.8351722444012835,-0.8332380897952965,0,0.8332380897952965
48,도공(coated) 인쇄용지,4810,2024.09,일본,네덜란드,대한민국,5425.0,2538909.0,30658.972,2075572.601,5.651423410138249,0.8175057085543437,-0.8332380897952965,0,0.8332380897952965
48,도공(coated) 인쇄용지,4810,2024.1,일본,네덜란드,대한민국,11164.0,1977447.0,42826.65,1632799.466,3.8361384808312433,0.8257108615300436,-0.8332380897952965,0,0.8332380897952965
48,도공(coated) 인쇄용지,4810,2024.11,일본,네덜란드,대한민국,11953.0,1615703.0,54156.264,1346038.296,4.530767506065423,0.8330976027153506,-0.8332380897952965,0,0.8332380897952965
48,도공(coated) 인쇄용지,4810,2024.03,일본,뉴질랜드,대한민국,425054.0,955216.0,394492.598,828858.181,0.9280999543587403,0.867718066908427,-0.8857142857142858,0,0.8857142857142858
48,도공(coated) 인쇄용지,4810,2024.04,일본,뉴질랜드,대한민국,22885.0,1352721.0,27823.122,1063939.505,1.2157798558007429,0.7865180661792046,-0.8857142857142858,0,0.8857142857142858
48,도공(coated) 인쇄용지,4810,2024.05,일본,뉴질랜드,대한민국,169398.0,1675650.0,146146.94,1378645.97,0.8627430075915891,0.8227529436338137,-0.8857142857142858,0,0.8857142857142858
48,도공(coated) 인쇄용지,4810,2024.06,일본,뉴질랜드,대한민국,172297.0,1949778.0,156772.487,1559367.305,0.909896788684655,0.7997665913760438,-0.8857142857142858,0,0.8857142857142858
48,도공(coated) 인쇄용지,4810,2024.07,일본,뉴질랜드,대한민국,104455.0,734986.0,111542.447,603013.872,1.0678516777559715,0.8204426642140122,-0.8857142857142858,0,0.8857142857142858
48,도공(coated) 인쇄용지,4810,2024.08,일본,뉴질랜드,대한민국,175444.0,1735621.0,233497.168,1449542.486,1.3308928660997241,0.8351722444012835,-0.8857142857142858,0,0.8857142857142858
48,도공(coated) 인쇄용지,4810,2024.09,일본,뉴질랜드,대한민국,96581.0,2538909.0,91404.373,2075572.601,0.9464011865687869,0.8175057085543437,-0.8857142857142858,0,0.8857142857142858
48,도공(coated) 인쇄용지,4810,2024.1,일본,뉴질랜드,대한민국,223914.0,1977447.0,184740.055,1632799.466,0.8250491483337352,0.8257108615300436,-0.8857142857142858,0,0.8857142857142858
48,도공(coated) 인쇄용지,4810,2024.11,일본,뉴질랜드,대한민국,37299.0,1615703.0,35491.764,1346038.296,0.9515473337086786,0.8330976027153506,-0.8857142857142858,0,0.8857142857142858
48,도공(coated) 인쇄용지,4810,2024.03,일본,태국,대한민국,6252348.0,955216.0,5482167.91,828858.181,0.8768174628155695,0.867718066908427,-0.8827348295047495,3,0.8827348295047495
48,도공(coated) 인쇄용지,4810,2024.04,일본,태국,대한민국,7407727.0,1352721.0,6113252.855,1063939.505,0.8252535298614542,0.7865180661792046,-0.8827348295047495,3,0.8827348295047495
48,도공(coated) 인쇄용지,4810,2024.05,일본,태국,대한민국,4459751.0,1675650.0,3765958.226,1378645.97,0.8444323967862779,0.8227529436338137,-0.8827348295047495,3,0.8827348295047495
48,도공(coated) 인쇄용지,4810,2024.06,일본,태국,대한민국,6838677.0,1949778.0,5608009.5,1559367.305,0.8200430434132215,0.7997665913760438,-0.8827348295047495,3,0.8827348295047495
48,도공(coated) 인쇄용지,4810,2024.07,일본,태국,대한민국,5954558.0,734986.0,4932585.136,603013.872,0.8283713310039132,0.8204426642140122,-0.8827348295047495,3,0.8827348295047495
48,도공(coated) 인쇄용지,4810,2024.08,일본,태국,대한민국,5221870.0,1735621.0,4580038.915,1449542.486,0.8770878851828943,0.8351722444012835,-0.8827348295047495,3,0.8827348295047495
48,도공(coated) 인쇄용지,4810,2024.09,일본,태국,대한민국,9057647.0,2538909.0,7559485.865,2075572.601,0.8345970940355701,0.8175057085543437,-0.8827348295047495,3,0.8827348295047495
48,도공(coated) 인쇄용지,4810,2024.1,일본,태국,대한민국,5956406.0,1977447.0,4943991.939,1632799.466,0.8300293732495737,0.8257108615300436,-0.8827348295047495,3,0.8827348295047495
48,도공(coated) 인쇄용지,4810,2024.11,일본,태국,대한민국,5343492.0,1615703.0,4324275.756,1346038.296,0.809260265758796,0.8330976027153506,-0.8827348295047495,3,0.8827348295047495
48,도공(coated) 인쇄용지,4810,2024.03,중국,벨기에,대한민국,119247.0,6911651.0,99456.0,6161747.0,0.8340335605927193,0.8915014661475239,-0.8451542547285166,0,0.8451542547285166
48,도공(coated) 인쇄용지,4810,2024.04,중국,벨기에,대한민국,168009.0,10149718.0,154501.0,8691870.0,0.9195995452624561,0.8563656645435863,-0.8451542547285166,0,0.8451542547285166
48,도공(coated) 인쇄용지,4810,2024.05,중국,벨기에,대한민국,23837.0,6624347.0,24797.0,5624941.0,1.0402735243528967,0.8491313936301947,-0.8451542547285166,0,0.8451542547285166
48,도공(coated) 인쇄용지,4810,2024.06,중국,벨기에,대한민국,49039.0,6699007.0,50655.0,5785014.0,1.0329533636493404,0.8635629131302595,-0.8451542547285166,0,0.8451542547285166
48,도공(coated) 인쇄용지,4810,2024.07,중국,벨기에,대한민국,22706.0,6671405.0,23393.0,5669346.0,1.0302563199154409,0.8497979061382123,-0.8451542547285166,0,0.8451542547285166
48,도공(coated) 인쇄용지,4810,2024.08,중국,벨기에,대한민국,496038.0,8069252.0,471804.0,6983977.0,0.9511448719654543,0.8655048819890617,-0.8451542547285166,0,0.8451542547285166
48,도공(coated) 인쇄용지,4810,2024.09,중국,벨기에,대한민국,378977.0,6979895.0,312658.0,5880876.0,0.8250052113980532,0.842545052611823,-0.8451542547285166,0,0.8451542547285166
48,도공(coated) 인쇄용지,4810,2024.1,중국,벨기에,대한민국,158615.0,6297062.0,158105.0,5198232.0,0.9967846672761088,0.8255011622880639,-0.8451542547285166,0,0.8451542547285166
48,도공(coated) 인쇄용지,4810,2024.11,중국,벨기에,대한민국,0.0,6319457.0,0.0,5492533.0,,0.8691463522894451,-0.8451542547285166,0,0.8451542547285166
48,도공(coated) 인쇄용지,4810,2024.03,중국,스페인,대한민국,3871941.0,6911651.0,3287005.0,6161747.0,0.8489295162297152,0.8915014661475239,-0.8451542547285166,1,0.8451542547285166
48,도공(coated) 인쇄용지,4810,2024.04,중국,스페인,대한민국,1312409.0,10149718.0,1171983.0,8691870.0,0.8930013433312328,0.8563656645435863,-0.8451542547285166,1,0.8451542547285166
48,도공(coated) 인쇄용지,4810,2024.05,중국,스페인,대한민국,3351340.0,6624347.0,2852550.0,5624941.0,0.8511669958882119,0.8491313936301947,-0.8451542547285166,1,0.8451542547285166
48,도공(coated) 인쇄용지,4810,2024.06,중국,스페인,대한민국,2421367.0,6699007.0,2100338.0,5785014.0,0.8674182806654258,0.8635629131302595,-0.8451542547285166,1,0.8451542547285166
48,도공(coated) 인쇄용지,4810,2024.07,중국,스페인,대한민국,3450603.0,6671405.0,3207321.0,5669346.0,0.9294958011686653,0.8497979061382123,-0.8451542547285166,1,0.8451542547285166
48,도공(coated) 인쇄용지,4810,2024.08,중국,스페인,대한민국,3056022.0,8069252.0,2578613.0,6983977.0,0.8437809021008357,0.8655048819890617,-0.8451542547285166,1,0.8451542547285166
48,도공(coated) 인쇄용지,4810,2024.09,중국,스페인,대한민국,2723694.0,6979895.0,2149005.0,5880876.0,0.7890038308268109,0.842545052611823,-0.8451542547285166,1,0.8451542547285166
48,도공(coated) 인쇄용지,4810,2024.1,중국,스페인,대한민국,1736287.0,6297062.0,1484292.0,5198232.0,0.8548655838579682,0.8255011622880639,-0.8451542547285166,1,0.8451542547285166
48,도공(coated) 인쇄용지,4810,2024.11,중국,스페인,대한민국,2917708.0,6319457.0,2335833.0,5492533.0,0.8005712017789306,0.8691463522894451,-0.8451542547285166,1,0.8451542547285166
48,도공(coated) 인쇄용지,4810,2024.03,중국,캐나다,대한민국,5660290.0,6911651.0,4551505.0,6161747.0,0.8041116267894401,0.8915014661475239,-0.8451542547285166,2,0.8451542547285166
48,도공(coated) 인쇄용지,4810,2024.04,중국,캐나다,대한민국,4647913.0,10149718.0,3823998.0,8691870.0,0.8227344186519843,0.8563656645435863,-0.8451542547285166,2,0.8451542547285166
48,도공(coated) 인쇄용지,4810,2024.05,중국,캐나다,대한민국,5226743.0,6624347.0,4186986.0,5624941.0,0.8010698058044943,0.8491313936301947,-0.8451542547285166,2,0.8451542547285166
48,도공(coated) 인쇄용지,4810,2024.06,중국,캐나다,대한민국,4779105.0,6699007.0,3867473.0,5785014.0,0.8092462919312298,0.8635629131302595,-0.8451542547285166,2,0.8451542547285166
48,도공(coated) 인쇄용지,4810,2024.07,중국,캐나다,대한민국,6183099.0,6671405.0,5090628.0,5669346.0,0.8233133579132406,0.8497979061382123,-0.8451542547285166,2,0.8451542547285166
48,도공(coated) 인쇄용지,4810,2024.08,중국,캐나다,대한민국,4441563.0,8069252.0,3574262.0,6983977.0,0.8047306770161765,0.8655048819890617,-0.8451542547285166,2,0.8451542547285166
48,도공(coated) 인쇄용지,4810,2024.09,중국,캐나다,대한민국,4464253.0,6979895.0,3531604.0,5880876.0,0.791085093071562,0.842545052611823,-0.8451542547285166,2,0.8451542547285166
48,도공(coated) 인쇄용지,4810,2024.1,중국,캐나다,대한민국,5418311.0,6297062.0,4255705.0,5198232.0,0.7854301829481549,0.8255011622880639,-0.8451542547285166,2,0.8451542547285166
48,도공(coated) 인쇄용지,4810,2024.11,중국,캐나다,대한민국,3441385.0,6319457.0,2818309.0,5492533.0,0.8189461510409326,0.8691463522894451,-0.8451542547285166,2,0.8451542547285166
48,도공(coated) 인쇄용지,4810,2024.03,중국,필리핀,대한민국,10638052.0,6911651.0,9127702.0,6161747.0,0.8580238186464966,0.8915014661475239,-0.942857142857143,1,0.942857142857143
48,도공(coated) 인쇄용지,4810,2024.04,중국,필리핀,대한민국,9008250.0,10149718.0,6794967.0,8691870.0,0.7543048871867455,0.8563656645435863,-0.942857142857143,1,0.942857142857143
48,도공(coated) 인쇄용지,4810,2024.05,중국,필리핀,대한민국,7224836.0,6624347.0,5736827.0,5624941.0,0.7940425222108848,0.8491313936301947,-0.942857142857143,1,0.942857142857143
48,도공(coated) 인쇄용지,4810,2024.06,중국,필리핀,대한민국,7222932.0,6699007.0,5452674.0,5785014.0,0.7549114403956732,0.8635629131302595,-0.942857142857143,1,0.942857142857143
48,도공(coated) 인쇄용지,4810,2024.07,중국,필리핀,대한민국,8185691.0,6671405.0,6442819.0,5669346.0,0.7870830941456256,0.8497979061382123,-0.942857142857143,1,0.942857142857143
48,도공(coated) 인쇄용지,4810,2024.08,중국,필리핀,대한민국,9732605.0,8069252.0,7694573.0,6983977.0,0.7905974813526286,0.8655048819890617,-0.942857142857143,1,0.942857142857143
48,도공(coated) 인쇄용지,4810,2024.09,중국,필리핀,대한민국,9024248.0,6979895.0,7253659.0,5880876.0,0.8037965047059877,0.842545052611823,-0.942857142857143,1,0.942857142857143
48,도공(coated) 인쇄용지,4810,2024.1,중국,필리핀,대한민국,8422050.0,6297062.0,6003362.0,5198232.0,0.7128148134955267,0.8255011622880639,-0.942857142857143,1,0.942857142857143
48,도공(coated) 인쇄용지,4810,2024.11,중국,필리핀,대한민국,9239102.0,6319457.0,6903838.0,5492533.0,0.7472412362153811,0.8691463522894451,-0.942857142857143,1,0.942857142857143
48,도공(coated) 인쇄용지,4810,2024.03,핀란드,대만,대한민국,0.0,548534.0,0.0,394247.716,,0.718729770624975,-0.8285714285714287,2,0.8285714285714287
48,도공(coated) 인쇄용지,4810,2024.04,핀란드,대만,대한민국,0.0,1453794.0,0.0,1152198.102,,0.7925456440183409,-0.8285714285714287,2,0.8285714285714287
48,도공(coated) 인쇄용지,4810,2024.05,핀란드,대만,대한민국,0.0,4420742.0,0.0,3446488.242,,0.7796175940600018,-0.8285714285714287,2,0.8285714285714287
48,도공(coated) 인쇄용지,4810,2024.06,핀란드,대만,대한민국,0.0,2231726.0,0.0,1665211.314,,0.7461540144265022,-0.8285714285714287,2,0.8285714285714287
48,도공(coated) 인쇄용지,4810,2024.07,핀란드,대만,대한민국,0.0,2457988.0,0.0,1970385.772,,0.8016254644042201,-0.8285714285714287,2,0.8285714285714287
48,도공(coated) 인쇄용지,4810,2024.08,핀란드,대만,대한민국,0.0,2828914.0,0.0,2101452.45,,0.7428477677299488,-0.8285714285714287,2,0.8285714285714287
48,도공(coated) 인쇄용지,4810,2024.09,핀란드,대만,대한민국,0.0,1387110.0,0.0,993051.874,,0.715914292305585,-0.8285714285714287,2,0.8285714285714287
48,도공(coated) 인쇄용지,4810,2024.1,핀란드,대만,대한민국,0.0,1655526.0,0.0,1168989.702,,0.7061137680712958,-0.8285714285714287,2,0.8285714285714287
48,도공(coated) 인쇄용지,4810,2024.11,핀란드,대만,대한민국,0.0,1204225.062,0.0,950966.196,,0.7896914173340798,-0.8285714285714287,2,0.8285714285714287
48,도공(coated) 인쇄용지,4810,2024.03,핀란드,말레이시아,대한민국,137572.0,548534.0,216161.08,394247.716,1.5712578140900764,0.718729770624975,-1.0,1,1.0
48,도공(coated) 인쇄용지,4810,2024.04,핀란드,말레이시아,대한민국,602878.0,1453794.0,686422.282,1152198.102,1.1385757682317152,0.7925456440183409,-1.0,1,1.0
48,도공(coated) 인쇄용지,4810,2024.05,핀란드,말레이시아,대한민국,1191920.0,4420742.0,1602125.552,3446488.242,1.3441552721659171,0.7796175940600018,-1.0,1,1.0
48,도공(coated) 인쇄용지,4810,2024.06,핀란드,말레이시아,대한민국,646596.0,2231726.0,755182.818,1665211.314,1.1679361115750793,0.7461540144265022,-1.0,1,1.0
48,도공(coated) 인쇄용지,4810,2024.07,핀란드,말레이시아,대한민국,623990.0,2457988.0,704453.574,1970385.772,1.1289501017644514,0.8016254644042201,-1.0,1,1.0
48,도공(coated) 인쇄용지,4810,2024.08,핀란드,말레이시아,대한민국,663116.0,2828914.0,712626.916,2101452.45,1.074664034648538,0.7428477677299488,-1.0,1,1.0
48,도공(coated) 인쇄용지,4810,2024.09,핀란드,말레이시아,대한민국,1405084.0,1387110.0,1327975.516,993051.874,0.9451217977003511,0.715914292305585,-1.0,1,1.0
48,도공(coated) 인쇄용지,4810,2024.1,핀란드,말레이시아,대한민국,259374.0,1655526.0,319833.244,1168989.702,1.2330967791683052,0.7061137680712958,-1.0,1,1.0
48,도공(coated) 인쇄용지,4810,2024.11,핀란드,말레이시아,대한민국,405772.346,1204225.062,773819.12,950966.196,1.9070277401309155,0.7896914173340798,-1.0,1,1.0
48,도공(coated) 인쇄용지,4810,2024.03,핀란드,오스트리아,대한민국,5729640.0,548534.0,5977589.922,394247.716,1.0432749565417723,0.718729770624975,-0.8857142857142858,1,0.8857142857142858
48,도공(coated) 인쇄용지,4810,2024.04,핀란드,오스트리아,대한민국,7575762.0,1453794.0,8247473.31,1152198.102,1.0886658411391488,0.7925456440183409,-0.8857142857142858,1,0.8857142857142858
48,도공(coated) 인쇄용지,4810,2024.05,핀란드,오스트리아,대한민국,5637020.0,4420742.0,6318300.122,3446488.242,1.1208582055767056,0.7796175940600018,-0.8857142857142858,1,0.8857142857142858
48,도공(coated) 인쇄용지,4810,2024.06,핀란드,오스트리아,대한민국,3956578.0,2231726.0,4213258.828,1665211.314,1.0648744516094464,0.7461540144265022,-0.8857142857142858,1,0.8857142857142858
48,도공(coated) 인쇄용지,4810,2024.07,핀란드,오스트리아,대한민국,4151316.0,2457988.0,4599951.054,1970385.772,1.1080705622024436,0.8016254644042201,-0.8857142857142858,1,0.8857142857142858
48,도공(coated) 인쇄용지,4810,2024.08,핀란드,오스트리아,대한민국,4555566.0,2828914.0,5044728.936,2101452.45,1.1073769836722813,0.7428477677299488,-0.8857142857142858,1,0.8857142857142858
48,도공(coated) 인쇄용지,4810,2024.09,핀란드,오스트리아,대한민국,2778606.0,1387110.0,3042279.908,993051.874,1.0948943131915787,0.715914292305585,-0.8857142857142858,1,0.8857142857142858
48,도공(coated) 인쇄용지,4810,2024.1,핀란드,오스트리아,대한민국,5331260.0,1655526.0,6022314.268,1168989.702,1.129623066216992,0.7061137680712958,-0.8857142857142858,1,0.8857142857142858
48,도공(coated) 인쇄용지,4810,2024.11,핀란드,오스트리아,대한민국,4502664.0,1204225.062,4793654.392,950966.196,1.0646262728020568,0.7896914173340798,-0.8857142857142858,1,0.8857142857142858
48,도공(coated) 인쇄용지,4810,2024.03,핀란드,이탈리아,대한민국,10937730.0,548534.0,12147983.088,394247.716,1.1106493841043799,0.718729770624975,-0.942857142857143,2,0.942857142857143
48,도공(coated) 인쇄용지,4810,2024.04,핀란드,이탈리아,대한민국,17376082.0,1453794.0,17252236.498,1152198.102,0.992872645168226,0.7925456440183409,-0.942857142857143,2,0.942857142857143
48,도공(coated) 인쇄용지,4810,2024.05,핀란드,이탈리아,대한민국,24050770.0,4420742.0,25399359.72,3446488.242,1.0560726213755318,0.7796175940600018,-0.942857142857143,2,0.942857142857143
48,도공(coated) 인쇄용지,4810,2024.06,핀란드,이탈리아,대한민국,15170672.0,2231726.0,15862985.68,1665211.314,1.0456350041712061,0.7461540144265022,-0.942857142857143,2,0.942857142857143
48,도공(coated) 인쇄용지,4810,2024.07,핀란드,이탈리아,대한민국,25697964.0,2457988.0,26539768.396,1970385.772,1.0327576299818928,0.8016254644042201,-0.942857142857143,2,0.942857142857143
48,도공(coated) 인쇄용지,4810,2024.08,핀란드,이탈리아,대한민국,23617288.0,2828914.0,25735724.35,2101452.45,1.08969854413428,0.7428477677299488,-0.942857142857143,2,0.942857142857143
48,도공(coated) 인쇄용지,4810,2024.09,핀란드,이탈리아,대한민국,16489686.0,1387110.0,18033314.191,993051.874,1.093611739544343,0.715914292305585,-0.942857142857143,2,0.942857142857143
48,도공(coated) 인쇄용지,4810,2024.1,핀란드,이탈리아,대한민국,17150744.0,1655526.0,17925031.438,1168989.702,1.0451459970482915,0.7061137680712958,-0.942857142857143,2,0.942857142857143
48,도공(coated) 인쇄용지,4810,2024.11,핀란드,이탈리아,대한민국,20330964.0,1204225.062,20719506.85,950966.196,1.0191108916429148,0.7896914173340798,-0.942857142857143,2,0.942857142857143
50,합판,4412,2024.07,중국,스웨덴,대한민국,1592347.0,8269694.0,2195077.0,5978786.0,1.3785167428958638,0.7229754813176884,-0.7775419143502353,1,0.7775419143502353
50,합판,4412,2024.08,중국,스웨덴,대한민국,1725977.0,7703687.0,1845293.0,7314073.0,1.069129542282429,0.949424996109006,-0.7775419143502353,1,0.7775419143502353
50,합판,4412,2024.09,중국,스웨덴,대한민국,1207298.0,8017925.0,1209071.0,7640503.0,1.0014685686549634,0.9529277213244075,-0.7775419143502353,1,0.7775419143502353
50,합판,4412,2024.10,중국,스웨덴,대한민국,2386942.0,8463159.0,1808391.0,6557136.0,0.7576183250368044,0.774785868964532,-0.7775419143502353,1,0.7775419143502353
50,합판,4412,2024.11,중국,스웨덴,대한민국,1590521.0,9419777.0,1986591.0,7481556.0,1.249019032128466,0.7942391842184799,-0.7775419143502353,1,0.7775419143502353
50,합판,4412,2024.12,중국,스웨덴,대한민국,1561718.0,10047191.0,1555215.0,8650517.0,0.9958359959992777,0.8609886086568873,-0.7775419143502353,1,0.7775419143502353
50,합판,4412,2025.01,중국,스웨덴,대한민국,0.0,0.0,0.0,0.0,,,-0.7775419143502353,1,0.7775419143502353
50,합판,4412,2025.02,중국,스웨덴,대한민국,0.0,0.0,0.0,0.0,,,-0.7775419143502353,1,0.7775419143502353
50,합판,4412,2025.03,중국,스웨덴,대한민국,0.0,0.0,0.0,0.0,,,-0.7775419143502353,1,0.7775419143502353
50,합판,4412,2024.07,중국,이탈리아,대한민국,7318503.0,8269694.0,12021271.0,5978786.0,1.6425860589248922,0.7229754813176884,-0.8116794499134279,1,0.8116794499134279
50,합판,4412,2024.08,중국,이탈리아,대한민국,5629628.0,7703687.0,10557432.0,7314073.0,1.875333858649275,0.949424996109006,-0.8116794499134279,1,0.8116794499134279
50,합판,4412,2024.09,중국,이탈리아,대한민국,7832774.0,8017925.0,12334450.0,7640503.0,1.5747230802267498,0.9529277213244075,-0.8116794499134279,1,0.8116794499134279
50,합판,4412,2024.10,중국,이탈리아,대한민국,6496327.0,8463159.0,9836924.0,6557136.0,1.5142285787030116,0.774785868964532,-0.8116794499134279,1,0.8116794499134279
50,합판,4412,2024.11,중국,이탈리아,대한민국,5390568.0,9419777.0,6615363.0,7481556.0,1.2272107503328036,0.7942391842184799,-0.8116794499134279,1,0.8116794499134279
50,합판,4412,2024.12,중국,이탈리아,대한민국,3690642.0,10047191.0,5564525.0,8650517.0,1.5077390329379008,0.8609886086568873,-0.8116794499134279,1,0.8116794499134279
50,합판,4412,2025.01,중국,이탈리아,대한민국,0.0,0.0,0.0,0.0,,,-0.8116794499134279,1,0.8116794499134279
50,합판,4412,2025.02,중국,이탈리아,대한민국,0.0,0.0,0.0,0.0,,,-0.8116794499134279,1,0.8116794499134279
50,합판,4412,2025.03,중국,이탈리아,대한민국,0.0,0.0,0.0,0.0,,,-0.8116794499134279,1,0.8116794499134279
50,합판,4412,2024.07,중국,인도네시아,대한민국,2198692.0,8269694.0,2023386.0,5978786.0,0.9202680502771647,0.7229754813176884,-0.942857142857143,1,0.942857142857143
50,합판,4412,2024.08,중국,인도네시아,대한민국,3854950.0,7703687.0,2858450.0,7314073.0,0.7415011867858208,0.949424996109006,-0.942857142857143,1,0.942857142857143
50,합판,4412,2024.09,중국,인도네시아,대한민국,4462431.0,8017925.0,3231678.0,7640503.0,0.7241967438824264,0.9529277213244075,-0.942857142857143,1,0.942857142857143
50,합판,4412,2024.1,중국,인도네시아,대한민국,3104296.0,8463159.0,2462239.0,6557136.0,0.7931714630305873,0.774785868964532,-0.942857142857143,1,0.942857142857143
50,합판,4412,2024.11,중국,인도네시아,대한민국,2745554.0,9419777.0,2082069.0,7481556.0,0.7583420322455868,0.7942391842184799,-0.942857142857143,1,0.942857142857143
50,합판,4412,2024.12,중국,인도네시아,대한민국,3931178.0,10047191.0,2727023.0,8650517.0,0.6936910513845977,0.8609886086568873,-0.942857142857143,1,0.942857142857143
50,합판,4412,2025.01,중국,인도네시아,대한민국,0.0,0.0,0.0,0.0,,,-0.942857142857143,1,0.942857142857143
50,합판,4412,2025.02,중국,인도네시아,대한민국,0.0,0.0,0.0,0.0,,,-0.942857142857143,1,0.942857142857143
50,합판,4412,2025.03,중국,인도네시아,대한민국,0.0,0.0,0.0,0.0,,,-0.942857142857143,1,0.942857142857143
51,합판,4412,2024.07,말레이시아,독일,대한민국,0.0,1692350.902,0.0,3833809.56,,2.2653750799962644,-0.7775419143502353,2,0.7775419143502353
51,합판,4412,2024.08,말레이시아,독일,대한민국,0.0,924396.83,0.0,2533409.034,,2.740607660889534,-0.7775419143502353,2,0.7775419143502353
51,합판,4412,2024.09,말레이시아,독일,대한민국,0.0,754272.888,0.0,2070111.674,,2.744512903664118,-0.7775419143502353,2,0.7775419143502353
51,합판,4412,2024.10,말레이시아,독일,대한민국,0.0,1101287.02,0.0,3021392.36,,2.743510370257519,-0.7775419143502353,2,0.7775419143502353
51,합판,4412,2024.11,말레이시아,독일,대한민국,0.0,878058.49,0.0,2395238.34,,2.7278801666162353,-0.7775419143502353,2,0.7775419143502353
51,합판,4412,2024.12,말레이시아,독일,대한민국,0.0,1822706.234,0.0,4968705.226,,2.726004406698046,-0.7775419143502353,2,0.7775419143502353
51,합판,4412,2025.01,말레이시아,독일,대한민국,53591.39,893138.068,163254.356,2466121.096,3.046279560951862,2.7611868582898653,-0.7775419143502353,2,0.7775419143502353
51,합판,4412,2025.02,말레이시아,독일,대한민국,0.0,983022.776,0.0,2707963.876,,2.7547315709397155,-0.7775419143502353,2,0.7775419143502353
51,합판,4412,2025.03,말레이시아,독일,대한민국,25611.39,983605.408,78019.456,2725170.392,3.046279643549218,2.770593136063766,-0.7775419143502353,2,0.7775419143502353
51,합판,4412,2024.07,말레이시아,라트비아,대한민국,30134.582,1692350.902,67779.328,3833809.56,2.2492207789708183,2.2653750799962644,-0.942857142857143,3,0.942857142857143
51,합판,4412,2024.08,말레이시아,라트비아,대한민국,0.0,924396.83,0.0,2533409.034,,2.740607660889534,-0.942857142857143,3,0.942857142857143
51,합판,4412,2024.09,말레이시아,라트비아,대한민국,26803.592,754272.888,73066.712,2070111.674,2.726004484772041,2.744512903664118,-0.942857142857143,3,0.942857142857143
51,합판,4412,2024.1,말레이시아,라트비아,대한민국,23140.182,1101287.02,63080.238,3021392.36,2.7260044022125665,2.743510370257519,-0.942857142857143,3,0.942857142857143
51,합판,4412,2024.11,말레이시아,라트비아,대한민국,0.0,878058.49,0.0,2395238.34,,2.7278801666162353,-0.942857142857143,3,0.942857142857143
51,합판,4412,2024.12,말레이시아,라트비아,대한민국,0.0,1822706.234,0.0,4968705.226,,2.726004406698046,-0.942857142857143,3,0.942857142857143
51,합판,4412,2025.01,말레이시아,라트비아,대한민국,0.0,893138.068,0.0,2466121.096,,2.7611868582898653,-0.942857142857143,3,0.942857142857143
51,합판,4412,2025.02,말레이시아,라트비아,대한민국,0.0,983022.776,0.0,2707963.876,,2.7547315709397155,-0.942857142857143,3,0.942857142857143
51,합판,4412,2025.03,말레이시아,라트비아,대한민국,0.0,983605.408,0.0,2725170.392,,2.770593136063766,-0.942857142857143,3,0.942857142857143
51,합판,4412,2024.07,말레이시아,루마니아,대한민국,0.0,1692350.902,0.0,3833809.56,,2.2653750799962644,-1.0,3,1.0
51,합판,4412,2024.08,말레이시아,루마니아,대한민국,48075.0,924396.83,97910.28,2533409.034,2.0366152886115443,2.740607660889534,-1.0,3,1.0
51,합판,4412,2024.09,말레이시아,루마니아,대한민국,0.0,754272.888,0.0,2070111.674,,2.744512903664118,-1.0,3,1.0
51,합판,4412,2024.1,말레이시아,루마니아,대한민국,0.0,1101287.02,0.0,3021392.36,,2.743510370257519,-1.0,3,1.0
51,합판,4412,2024.11,말레이시아,루마니아,대한민국,0.0,878058.49,0.0,2395238.34,,2.7278801666162353,-1.0,3,1.0
51,합판,4412,2024.12,말레이시아,루마니아,대한민국,0.0,1822706.234,0.0,4968705.226,,2.726004406698046,-1.0,3,1.0
51,합판,4412,2025.01,말레이시아,루마니아,대한민국,0.0,893138.068,0.0,2466121.096,,2.7611868582898653,-1.0,3,1.0
51,합판,4412,2025.02,말레이시아,루마니아,대한민국,0.0,983022.776,0.0,2707963.876,,2.7547315709397155,-1.0,3,1.0
51,합판,4412,2025.03,말레이시아,루마니아,대한민국,48075.0,983605.408,87192.01,2725170.392,1.813666354654186,2.770593136063766,-1.0,3,1.0
51,합판,4412,2024.07,말레이시아,슬로바키아,대한민국,0.0,1692350.902,0.0,3833809.56,,2.2653750799962644,-0.8451542547285166,3,0.8451542547285166
51,합판,4412,2024.08,말레이시아,슬로바키아,대한민국,0.0,924396.83,0.0,2533409.034,,2.740607660889534,-0.8451542547285166,3,0.8451542547285166
51,합판,4412,2024.09,말레이시아,슬로바키아,대한민국,0.0,754272.888,0.0,2070111.674,,2.744512903664118,-0.8451542547285166,3,0.8451542547285166
51,합판,4412,2024.1,말레이시아,슬로바키아,대한민국,0.0,1101287.02,0.0,3021392.36,,2.743510370257519,-0.8451542547285166,3,0.8451542547285166
51,합판,4412,2024.11,말레이시아,슬로바키아,대한민국,0.0,878058.49,0.0,2395238.34,,2.7278801666162353,-0.8451542547285166,3,0.8451542547285166
51,합판,4412,2024.12,말레이시아,슬로바키아,대한민국,0.0,1822706.234,0.0,4968705.226,,2.726004406698046,-0.8451542547285166,3,0.8451542547285166
51,합판,4412,2025.01,말레이시아,슬로바키아,대한민국,0.0,893138.068,0.0,2466121.096,,2.7611868582898653,-0.8451542547285166,3,0.8451542547285166
51,합판,4412,2025.02,말레이시아,슬로바키아,대한민국,0.0,983022.776,0.0,2707963.876,,2.7547315709397155,-0.8451542547285166,3,0.8451542547285166
51,합판,4412,2025.03,말레이시아,슬로바키아,대한민국,0.0,983605.408,0.0,2725170.392,,2.770593136063766,-0.8451542547285166,3,0.8451542547285166
51,합판,4412,2024.07,말레이시아,칠레,대한민국,0.0,1692350.902,0.0,3833809.56,,2.2653750799962644,-0.9276336570439176,3,0.9276336570439176
51,합판,4412,2024.08,말레이시아,칠레,대한민국,0.0,924396.83,0.0,2533409.034,,2.740607660889534,-0.9276336570439176,3,0.9276336570439176
51,합판,4412,2024.09,말레이시아,칠레,대한민국,0.0,754272.888,0.0,2070111.674,,2.744512903664118,-0.9276336570439176,3,0.9276336570439176
51,합판,4412,2024.1,말레이시아,칠레,대한민국,0.0,1101287.02,0.0,3021392.36,,2.743510370257519,-0.9276336570439176,3,0.9276336570439176
51,합판,4412,2024.11,말레이시아,칠레,대한민국,0.0,878058.49,0.0,2395238.34,,2.7278801666162353,-0.9276336570439176,3,0.9276336570439176
51,합판,4412,2024.12,말레이시아,칠레,대한민국,0.0,1822706.234,0.0,4968705.226,,2.726004406698046,-0.9276336570439176,3,0.9276336570439176
51,합판,4412,2025.01,말레이시아,칠레,대한민국,0.0,893138.068,0.0,2466121.096,,2.7611868582898653,-0.9276336570439176,3,0.9276336570439176
51,합판,4412,2025.02,말레이시아,칠레,대한민국,0.0,983022.776,0.0,2707963.876,,2.7547315709397155,-0.9276336570439176,3,0.9276336570439176
51,합판,4412,2025.03,말레이시아,칠레,대한민국,0.0,983605.408,0.0,2725170.392,,2.770593136063766,-0.9276336570439176,3,0.9276336570439176
51,합판,4412,2024.07,말레이시아,헝가리,대한민국,0.0,1692350.902,0.0,3833809.56,,2.2653750799962644,-0.942857142857143,3,0.942857142857143
51,합판,4412,2024.08,말레이시아,헝가리,대한민국,0.0,924396.83,0.0,2533409.034,,2.740607660889534,-0.942857142857143,3,0.942857142857143
51,합판,4412,2024.09,말레이시아,헝가리,대한민국,0.0,754272.888,0.0,2070111.674,,2.744512903664118,-0.942857142857143,3,0.942857142857143
51,합판,4412,2024.1,말레이시아,헝가리,대한민국,0.0,1101287.02,0.0,3021392.36,,2.743510370257519,-0.942857142857143,3,0.942857142857143
51,합판,4412,2024.11,말레이시아,헝가리,대한민국,0.0,878058.49,0.0,2395238.34,,2.7278801666162353,-0.942857142857143,3,0.942857142857143
51,합판,4412,2024.12,말레이시아,헝가리,대한민국,0.0,1822706.234,0.0,4968705.226,,2.726004406698046,-0.942857142857143,3,0.942857142857143
51,합판,4412,2025.01,말레이시아,헝가리,대한민국,0.0,893138.068,0.0,2466121.096,,2.7611868582898653,-0.942857142857143,3,0.942857142857143
51,합판,4412,2025.02,말레이시아,헝가리,대한민국,0.0,983022.776,0.0,2707963.876,,2.7547315709397155,-0.942857142857143,3,0.942857142857143
51,합판,4412,2025.03,말레이시아,헝가리,대한민국,0.0,983605.408,0.0,2725170.392,,2.770593136063766,-0.942857142857143,3,0.942857142857143
52,합판,4412,2024.07,베트남,독일,대한민국,0.0,0.0,0.0,0.0,,,-0.7775419143502353,2,0.7775419143502353
52,합판,4412,2024.08,베트남,독일,대한민국,0.0,0.0,0.0,0.0,,,-0.7775419143502353,2,0.7775419143502353
52,합판,4412,2024.09,베트남,독일,대한민국,0.0,0.0,0.0,0.0,,,-0.7775419143502353,2,0.7775419143502353
52,합판,4412,2024.10,베트남,독일,대한민국,0.0,0.0,0.0,0.0,,,-0.7775419143502353,2,0.7775419143502353
52,합판,4412,2024.11,베트남,독일,대한민국,0.0,0.0,0.0,0.0,,,-0.7775419143502353,2,0.7775419143502353
52,합판,4412,2024.12,베트남,독일,대한민국,0.0,0.0,0.0,0.0,,,-0.7775419143502353,2,0.7775419143502353
52,합판,4412,2025.01,베트남,독일,대한민국,0.0,0.0,0.0,0.0,,,-0.7775419143502353,2,0.7775419143502353
52,합판,4412,2025.02,베트남,독일,대한민국,0.0,0.0,0.0,0.0,,,-0.7775419143502353,2,0.7775419143502353
52,합판,4412,2025.03,베트남,독일,대한민국,0.0,0.0,0.0,0.0,,,-0.7775419143502353,2,0.7775419143502353
52,합판,4412,2024.07,베트남,스페인,대한민국,0.0,0.0,0.0,0.0,,,-0.8804062740424288,2,0.8804062740424288
52,합판,4412,2024.08,베트남,스페인,대한민국,0.0,0.0,0.0,0.0,,,-0.8804062740424288,2,0.8804062740424288
52,합판,4412,2024.09,베트남,스페인,대한민국,0.0,0.0,0.0,0.0,,,-0.8804062740424288,2,0.8804062740424288
52,합판,4412,2024.1,베트남,스페인,대한민국,0.0,0.0,0.0,0.0,,,-0.8804062740424288,2,0.8804062740424288
52,합판,4412,2024.11,베트남,스페인,대한민국,0.0,0.0,0.0,0.0,,,-0.8804062740424288,2,0.8804062740424288
52,합판,4412,2024.12,베트남,스페인,대한민국,0.0,0.0,0.0,0.0,,,-0.8804062740424288,2,0.8804062740424288
52,합판,4412,2025.01,베트남,스페인,대한민국,0.0,0.0,0.0,0.0,,,-0.8804062740424288,2,0.8804062740424288
52,합판,4412,2025.02,베트남,스페인,대한민국,0.0,0.0,0.0,0.0,,,-0.8804062740424288,2,0.8804062740424288
52,합판,4412,2025.03,베트남,스페인,대한민국,0.0,0.0,0.0,0.0,,,-0.8804062740424288,2,0.8804062740424288
52,합판,4412,2024.07,베트남,슬로바키아,대한민국,0.0,0.0,0.0,0.0,,,-0.8451542547285166,3,0.8451542547285166
52,합판,4412,2024.08,베트남,슬로바키아,대한민국,0.0,0.0,0.0,0.0,,,-0.8451542547285166,3,0.8451542547285166
52,합판,4412,2024.09,베트남,슬로바키아,대한민국,0.0,0.0,0.0,0.0,,,-0.8451542547285166,3,0.8451542547285166
52,합판,4412,2024.1,베트남,슬로바키아,대한민국,0.0,0.0,0.0,0.0,,,-0.8451542547285166,3,0.8451542547285166
52,합판,4412,2024.11,베트남,슬로바키아,대한민국,0.0,0.0,0.0,0.0,,,-0.8451542547285166,3,0.8451542547285166
52,합판,4412,2024.12,베트남,슬로바키아,대한민국,0.0,0.0,0.0,0.0,,,-0.8451542547285166,3,0.8451542547285166
52,합판,4412,2025.01,베트남,슬로바키아,대한민국,0.0,0.0,0.0,0.0,,,-0.8451542547285166,3,0.8451542547285166
52,합판,4412,2025.02,베트남,슬로바키아,대한민국,0.0,0.0,0.0,0.0,,,-0.8451542547285166,3,0.8451542547285166
52,합판,4412,2025.03,베트남,슬로바키아,대한민국,0.0,0.0,0.0,0.0,,,-0.8451542547285166,3,0.8451542547285166
53,PET수지,390761,2024.11,중국,대만,대한민국,0.0,21175700.0,0.0,17646440.0,,0.8333344352252818,-0.8406680016960503,2,0.8406680016960503
53,PET수지,390761,2024.12,중국,대만,대한민국,0.0,16443700.0,0.0,13226821.0,,0.8043701235123482,-0.8406680016960503,2,0.8406680016960503
53,PET수지,390761,2025.01,중국,대만,대한민국,0.0,0.0,0.0,0.0,,,-0.8406680016960503,2,0.8406680016960503
53,PET수지,390761,2025.02,중국,대만,대한민국,0.0,0.0,0.0,0.0,,,-0.8406680016960503,2,0.8406680016960503
53,PET수지,390761,2025.03,중국,대만,대한민국,0.0,0.0,0.0,0.0,,,-0.8406680016960503,2,0.8406680016960503
53,PET수지,390761,2025.04,중국,대만,대한민국,0.0,0.0,0.0,0.0,,,-0.8406680016960503,2,0.8406680016960503
53,PET수지,390761,2025.05,중국,대만,대한민국,0.0,0.0,0.0,0.0,,,-0.8406680016960503,2,0.8406680016960503
53,PET수지,390761,2025.06,중국,대만,대한민국,0.0,0.0,0.0,0.0,,,-0.8406680016960503,2,0.8406680016960503
53,PET수지,390761,2025.07,중국,대만,대한민국,0.0,0.0,0.0,0.0,,,-0.8406680016960503,2,0.8406680016960503
53,PET수지,390761,2024.11,중국,스웨덴,대한민국,0.0,21175700.0,0.0,17646440.0,,0.8333344352252818,-0.7775419143502353,2,0.7775419143502353
53,PET수지,390761,2024.12,중국,스웨덴,대한민국,0.0,16443700.0,0.0,13226821.0,,0.8043701235123482,-0.7775419143502353,2,0.7775419143502353
53,PET수지,390761,2025.01,중국,스웨덴,대한민국,0.0,0.0,0.0,0.0,,,-0.7775419143502353,2,0.7775419143502353
53,PET수지,390761,2025.02,중국,스웨덴,대한민국,0.0,0.0,0.0,0.0,,,-0.7775419143502353,2,0.7775419143502353
53,PET수지,390761,2025.03,중국,스웨덴,대한민국,0.0,0.0,0.0,0.0,,,-0.7775419143502353,2,0.7775419143502353
53,PET수지,390761,2025.04,중국,스웨덴,대한민국,0.0,0.0,0.0,0.0,,,-0.7775419143502353,2,0.7775419143502353
53,PET수지,390761,2025.05,중국,스웨덴,대한민국,0.0,0.0,0.0,0.0,,,-0.7775419143502353,2,0.7775419143502353
53,PET수지,390761,2025.06,중국,스웨덴,대한민국,0.0,0.0,0.0,0.0,,,-0.7775419143502353,2,0.7775419143502353
53,PET수지,390761,2025.07,중국,스웨덴,대한민국,0.0,0.0,0.0,0.0,,,-0.7775419143502353,2,0.7775419143502353
53,PET수지,390761,2024.11,중국,이스라엘,대한민국,5117000.0,21175700.0,4332368.0,17646440.0,0.8466617158491303,0.8333344352252818,-0.8285714285714287,3,0.8285714285714287
53,PET수지,390761,2024.12,중국,이스라엘,대한민국,5712400.0,16443700.0,4841715.0,13226821.0,0.8475798263426931,0.8043701235123482,-0.8285714285714287,3,0.8285714285714287
53,PET수지,390761,2025.01,중국,이스라엘,대한민국,0.0,0.0,0.0,0.0,,,-0.8285714285714287,3,0.8285714285714287
53,PET수지,390761,2025.02,중국,이스라엘,대한민국,0.0,0.0,0.0,0.0,,,-0.8285714285714287,3,0.8285714285714287
53,PET수지,390761,2025.03,중국,이스라엘,대한민국,0.0,0.0,0.0,0.0,,,-0.8285714285714287,3,0.8285714285714287
53,PET수지,390761,2025.04,중국,이스라엘,대한민국,0.0,0.0,0.0,0.0,,,-0.8285714285714287,3,0.8285714285714287
53,PET수지,390761,2025.05,중국,이스라엘,대한민국,0.0,0.0,0.0,0.0,,,-0.8285714285714287,3,0.8285714285714287
53,PET수지,390761,2025.06,중국,이스라엘,대한민국,0.0,0.0,0.0,0.0,,,-0.8285714285714287,3,0.8285714285714287
53,PET수지,390761,2025.07,중국,이스라엘,대한민국,0.0,0.0,0.0,0.0,,,-0.8285714285714287,3,0.8285714285714287
54,OPP필름,392020,2025.04,중국,독일,대한민국,0.0,0.0,0.0,0.0,,,-0.8285714285714287,1,0.8285714285714287
54,OPP필름,392020,2025.05,중국,독일,대한민국,0.0,0.0,0.0,0.0,,,-0.8285714285714287,1,0.8285714285714287
54,OPP필름,392020,2025.06,중국,독일,대한민국,0.0,0.0,0.0,0.0,,,-0.8285714285714287,1,0.8285714285714287
54,OPP필름,392020,2025.07,중국,독일,대한민국,0.0,0.0,0.0,0.0,,,-0.8285714285714287,1,0.8285714285714287
54,OPP필름,392020,2025.08,중국,독일,대한민국,0.0,0.0,0.0,0.0,,,-0.8285714285714287,1,0.8285714285714287
54,OPP필름,392020,2025.09,중국,독일,대한민국,0.0,0.0,0.0,0.0,,,-0.8285714285714287,1,0.8285714285714287
54,OPP필름,392020,2025.1,중국,독일,대한민국,0.0,0.0,0.0,0.0,,,-0.8285714285714287,1,0.8285714285714287
54,OPP필름,392020,2025.11,중국,독일,대한민국,0.0,0.0,0.0,0.0,,,-0.8285714285714287,1,0.8285714285714287
54,OPP필름,392020,2025.12,중국,독일,대한민국,0.0,0.0,0.0,0.0,,,-0.8285714285714287,1,0.8285714285714287
54,OPP필름,392020,2025.04,중국,말레이시아,대한민국,0.0,0.0,0.0,0.0,,,-0.8285714285714287,1,0.8285714285714287
54,OPP필름,392020,2025.05,중국,말레이시아,대한민국,0.0,0.0,0.0,0.0,,,-0.8285714285714287,1,0.8285714285714287
54,OPP필름,392020,2025.06,중국,말레이시아,대한민국,0.0,0.0,0.0,0.0,,,-0.8285714285714287,1,0.8285714285714287
54,OPP필름,392020,2025.07,중국,말레이시아,대한민국,0.0,0.0,0.0,0.0,,,-0.8285714285714287,1,0.8285714285714287
54,OPP필름,392020,2025.08,중국,말레이시아,대한민국,0.0,0.0,0.0,0.0,,,-0.8285714285714287,1,0.8285714285714287
54,OPP필름,392020,2025.09,중국,말레이시아,대한민국,0.0,0.0,0.0,0.0,,,-0.8285714285714287,1,0.8285714285714287
54,OPP필름,392020,2025.1,중국,말레이시아,대한민국,0.0,0.0,0.0,0.0,,,-0.8285714285714287,1,0.8285714285714287
54,OPP필름,392020,2025.11,중국,말레이시아,대한민국,0.0,0.0,0.0,0.0,,,-0.8285714285714287,1,0.8285714285714287
54,OPP필름,392020,2025.12,중국,말레이시아,대한민국,0.0,0.0,0.0,0.0,,,-0.8285714285714287,1,0.8285714285714287
54,OPP필름,392020,2025.04,태국,독일,대한민국,0.0,0.0,0.0,0.0,,,-1.0,3,1.0
54,OPP필름,392020,2025.05,태국,독일,대한민국,0.0,0.0,0.0,0.0,,,-1.0,3,1.0
54,OPP필름,392020,2025.06,태국,독일,대한민국,0.0,0.0,0.0,0.0,,,-1.0,3,1.0
54,OPP필름,392020,2025.07,태국,독일,대한민국,0.0,0.0,0.0,0.0,,,-1.0,3,1.0
54,OPP필름,392020,2025.08,태국,독일,대한민국,0.0,0.0,0.0,0.0,,,-1.0,3,1.0
54,OPP필름,392020,2025.09,태국,독일,대한민국,0.0,0.0,0.0,0.0,,,-1.0,3,1.0
54,OPP필름,392020,2025.1,태국,독일,대한민국,0.0,0.0,0.0,0.0,,,-1.0,3,1.0
54,OPP필름,392020,2025.11,태국,독일,대한민국,0.0,0.0,0.0,0.0,,,-1.0,3,1.0
54,OPP필름,392020,2025.12,태국,독일,대한민국,0.0,0.0,0.0,0.0,,,-1.0,3,1.0
54,OPP필름,392020,2025.04,태국,불가리아,대한민국,0.0,0.0,0.0,0.0,,,-0.8196885999705371,2,0.8196885999705371
54,OPP필름,392020,2025.05,태국,불가리아,대한민국,0.0,0.0,0.0,0.0,,,-0.8196885999705371,2,0.8196885999705371
54,OPP필름,392020,2025.06,태국,불가리아,대한민국,0.0,0.0,0.0,0.0,,,-0.8196885999705371,2,0.8196885999705371
54,OPP필름,392020,2025.07,태국,불가리아,대한민국,0.0,0.0,0.0,0.0,,,-0.8196885999705371,2,0.8196885999705371
54,OPP필름,392020,2025.08,태국,불가리아,대한민국,0.0,0.0,0.0,0.0,,,-0.8196885999705371,2,0.8196885999705371
54,OPP필름,392020,2025.09,태국,불가리아,대한민국,0.0,0.0,0.0,0.0,,,-0.8196885999705371,2,0.8196885999705371
54,OPP필름,392020,2025.1,태국,불가리아,대한민국,0.0,0.0,0.0,0.0,,,-0.8196885999705371,2,0.8196885999705371
54,OPP필름,392020,2025.11,태국,불가리아,대한민국,0.0,0.0,0.0,0.0,,,-0.8196885999705371,2,0.8196885999705371
54,OPP필름,392020,2025.12,태국,불가리아,대한민국,0.0,0.0,0.0,0.0,,,-0.8196885999705371,2,0.8196885999705371
54,OPP필름,392020,2025.04,태국,인도,대한민국,0.0,0.0,0.0,0.0,,,-0.8285714285714287,1,0.8285714285714287
54,OPP필름,392020,2025.05,태국,인도,대한민국,0.0,0.0,0.0,0.0,,,-0.8285714285714287,1,0.8285714285714287
54,OPP필름,392020,2025.06,태국,인도,대한민국,0.0,0.0,0.0,0.0,,,-0.8285714285714287,1,0.8285714285714287
54,OPP필름,392020,2025.07,태국,인도,대한민국,0.0,0.0,0.0,0.0,,,-0.8285714285714287,1,0.8285714285714287
54,OPP필름,392020,2025.08,태국,인도,대한민국,0.0,0.0,0.0,0.0,,,-0.8285714285714287,1,0.8285714285714287
54,OPP필름,392020,2025.09,태국,인도,대한민국,0.0,0.0,0.0,0.0,,,-0.8285714285714287,1,0.8285714285714287
54,OPP필름,392020,2025.1,태국,인도,대한민국,0.0,0.0,0.0,0.0,,,-0.8285714285714287,1,0.8285714285714287
54,OPP필름,392020,2025.11,태국,인도,대한민국,0.0,0.0,0.0,0.0,,,-0.8285714285714287,1,0.8285714285714287
54,OPP필름,392020,2025.12,태국,인도,대한민국,0.0,0.0,0.0,0.0,,,-0.8285714285714287,1,0.8285714285714287
54,OPP필름,392020,2025.04,태국,튀르키예,대한민국,0.0,0.0,0.0,0.0,,,-0.8196885999705371,2,0.8196885999705371
54,OPP필름,392020,2025.05,태국,튀르키예,대한민국,0.0,0.0,0.0,0.0,,,-0.8196885999705371,2,0.8196885999705371
54,OPP필름,392020,2025.06,태국,튀르키예,대한민국,0.0,0.0,0.0,0.0,,,-0.8196885999705371,2,0.8196885999705371
54,OPP필름,392020,2025.07,태국,튀르키예,대한민국,0.0,0.0,0.0,0.0,,,-0.8196885999705371,2,0.8196885999705371
54,OPP필름,392020,2025.08,태국,튀르키예,대한민국,0.0,0.0,0.0,0.0,,,-0.8196885999705371,2,0.8196885999705371
54,OPP필름,392020,2025.09,태국,튀르키예,대한민국,0.0,0.0,0.0,0.0,,,-0.8196885999705371,2,0.8196885999705371
54,OPP필름,392020,2025.1,태국,튀르키예,대한민국,0.0,0.0,0.0,0.0,,,-0.8196885999705371,2,0.8196885999705371
54,OPP필름,392020,2025.11,태국,튀르키예,대한민국,0.0,0.0,0.0,0.0,,,-0.8196885999705371,2,0.8196885999705371
54,OPP필름,392020,2025.12,태국,튀르키예,대한민국,0.0,0.0,0.0,0.0,,,-0.8196885999705371,2,0.8196885999705371
55,스테인리스강 냉간압연제품,7220,2025.07,베트남,대만,대한민국,0.0,0.0,0.0,0.0,,,-0.8451542547285166,3,0.8451542547285166
55,스테인리스강 냉간압연제품,7220,2025.08,베트남,대만,대한민국,0.0,0.0,0.0,0.0,,,-0.8451542547285166,3,0.8451542547285166
55,스테인리스강 냉간압연제품,7220,2025.09,베트남,대만,대한민국,0.0,0.0,0.0,0.0,,,-0.8451542547285166,3,0.8451542547285166
55,스테인리스강 냉간압연제품,7220,2025.1,베트남,대만,대한민국,0.0,0.0,0.0,0.0,,,-0.8451542547285166,3,0.8451542547285166
55,스테인리스강 냉간압연제품,7220,2025.11,베트남,대만,대한민국,0.0,0.0,0.0,0.0,,,-0.8451542547285166,3,0.8451542547285166
55,스테인리스강 냉간압연제품,7220,2025.12,베트남,대만,대한민국,0.0,0.0,0.0,0.0,,,-0.8451542547285166,3,0.8451542547285166
55,스테인리스강 냉간압연제품,7220,2026.01,베트남,대만,대한민국,0.0,0.0,0.0,0.0,,,-0.8451542547285166,3,0.8451542547285166
55,스테인리스강 냉간압연제품,7220,2026.02,베트남,대만,대한민국,0.0,0.0,0.0,0.0,,,-0.8451542547285166,3,0.8451542547285166
55,스테인리스강 냉간압연제품,7220,2026.03,베트남,대만,대한민국,0.0,0.0,0.0,0.0,,,-0.8451542547285166,3,0.8451542547285166
55,스테인리스강 냉간압연제품,7220,2025.07,베트남,루마니아,대한민국,0.0,0.0,0.0,0.0,,,-0.8280786712108252,3,0.8280786712108252
55,스테인리스강 냉간압연제품,7220,2025.08,베트남,루마니아,대한민국,0.0,0.0,0.0,0.0,,,-0.8280786712108252,3,0.8280786712108252
55,스테인리스강 냉간압연제품,7220,2025.09,베트남,루마니아,대한민국,0.0,0.0,0.0,0.0,,,-0.8280786712108252,3,0.8280786712108252
55,스테인리스강 냉간압연제품,7220,2025.1,베트남,루마니아,대한민국,0.0,0.0,0.0,0.0,,,-0.8280786712108252,3,0.8280786712108252
55,스테인리스강 냉간압연제품,7220,2025.11,베트남,루마니아,대한민국,0.0,0.0,0.0,0.0,,,-0.8280786712108252,3,0.8280786712108252
55,스테인리스강 냉간압연제품,7220,2025.12,베트남,루마니아,대한민국,0.0,0.0,0.0,0.0,,,-0.8280786712108252,3,0.8280786712108252
55,스테인리스강 냉간압연제품,7220,2026.01,베트남,루마니아,대한민국,0.0,0.0,0.0,0.0,,,-0.8280786712108252,3,0.8280786712108252
55,스테인리스강 냉간압연제품,7220,2026.02,베트남,루마니아,대한민국,0.0,0.0,0.0,0.0,,,-0.8280786712108252,3,0.8280786712108252
55,스테인리스강 냉간압연제품,7220,2026.03,베트남,루마니아,대한민국,0.0,0.0,0.0,0.0,,,-0.8280786712108252,3,0.8280786712108252
56,석유수지,391110,2025.08,대만,네덜란드,대한민국,0.0,0.0,0.0,0.0,,,-0.8285714285714287,2,0.8285714285714287
56,석유수지,391110,2025.09,대만,네덜란드,대한민국,0.0,0.0,0.0,0.0,,,-0.8285714285714287,2,0.8285714285714287
56,석유수지,391110,2025.1,대만,네덜란드,대한민국,0.0,0.0,0.0,0.0,,,-0.8285714285714287,2,0.8285714285714287
56,석유수지,391110,2025.11,대만,네덜란드,대한민국,0.0,0.0,0.0,0.0,,,-0.8285714285714287,2,0.8285714285714287
56,석유수지,391110,2025.12,대만,네덜란드,대한민국,0.0,0.0,0.0,0.0,,,-0.8285714285714287,2,0.8285714285714287
56,석유수지,391110,2026.01,대만,네덜란드,대한민국,0.0,0.0,0.0,0.0,,,-0.8285714285714287,2,0.8285714285714287
56,석유수지,391110,2026.02,대만,네덜란드,대한민국,0.0,0.0,0.0,0.0,,,-0.8285714285714287,2,0.8285714285714287
56,석유수지,391110,2026.03,대만,네덜란드,대한민국,0.0,0.0,0.0,0.0,,,-0.8285714285714287,2,0.8285714285714287
56,석유수지,391110,2026.04,대만,네덜란드,대한민국,0.0,0.0,0.0,0.0,,,-0.8285714285714287,2,0.8285714285714287
56,석유수지,391110,2025.08,대만,독일,대한민국,0.0,0.0,0.0,0.0,,,-0.7775419143502353,3,0.7775419143502353
56,석유수지,391110,2025.09,대만,독일,대한민국,0.0,0.0,0.0,0.0,,,-0.7775419143502353,3,0.7775419143502353
56,석유수지,391110,2025.10,대만,독일,대한민국,0.0,0.0,0.0,0.0,,,-0.7775419143502353,3,0.7775419143502353
56,석유수지,391110,2025.11,대만,독일,대한민국,0.0,0.0,0.0,0.0,,,-0.7775419143502353,3,0.7775419143502353
56,석유수지,391110,2025.12,대만,독일,대한민국,0.0,0.0,0.0,0.0,,,-0.7775419143502353,3,0.7775419143502353
56,석유수지,391110,2026.01,대만,독일,대한민국,0.0,0.0,0.0,0.0,,,-0.7775419143502353,3,0.7775419143502353
56,석유수지,391110,2026.02,대만,독일,대한민국,0.0,0.0,0.0,0.0,,,-0.7775419143502353,3,0.7775419143502353
56,석유수지,391110,2026.03,대만,독일,대한민국,0.0,0.0,0.0,0.0,,,-0.7775419143502353,3,0.7775419143502353
56,석유수지,391110,2026.04,대만,독일,대한민국,0.0,0.0,0.0,0.0,,,-0.7775419143502353,3,0.7775419143502353
56,석유수지,391110,2025.08,대만,베트남,대한민국,0.0,0.0,0.0,0.0,,,-0.8280786712108252,3,0.8280786712108252
56,석유수지,391110,2025.09,대만,베트남,대한민국,0.0,0.0,0.0,0.0,,,-0.8280786712108252,3,0.8280786712108252
56,석유수지,391110,2025.1,대만,베트남,대한민국,0.0,0.0,0.0,0.0,,,-0.8280786712108252,3,0.8280786712108252
56,석유수지,391110,2025.11,대만,베트남,대한민국,0.0,0.0,0.0,0.0,,,-0.8280786712108252,3,0.8280786712108252
56,석유수지,391110,2025.12,대만,베트남,대한민국,0.0,0.0,0.0,0.0,,,-0.8280786712108252,3,0.8280786712108252
56,석유수지,391110,2026.01,대만,베트남,대한민국,0.0,0.0,0.0,0.0,,,-0.8280786712108252,3,0.8280786712108252
56,석유수지,391110,2026.02,대만,베트남,대한민국,0.0,0.0,0.0,0.0,,,-0.8280786712108252,3,0.8280786712108252
56,석유수지,391110,2026.03,대만,베트남,대한민국,0.0,0.0,0.0,0.0,,,-0.8280786712108252,3,0.8280786712108252
56,석유수지,391110,2026.04,대만,베트남,대한민국,0.0,0.0,0.0,0.0,,,-0.8280786712108252,3,0.8280786712108252
56,석유수지,391110,2025.08,대만,프랑스,대한민국,0.0,0.0,0.0,0.0,,,-0.8804062740424288,2,0.8804062740424288
56,석유수지,391110,2025.09,대만,프랑스,대한민국,0.0,0.0,0.0,0.0,,,-0.8804062740424288,2,0.8804062740424288
56,석유수지,391110,2025.1,대만,프랑스,대한민국,0.0,0.0,0.0,0.0,,,-0.8804062740424288,2,0.8804062740424288
56,석유수지,391110,2025.11,대만,프랑스,대한민국,0.0,0.0,0.0,0.0,,,-0.8804062740424288,2,0.8804062740424288
56,석유수지,391110,2025.12,대만,프랑스,대한민국,0.0,0.0,0.0,0.0,,,-0.8804062740424288,2,0.8804062740424288
56,석유수지,391110,2026.01,대만,프랑스,대한민국,0.0,0.0,0.0,0.0,,,-0.8804062740424288,2,0.8804062740424288
56,석유수지,391110,2026.02,대만,프랑스,대한민국,0.0,0.0,0.0,0.0,,,-0.8804062740424288,2,0.8804062740424288
56,석유수지,391110,2026.03,대만,프랑스,대한민국,0.0,0.0,0.0,0.0,,,-0.8804062740424288,2,0.8804062740424288
56,석유수지,391110,2026.04,대만,프랑스,대한민국,0.0,0.0,0.0,0.0,,,-0.8804062740424288,2,0.8804062740424288
56,석유수지,391110,2025.08,중국,독일,대한민국,0.0,0.0,0.0,0.0,,,-0.7775419143502353,3,0.7775419143502353
56,석유수지,391110,2025.09,중국,독일,대한민국,0.0,0.0,0.0,0.0,,,-0.7775419143502353,3,0.7775419143502353
56,석유수지,391110,2025.10,중국,독일,대한민국,0.0,0.0,0.0,0.0,,,-0.7775419143502353,3,0.7775419143502353
56,석유수지,391110,2025.11,중국,독일,대한민국,0.0,0.0,0.0,0.0,,,-0.7775419143502353,3,0.7775419143502353
56,석유수지,391110,2025.12,중국,독일,대한민국,0.0,0.0,0.0,0.0,,,-0.7775419143502353,3,0.7775419143502353
56,석유수지,391110,2026.01,중국,독일,대한민국,0.0,0.0,0.0,0.0,,,-0.7775419143502353,3,0.7775419143502353
56,석유수지,391110,2026.02,중국,독일,대한민국,0.0,0.0,0.0,0.0,,,-0.7775419143502353,3,0.7775419143502353
56,석유수지,391110,2026.03,중국,독일,대한민국,0.0,0.0,0.0,0.0,,,-0.7775419143502353,3,0.7775419143502353
56,석유수지,391110,2026.04,중국,독일,대한민국,0.0,0.0,0.0,0.0,,,-0.7775419143502353,3,0.7775419143502353
56,석유수지,391110,2025.08,중국,베트남,대한민국,0.0,0.0,0.0,0.0,,,-0.8280786712108252,3,0.8280786712108252
56,석유수지,391110,2025.09,중국,베트남,대한민국,0.0,0.0,0.0,0.0,,,-0.8280786712108252,3,0.8280786712108252
56,석유수지,391110,2025.1,중국,베트남,대한민국,0.0,0.0,0.0,0.0,,,-0.8280786712108252,3,0.8280786712108252
56,석유수지,391110,2025.11,중국,베트남,대한민국,0.0,0.0,0.0,0.0,,,-0.8280786712108252,3,0.8280786712108252
56,석유수지,391110,2025.12,중국,베트남,대한민국,0.0,0.0,0.0,0.0,,,-0.8280786712108252,3,0.8280786712108252
56,석유수지,391110,2026.01,중국,베트남,대한민국,0.0,0.0,0.0,0.0,,,-0.8280786712108252,3,0.8280786712108252
56,석유수지,391110,2026.02,중국,베트남,대한민국,0.0,0.0,0.0,0.0,,,-0.8280786712108252,3,0.8280786712108252
56,석유수지,391110,2026.03,중국,베트남,대한민국,0.0,0.0,0.0,0.0,,,-0.8280786712108252,3,0.8280786712108252
56,석유수지,391110,2026.04,중국,베트남,대한민국,0.0,0.0,0.0,0.0,,,-0.8280786712108252,3,0.8280786712108252
59,탄소강과 그밖의 합금강 열간압연 후판제품,7208,2025.11,중국,아르헨티나,대한민국,0.0,0.0,0.0,0.0,,,-0.8116794499134279,0,0.8116794499134279
59,탄소강과 그밖의 합금강 열간압연 후판제품,7208,2025.12,중국,아르헨티나,대한민국,0.0,0.0,0.0,0.0,,,-0.8116794499134279,0,0.8116794499134279
59,탄소강과 그밖의 합금강 열간압연 후판제품,7208,2026.01,중국,아르헨티나,대한민국,0.0,0.0,0.0,0.0,,,-0.8116794499134279,0,0.8116794499134279
59,탄소강과 그밖의 합금강 열간압연 후판제품,7208,2026.02,중국,아르헨티나,대한민국,0.0,0.0,0.0,0.0,,,-0.8116794499134279,0,0.8116794499134279
59,탄소강과 그밖의 합금강 열간압연 후판제품,7208,2026.03,중국,아르헨티나,대한민국,0.0,0.0,0.0,0.0,,,-0.8116794499134279,0,0.8116794499134279
59,탄소강과 그밖의 합금강 열간압연 후판제품,7208,2026.04,중국,아르헨티나,대한민국,0.0,0.0,0.0,0.0,,,-0.8116794499134279,0,0.8116794499134279
59,탄소강과 그밖의 합금강 열간압연 후판제품,7208,2026.05,중국,아르헨티나,대한민국,0.0,0.0,0.0,0.0,,,-0.8116794499134279,0,0.8116794499134279
59,탄소강과 그밖의 합금강 열간압연 후판제품,7208,2026.06,중국,아르헨티나,대한민국,0.0,0.0,0.0,0.0,,,-0.8116794499134279,0,0.8116794499134279
59,탄소강과 그밖의 합금강 열간압연 후판제품,7208,2026.07,중국,아르헨티나,대한민국,0.0,0.0,0.0,0.0,,,-0.8116794499134279,0,0.8116794499134279
59,탄소강과 그밖의 합금강 열간압연 후판제품,7208,2025.11,중국,이탈리아,대한민국,0.0,0.0,0.0,0.0,,,-0.7775419143502353,0,0.7775419143502353
59,탄소강과 그밖의 합금강 열간압연 후판제품,7208,2025.12,중국,이탈리아,대한민국,0.0,0.0,0.0,0.0,,,-0.7775419143502353,0,0.7775419143502353
59,탄소강과 그밖의 합금강 열간압연 후판제품,7208,2026.01,중국,이탈리아,대한민국,0.0,0.0,0.0,0.0,,,-0.7775419143502353,0,0.7775419143502353
59,탄소강과 그밖의 합금강 열간압연 후판제품,7208,2026.02,중국,이탈리아,대한민국,0.0,0.0,0.0,0.0,,,-0.7775419143502353,0,0.7775419143502353
59,탄소강과 그밖의 합금강 열간압연 후판제품,7208,2026.03,중국,이탈리아,대한민국,0.0,0.0,0.0,0.0,,,-0.7775419143502353,0,0.7775419143502353
59,탄소강과 그밖의 합금강 열간압연 후판제품,7208,2026.04,중국,이탈리아,대한민국,0.0,0.0,0.0,0.0,,,-0.7775419143502353,0,0.7775419143502353
59,탄소강과 그밖의 합금강 열간압연 후판제품,7208,2026.05,중국,이탈리아,대한민국,0.0,0.0,0.0,0.0,,,-0.7775419143502353,0,0.7775419143502353
59,탄소강과 그밖의 합금강 열간압연 후판제품,7208,2026.06,중국,이탈리아,대한민국,0.0,0.0,0.0,0.0,,,-0.7775419143502353,0,0.7775419143502353
59,탄소강과 그밖의 합금강 열간압연 후판제품,7208,2026.07,중국,이탈리아,대한민국,0.0,0.0,0.0,0.0,,,-0.7775419143502353,0,0.7775419143502353
59,탄소강과 그밖의 합금강 열간압연 후판제품,7208,2025.11,중국,폴란드,대한민국,0.0,0.0,0.0,0.0,,,-0.7775419143502353,0,0.7775419143502353
59,탄소강과 그밖의 합금강 열간압연 후판제품,7208,2025.12,중국,폴란드,대한민국,0.0,0.0,0.0,0.0,,,-0.7775419143502353,0,0.7775419143502353
59,탄소강과 그밖의 합금강 열간압연 후판제품,7208,2026.01,중국,폴란드,대한민국,0.0,0.0,0.0,0.0,,,-0.7775419143502353,0,0.7775419143502353
59,탄소강과 그밖의 합금강 열간압연 후판제품,7208,2026.02,중국,폴란드,대한민국,0.0,0.0,0.0,0.0,,,-0.7775419143502353,0,0.7775419143502353
59,탄소강과 그밖의 합금강 열간압연 후판제품,7208,2026.03,중국,폴란드,대한민국,0.0,0.0,0.0,0.0,,,-0.7775419143502353,0,0.7775419143502353
59,탄소강과 그밖의 합금강 열간압연 후판제품,7208,2026.04,중국,폴란드,대한민국,0.0,0.0,0.0,0.0,,,-0.7775419143502353,0,0.7775419143502353
59,탄소강과 그밖의 합금강 열간압연 후판제품,7208,2026.05,중국,폴란드,대한민국,0.0,0.0,0.0,0.0,,,-0.7775419143502353,0,0.7775419143502353
59,탄소강과 그밖의 합금강 열간압연 후판제품,7208,2026.06,중국,폴란드,대한민국,0.0,0.0,0.0,0.0,,,-0.7775419143502353,0,0.7775419143502353
59,탄소강과 그밖의 합금강 열간압연 후판제품,7208,2026.07,중국,폴란드,대한민국,0.0,0.0,0.0,0.0,,,-0.7775419143502353,0,0.7775419143502353
6,스테인레스스틸바(2차재심),7222,2013.11,스페인,네덜란드,대한민국,458414.32,0.0,1651357.304,0.0,3.6023248662912626,,-0.8116794499134278,0,0.8116794499134278
6,스테인레스스틸바(2차재심),7222,2013.12,스페인,네덜란드,대한민국,295101.6,0.0,941126.36,0.0,3.189160478967244,,-0.8116794499134278,0,0.8116794499134278
6,스테인레스스틸바(2차재심),7222,2014.01,스페인,네덜란드,대한민국,1039208.0,0.0,3627985.04,0.0,3.4911057651596216,,-0.8116794499134278,0,0.8116794499134278
6,스테인레스스틸바(2차재심),7222,2014.02,스페인,네덜란드,대한민국,584942.24,0.0,2051371.344,0.0,3.506963942285994,,-0.8116794499134278,0,0.8116794499134278
6,스테인레스스틸바(2차재심),7222,2014.03,스페인,네덜란드,대한민국,1089694.72,0.0,4000566.512,0.0,3.671272732238255,,-0.8116794499134278,0,0.8116794499134278
6,스테인레스스틸바(2차재심),7222,2014.04,스페인,네덜란드,대한민국,302444.0,0.0,1015549.776,0.0,3.3578109534327014,,-0.8116794499134278,0,0.8116794499134278
6,스테인레스스틸바(2차재심),7222,2014.05,스페인,네덜란드,대한민국,1375811.2,0.0,5128557.488,0.0,3.72766080694793,,-0.8116794499134278,0,0.8116794499134278
6,스테인레스스틸바(2차재심),7222,2014.06,스페인,네덜란드,대한민국,436688.0,0.0,1601415.528,0.0,3.6671846444143186,,-0.8116794499134278,0,0.8116794499134278
6,스테인레스스틸바(2차재심),7222,2014.07,스페인,네덜란드,대한민국,191488.4,0.0,685506.0,0.0,3.5798826456328428,,-0.8116794499134278,0,0.8116794499134278
6,스테인레스스틸바(2차재심),7222,2013.11,스페인,노르웨이,대한민국,21536.0,0.0,59761.632,0.0,2.774964338781575,,-0.7826908981308054,3,0.7826908981308054
6,스테인레스스틸바(2차재심),7222,2013.12,스페인,노르웨이,대한민국,0.0,0.0,0.0,0.0,,,-0.7826908981308054,3,0.7826908981308054
6,스테인레스스틸바(2차재심),7222,2014.01,스페인,노르웨이,대한민국,184432.0,0.0,509942.856,0.0,2.7649369740609004,,-0.7826908981308054,3,0.7826908981308054
6,스테인레스스틸바(2차재심),7222,2014.02,스페인,노르웨이,대한민국,0.0,0.0,0.0,0.0,,,-0.7826908981308054,3,0.7826908981308054
6,스테인레스스틸바(2차재심),7222,2014.03,스페인,노르웨이,대한민국,0.0,0.0,0.0,0.0,,,-0.7826908981308054,3,0.7826908981308054
6,스테인레스스틸바(2차재심),7222,2014.04,스페인,노르웨이,대한민국,271896.0,0.0,805161.872,0.0,2.9612861976638127,,-0.7826908981308054,3,0.7826908981308054
6,스테인레스스틸바(2차재심),7222,2014.05,스페인,노르웨이,대한민국,246976.0,0.0,728570.152,0.0,2.9499633648613632,,-0.7826908981308054,3,0.7826908981308054
6,스테인레스스틸바(2차재심),7222,2014.06,스페인,노르웨이,대한민국,0.0,0.0,0.0,0.0,,,-0.7826908981308054,3,0.7826908981308054
6,스테인레스스틸바(2차재심),7222,2014.07,스페인,노르웨이,대한민국,40840.0,0.0,264199.072,0.0,6.469125171400587,,-0.7826908981308054,3,0.7826908981308054
6,스테인레스스틸바(2차재심),7222,2013.11,스페인,베트남,대한민국,0.0,0.0,0.0,0.0,,,-0.8116794499134278,1,0.8116794499134278
6,스테인레스스틸바(2차재심),7222,2013.12,스페인,베트남,대한민국,0.0,0.0,0.0,0.0,,,-0.8116794499134278,1,0.8116794499134278
6,스테인레스스틸바(2차재심),7222,2014.01,스페인,베트남,대한민국,0.0,0.0,0.0,0.0,,,-0.8116794499134278,1,0.8116794499134278
6,스테인레스스틸바(2차재심),7222,2014.02,스페인,베트남,대한민국,0.0,0.0,0.0,0.0,,,-0.8116794499134278,1,0.8116794499134278
6,스테인레스스틸바(2차재심),7222,2014.03,스페인,베트남,대한민국,0.0,0.0,0.0,0.0,,,-0.8116794499134278,1,0.8116794499134278
6,스테인레스스틸바(2차재심),7222,2014.04,스페인,베트남,대한민국,0.0,0.0,0.0,0.0,,,-0.8116794499134278,1,0.8116794499134278
6,스테인레스스틸바(2차재심),7222,2014.05,스페인,베트남,대한민국,0.0,0.0,0.0,0.0,,,-0.8116794499134278,1,0.8116794499134278
6,스테인레스스틸바(2차재심),7222,2014.06,스페인,베트남,대한민국,0.0,0.0,0.0,0.0,,,-0.8116794499134278,1,0.8116794499134278
6,스테인레스스틸바(2차재심),7222,2014.07,스페인,베트남,대한민국,0.0,0.0,0.0,0.0,,,-0.8116794499134278,1,0.8116794499134278
6,스테인레스스틸바(2차재심),7222,2013.11,스페인,중국,대한민국,784.0,0.0,18052.148,0.0,23.025698979591837,,-0.9276336570439174,1,0.9276336570439174
6,스테인레스스틸바(2차재심),7222,2013.12,스페인,중국,대한민국,112.0,0.0,4816.24,0.0,43.00214285714286,,-0.9276336570439174,1,0.9276336570439174
6,스테인레스스틸바(2차재심),7222,2014.01,스페인,중국,대한민국,0.0,0.0,0.0,0.0,,,-0.9276336570439174,1,0.9276336570439174
6,스테인레스스틸바(2차재심),7222,2014.02,스페인,중국,대한민국,0.0,0.0,0.0,0.0,,,-0.9276336570439174,1,0.9276336570439174
6,스테인레스스틸바(2차재심),7222,2014.03,스페인,중국,대한민국,0.0,0.0,0.0,0.0,,,-0.9276336570439174,1,0.9276336570439174
6,스테인레스스틸바(2차재심),7222,2014.04,스페인,중국,대한민국,124288.0,0.0,437761.488,0.0,3.5221540937178166,,-0.9276336570439174,1,0.9276336570439174
6,스테인레스스틸바(2차재심),7222,2014.05,스페인,중국,대한민국,1271504.0,0.0,3816334.712,0.0,3.0014335086637556,,-0.9276336570439174,1,0.9276336570439174
6,스테인레스스틸바(2차재심),7222,2014.06,스페인,중국,대한민국,5346168.0,0.0,16823082.632,0.0,3.146755326806041,,-0.9276336570439174,1,0.9276336570439174
6,스테인레스스틸바(2차재심),7222,2014.07,스페인,중국,대한민국,2221256.0,0.0,6443936.872,0.0,2.901032961531674,,-0.9276336570439174,1,0.9276336570439174
6,스테인레스스틸바(2차재심),7222,2013.11,인도,대만,대한민국,0.0,1068170.0,0.0,3021199.16,,2.8283879532284186,-0.942857142857143,1,0.942857142857143
6,스테인레스스틸바(2차재심),7222,2013.12,인도,대만,대한민국,0.0,974000.0,0.0,2859416.067,,2.9357454486652976,-0.942857142857143,1,0.942857142857143
6,스테인레스스틸바(2차재심),7222,2014.01,인도,대만,대한민국,0.0,878238.0,0.0,2578523.298,,2.9360188217772403,-0.942857142857143,1,0.942857142857143
6,스테인레스스틸바(2차재심),7222,2014.02,인도,대만,대한민국,0.0,1118777.0,0.0,2995522.484,,2.677497377940376,-0.942857142857143,1,0.942857142857143
6,스테인레스스틸바(2차재심),7222,2014.03,인도,대만,대한민국,0.0,911345.0,0.0,2637623.065,,2.8942091798385903,-0.942857142857143,1,0.942857142857143
6,스테인레스스틸바(2차재심),7222,2014.04,인도,대만,대한민국,0.0,992100.0,0.0,2670061.37,,2.691322820280214,-0.942857142857143,1,0.942857142857143
6,스테인레스스틸바(2차재심),7222,2014.05,인도,대만,대한민국,0.0,881000.0,0.0,2491398.895,,2.8279215607264474,-0.942857142857143,1,0.942857142857143
6,스테인레스스틸바(2차재심),7222,2014.06,인도,대만,대한민국,0.0,764495.0,0.0,2093169.253,,2.7379763804864647,-0.942857142857143,1,0.942857142857143
6,스테인레스스틸바(2차재심),7222,2014.07,인도,대만,대한민국,0.0,1710268.0,0.0,5208105.098,,3.045198236767571,-0.942857142857143,1,0.942857142857143
6,스테인레스스틸바(2차재심),7222,2013.11,인도,미국,대한민국,1742416.0,1068170.0,5681306.49,3021199.16,3.2605913226233003,2.8283879532284186,-0.8857142857142858,2,0.8857142857142858
6,스테인레스스틸바(2차재심),7222,2013.12,인도,미국,대한민국,2072730.0,974000.0,6836372.555,2859416.067,3.298245577089153,2.9357454486652976,-0.8857142857142858,2,0.8857142857142858
6,스테인레스스틸바(2차재심),7222,2014.01,인도,미국,대한민국,1736031.0,878238.0,6042126.25,2578523.298,3.4804253207460003,2.9360188217772403,-0.8857142857142858,2,0.8857142857142858
6,스테인레스스틸바(2차재심),7222,2014.02,인도,미국,대한민국,1900712.0,1118777.0,6700244.634,2995522.484,3.5251235505431646,2.677497377940376,-0.8857142857142858,2,0.8857142857142858
6,스테인레스스틸바(2차재심),7222,2014.03,인도,미국,대한민국,1952365.0,911345.0,6785517.037,2637623.065,3.475537123949671,2.8942091798385903,-0.8857142857142858,2,0.8857142857142858
6,스테인레스스틸바(2차재심),7222,2014.04,인도,미국,대한민국,1335242.0,992100.0,4212308.164,2670061.37,3.1547151482652582,2.691322820280214,-0.8857142857142858,2,0.8857142857142858
6,스테인레스스틸바(2차재심),7222,2014.05,인도,미국,대한민국,2048930.0,881000.0,6904978.832,2491398.895,3.3700413542678374,2.8279215607264474,-0.8857142857142858,2,0.8857142857142858
6,스테인레스스틸바(2차재심),7222,2014.06,인도,미국,대한민국,1831211.0,764495.0,5785247.589,2093169.253,3.1592468530387814,2.7379763804864647,-0.8857142857142858,2,0.8857142857142858
6,스테인레스스틸바(2차재심),7222,2014.07,인도,미국,대한민국,2404771.0,1710268.0,9104342.028,5208105.098,3.785949692507104,3.045198236767571,-0.8857142857142858,2,0.8857142857142858
6,스테인레스스틸바(2차재심),7222,2013.11,인도,스웨덴,대한민국,0.0,1068170.0,0.0,3021199.16,,2.8283879532284186,-0.942857142857143,3,0.942857142857143
6,스테인레스스틸바(2차재심),7222,2013.12,인도,스웨덴,대한민국,0.0,974000.0,0.0,2859416.067,,2.9357454486652976,-0.942857142857143,3,0.942857142857143
6,스테인레스스틸바(2차재심),7222,2014.01,인도,스웨덴,대한민국,20100.0,878238.0,67106.679,2578523.298,3.338640746268657,2.9360188217772403,-0.942857142857143,3,0.942857142857143
6,스테인레스스틸바(2차재심),7222,2014.02,인도,스웨덴,대한민국,0.0,1118777.0,0.0,2995522.484,,2.677497377940376,-0.942857142857143,3,0.942857142857143
6,스테인레스스틸바(2차재심),7222,2014.03,인도,스웨덴,대한민국,0.0,911345.0,0.0,2637623.065,,2.8942091798385903,-0.942857142857143,3,0.942857142857143
6,스테인레스스틸바(2차재심),7222,2014.04,인도,스웨덴,대한민국,0.0,992100.0,0.0,2670061.37,,2.691322820280214,-0.942857142857143,3,0.942857142857143
6,스테인레스스틸바(2차재심),7222,2014.05,인도,스웨덴,대한민국,0.0,881000.0,0.0,2491398.895,,2.8279215607264474,-0.942857142857143,3,0.942857142857143
6,스테인레스스틸바(2차재심),7222,2014.06,인도,스웨덴,대한민국,6383.0,764495.0,21861.285,2093169.253,3.4249232335892215,2.7379763804864647,-0.942857142857143,3,0.942857142857143
6,스테인레스스틸바(2차재심),7222,2014.07,인도,스웨덴,대한민국,0.0,1710268.0,0.0,5208105.098,,3.045198236767571,-0.942857142857143,3,0.942857142857143
6,스테인레스스틸바(2차재심),7222,2013.11,인도,오스트리아,대한민국,0.0,1068170.0,0.0,3021199.16,,2.8283879532284186,-0.8285714285714287,3,0.8285714285714287
6,스테인레스스틸바(2차재심),7222,2013.12,인도,오스트리아,대한민국,74000.0,974000.0,231309.012,2859416.067,3.1257974594594593,2.9357454486652976,-0.8285714285714287,3,0.8285714285714287
6,스테인레스스틸바(2차재심),7222,2014.01,인도,오스트리아,대한민국,15000.0,878238.0,42184.542,2578523.298,2.8123028,2.9360188217772403,-0.8285714285714287,3,0.8285714285714287
6,스테인레스스틸바(2차재심),7222,2014.02,인도,오스트리아,대한민국,43000.0,1118777.0,125094.553,2995522.484,2.9091756511627906,2.677497377940376,-0.8285714285714287,3,0.8285714285714287
6,스테인레스스틸바(2차재심),7222,2014.03,인도,오스트리아,대한민국,5000.0,911345.0,14889.823,2637623.065,2.9779646,2.8942091798385903,-0.8285714285714287,3,0.8285714285714287
6,스테인레스스틸바(2차재심),7222,2014.04,인도,오스트리아,대한민국,4000.0,992100.0,13659.471,2670061.37,3.41486775,2.691322820280214,-0.8285714285714287,3,0.8285714285714287
6,스테인레스스틸바(2차재심),7222,2014.05,인도,오스트리아,대한민국,0.0,881000.0,0.0,2491398.895,,2.8279215607264474,-0.8285714285714287,3,0.8285714285714287
6,스테인레스스틸바(2차재심),7222,2014.06,인도,오스트리아,대한민국,4000.0,764495.0,14592.947,2093169.253,3.64823675,2.7379763804864647,-0.8285714285714287,3,0.8285714285714287
6,스테인레스스틸바(2차재심),7222,2014.07,인도,오스트리아,대한민국,1000.0,1710268.0,4076.569,5208105.098,4.076569,3.045198236767571,-0.8285714285714287,3,0.8285714285714287
6,스테인레스스틸바(2차재심),7222,2013.11,인도,중국,대한민국,31701.0,1068170.0,134585.652,3021199.16,4.245470237531939,2.8283879532284186,-0.8857142857142858,3,0.8857142857142858
6,스테인레스스틸바(2차재심),7222,2013.12,인도,중국,대한민국,16001.0,974000.0,48488.482,2859416.067,3.030340728704456,2.9357454486652976,-0.8857142857142858,3,0.8857142857142858
6,스테인레스스틸바(2차재심),7222,2014.01,인도,중국,대한민국,41094.0,878238.0,209675.066,2578523.298,5.102327979753735,2.9360188217772403,-0.8857142857142858,3,0.8857142857142858
6,스테인레스스틸바(2차재심),7222,2014.02,인도,중국,대한민국,9823.0,1118777.0,59979.122,2995522.484,6.105988190980352,2.677497377940376,-0.8857142857142858,3,0.8857142857142858
6,스테인레스스틸바(2차재심),7222,2014.03,인도,중국,대한민국,25972.0,911345.0,137135.556,2637623.065,5.280130756198984,2.8942091798385903,-0.8857142857142858,3,0.8857142857142858
6,스테인레스스틸바(2차재심),7222,2014.04,인도,중국,대한민국,15728.0,992100.0,94938.202,2670061.37,6.036253942014242,2.691322820280214,-0.8857142857142858,3,0.8857142857142858
6,스테인레스스틸바(2차재심),7222,2014.05,인도,중국,대한민국,37718.0,881000.0,119328.951,2491398.895,3.163713638050798,2.8279215607264474,-0.8857142857142858,3,0.8857142857142858
6,스테인레스스틸바(2차재심),7222,2014.06,인도,중국,대한민국,88704.0,764495.0,363324.604,2093169.253,4.095921311327562,2.7379763804864647,-0.8857142857142858,3,0.8857142857142858
6,스테인레스스틸바(2차재심),7222,2014.07,인도,중국,대한민국,95753.0,1710268.0,324756.868,5208105.098,3.3916103725209656,3.045198236767571,-0.8857142857142858,3,0.8857142857142858
6,스테인레스스틸바(2차재심),7222,2013.11,일본,싱가포르,대한민국,123243.0,424466.0,591790.155,2010934.112,4.801815559504394,4.7375622829625925,-0.7714285714285715,0,0.7714285714285715
6,스테인레스스틸바(2차재심),7222,2013.12,일본,싱가포르,대한민국,270119.0,453200.0,1140634.52,2331582.05,4.222711175444896,5.144708848190644,-0.7714285714285715,0,0.7714285714285715
6,스테인레스스틸바(2차재심),7222,2014.01,일본,싱가포르,대한민국,88926.0,438493.0,425623.419,2186978.373,4.786265198029822,4.987487537999467,-0.7714285714285715,0,0.7714285714285715
6,스테인레스스틸바(2차재심),7222,2014.02,일본,싱가포르,대한민국,318745.0,737230.0,1470536.532,3813371.574,4.613520312475489,5.172567006226008,-0.7714285714285715,0,0.7714285714285715
6,스테인레스스틸바(2차재심),7222,2014.03,일본,싱가포르,대한민국,242712.0,497383.0,1103329.964,2655763.468,4.545840189195425,5.339473741563342,-0.7714285714285715,0,0.7714285714285715
6,스테인레스스틸바(2차재심),7222,2014.04,일본,싱가포르,대한민국,234808.0,599529.0,932772.75,2928900.0,3.9724913546386835,4.885334987965553,-0.7714285714285715,0,0.7714285714285715
6,스테인레스스틸바(2차재심),7222,2014.05,일본,싱가포르,대한민국,191628.0,404053.0,910557.088,2099781.76,4.751691235101342,5.196797845827156,-0.7714285714285715,0,0.7714285714285715
6,스테인레스스틸바(2차재심),7222,2014.06,일본,싱가포르,대한민국,189277.0,654005.0,883673.82,2788756.204,4.668680399625945,4.264120616814856,-0.7714285714285715,0,0.7714285714285715
6,스테인레스스틸바(2차재심),7222,2014.07,일본,싱가포르,대한민국,229472.0,537030.0,1085780.43,2563757.7,4.731646693278482,4.7739562035640475,-0.7714285714285715,0,0.7714285714285715
6,스테인레스스틸바(2차재심),7222,2013.11,일본,이탈리아,대한민국,307.0,424466.0,15071.584,2010934.112,49.09310749185668,4.7375622829625925,-0.8285714285714287,1,0.8285714285714287
6,스테인레스스틸바(2차재심),7222,2013.12,일본,이탈리아,대한민국,0.0,453200.0,0.0,2331582.05,,5.144708848190644,-0.8285714285714287,1,0.8285714285714287
6,스테인레스스틸바(2차재심),7222,2014.01,일본,이탈리아,대한민국,0.0,438493.0,0.0,2186978.373,,4.987487537999467,-0.8285714285714287,1,0.8285714285714287
6,스테인레스스틸바(2차재심),7222,2014.02,일본,이탈리아,대한민국,0.0,737230.0,0.0,3813371.574,,5.172567006226008,-0.8285714285714287,1,0.8285714285714287
6,스테인레스스틸바(2차재심),7222,2014.03,일본,이탈리아,대한민국,69.0,497383.0,2982.29,2655763.468,43.22159420289855,5.339473741563342,-0.8285714285714287,1,0.8285714285714287
6,스테인레스스틸바(2차재심),7222,2014.04,일본,이탈리아,대한민국,0.0,599529.0,0.0,2928900.0,,4.885334987965553,-0.8285714285714287,1,0.8285714285714287
6,스테인레스스틸바(2차재심),7222,2014.05,일본,이탈리아,대한민국,310.0,404053.0,10374.144,2099781.76,33.46498064516129,5.196797845827156,-0.8285714285714287,1,0.8285714285714287
6,스테인레스스틸바(2차재심),7222,2014.06,일본,이탈리아,대한민국,92.0,654005.0,4429.148,2788756.204,48.14291304347826,4.264120616814856,-0.8285714285714287,1,0.8285714285714287
6,스테인레스스틸바(2차재심),7222,2014.07,일본,이탈리아,대한민국,0.0,537030.0,0.0,2563757.7,,4.7739562035640475,-0.8285714285714287,1,0.8285714285714287
6,스테인레스스틸바(2차재심),7222,2013.11,일본,필리핀,대한민국,191954.0,424466.0,965413.119,2010934.112,5.029398288131532,4.7375622829625925,-0.8451542547285166,3,0.8451542547285166
6,스테인레스스틸바(2차재심),7222,2013.12,일본,필리핀,대한민국,182883.0,453200.0,841512.41,2331582.05,4.601370329664321,5.144708848190644,-0.8451542547285166,3,0.8451542547285166
6,스테인레스스틸바(2차재심),7222,2014.01,일본,필리핀,대한민국,138627.0,438493.0,562895.847,2186978.373,4.060506589625398,4.987487537999467,-0.8451542547285166,3,0.8451542547285166
6,스테인레스스틸바(2차재심),7222,2014.02,일본,필리핀,대한민국,151453.0,737230.0,852977.31,3813371.574,5.6319604761873325,5.172567006226008,-0.8451542547285166,3,0.8451542547285166
6,스테인레스스틸바(2차재심),7222,2014.03,일본,필리핀,대한민국,138842.0,497383.0,697523.408,2655763.468,5.023864594287032,5.339473741563342,-0.8451542547285166,3,0.8451542547285166
6,스테인레스스틸바(2차재심),7222,2014.04,일본,필리핀,대한민국,150686.0,599529.0,731796.0,2928900.0,4.856429927133244,4.885334987965553,-0.8451542547285166,3,0.8451542547285166
6,스테인레스스틸바(2차재심),7222,2014.05,일본,필리핀,대한민국,207302.0,404053.0,1016459.808,2099781.76,4.903280277083675,5.196797845827156,-0.8451542547285166,3,0.8451542547285166
6,스테인레스스틸바(2차재심),7222,2014.06,일본,필리핀,대한민국,176119.0,654005.0,881714.02,2788756.204,5.0063537721654106,4.264120616814856,-0.8451542547285166,3,0.8451542547285166
6,스테인레스스틸바(2차재심),7222,2014.07,일본,필리핀,대한민국,132859.0,537030.0,687278.55,2563757.7,5.172992044197232,4.7739562035640475,-0.8451542547285166,3,0.8451542547285166
7,합판,4412,2013.11,중국,오스트리아,대한민국,0.0,0.0,0.0,0.0,,,-0.8285714285714287,3,0.8285714285714287
7,합판,4412,2013.12,중국,오스트리아,대한민국,0.0,0.0,0.0,0.0,,,-0.8285714285714287,3,0.8285714285714287
7,합판,4412,2014.01,중국,오스트리아,대한민국,0.0,0.0,0.0,0.0,,,-0.8285714285714287,3,0.8285714285714287
7,합판,4412,2014.02,중국,오스트리아,대한민국,0.0,0.0,0.0,0.0,,,-0.8285714285714287,3,0.8285714285714287
7,합판,4412,2014.03,중국,오스트리아,대한민국,0.0,0.0,0.0,0.0,,,-0.8285714285714287,3,0.8285714285714287
7,합판,4412,2014.04,중국,오스트리아,대한민국,0.0,0.0,0.0,0.0,,,-0.8285714285714287,3,0.8285714285714287
7,합판,4412,2014.05,중국,오스트리아,대한민국,0.0,0.0,0.0,0.0,,,-0.8285714285714287,3,0.8285714285714287
7,합판,4412,2014.06,중국,오스트리아,대한민국,0.0,0.0,0.0,0.0,,,-0.8285714285714287,3,0.8285714285714287
7,합판,4412,2014.07,중국,오스트리아,대한민국,0.0,0.0,0.0,0.0,,,-0.8285714285714287,3,0.8285714285714287
7,합판,4412,2013.11,중국,우루과이,대한민국,0.0,0.0,0.0,0.0,,,-0.8451542547285166,0,0.8451542547285166
7,합판,4412,2013.12,중국,우루과이,대한민국,0.0,0.0,0.0,0.0,,,-0.8451542547285166,0,0.8451542547285166
7,합판,4412,2014.01,중국,우루과이,대한민국,0.0,0.0,0.0,0.0,,,-0.8451542547285166,0,0.8451542547285166
7,합판,4412,2014.02,중국,우루과이,대한민국,0.0,0.0,0.0,0.0,,,-0.8451542547285166,0,0.8451542547285166
7,합판,4412,2014.03,중국,우루과이,대한민국,0.0,0.0,0.0,0.0,,,-0.8451542547285166,0,0.8451542547285166
7,합판,4412,2014.04,중국,우루과이,대한민국,0.0,0.0,0.0,0.0,,,-0.8451542547285166,0,0.8451542547285166
7,합판,4412,2014.05,중국,우루과이,대한민국,0.0,0.0,0.0,0.0,,,-0.8451542547285166,0,0.8451542547285166
7,합판,4412,2014.06,중국,우루과이,대한민국,0.0,0.0,0.0,0.0,,,-0.8451542547285166,0,0.8451542547285166
7,합판,4412,2014.07,중국,우루과이,대한민국,0.0,0.0,0.0,0.0,,,-0.8451542547285166,0,0.8451542547285166
7,합판,4412,2013.11,중국,인도,대한민국,0.0,0.0,0.0,0.0,,,-0.8451542547285166,3,0.8451542547285166
7,합판,4412,2013.12,중국,인도,대한민국,0.0,0.0,0.0,0.0,,,-0.8451542547285166,3,0.8451542547285166
7,합판,4412,2014.01,중국,인도,대한민국,0.0,0.0,0.0,0.0,,,-0.8451542547285166,3,0.8451542547285166
7,합판,4412,2014.02,중국,인도,대한민국,0.0,0.0,0.0,0.0,,,-0.8451542547285166,3,0.8451542547285166
7,합판,4412,2014.03,중국,인도,대한민국,0.0,0.0,0.0,0.0,,,-0.8451542547285166,3,0.8451542547285166
7,합판,4412,2014.04,중국,인도,대한민국,0.0,0.0,0.0,0.0,,,-0.8451542547285166,3,0.8451542547285166
7,합판,4412,2014.05,중국,인도,대한민국,0.0,0.0,0.0,0.0,,,-0.8451542547285166,3,0.8451542547285166
7,합판,4412,2014.06,중국,인도,대한민국,0.0,0.0,0.0,0.0,,,-0.8451542547285166,3,0.8451542547285166
7,합판,4412,2014.07,중국,인도,대한민국,0.0,0.0,0.0,0.0,,,-0.8451542547285166,3,0.8451542547285166
7,합판,4412,2013.11,중국,필리핀,대한민국,0.0,0.0,0.0,0.0,,,-0.8451542547285166,0,0.8451542547285166
7,합판,4412,2013.12,중국,필리핀,대한민국,0.0,0.0,0.0,0.0,,,-0.8451542547285166,0,0.8451542547285166
7,합판,4412,2014.01,중국,필리핀,대한민국,0.0,0.0,0.0,0.0,,,-0.8451542547285166,0,0.8451542547285166
7,합판,4412,2014.02,중국,필리핀,대한민국,0.0,0.0,0.0,0.0,,,-0.8451542547285166,0,0.8451542547285166
7,합판,4412,2014.03,중국,필리핀,대한민국,0.0,0.0,0.0,0.0,,,-0.8451542547285166,0,0.8451542547285166
7,합판,4412,2014.04,중국,필리핀,대한민국,0.0,0.0,0.0,0.0,,,-0.8451542547285166,0,0.8451542547285166
7,합판,4412,2014.05,중국,필리핀,대한민국,0.0,0.0,0.0,0.0,,,-0.8451542547285166,0,0.8451542547285166
7,합판,4412,2014.06,중국,필리핀,대한민국,0.0,0.0,0.0,0.0,,,-0.8451542547285166,0,0.8451542547285166
7,합판,4412,2014.07,중국,필리핀,대한민국,0.0,0.0,0.0,0.0,,,-0.8451542547285166,0,0.8451542547285166
8,폴리에스테르 장섬유 연신가공사(2차재심),5402,2013.12,대만,벨라루스,대한민국,0.0,0.0,0.0,0.0,,,-0.7775419143502353,1,0.7775419143502353
8,폴리에스테르 장섬유 연신가공사(2차재심),5402,2014.01,대만,벨라루스,대한민국,0.0,0.0,0.0,0.0,,,-0.7775419143502353,1,0.7775419143502353
8,폴리에스테르 장섬유 연신가공사(2차재심),5402,2014.02,대만,벨라루스,대한민국,0.0,0.0,0.0,0.0,,,-0.7775419143502353,1,0.7775419143502353
8,폴리에스테르 장섬유 연신가공사(2차재심),5402,2014.03,대만,벨라루스,대한민국,0.0,0.0,0.0,0.0,,,-0.7775419143502353,1,0.7775419143502353
8,폴리에스테르 장섬유 연신가공사(2차재심),5402,2014.04,대만,벨라루스,대한민국,0.0,0.0,0.0,0.0,,,-0.7775419143502353,1,0.7775419143502353
8,폴리에스테르 장섬유 연신가공사(2차재심),5402,2014.05,대만,벨라루스,대한민국,0.0,0.0,0.0,0.0,,,-0.7775419143502353,1,0.7775419143502353
8,폴리에스테르 장섬유 연신가공사(2차재심),5402,2014.06,대만,벨라루스,대한민국,0.0,0.0,0.0,0.0,,,-0.7775419143502353,1,0.7775419143502353
8,폴리에스테르 장섬유 연신가공사(2차재심),5402,2014.07,대만,벨라루스,대한민국,0.0,0.0,0.0,0.0,,,-0.7775419143502353,1,0.7775419143502353
8,폴리에스테르 장섬유 연신가공사(2차재심),5402,2014.08,대만,벨라루스,대한민국,0.0,0.0,0.0,0.0,,,-0.7775419143502353,1,0.7775419143502353
8,폴리에스테르 장섬유 연신가공사(2차재심),5402,2013.12,대만,스페인,대한민국,0.0,0.0,0.0,0.0,,,-0.8285714285714287,3,0.8285714285714287
8,폴리에스테르 장섬유 연신가공사(2차재심),5402,2014.01,대만,스페인,대한민국,0.0,0.0,0.0,0.0,,,-0.8285714285714287,3,0.8285714285714287
8,폴리에스테르 장섬유 연신가공사(2차재심),5402,2014.02,대만,스페인,대한민국,0.0,0.0,0.0,0.0,,,-0.8285714285714287,3,0.8285714285714287
8,폴리에스테르 장섬유 연신가공사(2차재심),5402,2014.03,대만,스페인,대한민국,0.0,0.0,0.0,0.0,,,-0.8285714285714287,3,0.8285714285714287
8,폴리에스테르 장섬유 연신가공사(2차재심),5402,2014.04,대만,스페인,대한민국,0.0,0.0,0.0,0.0,,,-0.8285714285714287,3,0.8285714285714287
8,폴리에스테르 장섬유 연신가공사(2차재심),5402,2014.05,대만,스페인,대한민국,0.0,0.0,0.0,0.0,,,-0.8285714285714287,3,0.8285714285714287
8,폴리에스테르 장섬유 연신가공사(2차재심),5402,2014.06,대만,스페인,대한민국,0.0,0.0,0.0,0.0,,,-0.8285714285714287,3,0.8285714285714287
8,폴리에스테르 장섬유 연신가공사(2차재심),5402,2014.07,대만,스페인,대한민국,0.0,0.0,0.0,0.0,,,-0.8285714285714287,3,0.8285714285714287
8,폴리에스테르 장섬유 연신가공사(2차재심),5402,2014.08,대만,스페인,대한민국,0.0,0.0,0.0,0.0,,,-0.8285714285714287,3,0.8285714285714287
8,폴리에스테르 장섬유 연신가공사(2차재심),5402,2013.12,말레이시아,독일,대한민국,510607.64,5378977.43,1034505.719,8437787.571,2.026028672426445,1.5686601553559598,-0.7714285714285715,1,0.7714285714285715
8,폴리에스테르 장섬유 연신가공사(2차재심),5402,2014.01,말레이시아,독일,대한민국,344156.9,7107936.14,668296.987,11312080.581,1.9418381180211697,1.5914718925710551,-0.7714285714285715,1,0.7714285714285715
8,폴리에스테르 장섬유 연신가공사(2차재심),5402,2014.02,말레이시아,독일,대한민국,686363.9,6176366.73,1413842.471,9753736.624,2.0599021466601024,1.5792029603138542,-0.7714285714285715,1,0.7714285714285715
8,폴리에스테르 장섬유 연신가공사(2차재심),5402,2014.03,말레이시아,독일,대한민국,626454.89,5521932.34,1219223.377,8564983.225,1.9462269294441936,1.5510844207482628,-0.7714285714285715,1,0.7714285714285715
8,폴리에스테르 장섬유 연신가공사(2차재심),5402,2014.04,말레이시아,독일,대한민국,515137.1,6166526.82,1044406.25,9796524.429,2.0274335705970317,1.5886616104914628,-0.7714285714285715,1,0.7714285714285715
8,폴리에스테르 장섬유 연신가공사(2차재심),5402,2014.05,말레이시아,독일,대한민국,573588.9,6850185.95,1127815.617,10691252.582,1.9662437976048701,1.5607244328893,-0.7714285714285715,1,0.7714285714285715
8,폴리에스테르 장섬유 연신가공사(2차재심),5402,2014.06,말레이시아,독일,대한민국,490507.84,5722928.27,986121.589,9022473.699,2.0104094340265792,1.57654845095586,-0.7714285714285715,1,0.7714285714285715
8,폴리에스테르 장섬유 연신가공사(2차재심),5402,2014.07,말레이시아,독일,대한민국,0.0,0.0,0.0,0.0,,,-0.7714285714285715,1,0.7714285714285715
8,폴리에스테르 장섬유 연신가공사(2차재심),5402,2014.08,말레이시아,독일,대한민국,651201.64,4809233.57,1303578.207,8033061.53,2.001804244534765,1.6703413159448606,-0.7714285714285715,1,0.7714285714285715
8,폴리에스테르 장섬유 연신가공사(2차재심),5402,2013.12,말레이시아,베트남,대한민국,832701.1,5378977.43,1335495.56,8437787.571,1.6038114516721547,1.5686601553559598,-0.7714285714285715,2,0.7714285714285715
8,폴리에스테르 장섬유 연신가공사(2차재심),5402,2014.01,말레이시아,베트남,대한민국,1273224.7,7107936.14,2046295.673,11312080.581,1.6071756014472545,1.5914718925710551,-0.7714285714285715,2,0.7714285714285715
8,폴리에스테르 장섬유 연신가공사(2차재심),5402,2014.02,말레이시아,베트남,대한민국,1336028.15,6176366.73,2168835.884,9753736.624,1.623345948212244,1.5792029603138542,-0.7714285714285715,2,0.7714285714285715
8,폴리에스테르 장섬유 연신가공사(2차재심),5402,2014.03,말레이시아,베트남,대한민국,1286554.95,5521932.34,2031961.897,8564983.225,1.5793821297722264,1.5510844207482628,-0.7714285714285715,2,0.7714285714285715
8,폴리에스테르 장섬유 연신가공사(2차재심),5402,2014.04,말레이시아,베트남,대한민국,1120887.86,6166526.82,1739294.586,9796524.429,1.5517115030579418,1.5886616104914628,-0.7714285714285715,2,0.7714285714285715
8,폴리에스테르 장섬유 연신가공사(2차재심),5402,2014.05,말레이시아,베트남,대한민국,1053073.6,6850185.95,1656435.726,10691252.582,1.5729534250977328,1.5607244328893,-0.7714285714285715,2,0.7714285714285715
8,폴리에스테르 장섬유 연신가공사(2차재심),5402,2014.06,말레이시아,베트남,대한민국,1623157.63,5722928.27,2511901.139,9022473.699,1.5475398646279352,1.57654845095586,-0.7714285714285715,2,0.7714285714285715
8,폴리에스테르 장섬유 연신가공사(2차재심),5402,2014.07,말레이시아,베트남,대한민국,0.0,0.0,0.0,0.0,,,-0.7714285714285715,2,0.7714285714285715
8,폴리에스테르 장섬유 연신가공사(2차재심),5402,2014.08,말레이시아,베트남,대한민국,1742318.63,4809233.57,2715255.726,8033061.53,1.5584151367307597,1.6703413159448606,-0.7714285714285715,2,0.7714285714285715
8,폴리에스테르 장섬유 연신가공사(2차재심),5402,2013.12,말레이시아,벨라루스,대한민국,0.0,5378977.43,0.0,8437787.571,,1.5686601553559598,-0.8451542547285166,2,0.8451542547285166
8,폴리에스테르 장섬유 연신가공사(2차재심),5402,2014.01,말레이시아,벨라루스,대한민국,0.0,7107936.14,0.0,11312080.581,,1.5914718925710551,-0.8451542547285166,2,0.8451542547285166
8,폴리에스테르 장섬유 연신가공사(2차재심),5402,2014.02,말레이시아,벨라루스,대한민국,0.0,6176366.73,0.0,9753736.624,,1.5792029603138542,-0.8451542547285166,2,0.8451542547285166
8,폴리에스테르 장섬유 연신가공사(2차재심),5402,2014.03,말레이시아,벨라루스,대한민국,0.0,5521932.34,0.0,8564983.225,,1.5510844207482628,-0.8451542547285166,2,0.8451542547285166
8,폴리에스테르 장섬유 연신가공사(2차재심),5402,2014.04,말레이시아,벨라루스,대한민국,0.0,6166526.82,0.0,9796524.429,,1.5886616104914628,-0.8451542547285166,2,0.8451542547285166
8,폴리에스테르 장섬유 연신가공사(2차재심),5402,2014.05,말레이시아,벨라루스,대한민국,0.0,6850185.95,0.0,10691252.582,,1.5607244328893,-0.8451542547285166,2,0.8451542547285166
8,폴리에스테르 장섬유 연신가공사(2차재심),5402,2014.06,말레이시아,벨라루스,대한민국,0.0,5722928.27,0.0,9022473.699,,1.57654845095586,-0.8451542547285166,2,0.8451542547285166
8,폴리에스테르 장섬유 연신가공사(2차재심),5402,2014.07,말레이시아,벨라루스,대한민국,0.0,0.0,0.0,0.0,,,-0.8451542547285166,2,0.8451542547285166
8,폴리에스테르 장섬유 연신가공사(2차재심),5402,2014.08,말레이시아,벨라루스,대한민국,0.0,4809233.57,0.0,8033061.53,,1.6703413159448606,-0.8451542547285166,2,0.8451542547285166
8,폴리에스테르 장섬유 연신가공사(2차재심),5402,2013.12,말레이시아,스위스,대한민국,0.0,5378977.43,0.0,8437787.571,,1.5686601553559598,-0.7714285714285715,1,0.7714285714285715
8,폴리에스테르 장섬유 연신가공사(2차재심),5402,2014.01,말레이시아,스위스,대한민국,0.0,7107936.14,0.0,11312080.581,,1.5914718925710551,-0.7714285714285715,1,0.7714285714285715
8,폴리에스테르 장섬유 연신가공사(2차재심),5402,2014.02,말레이시아,스위스,대한민국,0.0,6176366.73,0.0,9753736.624,,1.5792029603138542,-0.7714285714285715,1,0.7714285714285715
8,폴리에스테르 장섬유 연신가공사(2차재심),5402,2014.03,말레이시아,스위스,대한민국,0.0,5521932.34,0.0,8564983.225,,1.5510844207482628,-0.7714285714285715,1,0.7714285714285715
8,폴리에스테르 장섬유 연신가공사(2차재심),5402,2014.04,말레이시아,스위스,대한민국,0.0,6166526.82,0.0,9796524.429,,1.5886616104914628,-0.7714285714285715,1,0.7714285714285715
8,폴리에스테르 장섬유 연신가공사(2차재심),5402,2014.05,말레이시아,스위스,대한민국,0.0,6850185.95,0.0,10691252.582,,1.5607244328893,-0.7714285714285715,1,0.7714285714285715
8,폴리에스테르 장섬유 연신가공사(2차재심),5402,2014.06,말레이시아,스위스,대한민국,0.0,5722928.27,0.0,9022473.699,,1.57654845095586,-0.7714285714285715,1,0.7714285714285715
8,폴리에스테르 장섬유 연신가공사(2차재심),5402,2014.07,말레이시아,스위스,대한민국,0.0,0.0,0.0,0.0,,,-0.7714285714285715,1,0.7714285714285715
8,폴리에스테르 장섬유 연신가공사(2차재심),5402,2014.08,말레이시아,스위스,대한민국,0.0,4809233.57,0.0,8033061.53,,1.6703413159448606,-0.7714285714285715,1,0.7714285714285715
8,폴리에스테르 장섬유 연신가공사(2차재심),5402,2013.12,말레이시아,홍콩,대한민국,10224.0,5378977.43,28722.532,8437787.571,2.8093243348982786,1.5686601553559598,-0.7826908981308054,2,0.7826908981308054
8,폴리에스테르 장섬유 연신가공사(2차재심),5402,2014.01,말레이시아,홍콩,대한민국,0.0,7107936.14,0.0,11312080.581,,1.5914718925710551,-0.7826908981308054,2,0.7826908981308054
8,폴리에스테르 장섬유 연신가공사(2차재심),5402,2014.02,말레이시아,홍콩,대한민국,0.0,6176366.73,0.0,9753736.624,,1.5792029603138542,-0.7826908981308054,2,0.7826908981308054
8,폴리에스테르 장섬유 연신가공사(2차재심),5402,2014.03,말레이시아,홍콩,대한민국,11716.0,5521932.34,76712.848,8564983.225,6.547699556162512,1.5510844207482628,-0.7826908981308054,2,0.7826908981308054
8,폴리에스테르 장섬유 연신가공사(2차재심),5402,2014.04,말레이시아,홍콩,대한민국,10224.0,6166526.82,27975.639,9796524.429,2.7362714201877933,1.5886616104914628,-0.7826908981308054,2,0.7826908981308054
8,폴리에스테르 장섬유 연신가공사(2차재심),5402,2014.05,말레이시아,홍콩,대한민국,9527.0,6850185.95,31357.655,10691252.582,3.291451138868479,1.5607244328893,-0.7826908981308054,2,0.7826908981308054
8,폴리에스테르 장섬유 연신가공사(2차재심),5402,2014.06,말레이시아,홍콩,대한민국,0.0,5722928.27,0.0,9022473.699,,1.57654845095586,-0.7826908981308054,2,0.7826908981308054
8,폴리에스테르 장섬유 연신가공사(2차재심),5402,2014.07,말레이시아,홍콩,대한민국,0.0,0.0,0.0,0.0,,,-0.7826908981308054,2,0.7826908981308054
8,폴리에스테르 장섬유 연신가공사(2차재심),5402,2014.08,말레이시아,홍콩,대한민국,0.0,4809233.57,0.0,8033061.53,,1.6703413159448606,-0.7826908981308054,2,0.7826908981308054
8,폴리에스테르 장섬유 연신가공사(2차재심),5402,2013.12,중국,스위스,대한민국,0.0,0.0,0.0,0.0,,,-0.8285714285714287,0,0.8285714285714287
8,폴리에스테르 장섬유 연신가공사(2차재심),5402,2014.01,중국,스위스,대한민국,0.0,0.0,0.0,0.0,,,-0.8285714285714287,0,0.8285714285714287
8,폴리에스테르 장섬유 연신가공사(2차재심),5402,2014.02,중국,스위스,대한민국,0.0,0.0,0.0,0.0,,,-0.8285714285714287,0,0.8285714285714287
8,폴리에스테르 장섬유 연신가공사(2차재심),5402,2014.03,중국,스위스,대한민국,0.0,0.0,0.0,0.0,,,-0.8285714285714287,0,0.8285714285714287
8,폴리에스테르 장섬유 연신가공사(2차재심),5402,2014.04,중국,스위스,대한민국,0.0,0.0,0.0,0.0,,,-0.8285714285714287,0,0.8285714285714287
8,폴리에스테르 장섬유 연신가공사(2차재심),5402,2014.05,중국,스위스,대한민국,0.0,0.0,0.0,0.0,,,-0.8285714285714287,0,0.8285714285714287
8,폴리에스테르 장섬유 연신가공사(2차재심),5402,2014.06,중국,스위스,대한민국,0.0,0.0,0.0,0.0,,,-0.8285714285714287,0,0.8285714285714287
8,폴리에스테르 장섬유 연신가공사(2차재심),5402,2014.07,중국,스위스,대한민국,0.0,0.0,0.0,0.0,,,-0.8285714285714287,0,0.8285714285714287
8,폴리에스테르 장섬유 연신가공사(2차재심),5402,2014.08,중국,스위스,대한민국,0.0,0.0,0.0,0.0,,,-0.8285714285714287,0,0.8285714285714287
8,폴리에스테르 장섬유 연신가공사(2차재심),5402,2013.12,중국,캐나다,대한민국,0.0,0.0,0.0,0.0,,,-0.8285714285714287,3,0.8285714285714287
8,폴리에스테르 장섬유 연신가공사(2차재심),5402,2014.01,중국,캐나다,대한민국,0.0,0.0,0.0,0.0,,,-0.8285714285714287,3,0.8285714285714287
8,폴리에스테르 장섬유 연신가공사(2차재심),5402,2014.02,중국,캐나다,대한민국,0.0,0.0,0.0,0.0,,,-0.8285714285714287,3,0.8285714285714287
8,폴리에스테르 장섬유 연신가공사(2차재심),5402,2014.03,중국,캐나다,대한민국,0.0,0.0,0.0,0.0,,,-0.8285714285714287,3,0.8285714285714287
8,폴리에스테르 장섬유 연신가공사(2차재심),5402,2014.04,중국,캐나다,대한민국,0.0,0.0,0.0,0.0,,,-0.8285714285714287,3,0.8285714285714287
8,폴리에스테르 장섬유 연신가공사(2차재심),5402,2014.05,중국,캐나다,대한민국,0.0,0.0,0.0,0.0,,,-0.8285714285714287,3,0.8285714285714287
8,폴리에스테르 장섬유 연신가공사(2차재심),5402,2014.06,중국,캐나다,대한민국,0.0,0.0,0.0,0.0,,,-0.8285714285714287,3,0.8285714285714287
8,폴리에스테르 장섬유 연신가공사(2차재심),5402,2014.07,중국,캐나다,대한민국,0.0,0.0,0.0,0.0,,,-0.8285714285714287,3,0.8285714285714287
8,폴리에스테르 장섬유 연신가공사(2차재심),5402,2014.08,중국,캐나다,대한민국,0.0,0.0,0.0,0.0,,,-0.8285714285714287,3,0.8285714285714287
9,OPP필름,392020,2013.12,인도네시아,일본,대한민국,300147.0,262539.0,929569.0,746204.0,3.097045780900692,2.842259626188871,-0.8285714285714287,2,0.8285714285714287
9,OPP필름,392020,2014.01,인도네시아,일본,대한민국,508072.0,242426.0,1636993.0,740325.0,3.22197050811696,3.0538184848159853,-0.8285714285714287,2,0.8285714285714287
9,OPP필름,392020,2014.02,인도네시아,일본,대한민국,354008.0,308855.0,1161311.0,869077.0,3.280465413211001,2.8138673487558887,-0.8285714285714287,2,0.8285714285714287
9,OPP필름,392020,2014.03,인도네시아,일본,대한민국,371975.0,298769.0,1204330.0,859798.0,3.23766382149338,2.8778019138531774,-0.8285714285714287,2,0.8285714285714287
9,OPP필름,392020,2014.04,인도네시아,일본,대한민국,325768.0,286364.0,1005540.0,817725.0,3.086675179882616,2.855543992960009,-0.8285714285714287,2,0.8285714285714287
9,OPP필름,392020,2014.05,인도네시아,일본,대한민국,349227.0,349575.0,1099020.0,1006947.0,3.1470075337817525,2.8804891654151468,-0.8285714285714287,2,0.8285714285714287
9,OPP필름,392020,2014.06,인도네시아,일본,대한민국,422663.0,365516.0,1355895.0,996585.0,3.2079812995223143,2.726515391939067,-0.8285714285714287,2,0.8285714285714287
9,OPP필름,392020,2014.07,인도네시아,일본,대한민국,355188.0,242802.0,1105388.0,693602.0,3.1121209049855287,2.8566568644409847,-0.8285714285714287,2,0.8285714285714287
9,OPP필름,392020,2014.08,인도네시아,일본,대한민국,340765.0,524718.0,1064090.0,1500169.0,3.122650506947603,2.859000453576969,-0.8285714285714287,2,0.8285714285714287
9,OPP필름,392020,2013.12,인도네시아,호주,대한민국,432670.0,262539.0,1206061.0,746204.0,2.7874846880994752,2.842259626188871,-0.7775419143502353,2,0.7775419143502353
9,OPP필름,392020,2014.01,인도네시아,호주,대한민국,318692.0,242426.0,879325.0,740325.0,2.759168727172317,3.0538184848159853,-0.7775419143502353,2,0.7775419143502353
9,OPP필름,392020,2014.02,인도네시아,호주,대한민국,298431.0,308855.0,848301.0,869077.0,2.842536465715693,2.8138673487558887,-0.7775419143502353,2,0.7775419143502353
9,OPP필름,392020,2014.03,인도네시아,호주,대한민국,320086.0,298769.0,847541.0,859798.0,2.647854014233675,2.8778019138531774,-0.7775419143502353,2,0.7775419143502353
9,OPP필름,392020,2014.04,인도네시아,호주,대한민국,426029.0,286364.0,1207992.0,817725.0,2.8354689469496206,2.855543992960009,-0.7775419143502353,2,0.7775419143502353
9,OPP필름,392020,2014.05,인도네시아,호주,대한민국,365642.0,349575.0,938765.0,1006947.0,2.5674430180340333,2.8804891654151468,-0.7775419143502353,2,0.7775419143502353
9,OPP필름,392020,2014.06,인도네시아,호주,대한민국,465778.0,365516.0,1252891.0,996585.0,2.689888745282087,2.726515391939067,-0.7775419143502353,2,0.7775419143502353
9,OPP필름,392020,2014.07,인도네시아,호주,대한민국,379709.0,242802.0,998739.0,693602.0,2.6302747630422245,2.8566568644409847,-0.7775419143502353,2,0.7775419143502353
9,OPP필름,392020,2014.08,인도네시아,호주,대한민국,444256.0,524718.0,1200676.0,1500169.0,2.70266693077865,2.859000453576969,-0.7775419143502353,2,0.7775419143502353
9,OPP필름,392020,2013.12,중국,미국,대한민국,0.0,0.0,0.0,0.0,,,-1.0,3,1.0
9,OPP필름,392020,2014.01,중국,미국,대한민국,0.0,0.0,0.0,0.0,,,-1.0,3,1.0
9,OPP필름,392020,2014.02,중국,미국,대한민국,0.0,0.0,0.0,0.0,,,-1.0,3,1.0
9,OPP필름,392020,2014.03,중국,미국,대한민국,0.0,0.0,0.0,0.0,,,-1.0,3,1.0
9,OPP필름,392020,2014.04,중국,미국,대한민국,0.0,0.0,0.0,0.0,,,-1.0,3,1.0
9,OPP필름,392020,2014.05,중국,미국,대한민국,0.0,0.0,0.0,0.0,,,-1.0,3,1.0
9,OPP필름,392020,2014.06,중국,미국,대한민국,0.0,0.0,0.0,0.0,,,-1.0,3,1.0
9,OPP필름,392020,2014.07,중국,미국,대한민국,0.0,0.0,0.0,0.0,,,-1.0,3,1.0
9,OPP필름,392020,2014.08,중국,미국,대한민국,0.0,0.0,0.0,0.0,,,-1.0,3,1.0
9,OPP필름,392020,2013.12,중국,베트남,대한민국,0.0,0.0,0.0,0.0,,,-0.8857142857142858,3,0.8857142857142858
9,OPP필름,392020,2014.01,중국,베트남,대한민국,0.0,0.0,0.0,0.0,,,-0.8857142857142858,3,0.8857142857142858
9,OPP필름,392020,2014.02,중국,베트남,대한민국,0.0,0.0,0.0,0.0,,,-0.8857142857142858,3,0.8857142857142858
9,OPP필름,392020,2014.03,중국,베트남,대한민국,0.0,0.0,0.0,0.0,,,-0.8857142857142858,3,0.8857142857142858
9,OPP필름,392020,2014.04,중국,베트남,대한민국,0.0,0.0,0.0,0.0,,,-0.8857142857142858,3,0.8857142857142858
9,OPP필름,392020,2014.05,중국,베트남,대한민국,0.0,0.0,0.0,0.0,,,-0.8857142857142858,3,0.8857142857142858
9,OPP필름,392020,2014.06,중국,베트남,대한민국,0.0,0.0,0.0,0.0,,,-0.8857142857142858,3,0.8857142857142858
9,OPP필름,392020,2014.07,중국,베트남,대한민국,0.0,0.0,0.0,0.0,,,-0.8857142857142858,3,0.8857142857142858
9,OPP필름,392020,2014.08,중국,베트남,대한민국,0.0,0.0,0.0,0.0,,,-0.8857142857142858,3,0.8857142857142858
9,OPP필름,392020,2013.12,중국,오스트리아,대한민국,0.0,0.0,0.0,0.0,,,-0.8196885999705371,0,0.8196885999705371
9,OPP필름,392020,2014.01,중국,오스트리아,대한민국,0.0,0.0,0.0,0.0,,,-0.8196885999705371,0,0.8196885999705371
9,OPP필름,392020,2014.02,중국,오스트리아,대한민국,0.0,0.0,0.0,0.0,,,-0.8196885999705371,0,0.8196885999705371
9,OPP필름,392020,2014.03,중국,오스트리아,대한민국,0.0,0.0,0.0,0.0,,,-0.8196885999705371,0,0.8196885999705371
9,OPP필름,392020,2014.04,중국,오스트리아,대한민국,0.0,0.0,0.0,0.0,,,-0.8196885999705371,0,0.8196885999705371
9,OPP필름,392020,2014.05,중국,오스트리아,대한민국,0.0,0.0,0.0,0.0,,,-0.8196885999705371,0,0.8196885999705371
9,OPP필름,392020,2014.06,중국,오스트리아,대한민국,0.0,0.0,0.0,0.0,,,-0.8196885999705371,0,0.8196885999705371
9,OPP필름,392020,2014.07,중국,오스트리아,대한민국,0.0,0.0,0.0,0.0,,,-0.8196885999705371,0,0.8196885999705371
9,OPP필름,392020,2014.08,중국,오스트리아,대한민국,0.0,0.0,0.0,0.0,,,-0.8196885999705371,0,0.8196885999705371
9,OPP필름,392020,2013.12,중국,이탈리아,대한민국,0.0,0.0,0.0,0.0,,,-0.8116794499134279,3,0.8116794499134279
9,OPP필름,392020,2014.01,중국,이탈리아,대한민국,0.0,0.0,0.0,0.0,,,-0.8116794499134279,3,0.8116794499134279
9,OPP필름,392020,2014.02,중국,이탈리아,대한민국,0.0,0.0,0.0,0.0,,,-0.8116794499134279,3,0.8116794499134279
9,OPP필름,392020,2014.03,중국,이탈리아,대한민국,0.0,0.0,0.0,0.0,,,-0.8116794499134279,3,0.8116794499134279
9,OPP필름,392020,2014.04,중국,이탈리아,대한민국,0.0,0.0,0.0,0.0,,,-0.8116794499134279,3,0.8116794499134279
9,OPP필름,392020,2014.05,중국,이탈리아,대한민국,0.0,0.0,0.0,0.0,,,-0.8116794499134279,3,0.8116794499134279
9,OPP필름,392020,2014.06,중국,이탈리아,대한민국,0.0,0.0,0.0,0.0,,,-0.8116794499134279,3,0.8116794499134279
9,OPP필름,392020,2014.07,중국,이탈리아,대한민국,0.0,0.0,0.0,0.0,,,-0.8116794499134279,3,0.8116794499134279
9,OPP필름,392020,2014.08,중국,이탈리아,대한민국,0.0,0.0,0.0,0.0,,,-0.8116794499134279,3,0.8116794499134279
9,OPP필름,392020,2013.12,중국,튀르키예,대한민국,0.0,0.0,0.0,0.0,,,-0.8451542547285166,2,0.8451542547285166
9,OPP필름,392020,2014.01,중국,튀르키예,대한민국,0.0,0.0,0.0,0.0,,,-0.8451542547285166,2,0.8451542547285166
9,OPP필름,392020,2014.02,중국,튀르키예,대한민국,0.0,0.0,0.0,0.0,,,-0.8451542547285166,2,0.8451542547285166
9,OPP필름,392020,2014.03,중국,튀르키예,대한민국,0.0,0.0,0.0,0.0,,,-0.8451542547285166,2,0.8451542547285166
9,OPP필름,392020,2014.04,중국,튀르키예,대한민국,0.0,0.0,0.0,0.0,,,-0.8451542547285166,2,0.8451542547285166
9,OPP필름,392020,2014.05,중국,튀르키예,대한민국,0.0,0.0,0.0,0.0,,,-0.8451542547285166,2,0.8451542547285166
9,OPP필름,392020,2014.06,중국,튀르키예,대한민국,0.0,0.0,0.0,0.0,,,-0.8451542547285166,2,0.8451542547285166
9,OPP필름,392020,2014.07,중국,튀르키예,대한민국,0.0,0.0,0.0,0.0,,,-0.8451542547285166,2,0.8451542547285166
9,OPP필름,392020,2014.08,중국,튀르키예,대한민국,0.0,0.0,0.0,0.0,,,-0.8451542547285166,2,0.8451542547285166
9,OPP필름,392020,2013.12,중국,필리핀,대한민국,0.0,0.0,0.0,0.0,,,-0.942857142857143,2,0.942857142857143
9,OPP필름,392020,2014.01,중국,필리핀,대한민국,0.0,0.0,0.0,0.0,,,-0.942857142857143,2,0.942857142857143
9,OPP필름,392020,2014.02,중국,필리핀,대한민국,0.0,0.0,0.0,0.0,,,-0.942857142857143,2,0.942857142857143
9,OPP필름,392020,2014.03,중국,필리핀,대한민국,0.0,0.0,0.0,0.0,,,-0.942857142857143,2,0.942857142857143
9,OPP필름,392020,2014.04,중국,필리핀,대한민국,0.0,0.0,0.0,0.0,,,-0.942857142857143,2,0.942857142857143
9,OPP필름,392020,2014.05,중국,필리핀,대한민국,0.0,0.0,0.0,0.0,,,-0.942857142857143,2,0.942857142857143
9,OPP필름,392020,2014.06,중국,필리핀,대한민국,0.0,0.0,0.0,0.0,,,-0.942857142857143,2,0.942857142857143
9,OPP필름,392020,2014.07,중국,필리핀,대한민국,0.0,0.0,0.0,0.0,,,-0.942857142857143,2,0.942857142857143
9,OPP필름,392020,2014.08,중국,필리핀,대한민국,0.0,0.0,0.0,0.0,,,-0.942857142857143,2,0.942857142857143
9,OPP필름,392020,2013.12,중국,홍콩,대한민국,0.0,0.0,0.0,0.0,,,-0.942857142857143,2,0.942857142857143
9,OPP필름,392020,2014.01,중국,홍콩,대한민국,0.0,0.0,0.0,0.0,,,-0.942857142857143,2,0.942857142857143
9,OPP필름,392020,2014.02,중국,홍콩,대한민국,0.0,0.0,0.0,0.0,,,-0.942857142857143,2,0.942857142857143
9,OPP필름,392020,2014.03,중국,홍콩,대한민국,0.0,0.0,0.0,0.0,,,-0.942857142857143,2,0.942857142857143
9,OPP필름,392020,2014.04,중국,홍콩,대한민국,0.0,0.0,0.0,0.0,,,-0.942857142857143,2,0.942857142857143
9,OPP필름,392020,2014.05,중국,홍콩,대한민국,0.0,0.0,0.0,0.0,,,-0.942857142857143,2,0.942857142857143
9,OPP필름,392020,2014.06,중국,홍콩,대한민국,0.0,0.0,0.0,0.0,,,-0.942857142857143,2,0.942857142857143
9,OPP필름,392020,2014.07,중국,홍콩,대한민국,0.0,0.0,0.0,0.0,,,-0.942857142857143,2,0.942857142857143
9,OPP필름,392020,2014.08,중국,홍콩,대한민국,0.0,0.0,0.0,0.0,,,-0.942857142857143,2,0.942857142857143
9,OPP필름,392020,2013.12,태국,스위스,대한민국,0.0,164737.0,0.0,371566.0,,2.255510298232941,-0.8451542547285166,0,0.8451542547285166
9,OPP필름,392020,2014.01,태국,스위스,대한민국,0.0,33840.0,0.0,76941.61,,2.2736882387706854,-0.8451542547285166,0,0.8451542547285166
9,OPP필름,392020,2014.02,태국,스위스,대한민국,0.0,97498.0,0.0,218593.285,,2.242028400582576,-0.8451542547285166,0,0.8451542547285166
9,OPP필름,392020,2014.03,태국,스위스,대한민국,0.0,290626.0,0.0,673277.588,,2.3166460949811785,-0.8451542547285166,0,0.8451542547285166
9,OPP필름,392020,2014.04,태국,스위스,대한민국,0.0,191669.0,0.0,435755.887,,2.27348129848854,-0.8451542547285166,0,0.8451542547285166
9,OPP필름,392020,2014.05,태국,스위스,대한민국,0.0,183669.0,0.0,429951.402,,2.340903483984777,-0.8451542547285166,0,0.8451542547285166
9,OPP필름,392020,2014.06,태국,스위스,대한민국,0.0,160189.0,0.0,366739.157,,2.28941535935676,-0.8451542547285166,0,0.8451542547285166
9,OPP필름,392020,2014.07,태국,스위스,대한민국,0.0,163447.0,0.0,359356.873,,2.198614064497972,-0.8451542547285166,0,0.8451542547285166
9,OPP필름,392020,2014.08,태국,스위스,대한민국,0.0,133614.0,0.0,323846.231,,2.4237447498016675,-0.8451542547285166,0,0.8451542547285166
9,OPP필름,392020,2013.12,태국,영국,대한민국,0.0,164737.0,0.0,371566.0,,2.255510298232941,-0.942857142857143,3,0.942857142857143
9,OPP필름,392020,2014.01,태국,영국,대한민국,102291.0,33840.0,227912.384,76941.61,2.2280785601861357,2.2736882387706854,-0.942857142857143,3,0.942857142857143
9,OPP필름,392020,2014.02,태국,영국,대한민국,31220.0,97498.0,66479.149,218593.285,2.1293769698910956,2.242028400582576,-0.942857142857143,3,0.942857142857143
9,OPP필름,392020,2014.03,태국,영국,대한민국,0.0,290626.0,0.0,673277.588,,2.3166460949811785,-0.942857142857143,3,0.942857142857143
9,OPP필름,392020,2014.04,태국,영국,대한민국,11453.0,191669.0,25285.91,435755.887,2.2077979568671964,2.27348129848854,-0.942857142857143,3,0.942857142857143
9,OPP필름,392020,2014.05,태국,영국,대한민국,0.0,183669.0,0.0,429951.402,,2.340903483984777,-0.942857142857143,3,0.942857142857143
9,OPP필름,392020,2014.06,태국,영국,대한민국,0.0,160189.0,0.0,366739.157,,2.28941535935676,-0.942857142857143,3,0.942857142857143
9,OPP필름,392020,2014.07,태국,영국,대한민국,535.0,163447.0,99.225,359356.873,0.18546728971962614,2.198614064497972,-0.942857142857143,3,0.942857142857143
9,OPP필름,392020,2014.08,태국,영국,대한민국,0.0,133614.0,0.0,323846.231,,2.4237447498016675,-0.942857142857143,3,0.942857142857143
9,OPP필름,392020,2013.12,태국,프랑스,대한민국,0.0,164737.0,0.0,371566.0,,2.255510298232941,-0.8285714285714287,1,0.8285714285714287
9,OPP필름,392020,2014.01,태국,프랑스,대한민국,0.0,33840.0,0.0,76941.61,,2.2736882387706854,-0.8285714285714287,1,0.8285714285714287
9,OPP필름,392020,2014.02,태국,프랑스,대한민국,940.0,97498.0,3309.986,218593.285,3.5212617021276595,2.242028400582576,-0.8285714285714287,1,0.8285714285714287
9,OPP필름,392020,2014.03,태국,프랑스,대한민국,0.0,290626.0,0.0,673277.588,,2.3166460949811785,-0.8285714285714287,1,0.8285714285714287
9,OPP필름,392020,2014.04,태국,프랑스,대한민국,0.0,191669.0,0.0,435755.887,,2.27348129848854,-0.8285714285714287,1,0.8285714285714287
9,OPP필름,392020,2014.05,태국,프랑스,대한민국,0.0,183669.0,4.685,429951.402,,2.340903483984777,-0.8285714285714287,1,0.8285714285714287
9,OPP필름,392020,2014.06,태국,프랑스,대한민국,0.0,160189.0,0.0,366739.157,,2.28941535935676,-0.8285714285714287,1,0.8285714285714287
9,OPP필름,392020,2014.07,태국,프랑스,대한민국,0.0,163447.0,0.0,359356.873,,2.198614064497972,-0.8285714285714287,1,0.8285714285714287
9,OPP필름,392020,2014.08,태국,프랑스,대한민국,0.0,133614.0,0.0,323846.231,,2.4237447498016675,-0.8285714285714287,1,0.8285714285714287
