사건번호,품목,hs_code,규제국,후보국,분석시작월,window,sr_lag0,sr_lag1,sr_lag2,sr_lag3,sr_min,sr_best_lag,sr_risk,규제국_6개월_수입합,후보국_전체기간_수입합
0,초산에틸(1차재심),291531,일본,남아프리카공화국,2012.03,6,0.030358837035945815,-0.23190841426097938,-0.20291986247835697,-0.08571428571428573,-0.23190841426097938,1,0.23190841426097938,1277.0,215.0
0,초산에틸(1차재심),291531,일본,독일,2012.03,6,-0.08571428571428573,0.08696565534786728,-0.20291986247835697,-0.40583972495671394,-0.40583972495671394,3,0.40583972495671394,1277.0,571.0
0,초산에틸(1차재심),291531,일본,미국,2012.03,6,0.17393131069573456,-0.8406680016960503,0.23190841426097938,0.8196885999705371,-0.8406680016960503,1,0.8406680016960503,1277.0,1533.0
0,초산에틸(1차재심),291531,일본,스웨덴,2012.03,6,-0.6761234037828133,0.30425553170226594,0.6546536707079772,,-0.6761234037828133,0,0.6761234037828133,1277.0,29.0
0,초산에틸(1차재심),291531,일본,스페인,2012.03,6,-0.101418510567422,-0.30425553170226594,0.2704493615131253,-0.16903085094570333,-0.30425553170226594,1,0.30425553170226594,1277.0,2337.0
0,초산에틸(1차재심),291531,일본,영국,2012.03,6,0.8804062740424288,-0.24688535993934707,-0.6172133998483678,0.49377071987869414,-0.6172133998483678,2,0.6172133998483678,1277.0,1302.0
0,초산에틸(1차재심),291531,일본,이탈리아,2012.03,6,-0.39279220242478635,0.13093073414159545,0.39279220242478635,-0.8280786712108252,-0.8280786712108252,3,0.8280786712108252,1277.0,1200.0
0,초산에틸(1차재심),291531,일본,인도,2012.03,6,-0.7714285714285715,0.5428571428571429,0.3478626213914691,-0.43482827673933633,-0.7714285714285715,0,0.7714285714285715,1277.0,5577512.0
0,초산에틸(1차재심),291531,일본,프랑스,2012.03,6,-0.13093073414159545,0.6546536707079772,,,-0.13093073414159545,0,0.13093073414159545,1277.0,102.0
0,초산에틸(1차재심),291531,중국,남아프리카공화국,2012.03,6,0.030358837035945815,-0.49280538030458115,0.5217939320872036,-0.6,-0.6,3,0.6,39160140.0,215.0
0,초산에틸(1차재심),291531,중국,독일,2012.03,6,-0.028571428571428574,0.057977103565244846,-0.20291986247835697,0.2898855178262242,-0.20291986247835697,2,0.20291986247835697,39160140.0,571.0
0,초산에틸(1차재심),291531,중국,미국,2012.03,6,-0.23190841426097938,0.0,0.6957252427829382,-0.3946648814672956,-0.3946648814672956,3,0.3946648814672956,39160140.0,1533.0
0,초산에틸(1차재심),291531,중국,스웨덴,2012.03,6,0.3718678720805473,0.2704493615131253,-0.13093073414159545,,-0.13093073414159545,2,0.13093073414159545,39160140.0,29.0
0,초산에틸(1차재심),291531,중국,스페인,2012.03,6,-0.7775419143502353,0.6761234037828133,-0.33806170189140666,0.033806170189140665,-0.7775419143502353,0,0.7775419143502353,39160140.0,2337.0
0,초산에틸(1차재심),291531,중국,영국,2012.03,6,0.030358837035945815,-0.7715167498104596,0.7406560798180413,-0.09258200997725516,-0.7715167498104596,1,0.7715167498104596,39160140.0,1302.0
0,초산에틸(1차재심),291531,중국,이탈리아,2012.03,6,-0.39279220242478635,0.6546536707079772,-0.6546536707079772,-0.2070196678027063,-0.6546536707079772,2,0.6546536707079772,39160140.0,1200.0
0,초산에틸(1차재심),291531,중국,인도,2012.03,6,0.7142857142857143,-0.14285714285714288,0.11595420713048969,-0.23190841426097938,-0.23190841426097938,3,0.23190841426097938,39160140.0,5577512.0
0,초산에틸(1차재심),291531,중국,프랑스,2012.03,6,0.39279220242478635,-0.13093073414159545,,,-0.13093073414159545,1,0.13093073414159545,39160140.0,102.0
1,PET필름(1차재심),392062,인도,대만,2012.05,6,0.028571428571428574,-0.3714285714285715,0.5428571428571429,-0.3714285714285715,-0.3714285714285715,1,0.3714285714285715,570776.0,2912913.0
1,PET필름(1차재심),392062,인도,독일,2012.05,6,0.2571428571428572,0.14285714285714288,0.48571428571428577,-0.028571428571428574,-0.028571428571428574,3,0.028571428571428574,570776.0,52262.0
1,PET필름(1차재심),392062,인도,룩셈부르그,2012.05,6,0.5428571428571429,0.14285714285714288,0.7714285714285715,0.2571428571428572,0.14285714285714288,1,0.0,570776.0,13091.0
1,PET필름(1차재심),392062,인도,말레이시아,2012.05,6,0.21251185925162072,-0.2732295333235123,-0.46381682852195877,-0.753702346348183,-0.753702346348183,3,0.753702346348183,570776.0,164008.0
1,PET필름(1차재심),392062,인도,미국,2012.05,6,1.0,0.2571428571428572,0.3714285714285715,-0.7714285714285715,-0.7714285714285715,3,0.7714285714285715,570776.0,252305.0
1,PET필름(1차재심),392062,인도,베트남,2012.05,6,,,,-0.6546536707079772,-0.6546536707079772,3,0.6546536707079772,570776.0,499.0
1,PET필름(1차재심),392062,인도,벨기에,2012.05,6,0.39279220242478635,-0.30425553170226594,0.50709255283711,-0.8451542547285166,-0.8451542547285166,3,0.8451542547285166,570776.0,1638.0
1,PET필름(1차재심),392062,인도,스위스,2012.05,6,,-0.6546536707079772,-0.13093073414159545,-0.8451542547285166,-0.8451542547285166,3,0.8451542547285166,570776.0,20.0
1,PET필름(1차재심),392062,인도,스페인,2012.05,6,-0.39279220242478635,0.39279220242478635,0.13093073414159545,0.6546536707079772,-0.39279220242478635,0,0.39279220242478635,570776.0,5.0
1,PET필름(1차재심),392062,인도,싱가포르,2012.05,6,0.3714285714285715,0.6571428571428573,0.8857142857142858,0.2571428571428572,0.2571428571428572,3,0.0,570776.0,177831.0
1,PET필름(1차재심),392062,인도,아랍에미리트 연합,2012.05,6,0.08571428571428573,-0.4285714285714286,0.2571428571428572,-0.08571428571428573,-0.4285714285714286,1,0.4285714285714286,570776.0,563231.0
1,PET필름(1차재심),392062,인도,영국,2012.05,6,0.5428571428571429,-0.5428571428571429,-0.2571428571428572,-0.14285714285714288,-0.5428571428571429,1,0.5428571428571429,570776.0,9993.0
1,PET필름(1차재심),392062,인도,오스트리아,2012.05,6,0.3718678720805473,-0.09107651110783746,-0.2732295333235123,-0.4394802124588286,-0.4394802124588286,3,0.4394802124588286,570776.0,3284.0
1,PET필름(1차재심),392062,인도,이탈리아,2012.05,6,0.6375355777548621,-0.33394720739540396,-0.5161002296110789,-0.9276336570439175,-0.9276336570439175,3,0.9276336570439175,570776.0,17296.0
1,PET필름(1차재심),392062,인도,인도네시아,2012.05,6,0.48571428571428577,0.7714285714285715,0.08571428571428573,0.14285714285714288,0.08571428571428573,2,0.0,570776.0,2220681.0
1,PET필름(1차재심),392062,인도,일본,2012.05,6,0.14285714285714288,-0.5428571428571429,0.08571428571428573,-0.14285714285714288,-0.5428571428571429,1,0.5428571428571429,570776.0,13846740.0
1,PET필름(1차재심),392062,인도,캐나다,2012.05,6,0.6761234037828133,0.6546536707079772,,,0.6546536707079772,1,0.0,570776.0,120.0
1,PET필름(1차재심),392062,인도,태국,2012.05,6,0.48571428571428577,-0.14285714285714288,0.08571428571428573,-0.5428571428571429,-0.5428571428571429,3,0.5428571428571429,570776.0,2551966.0
1,PET필름(1차재심),392062,인도,튀르키예,2012.05,6,0.39279220242478635,0.13093073414159545,0.6546536707079772,,0.13093073414159545,1,0.0,570776.0,412.0
1,PET필름(1차재심),392062,인도,포루투갈,2012.05,6,-0.13093073414159545,-0.39279220242478635,0.39279220242478635,0.13093073414159545,-0.39279220242478635,1,0.39279220242478635,570776.0,950.0
1,PET필름(1차재심),392062,인도,프랑스,2012.05,6,0.2704493615131253,-0.13522468075656266,0.030358837035945815,-0.5161002296110789,-0.5161002296110789,3,0.5161002296110789,570776.0,40963.0
1,PET필름(1차재심),392062,인도,필리핀,2012.05,6,0.5408987230262506,0.6546536707079772,-0.6546536707079772,-0.5408987230262506,-0.6546536707079772,2,0.6546536707079772,570776.0,2899.0
1,PET필름(1차재심),392062,인도,호주,2012.05,6,0.13093073414159545,0.6546536707079772,,,0.13093073414159545,0,0.0,570776.0,48.0
1,PET필름(1차재심),392062,인도,홍콩,2012.05,6,0.49280538030458115,0.46381682852195877,-0.49280538030458115,-0.5428571428571429,-0.5428571428571429,3,0.5428571428571429,570776.0,5272.0
1,PET필름(1차재심),392062,중국,대만,2012.05,6,0.3714285714285715,-0.6571428571428573,0.8857142857142858,-0.7714285714285715,-0.7714285714285715,3,0.7714285714285715,786489.0,2912913.0
1,PET필름(1차재심),392062,중국,독일,2012.05,6,0.2,0.028571428571428574,0.4285714285714286,-0.6,-0.6,3,0.6,786489.0,52262.0
1,PET필름(1차재심),392062,중국,룩셈부르그,2012.05,6,0.48571428571428577,-0.028571428571428574,0.7142857142857143,-0.2571428571428572,-0.2571428571428572,3,0.2571428571428572,786489.0,13091.0
1,PET필름(1차재심),392062,중국,말레이시아,2012.05,6,0.15179418517972906,-0.21251185925162072,-0.3768511731740915,-0.5217939320872036,-0.5217939320872036,3,0.5217939320872036,786489.0,164008.0
1,PET필름(1차재심),392062,중국,미국,2012.05,6,0.7142857142857143,-0.4285714285714286,0.14285714285714288,-0.6,-0.6,3,0.6,786489.0,252305.0
1,PET필름(1차재심),392062,중국,베트남,2012.05,6,,,,-0.6546536707079772,-0.6546536707079772,3,0.6546536707079772,786489.0,499.0
1,PET필름(1차재심),392062,중국,벨기에,2012.05,6,0.6546536707079772,-0.5408987230262506,0.3718678720805473,-0.8451542547285166,-0.8451542547285166,3,0.8451542547285166,786489.0,1638.0
1,PET필름(1차재심),392062,중국,스위스,2012.05,6,,-0.6546536707079772,0.39279220242478635,-0.8451542547285166,-0.8451542547285166,3,0.8451542547285166,786489.0,20.0
1,PET필름(1차재심),392062,중국,스페인,2012.05,6,-0.39279220242478635,0.6546536707079772,-0.13093073414159545,0.13093073414159545,-0.39279220242478635,0,0.39279220242478635,786489.0,5.0
1,PET필름(1차재심),392062,중국,싱가포르,2012.05,6,0.5428571428571429,0.08571428571428573,0.48571428571428577,-0.4285714285714286,-0.4285714285714286,3,0.4285714285714286,786489.0,177831.0
1,PET필름(1차재심),392062,중국,아랍에미리트 연합,2012.05,6,0.2571428571428572,-0.5428571428571429,0.7142857142857143,-0.6,-0.6,3,0.6,786489.0,563231.0
1,PET필름(1차재심),392062,중국,영국,2012.05,6,0.48571428571428577,-0.6,0.08571428571428573,-0.028571428571428574,-0.6,1,0.6,786489.0,9993.0
1,PET필름(1차재심),392062,중국,오스트리아,2012.05,6,0.30425553170226594,-0.5768179036829705,-0.030358837035945815,-0.101418510567422,-0.5768179036829705,1,0.5768179036829705,786489.0,3284.0
1,PET필름(1차재심),392062,중국,이탈리아,2012.05,6,0.21251185925162072,-0.6982532518267538,-0.030358837035945815,-0.6087595874350709,-0.6982532518267538,1,0.6982532518267538,786489.0,17296.0
1,PET필름(1차재심),392062,중국,인도네시아,2012.05,6,0.3142857142857143,0.14285714285714288,-0.3142857142857143,0.08571428571428573,-0.3142857142857143,2,0.3142857142857143,786489.0,2220681.0
1,PET필름(1차재심),392062,중국,일본,2012.05,6,0.4285714285714286,-0.6,0.6,-0.3142857142857143,-0.6,1,0.6,786489.0,13846740.0
1,PET필름(1차재심),392062,중국,캐나다,2012.05,6,0.033806170189140665,0.13093073414159545,,,0.033806170189140665,0,0.0,786489.0,120.0
1,PET필름(1차재심),392062,중국,태국,2012.05,6,0.6,-0.6571428571428573,0.4285714285714286,-0.6,-0.6571428571428573,1,0.6571428571428573,786489.0,2551966.0
1,PET필름(1차재심),392062,중국,튀르키예,2012.05,6,0.6546536707079772,-0.13093073414159545,0.13093073414159545,,-0.13093073414159545,1,0.13093073414159545,786489.0,412.0
1,PET필름(1차재심),392062,중국,포루투갈,2012.05,6,0.39279220242478635,-0.39279220242478635,0.6546536707079772,-0.13093073414159545,-0.39279220242478635,1,0.39279220242478635,786489.0,950.0
1,PET필름(1차재심),392062,중국,프랑스,2012.05,6,0.8451542547285166,-0.3718678720805473,-0.21251185925162072,-0.15179418517972906,-0.3718678720805473,1,0.3718678720805473,786489.0,40963.0
1,PET필름(1차재심),392062,중국,필리핀,2012.05,6,-0.033806170189140665,0.13093073414159545,-0.6546536707079772,-0.06761234037828133,-0.6546536707079772,2,0.6546536707079772,786489.0,2899.0
1,PET필름(1차재심),392062,중국,호주,2012.05,6,-0.13093073414159545,0.13093073414159545,,,-0.13093073414159545,0,0.13093073414159545,786489.0,48.0
1,PET필름(1차재심),392062,중국,홍콩,2012.05,6,-0.057977103565244846,0.1449427589131121,-0.3188740696088466,-0.48571428571428577,-0.48571428571428577,3,0.48571428571428577,786489.0,5272.0
2,크라프트지(1차재심),4804,미국,남아프리카공화국,2012.04,6,-0.2,-0.5797710356524484,-0.33394720739540396,-0.030358837035945815,-0.5797710356524484,1,0.5797710356524484,38073287.0,499598.0
2,크라프트지(1차재심),4804,미국,네덜란드,2012.04,6,0.3714285714285715,-0.6,-0.48571428571428577,-0.3714285714285715,-0.6,1,0.6,38073287.0,444956.0
2,크라프트지(1차재심),4804,미국,뉴질랜드,2012.04,6,-0.028571428571428574,-0.8285714285714287,-0.4285714285714286,-0.6571428571428573,-0.8285714285714287,1,0.8285714285714287,38073287.0,12700216.0
2,크라프트지(1차재심),4804,미국,대만,2012.04,6,-0.2571428571428572,-0.3714285714285715,-0.2,-0.2,-0.3714285714285715,1,0.3714285714285715,38073287.0,2606499.0
2,크라프트지(1차재심),4804,미국,덴마크,2012.04,6,-0.6546536707079772,-0.39279220242478635,,,-0.6546536707079772,0,0.6546536707079772,38073287.0,200.0
2,크라프트지(1차재심),4804,미국,독일,2012.04,6,-0.14285714285714288,-0.08571428571428573,-0.08571428571428573,-0.48571428571428577,-0.48571428571428577,3,0.48571428571428577,38073287.0,267634.0
2,크라프트지(1차재심),4804,미국,러시아 연방,2012.04,6,-0.3142857142857143,-0.6571428571428573,0.5428571428571429,-0.08571428571428573,-0.6571428571428573,1,0.6571428571428573,38073287.0,8817813.0
2,크라프트지(1차재심),4804,미국,말레이시아,2012.04,6,-0.4394802124588286,0.6546536707079772,0.13093073414159545,-0.6546536707079772,-0.6546536707079772,3,0.6546536707079772,38073287.0,247.0
2,크라프트지(1차재심),4804,미국,베트남,2012.04,6,0.6546536707079772,0.13093073414159545,-0.6546536707079772,-0.39279220242478635,-0.6546536707079772,2,0.6546536707079772,38073287.0,1458.0
2,크라프트지(1차재심),4804,미국,벨기에,2012.04,6,-0.6546536707079772,-0.39279220242478635,,0.39279220242478635,-0.6546536707079772,0,0.6546536707079772,38073287.0,102.0
2,크라프트지(1차재심),4804,미국,보스니아-헤르체고비나,2012.04,6,-0.14285714285714288,-0.8116794499134279,0.030358837035945815,-0.13522468075656266,-0.8116794499134279,1,0.8116794499134279,38073287.0,916954.0
2,크라프트지(1차재심),4804,미국,브라질,2012.04,6,0.06761234037828133,0.13093073414159545,-0.6546536707079772,0.101418510567422,-0.6546536707079772,2,0.6546536707079772,38073287.0,44783.0
2,크라프트지(1차재심),4804,미국,스웨덴,2012.04,6,-0.028571428571428574,0.3714285714285715,-0.08571428571428573,-0.942857142857143,-0.942857142857143,3,0.942857142857143,38073287.0,11160958.0
2,크라프트지(1차재심),4804,미국,스위스,2012.04,6,0.39279220242478635,-0.13093073414159545,0.6546536707079772,0.13093073414159545,-0.13093073414159545,1,0.13093073414159545,38073287.0,5.0
2,크라프트지(1차재심),4804,미국,스페인,2012.04,6,-0.2704493615131253,-0.6546536707079772,-0.101418510567422,0.2704493615131253,-0.6546536707079772,1,0.6546536707079772,38073287.0,34589.0
2,크라프트지(1차재심),4804,미국,싱가포르,2012.04,6,0.39279220242478635,-0.13093073414159545,0.6546536707079772,0.13093073414159545,-0.13093073414159545,1,0.13093073414159545,38073287.0,20.0
2,크라프트지(1차재심),4804,미국,에스토니아,2012.04,6,-0.3142857142857143,-0.08571428571428573,-0.5507824838698261,-0.40583972495671394,-0.5507824838698261,2,0.5507824838698261,38073287.0,2443976.0
2,크라프트지(1차재심),4804,미국,영국,2012.04,6,0.3714285714285715,0.028571428571428574,0.2571428571428572,-0.6,-0.6,3,0.6,38073287.0,105459.0
2,크라프트지(1차재심),4804,미국,오스트리아,2012.04,6,-0.08571428571428573,-0.4285714285714286,0.08571428571428573,-0.8285714285714287,-0.8285714285714287,3,0.8285714285714287,38073287.0,5910907.0
2,크라프트지(1차재심),4804,미국,우크라이나,2012.04,6,-0.13093073414159545,0.6546536707079772,0.13093073414159545,-0.6546536707079772,-0.6546536707079772,3,0.6546536707079772,38073287.0,51.0
2,크라프트지(1차재심),4804,미국,이탈리아,2012.04,6,-0.2732295333235123,-0.33394720739540396,-0.09107651110783746,-0.5161002296110789,-0.5161002296110789,3,0.5161002296110789,38073287.0,68663.0
2,크라프트지(1차재심),4804,미국,일본,2012.04,6,-0.2,-0.5428571428571429,-0.08571428571428573,-0.08571428571428573,-0.5428571428571429,1,0.5428571428571429,38073287.0,22857901.0
2,크라프트지(1차재심),4804,미국,체코공화국,2012.04,6,-0.6571428571428573,-0.9276336570439175,0.23190841426097938,0.23190841426097938,-0.9276336570439175,1,0.9276336570439175,38073287.0,425863.0
2,크라프트지(1차재심),4804,미국,태국,2012.04,6,-0.7142857142857143,-0.6571428571428573,0.2571428571428572,-0.6571428571428573,-0.7142857142857143,0,0.7142857142857143,38073287.0,1762434.0
2,크라프트지(1차재심),4804,미국,튀르키예,2012.04,6,,,0.39279220242478635,-0.13093073414159545,-0.13093073414159545,3,0.13093073414159545,38073287.0,32.0
2,크라프트지(1차재심),4804,미국,폴란드,2012.04,6,-0.08571428571428573,-0.8285714285714287,-0.2,-0.14285714285714288,-0.8285714285714287,1,0.8285714285714287,38073287.0,6808916.0
2,크라프트지(1차재심),4804,미국,프랑스,2012.04,6,-0.48571428571428577,-0.6,0.028571428571428574,-0.028571428571428574,-0.6,1,0.6,38073287.0,1675803.0
2,크라프트지(1차재심),4804,미국,핀란드,2012.04,6,0.7142857142857143,-0.4285714285714286,0.14285714285714288,-0.6,-0.6,3,0.6,38073287.0,3861556.0
2,크라프트지(1차재심),4804,미국,호주,2012.04,6,-0.2571428571428572,-0.2571428571428572,0.3714285714285715,0.08571428571428573,-0.2571428571428572,0,0.2571428571428572,38073287.0,4229225.0
2,크라프트지(1차재심),4804,미국,홍콩,2012.04,6,-0.6761234037828133,0.06761234037828133,0.13093073414159545,-0.6546536707079772,-0.6761234037828133,0,0.6761234037828133,38073287.0,22235.0
2,크라프트지(1차재심),4804,인도네시아,남아프리카공화국,2012.04,6,-0.2704493615131253,0.7888934916555407,-0.28736848324283987,0.5747369664856797,-0.28736848324283987,2,0.28736848324283987,18286.0,499598.0
2,크라프트지(1차재심),4804,인도네시아,네덜란드,2012.04,6,0.4394802124588286,0.6761234037828132,-0.101418510567422,0.304255531702266,-0.101418510567422,2,0.101418510567422,18286.0,444956.0
2,크라프트지(1차재심),4804,인도네시아,뉴질랜드,2012.04,6,-0.06761234037828133,0.5408987230262506,0.06761234037828133,0.5408987230262506,-0.06761234037828133,0,0.06761234037828133,18286.0,12700216.0
2,크라프트지(1차재심),4804,인도네시아,대만,2012.04,6,0.304255531702266,0.8451542547285165,-0.033806170189140665,-0.2704493615131253,-0.2704493615131253,3,0.2704493615131253,18286.0,2606499.0
2,크라프트지(1차재심),4804,인도네시아,덴마크,2012.04,6,-0.3098386676965934,0.4647580015448901,,,-0.3098386676965934,0,0.3098386676965934,18286.0,200.0
2,크라프트지(1차재심),4804,인도네시아,독일,2012.04,6,-0.8451542547285165,0.7775419143502353,0.101418510567422,0.304255531702266,-0.8451542547285165,0,0.8451542547285165,18286.0,267634.0
2,크라프트지(1차재심),4804,인도네시아,러시아 연방,2012.04,6,0.5408987230262506,-0.2704493615131253,0.13522468075656266,0.3380617018914066,-0.2704493615131253,1,0.2704493615131253,18286.0,8817813.0
2,크라프트지(1차재심),4804,인도네시아,말레이시아,2012.04,6,0.21999999999999997,-0.3098386676965934,0.7745966692414834,-0.3098386676965934,-0.3098386676965934,1,0.3098386676965934,18286.0,247.0
2,크라프트지(1차재심),4804,인도네시아,베트남,2012.04,6,-0.3098386676965934,0.7745966692414834,-0.3098386676965934,0.4647580015448901,-0.3098386676965934,0,0.3098386676965934,18286.0,1458.0
2,크라프트지(1차재심),4804,인도네시아,벨기에,2012.04,6,-0.3098386676965934,0.4647580015448901,,-0.3098386676965934,-0.3098386676965934,0,0.3098386676965934,18286.0,102.0
2,크라프트지(1차재심),4804,인도네시아,보스니아-헤르체고비나,2012.04,6,0.5408987230262506,-0.03429971702850177,-0.10776318121606496,0.9999999999999999,-0.10776318121606496,2,0.10776318121606496,18286.0,916954.0
2,크라프트지(1차재심),4804,인도네시아,브라질,2012.04,6,0.21999999999999997,0.7745966692414834,-0.3098386676965934,0.019999999999999997,-0.3098386676965934,2,0.3098386676965934,18286.0,44783.0
2,크라프트지(1차재심),4804,인도네시아,스웨덴,2012.04,6,-0.50709255283711,0.4394802124588286,0.50709255283711,0.3718678720805473,-0.50709255283711,0,0.50709255283711,18286.0,11160958.0
2,크라프트지(1차재심),4804,인도네시아,스위스,2012.04,6,-0.3098386676965934,-0.3098386676965934,-0.3098386676965934,0.7745966692414834,-0.3098386676965934,0,0.3098386676965934,18286.0,5.0
2,크라프트지(1차재심),4804,인도네시아,스페인,2012.04,6,0.92,-0.3098386676965934,0.21999999999999997,-0.48000000000000004,-0.48000000000000004,3,0.48000000000000004,18286.0,34589.0
2,크라프트지(1차재심),4804,인도네시아,싱가포르,2012.04,6,-0.3098386676965934,-0.3098386676965934,-0.3098386676965934,0.7745966692414834,-0.3098386676965934,0,0.3098386676965934,18286.0,20.0
2,크라프트지(1차재심),4804,인도네시아,에스토니아,2012.04,6,0.06761234037828133,0.8451542547285165,0.445896321370523,0.3086974532565159,0.06761234037828133,0,0.0,18286.0,2443976.0
2,크라프트지(1차재심),4804,인도네시아,영국,2012.04,6,-0.06761234037828133,-0.3718678720805473,0.8451542547285165,0.101418510567422,-0.3718678720805473,1,0.3718678720805473,18286.0,105459.0
2,크라프트지(1차재심),4804,인도네시아,오스트리아,2012.04,6,0.1690308509457033,-0.2704493615131253,0.7775419143502353,0.033806170189140665,-0.2704493615131253,1,0.2704493615131253,18286.0,5910907.0
2,크라프트지(1차재심),4804,인도네시아,우크라이나,2012.04,6,-0.3098386676965934,-0.3098386676965934,0.7745966692414834,-0.3098386676965934,-0.3098386676965934,0,0.3098386676965934,18286.0,51.0
2,크라프트지(1차재심),4804,인도네시아,이탈리아,2012.04,6,0.35921060405354976,-0.28736848324283987,0.8261843893231646,-0.6465790872963896,-0.6465790872963896,3,0.6465790872963896,18286.0,68663.0
2,크라프트지(1차재심),4804,인도네시아,일본,2012.04,6,-0.2704493615131253,0.7775419143502353,-0.4394802124588286,0.13522468075656266,-0.4394802124588286,2,0.4394802124588286,18286.0,22857901.0
2,크라프트지(1차재심),4804,인도네시아,체코공화국,2012.04,6,0.3718678720805473,0.3086974532565159,-0.2229481606852615,0.03429971702850177,-0.2229481606852615,2,0.2229481606852615,18286.0,425863.0
2,크라프트지(1차재심),4804,인도네시아,태국,2012.04,6,0.304255531702266,0.06761234037828133,0.3718678720805473,0.6761234037828132,0.06761234037828133,1,0.0,18286.0,1762434.0
2,크라프트지(1차재심),4804,인도네시아,튀르키예,2012.04,6,,,-0.3098386676965934,-0.3098386676965934,-0.3098386676965934,2,0.3098386676965934,18286.0,32.0
2,크라프트지(1차재심),4804,인도네시아,폴란드,2012.04,6,0.101418510567422,0.5408987230262506,0.06761234037828133,-0.033806170189140665,-0.033806170189140665,3,0.033806170189140665,18286.0,6808916.0
2,크라프트지(1차재심),4804,인도네시아,프랑스,2012.04,6,-0.101418510567422,0.5408987230262506,-0.033806170189140665,0.4394802124588286,-0.101418510567422,0,0.101418510567422,18286.0,1675803.0
2,크라프트지(1차재심),4804,인도네시아,핀란드,2012.04,6,-0.033806170189140665,0.50709255283711,-0.4394802124588286,0.3718678720805473,-0.4394802124588286,2,0.4394802124588286,18286.0,3861556.0
2,크라프트지(1차재심),4804,인도네시아,호주,2012.04,6,-0.1690308509457033,0.3718678720805473,-0.3718678720805473,0.4394802124588286,-0.3718678720805473,2,0.3718678720805473,18286.0,4229225.0
2,크라프트지(1차재심),4804,인도네시아,홍콩,2012.04,6,-0.48000000000000004,0.21999999999999997,0.7745966692414834,-0.3098386676965934,-0.48000000000000004,0,0.48000000000000004,18286.0,22235.0
2,크라프트지(1차재심),4804,중국,남아프리카공화국,2012.04,6,-0.08571428571428573,-0.11595420713048969,0.15179418517972906,-0.7589709258986453,-0.7589709258986453,3,0.7589709258986453,21735513.0,499598.0
2,크라프트지(1차재심),4804,중국,네덜란드,2012.04,6,0.3714285714285715,0.08571428571428573,-0.6,-0.48571428571428577,-0.6,2,0.6,21735513.0,444956.0
2,크라프트지(1차재심),4804,중국,뉴질랜드,2012.04,6,0.2,-0.14285714285714288,-0.6571428571428573,-0.2,-0.6571428571428573,2,0.6571428571428573,21735513.0,12700216.0
2,크라프트지(1차재심),4804,중국,대만,2012.04,6,0.2,0.08571428571428573,-0.8857142857142858,-0.6571428571428573,-0.8857142857142858,2,0.8857142857142858,21735513.0,2606499.0
2,크라프트지(1차재심),4804,중국,덴마크,2012.04,6,-0.13093073414159545,-0.39279220242478635,,,-0.39279220242478635,1,0.39279220242478635,21735513.0,200.0
2,크라프트지(1차재심),4804,중국,독일,2012.04,6,0.3142857142857143,0.2571428571428572,0.028571428571428574,-0.942857142857143,-0.942857142857143,3,0.942857142857143,21735513.0,267634.0
2,크라프트지(1차재심),4804,중국,러시아 연방,2012.04,6,-0.8857142857142858,0.3714285714285715,-0.028571428571428574,-0.08571428571428573,-0.8857142857142858,0,0.8857142857142858,21735513.0,8817813.0
2,크라프트지(1차재심),4804,중국,말레이시아,2012.04,6,-0.101418510567422,0.6546536707079772,0.13093073414159545,-0.13093073414159545,-0.13093073414159545,3,0.13093073414159545,21735513.0,247.0
2,크라프트지(1차재심),4804,중국,베트남,2012.04,6,0.6546536707079772,0.13093073414159545,-0.13093073414159545,-0.39279220242478635,-0.39279220242478635,3,0.39279220242478635,21735513.0,1458.0
2,크라프트지(1차재심),4804,중국,벨기에,2012.04,6,-0.13093073414159545,-0.39279220242478635,,-0.6546536707079772,-0.6546536707079772,3,0.6546536707079772,21735513.0,102.0
2,크라프트지(1차재심),4804,중국,보스니아-헤르체고비나,2012.04,6,-0.8285714285714287,0.11595420713048969,0.2732295333235123,-0.13522468075656266,-0.8285714285714287,0,0.8285714285714287,21735513.0,916954.0
2,크라프트지(1차재심),4804,중국,브라질,2012.04,6,0.06761234037828133,0.13093073414159545,-0.13093073414159545,-0.8451542547285166,-0.8451542547285166,3,0.8451542547285166,21735513.0,44783.0
2,크라프트지(1차재심),4804,중국,스웨덴,2012.04,6,0.5428571428571429,0.7142857142857143,0.14285714285714288,-0.3714285714285715,-0.3714285714285715,3,0.3714285714285715,21735513.0,11160958.0
2,크라프트지(1차재심),4804,중국,스위스,2012.04,6,-0.6546536707079772,0.39279220242478635,0.6546536707079772,0.13093073414159545,-0.6546536707079772,0,0.6546536707079772,21735513.0,5.0
2,크라프트지(1차재심),4804,중국,스페인,2012.04,6,-0.2704493615131253,-0.13093073414159545,-0.7775419143502353,-0.33806170189140666,-0.7775419143502353,2,0.7775419143502353,21735513.0,34589.0
2,크라프트지(1차재심),4804,중국,싱가포르,2012.04,6,-0.6546536707079772,0.39279220242478635,0.6546536707079772,0.13093073414159545,-0.6546536707079772,0,0.6546536707079772,21735513.0,20.0
2,크라프트지(1차재심),4804,중국,에스토니아,2012.04,6,0.2571428571428572,0.2571428571428572,-0.028988551782622423,-0.9276336570439175,-0.9276336570439175,3,0.9276336570439175,21735513.0,2443976.0
2,크라프트지(1차재심),4804,중국,영국,2012.04,6,0.3714285714285715,0.8285714285714287,-0.08571428571428573,-0.14285714285714288,-0.14285714285714288,3,0.14285714285714288,21735513.0,105459.0
2,크라프트지(1차재심),4804,중국,오스트리아,2012.04,6,0.2571428571428572,0.3714285714285715,-0.48571428571428577,-0.028571428571428574,-0.48571428571428577,2,0.48571428571428577,21735513.0,5910907.0
2,크라프트지(1차재심),4804,중국,우크라이나,2012.04,6,0.39279220242478635,0.6546536707079772,0.13093073414159545,-0.13093073414159545,-0.13093073414159545,3,0.13093073414159545,21735513.0,51.0
2,크라프트지(1차재심),4804,중국,이탈리아,2012.04,6,0.33394720739540396,0.15179418517972906,-0.5768179036829705,-0.15179418517972906,-0.5768179036829705,2,0.5768179036829705,21735513.0,68663.0
2,크라프트지(1차재심),4804,중국,일본,2012.04,6,-0.08571428571428573,0.028571428571428574,-0.4285714285714286,-0.7714285714285715,-0.7714285714285715,3,0.7714285714285715,21735513.0,22857901.0
2,크라프트지(1차재심),4804,중국,체코공화국,2012.04,6,-0.5428571428571429,-0.23190841426097938,-0.6377481392176932,-0.40583972495671394,-0.6377481392176932,2,0.6377481392176932,21735513.0,425863.0
2,크라프트지(1차재심),4804,중국,태국,2012.04,6,-0.8285714285714287,0.14285714285714288,0.2571428571428572,-0.2,-0.8285714285714287,0,0.8285714285714287,21735513.0,1762434.0
2,크라프트지(1차재심),4804,중국,튀르키예,2012.04,6,,,-0.6546536707079772,0.39279220242478635,-0.6546536707079772,2,0.6546536707079772,21735513.0,32.0
2,크라프트지(1차재심),4804,중국,폴란드,2012.04,6,0.028571428571428574,-0.14285714285714288,-0.7714285714285715,-0.3714285714285715,-0.7714285714285715,2,0.7714285714285715,21735513.0,6808916.0
2,크라프트지(1차재심),4804,중국,프랑스,2012.04,6,-0.6,0.08571428571428573,0.2571428571428572,-0.8285714285714287,-0.8285714285714287,3,0.8285714285714287,21735513.0,1675803.0
2,크라프트지(1차재심),4804,중국,핀란드,2012.04,6,-0.08571428571428573,0.3714285714285715,-0.5428571428571429,-0.028571428571428574,-0.5428571428571429,2,0.5428571428571429,21735513.0,3861556.0
2,크라프트지(1차재심),4804,중국,호주,2012.04,6,-0.7142857142857143,0.4285714285714286,0.14285714285714288,-0.7142857142857143,-0.7142857142857143,0,0.7142857142857143,21735513.0,4229225.0
2,크라프트지(1차재심),4804,중국,홍콩,2012.04,6,0.13522468075656266,0.06761234037828133,0.13093073414159545,-0.13093073414159545,-0.13093073414159545,3,0.13093073414159545,21735513.0,22235.0
2,크라프트지(1차재심),4804,캐나다,남아프리카공화국,2012.04,6,0.2571428571428572,-0.5217939320872036,0.030358837035945815,0.21251185925162072,-0.5217939320872036,1,0.5217939320872036,1833070.0,499598.0
2,크라프트지(1차재심),4804,캐나다,네덜란드,2012.04,6,0.6571428571428573,-0.4285714285714286,0.028571428571428574,-0.48571428571428577,-0.48571428571428577,3,0.48571428571428577,1833070.0,444956.0
2,크라프트지(1차재심),4804,캐나다,뉴질랜드,2012.04,6,0.14285714285714288,-0.5428571428571429,0.08571428571428573,-0.7142857142857143,-0.7142857142857143,3,0.7142857142857143,1833070.0,12700216.0
2,크라프트지(1차재심),4804,캐나다,대만,2012.04,6,0.08571428571428573,-0.08571428571428573,0.2,-0.3714285714285715,-0.3714285714285715,3,0.3714285714285715,1833070.0,2606499.0
2,크라프트지(1차재심),4804,캐나다,덴마크,2012.04,6,-0.39279220242478635,-0.13093073414159545,,,-0.39279220242478635,0,0.39279220242478635,1833070.0,200.0
2,크라프트지(1차재심),4804,캐나다,독일,2012.04,6,-0.14285714285714288,0.028571428571428574,0.2571428571428572,-0.14285714285714288,-0.14285714285714288,0,0.14285714285714288,1833070.0,267634.0
2,크라프트지(1차재심),4804,캐나다,러시아 연방,2012.04,6,-0.028571428571428574,-0.8285714285714287,0.8285714285714287,-0.3714285714285715,-0.8285714285714287,1,0.8285714285714287,1833070.0,8817813.0
2,크라프트지(1차재심),4804,캐나다,말레이시아,2012.04,6,-0.5408987230262506,0.6546536707079772,0.13093073414159545,-0.39279220242478635,-0.5408987230262506,0,0.5408987230262506,1833070.0,247.0
2,크라프트지(1차재심),4804,캐나다,베트남,2012.04,6,0.6546536707079772,0.13093073414159545,-0.39279220242478635,-0.13093073414159545,-0.39279220242478635,2,0.39279220242478635,1833070.0,1458.0
2,크라프트지(1차재심),4804,캐나다,벨기에,2012.04,6,-0.39279220242478635,-0.13093073414159545,,0.39279220242478635,-0.39279220242478635,0,0.39279220242478635,1833070.0,102.0
2,크라프트지(1차재심),4804,캐나다,보스니아-헤르체고비나,2012.04,6,0.2571428571428572,-0.9856107606091623,0.33394720739540396,0.033806170189140665,-0.9856107606091623,1,0.9856107606091623,1833070.0,916954.0
2,크라프트지(1차재심),4804,캐나다,브라질,2012.04,6,0.30425553170226594,0.13093073414159545,-0.39279220242478635,0.2704493615131253,-0.39279220242478635,2,0.39279220242478635,1833070.0,44783.0
2,크라프트지(1차재심),4804,캐나다,스웨덴,2012.04,6,-0.3142857142857143,0.3714285714285715,0.2571428571428572,-0.6571428571428573,-0.6571428571428573,3,0.6571428571428573,1833070.0,11160958.0
2,크라프트지(1차재심),4804,캐나다,스위스,2012.04,6,0.39279220242478635,-0.6546536707079772,0.6546536707079772,0.13093073414159545,-0.6546536707079772,1,0.6546536707079772,1833070.0,5.0
2,크라프트지(1차재심),4804,캐나다,스페인,2012.04,6,-0.033806170189140665,-0.39279220242478635,0.13522468075656266,-0.06761234037828133,-0.39279220242478635,1,0.39279220242478635,1833070.0,34589.0
2,크라프트지(1차재심),4804,캐나다,싱가포르,2012.04,6,0.39279220242478635,-0.6546536707079772,0.6546536707079772,0.13093073414159545,-0.6546536707079772,1,0.6546536707079772,1833070.0,20.0
2,크라프트지(1차재심),4804,캐나다,에스토니아,2012.04,6,-0.08571428571428573,0.14285714285714288,-0.1449427589131121,0.0,-0.1449427589131121,2,0.1449427589131121,1833070.0,2443976.0
2,크라프트지(1차재심),4804,캐나다,영국,2012.04,6,-0.14285714285714288,-0.028571428571428574,0.5428571428571429,-0.6,-0.6,3,0.6,1833070.0,105459.0
2,크라프트지(1차재심),4804,캐나다,오스트리아,2012.04,6,-0.3714285714285715,-0.2,0.4285714285714286,-0.8857142857142858,-0.8857142857142858,3,0.8857142857142858,1833070.0,5910907.0
2,크라프트지(1차재심),4804,캐나다,우크라이나,2012.04,6,-0.6546536707079772,0.6546536707079772,0.13093073414159545,-0.39279220242478635,-0.6546536707079772,0,0.6546536707079772,1833070.0,51.0
2,크라프트지(1차재심),4804,캐나다,이탈리아,2012.04,6,-0.5161002296110789,0.030358837035945815,0.15179418517972906,-0.6375355777548621,-0.6375355777548621,3,0.6375355777548621,1833070.0,68663.0
2,크라프트지(1차재심),4804,캐나다,일본,2012.04,6,0.2571428571428572,-0.48571428571428577,0.3142857142857143,-0.14285714285714288,-0.48571428571428577,1,0.48571428571428577,1833070.0,22857901.0
2,크라프트지(1차재심),4804,캐나다,체코공화국,2012.04,6,-0.14285714285714288,-0.753702346348183,0.5217939320872036,-0.08696565534786728,-0.753702346348183,1,0.753702346348183,1833070.0,425863.0
2,크라프트지(1차재심),4804,캐나다,태국,2012.04,6,-0.3142857142857143,-0.6571428571428573,0.6,-0.48571428571428577,-0.6571428571428573,1,0.6571428571428573,1833070.0,1762434.0
2,크라프트지(1차재심),4804,캐나다,튀르키예,2012.04,6,,,0.39279220242478635,-0.6546536707079772,-0.6546536707079772,3,0.6546536707079772,1833070.0,32.0
2,크라프트지(1차재심),4804,캐나다,폴란드,2012.04,6,0.2571428571428572,-0.5428571428571429,0.2571428571428572,-0.48571428571428577,-0.5428571428571429,1,0.5428571428571429,1833070.0,6808916.0
2,크라프트지(1차재심),4804,캐나다,프랑스,2012.04,6,0.028571428571428574,-0.6571428571428573,0.4285714285714286,0.14285714285714288,-0.6571428571428573,1,0.6571428571428573,1833070.0,1675803.0
2,크라프트지(1차재심),4804,캐나다,핀란드,2012.04,6,0.942857142857143,-0.6,0.48571428571428577,-0.8285714285714287,-0.8285714285714287,3,0.8285714285714287,1833070.0,3861556.0
2,크라프트지(1차재심),4804,캐나다,호주,2012.04,6,0.08571428571428573,-0.5428571428571429,0.6571428571428573,0.08571428571428573,-0.5428571428571429,1,0.5428571428571429,1833070.0,4229225.0
2,크라프트지(1차재심),4804,캐나다,홍콩,2012.04,6,-0.7775419143502353,0.30425553170226594,0.13093073414159545,-0.39279220242478635,-0.7775419143502353,0,0.7775419143502353,1833070.0,22235.0
3,폴리에스터 장섬유 부분연신사(1차재심),540246,대만,말레이시아,2012.07,6,0.9710083124552246,0.26482044885142486,-0.44136741475237473,-0.08827348295047496,-0.44136741475237473,2,0.44136741475237473,71832.0,17734413.0
3,폴리에스터 장섬유 부분연신사(1차재심),540246,대만,인도,2012.07,6,-0.1044465935734187,-0.750366479376867,-0.4030299679679092,-0.35309393180189985,-0.750366479376867,1,0.750366479376867,71832.0,263524.0
3,폴리에스터 장섬유 부분연신사(1차재심),540246,대만,인도네시아,2012.07,6,0.6565706694547585,0.6789028582272215,0.26967994498529685,-0.5393598899705937,-0.5393598899705937,3,0.5393598899705937,71832.0,99973.0
3,폴리에스터 장섬유 부분연신사(1차재심),540246,대만,일본,2012.07,6,0.8636363636363634,0.04767312946227962,-0.10660035817780522,-0.3337119062359573,-0.3337119062359573,3,0.3337119062359573,71832.0,1734.0
3,폴리에스터 장섬유 부분연신사(1차재심),540246,대만,태국,2012.07,6,0.5296408977028497,0.0,-0.44136741475237473,-0.26482044885142486,-0.44136741475237473,2,0.44136741475237473,71832.0,6070705.0
3,폴리에스터 장섬유 부분연신사(1차재심),540246,중국,말레이시아,2012.07,6,0.942857142857143,-0.2,-0.48571428571428577,0.2571428571428572,-0.48571428571428577,2,0.48571428571428577,137268.0,17734413.0
3,폴리에스터 장섬유 부분연신사(1차재심),540246,중국,인도,2012.07,6,0.101418510567422,-0.6982532518267538,-0.057977103565244846,-0.14285714285714288,-0.6982532518267538,1,0.6982532518267538,137268.0,263524.0
3,폴리에스터 장섬유 부분연신사(1차재심),540246,중국,인도네시아,2012.07,6,0.6375355777548621,0.30425553170226594,-0.13093073414159545,-0.39279220242478635,-0.39279220242478635,3,0.39279220242478635,137268.0,99973.0
3,폴리에스터 장섬유 부분연신사(1차재심),540246,중국,일본,2012.07,6,0.6179143806533246,-0.37032803990902063,0.0,-0.18516401995451032,-0.37032803990902063,1,0.37032803990902063,137268.0,1734.0
3,폴리에스터 장섬유 부분연신사(1차재심),540246,중국,태국,2012.07,6,0.7714285714285715,-0.3714285714285715,-0.4285714285714286,0.028571428571428574,-0.4285714285714286,2,0.4285714285714286,137268.0,6070705.0
4,알루미늄 보틀캔,761290,일본,네덜란드,2013.01,6,0.5428571428571429,-0.5507824838698261,0.5797710356524484,0.0,-0.5507824838698261,1,0.5507824838698261,335607.0,3138.0
4,알루미늄 보틀캔,761290,일본,노르웨이,2013.01,6,-0.6546536707079772,0.39279220242478635,,,-0.6546536707079772,0,0.6546536707079772,335607.0,74.0
4,알루미늄 보틀캔,761290,일본,뉴질랜드,2013.01,6,-0.39279220242478635,-0.6546536707079772,0.39279220242478635,,-0.6546536707079772,1,0.6546536707079772,335607.0,24.0
4,알루미늄 보틀캔,761290,일본,대만,2013.01,6,-0.6,-0.08571428571428573,0.48571428571428577,0.4285714285714286,-0.6,0,0.6,335607.0,10180.0
4,알루미늄 보틀캔,761290,일본,덴마크,2013.01,6,-0.16903085094570333,0.2704493615131253,0.13093073414159545,-0.39279220242478635,-0.39279220242478635,3,0.39279220242478635,335607.0,94.0
4,알루미늄 보틀캔,761290,일본,독일,2013.01,6,0.08571428571428573,0.3714285714285715,-0.08571428571428573,0.5428571428571429,-0.08571428571428573,2,0.08571428571428573,335607.0,363714.0
4,알루미늄 보틀캔,761290,일본,몰타,2013.01,6,0.6546536707079772,-0.13093073414159545,0.13093073414159545,-0.39279220242478635,-0.39279220242478635,3,0.39279220242478635,335607.0,5.0
4,알루미늄 보틀캔,761290,일본,미국,2013.01,6,0.7142857142857143,0.4285714285714286,0.2571428571428572,0.028571428571428574,0.028571428571428574,3,0.0,335607.0,733540.0
4,알루미늄 보틀캔,761290,일본,베트남,2013.01,6,,,0.6546536707079772,-0.13093073414159545,-0.13093073414159545,3,0.13093073414159545,335607.0,2.0
4,알루미늄 보틀캔,761290,일본,스웨덴,2013.01,6,-0.6667366910003157,-0.15179418517972906,-0.101418510567422,-0.6546536707079772,-0.6667366910003157,0,0.6667366910003157,335607.0,57.0
4,알루미늄 보틀캔,761290,일본,스위스,2013.01,6,-0.2571428571428572,0.5428571428571429,0.2571428571428572,-0.942857142857143,-0.942857142857143,3,0.942857142857143,335607.0,5305.0
4,알루미늄 보틀캔,761290,일본,스페인,2013.01,6,0.6957252427829382,0.6377481392176932,0.3142857142857143,0.6,0.3142857142857143,2,0.0,335607.0,14336.0
4,알루미늄 보틀캔,761290,일본,싱가포르,2013.01,6,0.6761234037828133,-0.3718678720805473,0.2732295333235123,-0.057977103565244846,-0.3718678720805473,1,0.3718678720805473,335607.0,1047.0
4,알루미늄 보틀캔,761290,일본,아일랜드,2013.01,6,0.48571428571428577,0.3714285714285715,-0.3714285714285715,-0.3142857142857143,-0.3714285714285715,2,0.3714285714285715,335607.0,387444.0
4,알루미늄 보틀캔,761290,일본,영국,2013.01,6,0.13093073414159545,0.33806170189140666,-0.5408987230262506,0.7589709258986453,-0.5408987230262506,2,0.5408987230262506,335607.0,11607.0
4,알루미늄 보틀캔,761290,일본,이탈리아,2013.01,6,0.23190841426097938,0.028988551782622423,0.08571428571428573,0.4285714285714286,0.028988551782622423,1,0.0,335607.0,5471.0
4,알루미늄 보틀캔,761290,일본,인도,2013.01,6,-0.057977103565244846,-0.46381682852195877,-0.15179418517972906,0.4394802124588286,-0.46381682852195877,1,0.46381682852195877,335607.0,1848.0
4,알루미늄 보틀캔,761290,일본,중국,2013.01,6,0.5428571428571429,0.028571428571428574,-0.8857142857142858,-0.08571428571428573,-0.8857142857142858,2,0.8857142857142858,335607.0,528384.0
4,알루미늄 보틀캔,761290,일본,체코공화국,2013.01,6,0.4140393356054126,0.0,0.09258200997725516,-0.9258200997725515,-0.9258200997725515,3,0.9258200997725515,335607.0,8100.0
4,알루미늄 보틀캔,761290,일본,캐나다,2013.01,6,0.2571428571428572,0.3714285714285715,0.028571428571428574,-0.028571428571428574,-0.028571428571428574,3,0.028571428571428574,335607.0,12389.0
4,알루미늄 보틀캔,761290,일본,태국,2013.01,6,-0.3714285714285715,-0.48571428571428577,-0.48571428571428577,0.6571428571428573,-0.48571428571428577,1,0.48571428571428577,335607.0,95518.0
4,알루미늄 보틀캔,761290,일본,튀르키예,2013.01,6,-0.6546536707079772,0.39279220242478635,,,-0.6546536707079772,0,0.6546536707079772,335607.0,2.0
4,알루미늄 보틀캔,761290,일본,폴란드,2013.01,6,-0.6546536707079772,0.39279220242478635,,,-0.6546536707079772,0,0.6546536707079772,335607.0,5152.0
4,알루미늄 보틀캔,761290,일본,프랑스,2013.01,6,0.7142857142857143,0.08571428571428573,-0.08571428571428573,-0.7714285714285715,-0.7714285714285715,3,0.7714285714285715,335607.0,177421.0
4,알루미늄 보틀캔,761290,일본,필리핀,2013.01,6,-0.3142857142857143,0.7714285714285715,-0.2,-0.48571428571428577,-0.48571428571428577,3,0.48571428571428577,335607.0,193418.0
4,알루미늄 보틀캔,761290,일본,헝가리,2013.01,6,-0.13093073414159545,0.13093073414159545,-0.39279220242478635,-0.6546536707079772,-0.6546536707079772,3,0.6546536707079772,335607.0,5.0
4,알루미늄 보틀캔,761290,일본,호주,2013.01,6,-0.39279220242478635,-0.6546536707079772,0.39279220242478635,,-0.6546536707079772,1,0.6546536707079772,335607.0,1.0
4,알루미늄 보틀캔,761290,일본,홍콩,2013.01,6,,0.6546536707079772,-0.13093073414159545,0.13093073414159545,-0.13093073414159545,2,0.13093073414159545,335607.0,65.0
5,염화콜린(2차재심),292310,미국,독일,2013.08,6,0.5852390484520126,0.954863710632231,0.6911764705882353,0.6957252427829381,0.5852390484520126,0,0.0,6250.0,286625.0
5,염화콜린(2차재심),292310,미국,러시아 연방,2013.08,6,0.13284223283101432,-0.5313689313240573,-0.13284223283101432,-0.5313689313240573,-0.5313689313240573,1,0.5313689313240573,6250.0,1.0
5,염화콜린(2차재심),292310,미국,벨기에,2013.08,6,-0.3080205518168487,-0.46203082772527304,0.46203082772527304,0.1911764705882353,-0.46203082772527304,1,0.46203082772527304,6250.0,169760.0
5,염화콜린(2차재심),292310,미국,스페인,2013.08,6,0.044781107551989906,-0.16419739435729633,0.8060599359358183,0.05882352941176471,-0.16419739435729633,1,0.16419739435729633,6250.0,7125.0
5,염화콜린(2차재심),292310,미국,영국,2013.08,6,-0.5659453309702792,-0.5313689313240573,,,-0.5659453309702792,0,0.5659453309702792,6250.0,11.0
5,염화콜린(2차재심),292310,미국,이탈리아,2013.08,6,0.6377481392176932,0.17393131069573453,-0.23190841426097936,-0.3768511731740915,-0.3768511731740915,3,0.3768511731740915,6250.0,58529.0
5,염화콜린(2차재심),292310,미국,홍콩,2013.08,6,,,,0.39852669849304295,0.39852669849304295,3,0.0,6250.0,9.0
5,염화콜린(2차재심),292310,인도,독일,2013.08,6,-0.3548387096774194,-0.09677419354838712,0.09240616554505462,-0.15179418517972906,-0.3548387096774194,0,0.3548387096774194,226.0,286625.0
5,염화콜린(2차재심),292310,인도,러시아 연방,2013.08,6,0.4173650061841515,-0.4173650061841515,0.6956083436402525,-0.4173650061841515,-0.4173650061841515,1,0.4173650061841515,226.0,1.0
5,염화콜린(2차재심),292310,인도,벨기에,2013.08,6,0.41935483870967744,-0.48387096774193544,0.5483870967741936,-0.46203082772527304,-0.48387096774193544,1,0.48387096774193544,226.0,169760.0
5,염화콜린(2차재심),292310,인도,스페인,2013.08,6,0.9379580992210835,-0.6878359394287946,0.3751832396884334,0.030802055181684874,-0.6878359394287946,1,0.6878359394287946,226.0,7125.0
5,염화콜린(2차재심),292310,인도,영국,2013.08,6,0.07184212081070995,-0.4173650061841515,,,-0.4173650061841515,1,0.4173650061841515,226.0,11.0
5,염화콜린(2차재심),292310,인도,이탈리아,2013.08,6,-0.15179418517972906,-0.21251185925162072,0.33394720739540396,0.030358837035945815,-0.21251185925162072,1,0.21251185925162072,226.0,58529.0
5,염화콜린(2차재심),292310,인도,홍콩,2013.08,6,,,,0.1391216687280505,0.1391216687280505,3,0.0,226.0,9.0
5,염화콜린(2차재심),292310,중국,독일,2013.08,6,-0.33394720739540396,-0.15179418517972906,-0.057977103565244846,-0.5428571428571429,-0.5428571428571429,3,0.5428571428571429,14260.0,286625.0
5,염화콜린(2차재심),292310,중국,러시아 연방,2013.08,6,0.6546536707079772,-0.6546536707079772,0.39279220242478635,0.13093073414159545,-0.6546536707079772,1,0.6546536707079772,14260.0,1.0
5,염화콜린(2차재심),292310,중국,벨기에,2013.08,6,0.8804062740424288,-0.6375355777548621,0.09107651110783746,0.1449427589131121,-0.6375355777548621,1,0.6375355777548621,14260.0,169760.0
5,염화콜린(2차재심),292310,중국,스페인,2013.08,6,0.7944613465542746,-0.44136741475237473,0.26482044885142486,0.23190841426097938,-0.44136741475237473,1,0.44136741475237473,14260.0,7125.0
5,염화콜린(2차재심),292310,중국,영국,2013.08,6,0.3718678720805473,0.13093073414159545,,,0.13093073414159545,1,0.0,14260.0,11.0
5,염화콜린(2차재심),292310,중국,이탈리아,2013.08,6,0.2571428571428572,-0.14285714285714288,-0.2571428571428572,0.14285714285714288,-0.2571428571428572,2,0.2571428571428572,14260.0,58529.0
5,염화콜린(2차재심),292310,중국,홍콩,2013.08,6,,,,-0.13093073414159545,-0.13093073414159545,3,0.13093073414159545,14260.0,9.0
6,스테인레스스틸바(2차재심),7222,스페인,네덜란드,2013.11,6,-0.8116794499134278,-0.05797710356524484,0.3188740696088466,0.02898855178262242,-0.8116794499134278,0,0.8116794499134278,2521.0,3424.0
6,스테인레스스틸바(2차재심),7222,스페인,노르웨이,2013.11,6,-0.6468431588153823,0.3088235294117647,-0.1911764705882353,-0.7826908981308054,-0.7826908981308054,3,0.7826908981308054,2521.0,86633.0
6,스테인레스스틸바(2차재심),7222,스페인,대만,2013.11,6,0.20291986247835694,-0.20291986247835694,-0.3188740696088466,-0.6377481392176932,-0.6377481392176932,3,0.6377481392176932,2521.0,7256187.0
6,스테인레스스틸바(2차재심),7222,스페인,독일,2013.11,6,-0.4058397249567139,-0.4928053803045812,0.6377481392176932,-0.3188740696088466,-0.4928053803045812,1,0.4928053803045812,2521.0,1925908.0
6,스테인레스스틸바(2차재심),7222,스페인,말레이시아,2013.11,6,-0.13284223283101432,0.39852669849304295,-0.5313689313240573,0.6642111641550715,-0.5313689313240573,2,0.5313689313240573,2521.0,33.0
6,스테인레스스틸바(2차재심),7222,스페인,미국,2013.11,6,-0.7247137945655605,0.05797710356524484,-0.4928053803045812,-0.02898855178262242,-0.7247137945655605,0,0.7247137945655605,2521.0,499504.0
6,스테인레스스틸바(2차재심),7222,스페인,베트남,2013.11,6,0.3768511731740915,-0.8116794499134278,0.7247137945655605,-0.3188740696088466,-0.8116794499134278,1,0.8116794499134278,2521.0,456004.0
6,스테인레스스틸바(2차재심),7222,스페인,벨기에,2013.11,6,,,,-0.5313689313240573,-0.5313689313240573,3,0.5313689313240573,2521.0,14250.0
6,스테인레스스틸바(2차재심),7222,스페인,스웨덴,2013.11,6,-0.28988551782622424,-0.4638168285219587,0.20291986247835694,-0.20291986247835694,-0.4638168285219587,1,0.4638168285219587,2521.0,60601.0
6,스테인레스스틸바(2차재심),7222,스페인,스위스,2013.11,6,0.33882260699853356,0.13719886811400706,-0.24641644145347896,-0.2647058823529412,-0.2647058823529412,3,0.2647058823529412,2521.0,154110.0
6,스테인레스스틸바(2차재심),7222,스페인,싱가포르,2013.11,6,0.05797710356524484,-0.7247137945655605,0.753702346348183,-0.02898855178262242,-0.7247137945655605,1,0.7247137945655605,2521.0,12385.0
6,스테인레스스틸바(2차재심),7222,스페인,아일랜드,2013.11,6,,,-0.5313689313240573,0.13284223283101432,-0.5313689313240573,2,0.5313689313240573,2521.0,3.0
6,스테인레스스틸바(2차재심),7222,스페인,영국,2013.11,6,-0.05797710356524484,0.4638168285219587,-0.17393131069573453,0.11595420713048968,-0.17393131069573453,2,0.17393131069573453,2521.0,39758.0
6,스테인레스스틸바(2차재심),7222,스페인,오스트리아,2013.11,6,0.3080205518168487,-0.46203082772527304,-0.1323529411764706,-0.20291986247835694,-0.46203082772527304,1,0.46203082772527304,2521.0,1202.0
6,스테인레스스틸바(2차재심),7222,스페인,이탈리아,2013.11,6,-0.23190841426097936,0.23190841426097936,0.3768511731740915,0.0,-0.23190841426097936,0,0.23190841426097936,2521.0,3707100.0
6,스테인레스스틸바(2차재심),7222,스페인,중국,2013.11,6,0.3768511731740915,-0.9276336570439174,0.2608969660436018,-0.753702346348183,-0.9276336570439174,1,0.9276336570439174,2521.0,14560644.0
6,스테인레스스틸바(2차재심),7222,스페인,체코공화국,2013.11,6,0.39852669849304295,-0.5313689313240573,0.6642111641550715,,-0.5313689313240573,1,0.5313689313240573,2521.0,540.0
6,스테인레스스틸바(2차재심),7222,스페인,캐나다,2013.11,6,0.13284223283101432,-0.13284223283101432,-0.2229481606852615,-0.2229481606852615,-0.2229481606852615,2,0.2229481606852615,2521.0,3120.0
6,스테인레스스틸바(2차재심),7222,스페인,태국,2013.11,6,0.6642111641550715,,,,0.6642111641550715,0,0.0,2521.0,1460.0
6,스테인레스스틸바(2차재심),7222,스페인,파키스탄,2013.11,6,-0.5313689313240573,0.13284223283101432,-0.13284223283101432,0.39852669849304295,-0.5313689313240573,0,0.5313689313240573,2521.0,43.0
6,스테인레스스틸바(2차재심),7222,스페인,포루투갈,2013.11,6,0.1911764705882353,-0.6957252427829381,0.23190841426097936,0.05797710356524484,-0.6957252427829381,1,0.6957252427829381,2521.0,183870.0
6,스테인레스스틸바(2차재심),7222,스페인,프랑스,2013.11,6,0.28988551782622424,0.43482827673933633,-0.34786262139146906,-0.20291986247835694,-0.34786262139146906,2,0.34786262139146906,2521.0,65427.0
6,스테인레스스틸바(2차재심),7222,스페인,필리핀,2013.11,6,-0.39444674582777034,0.034299717028501764,0.13719886811400706,0.017149858514250882,-0.39444674582777034,0,0.39444674582777034,2521.0,4789.0
6,스테인레스스틸바(2차재심),7222,스페인,호주,2013.11,6,-0.5313689313240573,0.6642111641550715,,,-0.5313689313240573,0,0.5313689313240573,2521.0,900.0
6,스테인레스스틸바(2차재심),7222,스페인,홍콩,2013.11,6,0.6642111641550715,,,-0.5313689313240573,-0.5313689313240573,3,0.5313689313240573,2521.0,148516.0
6,스테인레스스틸바(2차재심),7222,인도,네덜란드,2013.11,6,-0.14285714285714288,0.2571428571428572,-0.08571428571428573,-0.48571428571428577,-0.48571428571428577,3,0.48571428571428577,6950410.0,3424.0
6,스테인레스스틸바(2차재심),7222,인도,노르웨이,2013.11,6,0.09107651110783746,-0.11595420713048969,-0.5797710356524484,-0.5428571428571429,-0.5797710356524484,2,0.5797710356524484,6950410.0,86633.0
6,스테인레스스틸바(2차재심),7222,인도,대만,2013.11,6,-0.028571428571428574,-0.942857142857143,-0.6,-0.48571428571428577,-0.942857142857143,1,0.942857142857143,6950410.0,7256187.0
6,스테인레스스틸바(2차재심),7222,인도,독일,2013.11,6,-0.3714285714285715,-0.2571428571428572,-0.2,-0.14285714285714288,-0.3714285714285715,0,0.3714285714285715,6950410.0,1925908.0
6,스테인레스스틸바(2차재심),7222,인도,말레이시아,2013.11,6,-0.6546536707079772,0.13093073414159545,0.39279220242478635,0.6546536707079772,-0.6546536707079772,0,0.6546536707079772,6950410.0,33.0
6,스테인레스스틸바(2차재심),7222,인도,미국,2013.11,6,-0.4285714285714286,-0.6571428571428573,-0.8857142857142858,-0.14285714285714288,-0.8857142857142858,2,0.8857142857142858,6950410.0,499504.0
6,스테인레스스틸바(2차재심),7222,인도,베트남,2013.11,6,-0.08571428571428573,-0.3142857142857143,0.5428571428571429,-0.08571428571428573,-0.3142857142857143,1,0.3142857142857143,6950410.0,456004.0
6,스테인레스스틸바(2차재심),7222,인도,벨기에,2013.11,6,,,,-0.39279220242478635,-0.39279220242478635,3,0.39279220242478635,6950410.0,14250.0
6,스테인레스스틸바(2차재심),7222,인도,스웨덴,2013.11,6,0.08571428571428573,0.3142857142857143,-0.028571428571428574,-0.942857142857143,-0.942857142857143,3,0.942857142857143,6950410.0,60601.0
6,스테인레스스틸바(2차재심),7222,인도,스위스,2013.11,6,-0.2732295333235123,-0.50709255283711,0.21251185925162072,0.6377481392176932,-0.50709255283711,1,0.50709255283711,6950410.0,154110.0
6,스테인레스스틸바(2차재심),7222,인도,싱가포르,2013.11,6,0.2,-0.48571428571428577,0.2,-0.028571428571428574,-0.48571428571428577,1,0.48571428571428577,6950410.0,12385.0
6,스테인레스스틸바(2차재심),7222,인도,아일랜드,2013.11,6,,,-0.39279220242478635,-0.13093073414159545,-0.39279220242478635,2,0.39279220242478635,6950410.0,3.0
6,스테인레스스틸바(2차재심),7222,인도,영국,2013.11,6,0.3142857142857143,0.6,0.6,-0.028571428571428574,-0.028571428571428574,3,0.028571428571428574,6950410.0,39758.0
6,스테인레스스틸바(2차재심),7222,인도,오스트리아,2013.11,6,0.2732295333235123,-0.7589709258986453,-0.8116794499134279,-0.8285714285714287,-0.8285714285714287,3,0.8285714285714287,6950410.0,1202.0
6,스테인레스스틸바(2차재심),7222,인도,이탈리아,2013.11,6,-0.3714285714285715,0.7714285714285715,0.6571428571428573,0.2571428571428572,-0.3714285714285715,0,0.3714285714285715,6950410.0,3707100.0
6,스테인레스스틸바(2차재심),7222,인도,중국,2013.11,6,0.14285714285714288,-0.4285714285714286,-0.14285714285714288,-0.8857142857142858,-0.8857142857142858,3,0.8857142857142858,6950410.0,14560644.0
6,스테인레스스틸바(2차재심),7222,인도,체코공화국,2013.11,6,0.13093073414159545,0.39279220242478635,0.6546536707079772,,0.13093073414159545,0,0.0,6950410.0,540.0
6,스테인레스스틸바(2차재심),7222,인도,캐나다,2013.11,6,-0.13093073414159545,-0.6546536707079772,-0.2704493615131253,0.13522468075656266,-0.6546536707079772,1,0.6546536707079772,6950410.0,3120.0
6,스테인레스스틸바(2차재심),7222,인도,태국,2013.11,6,0.6546536707079772,,,,0.6546536707079772,0,0.0,6950410.0,1460.0
6,스테인레스스틸바(2차재심),7222,인도,파키스탄,2013.11,6,-0.39279220242478635,-0.13093073414159545,-0.6546536707079772,0.13093073414159545,-0.6546536707079772,2,0.6546536707079772,6950410.0,43.0
6,스테인레스스틸바(2차재심),7222,인도,포루투갈,2013.11,6,-0.3188740696088466,-0.14285714285714288,0.3714285714285715,-0.48571428571428577,-0.48571428571428577,3,0.48571428571428577,6950410.0,183870.0
6,스테인레스스틸바(2차재심),7222,인도,프랑스,2013.11,6,0.08571428571428573,-0.3714285714285715,-0.14285714285714288,0.3714285714285715,-0.3714285714285715,1,0.3714285714285715,6950410.0,65427.0
6,스테인레스스틸바(2차재심),7222,인도,필리핀,2013.11,6,-0.4394802124588286,-0.5408987230262506,-0.50709255283711,0.3718678720805473,-0.5408987230262506,1,0.5408987230262506,6950410.0,4789.0
6,스테인레스스틸바(2차재심),7222,인도,호주,2013.11,6,0.39279220242478635,0.6546536707079772,,,0.39279220242478635,0,0.0,6950410.0,900.0
6,스테인레스스틸바(2차재심),7222,인도,홍콩,2013.11,6,0.6546536707079772,,,-0.39279220242478635,-0.39279220242478635,3,0.39279220242478635,6950410.0,148516.0
6,스테인레스스틸바(2차재심),7222,일본,네덜란드,2013.11,6,-0.2571428571428572,0.14285714285714288,0.2,0.3714285714285715,-0.2571428571428572,0,0.2571428571428572,3301915.0,3424.0
6,스테인레스스틸바(2차재심),7222,일본,노르웨이,2013.11,6,-0.2732295333235123,0.8116794499134279,0.028988551782622423,0.2,-0.2732295333235123,0,0.2732295333235123,3301915.0,86633.0
6,스테인레스스틸바(2차재심),7222,일본,대만,2013.11,6,0.4285714285714286,0.7142857142857143,-0.028571428571428574,0.08571428571428573,-0.028571428571428574,2,0.028571428571428574,3301915.0,7256187.0
6,스테인레스스틸바(2차재심),7222,일본,독일,2013.11,6,-0.2571428571428572,0.14285714285714288,0.4285714285714286,-0.48571428571428577,-0.48571428571428577,3,0.48571428571428577,3301915.0,1925908.0
6,스테인레스스틸바(2차재심),7222,일본,말레이시아,2013.11,6,0.6546536707079772,-0.6546536707079772,-0.39279220242478635,0.13093073414159545,-0.6546536707079772,1,0.6546536707079772,3301915.0,33.0
6,스테인레스스틸바(2차재심),7222,일본,미국,2013.11,6,0.3714285714285715,0.6,0.4285714285714286,-0.6,-0.6,3,0.6,3301915.0,499504.0
6,스테인레스스틸바(2차재심),7222,일본,베트남,2013.11,6,-0.5428571428571429,0.2571428571428572,-0.48571428571428577,0.48571428571428577,-0.5428571428571429,0,0.5428571428571429,3301915.0,456004.0
6,스테인레스스틸바(2차재심),7222,일본,벨기에,2013.11,6,,,,0.39279220242478635,0.39279220242478635,3,0.0,3301915.0,14250.0
6,스테인레스스틸바(2차재심),7222,일본,스웨덴,2013.11,6,-0.48571428571428577,-0.028571428571428574,0.4285714285714286,0.7142857142857143,-0.48571428571428577,0,0.48571428571428577,3301915.0,60601.0
6,스테인레스스틸바(2차재심),7222,일본,스위스,2013.11,6,0.3946648814672956,0.16903085094570333,-0.6982532518267538,-0.11595420713048969,-0.6982532518267538,2,0.6982532518267538,3301915.0,154110.0
6,스테인레스스틸바(2차재심),7222,일본,싱가포르,2013.11,6,-0.7714285714285715,0.7714285714285715,-0.4285714285714286,-0.028571428571428574,-0.7714285714285715,0,0.7714285714285715,3301915.0,12385.0
6,스테인레스스틸바(2차재심),7222,일본,아일랜드,2013.11,6,,,0.39279220242478635,-0.13093073414159545,-0.13093073414159545,3,0.13093073414159545,3301915.0,3.0
6,스테인레스스틸바(2차재심),7222,일본,영국,2013.11,6,-0.08571428571428573,-0.2,-0.4285714285714286,0.7714285714285715,-0.4285714285714286,2,0.4285714285714286,3301915.0,39758.0
6,스테인레스스틸바(2차재심),7222,일본,오스트리아,2013.11,6,0.33394720739540396,0.5768179036829705,0.3768511731740915,0.2571428571428572,0.2571428571428572,3,0.0,3301915.0,1202.0
6,스테인레스스틸바(2차재심),7222,일본,이탈리아,2013.11,6,-0.2571428571428572,-0.8285714285714287,-0.08571428571428573,0.08571428571428573,-0.8285714285714287,1,0.8285714285714287,3301915.0,3707100.0
6,스테인레스스틸바(2차재심),7222,일본,중국,2013.11,6,-0.6,0.48571428571428577,0.14285714285714288,0.6,-0.6,0,0.6,3301915.0,14560644.0
6,스테인레스스틸바(2차재심),7222,일본,체코공화국,2013.11,6,-0.6546536707079772,-0.39279220242478635,0.13093073414159545,,-0.6546536707079772,0,0.6546536707079772,3301915.0,540.0
6,스테인레스스틸바(2차재심),7222,일본,캐나다,2013.11,6,-0.13093073414159545,0.6546536707079772,-0.06761234037828133,-0.3718678720805473,-0.3718678720805473,3,0.3718678720805473,3301915.0,3120.0
6,스테인레스스틸바(2차재심),7222,일본,태국,2013.11,6,0.13093073414159545,,,,0.13093073414159545,0,0.0,3301915.0,1460.0
6,스테인레스스틸바(2차재심),7222,일본,파키스탄,2013.11,6,0.39279220242478635,-0.13093073414159545,0.6546536707079772,-0.6546536707079772,-0.6546536707079772,3,0.6546536707079772,3301915.0,43.0
6,스테인레스스틸바(2차재심),7222,일본,포루투갈,2013.11,6,-0.3478626213914691,-0.028571428571428574,-0.08571428571428573,0.7714285714285715,-0.3478626213914691,0,0.3478626213914691,3301915.0,183870.0
6,스테인레스스틸바(2차재심),7222,일본,프랑스,2013.11,6,0.3142857142857143,0.3714285714285715,-0.5428571428571429,-0.08571428571428573,-0.5428571428571429,2,0.5428571428571429,3301915.0,65427.0
6,스테인레스스틸바(2차재심),7222,일본,필리핀,2013.11,6,0.2704493615131253,0.30425553170226594,0.16903085094570333,-0.8451542547285166,-0.8451542547285166,3,0.8451542547285166,3301915.0,4789.0
6,스테인레스스틸바(2차재심),7222,일본,호주,2013.11,6,-0.39279220242478635,0.13093073414159545,,,-0.39279220242478635,0,0.39279220242478635,3301915.0,900.0
6,스테인레스스틸바(2차재심),7222,일본,홍콩,2013.11,6,0.13093073414159545,,,0.39279220242478635,0.13093073414159545,0,0.0,3301915.0,148516.0
7,합판,4412,중국,가나,2013.11,6,0.13093073414159545,-0.39279220242478635,-0.6546536707079772,-0.13093073414159545,-0.6546536707079772,2,0.6546536707079772,139004655.0,1.0
7,합판,4412,중국,남아프리카공화국,2013.11,6,-0.13093073414159545,,,,-0.13093073414159545,0,0.13093073414159545,139004655.0,2.0
7,합판,4412,중국,네덜란드,2013.11,6,-0.12344267996967354,-0.4140393356054126,-0.12344267996967354,-0.33806170189140666,-0.4140393356054126,1,0.4140393356054126,139004655.0,6555.0
7,합판,4412,중국,노르웨이,2013.11,6,-0.6546536707079772,0.50709255283711,0.7775419143502353,0.7589709258986453,-0.6546536707079772,0,0.6546536707079772,139004655.0,2855.0
7,합판,4412,중국,대만,2013.11,6,0.2571428571428572,0.028571428571428574,-0.14285714285714288,-0.6,-0.6,3,0.6,139004655.0,28064.0
7,합판,4412,중국,덴마크,2013.11,6,,,,0.6546536707079772,0.6546536707079772,3,0.0,139004655.0,2350.0
7,합판,4412,중국,독일,2013.11,6,0.8285714285714287,0.7142857142857143,0.3142857142857143,-0.6,-0.6,3,0.6,139004655.0,477061.0
7,합판,4412,중국,라트비아,2013.11,6,0.48571428571428577,0.3142857142857143,0.48571428571428577,-0.2,-0.2,3,0.2,139004655.0,3327363.0
7,합판,4412,중국,러시아 연방,2013.11,6,0.08571428571428573,0.5428571428571429,0.7714285714285715,0.8857142857142858,0.08571428571428573,0,0.0,139004655.0,11240563.0
7,합판,4412,중국,루마니아,2013.11,6,-0.30425553170226594,0.030358837035945815,-0.33806170189140666,-0.033806170189140665,-0.33806170189140666,2,0.33806170189140666,139004655.0,4935.0
7,합판,4412,중국,말레이시아,2013.11,6,0.2571428571428572,0.028571428571428574,-0.6571428571428573,-0.48571428571428577,-0.6571428571428573,2,0.6571428571428573,139004655.0,183699673.0
7,합판,4412,중국,미국,2013.11,6,0.5428571428571429,0.6571428571428573,0.7142857142857143,0.2571428571428572,0.2571428571428572,3,0.0,139004655.0,914749.0
7,합판,4412,중국,미얀마,2013.11,6,-0.30425553170226594,0.030358837035945815,0.0,0.18516401995451032,-0.30425553170226594,0,0.30425553170226594,139004655.0,64399.0
7,합판,4412,중국,베트남,2013.11,6,-0.14285714285714288,-0.2571428571428572,0.08571428571428573,-0.4285714285714286,-0.4285714285714286,3,0.4285714285714286,139004655.0,83136216.0
7,합판,4412,중국,벨기에,2013.11,6,0.39279220242478635,0.5408987230262506,-0.101418510567422,-0.50709255283711,-0.50709255283711,3,0.50709255283711,139004655.0,14.0
7,합판,4412,중국,브라질,2013.11,6,0.0,0.33806170189140666,0.5768179036829705,0.3946648814672956,0.0,0,0.0,139004655.0,143383.0
7,합판,4412,중국,스웨덴,2013.11,6,-0.6982532518267538,-0.3946648814672956,0.45538255553918716,0.3718678720805473,-0.6982532518267538,0,0.6982532518267538,139004655.0,24361.0
7,합판,4412,중국,스위스,2013.11,6,0.39279220242478635,0.13093073414159545,-0.39279220242478635,-0.16903085094570333,-0.39279220242478635,2,0.39279220242478635,139004655.0,58.0
7,합판,4412,중국,스페인,2013.11,6,-0.5161002296110789,-0.033806170189140665,-0.39279220242478635,-0.6546536707079772,-0.6546536707079772,3,0.6546536707079772,139004655.0,586.0
7,합판,4412,중국,슬로베니아,2013.11,6,0.13093073414159545,-0.39279220242478635,0.16903085094570333,0.5768179036829705,-0.39279220242478635,1,0.39279220242478635,139004655.0,101167.0
7,합판,4412,중국,싱가포르,2013.11,6,-0.3946648814672956,-0.4394802124588286,-0.6546536707079772,-0.13093073414159545,-0.6546536707079772,2,0.6546536707079772,139004655.0,128409.0
7,합판,4412,중국,아랍에미리트 연합,2013.11,6,0.39279220242478635,0.13093073414159545,-0.39279220242478635,-0.6546536707079772,-0.6546536707079772,3,0.6546536707079772,139004655.0,1.0
7,합판,4412,중국,에스토니아,2013.11,6,0.2,-0.6,-0.3714285714285715,-0.2571428571428572,-0.6,1,0.6,139004655.0,1943629.0
7,합판,4412,중국,영국,2013.11,6,0.33806170189140666,0.5161002296110789,0.8116794499134279,0.20291986247835697,0.20291986247835697,3,0.0,139004655.0,86.0
7,합판,4412,중국,오스트리아,2013.11,6,0.3142857142857143,-0.028571428571428574,-0.6571428571428573,-0.8285714285714287,-0.8285714285714287,3,0.8285714285714287,139004655.0,18509.0
7,합판,4412,중국,우루과이,2013.11,6,-0.8451542547285166,-0.5408987230262506,0.50709255283711,0.39279220242478635,-0.8451542547285166,0,0.8451542547285166,139004655.0,118660.0
7,합판,4412,중국,이탈리아,2013.11,6,0.3714285714285715,-0.2571428571428572,-0.028571428571428574,0.4285714285714286,-0.2571428571428572,1,0.2571428571428572,139004655.0,340402.0
7,합판,4412,중국,인도,2013.11,6,0.7775419143502353,0.3718678720805473,-0.2704493615131253,-0.8451542547285166,-0.8451542547285166,3,0.8451542547285166,139004655.0,224.0
7,합판,4412,중국,인도네시아,2013.11,6,0.5428571428571429,0.7142857142857143,0.2571428571428572,-0.6,-0.6,3,0.6,139004655.0,81203966.0
7,합판,4412,중국,일본,2013.11,6,0.6571428571428573,0.3714285714285715,-0.08571428571428573,0.028571428571428574,-0.08571428571428573,2,0.08571428571428573,139004655.0,590332.0
7,합판,4412,중국,체코공화국,2013.11,6,0.6546536707079772,0.39279220242478635,0.13093073414159545,-0.39279220242478635,-0.39279220242478635,3,0.39279220242478635,139004655.0,26980.0
7,합판,4412,중국,칠레,2013.11,6,-0.6546536707079772,0.50709255283711,0.39279220242478635,0.5408987230262506,-0.6546536707079772,0,0.6546536707079772,139004655.0,140124.0
7,합판,4412,중국,캐나다,2013.11,6,-0.033806170189140665,-0.39279220242478635,-0.6546536707079772,-0.13093073414159545,-0.6546536707079772,2,0.6546536707079772,139004655.0,6.0
7,합판,4412,중국,코스타리카,2013.11,6,,0.6546536707079772,0.39279220242478635,0.13093073414159545,0.13093073414159545,3,0.0,139004655.0,9.0
7,합판,4412,중국,콩고,2013.11,6,0.13093073414159545,-0.39279220242478635,-0.6546536707079772,-0.13093073414159545,-0.6546536707079772,2,0.6546536707079772,139004655.0,60210.0
7,합판,4412,중국,태국,2013.11,6,0.11595420713048969,0.2571428571428572,0.48571428571428577,-0.2898855178262242,-0.2898855178262242,3,0.2898855178262242,139004655.0,25162.0
7,합판,4412,중국,튀르키예,2013.11,6,,,,0.6546536707079772,0.6546536707079772,3,0.0,139004655.0,92.0
7,합판,4412,중국,포루투갈,2013.11,6,0.6546536707079772,0.8451542547285166,0.4394802124588286,-0.13522468075656266,-0.13522468075656266,3,0.13522468075656266,139004655.0,39.0
7,합판,4412,중국,폴란드,2013.11,6,0.13093073414159545,-0.39279220242478635,-0.6546536707079772,-0.13093073414159545,-0.6546536707079772,2,0.6546536707079772,139004655.0,22000.0
7,합판,4412,중국,프랑스,2013.11,6,0.5161002296110789,0.9411239481143202,0.49280538030458115,-0.40583972495671394,-0.40583972495671394,3,0.40583972495671394,139004655.0,37136.0
7,합판,4412,중국,핀란드,2013.11,6,-0.3142857142857143,0.7714285714285715,0.8857142857142858,0.3714285714285715,-0.3142857142857143,0,0.3142857142857143,139004655.0,23049028.0
7,합판,4412,중국,필리핀,2013.11,6,-0.8451542547285166,-0.5408987230262506,-0.13093073414159545,,-0.8451542547285166,0,0.8451542547285166,139004655.0,58.0
7,합판,4412,중국,호주,2013.11,6,0.101418510567422,-0.30425553170226594,-0.4394802124588286,-0.6546536707079772,-0.6546536707079772,3,0.6546536707079772,139004655.0,72.0
7,합판,4412,중국,홍콩,2013.11,6,0.030358837035945815,0.21251185925162072,-0.13522468075656266,0.030358837035945815,-0.13522468075656266,2,0.13522468075656266,139004655.0,3797.0
8,폴리에스테르 장섬유 연신가공사(2차재심),5402,대만,남아프리카공화국,2013.12,6,,0.39279220242478635,0.6546536707079772,0.13093073414159545,0.13093073414159545,3,0.0,3367437.0,40.0
8,폴리에스테르 장섬유 연신가공사(2차재심),5402,대만,네덜란드,2013.12,6,0.3714285714285715,-0.08571428571428573,-0.3142857142857143,0.14285714285714288,-0.3142857142857143,2,0.3142857142857143,3367437.0,373731.0
8,폴리에스테르 장섬유 연신가공사(2차재심),5402,대만,도미니카 공화국,2013.12,6,-0.13093073414159545,,,,-0.13093073414159545,0,0.13093073414159545,3367437.0,12138.0
8,폴리에스테르 장섬유 연신가공사(2차재심),5402,대만,독일,2013.12,6,-0.5428571428571429,-0.2571428571428572,0.5428571428571429,0.08571428571428573,-0.5428571428571429,0,0.5428571428571429,3367437.0,194759.0
8,폴리에스테르 장섬유 연신가공사(2차재심),5402,대만,러시아 연방,2013.12,6,-0.21251185925162072,0.3188740696088466,0.5217939320872036,0.1449427589131121,-0.21251185925162072,0,0.21251185925162072,3367437.0,437996.0
8,폴리에스테르 장섬유 연신가공사(2차재심),5402,대만,룩셈부르그,2013.12,6,,0.39279220242478635,0.6546536707079772,0.13093073414159545,0.13093073414159545,3,0.0,3367437.0,100.0
8,폴리에스테르 장섬유 연신가공사(2차재심),5402,대만,멕시코,2013.12,6,0.45538255553918716,0.8804062740424288,0.2608969660436018,-0.4285714285714286,-0.4285714285714286,3,0.4285714285714286,3367437.0,22757.0
8,폴리에스테르 장섬유 연신가공사(2차재심),5402,대만,미국,2013.12,6,-0.08571428571428573,0.028571428571428574,0.3142857142857143,0.7714285714285715,-0.08571428571428573,0,0.08571428571428573,3367437.0,884033.0
8,폴리에스테르 장섬유 연신가공사(2차재심),5402,대만,방글라데시,2013.12,6,0.3718678720805473,0.3946648814672956,0.40583972495671394,0.2608969660436018,0.2608969660436018,3,0.0,3367437.0,5111.0
8,폴리에스테르 장섬유 연신가공사(2차재심),5402,대만,베트남,2013.12,6,-0.028571428571428574,-0.6,-0.2571428571428572,0.5428571428571429,-0.6,1,0.6,3367437.0,7215150.0
8,폴리에스테르 장섬유 연신가공사(2차재심),5402,대만,벨기에,2013.12,6,0.06172133998483677,0.08827348295047495,0.5797710356524484,0.3768511731740915,0.06172133998483677,0,0.0,3367437.0,24535.0
8,폴리에스테르 장섬유 연신가공사(2차재심),5402,대만,벨라루스,2013.12,6,-0.15179418517972906,-0.7775419143502353,-0.6761234037828133,-0.13093073414159545,-0.7775419143502353,1,0.7775419143502353,3367437.0,63.0
8,폴리에스테르 장섬유 연신가공사(2차재심),5402,대만,브라질,2013.12,6,-0.6546536707079772,-0.13093073414159545,,,-0.6546536707079772,0,0.6546536707079772,3367437.0,15655.0
8,폴리에스테르 장섬유 연신가공사(2차재심),5402,대만,스리랑카,2013.12,6,-0.13093073414159545,,,,-0.13093073414159545,0,0.13093073414159545,3367437.0,83.0
8,폴리에스테르 장섬유 연신가공사(2차재심),5402,대만,스위스,2013.12,6,-0.6,-0.2571428571428572,0.6,0.7714285714285715,-0.6,0,0.6,3367437.0,26495.0
8,폴리에스테르 장섬유 연신가공사(2차재심),5402,대만,스페인,2013.12,6,0.14285714285714288,-0.2,-0.2,-0.8285714285714287,-0.8285714285714287,3,0.8285714285714287,3367437.0,200748.0
8,폴리에스테르 장섬유 연신가공사(2차재심),5402,대만,슬로바키아,2013.12,6,-0.16903085094570333,0.33394720739540396,0.33806170189140666,-0.30425553170226594,-0.30425553170226594,3,0.30425553170226594,3367437.0,4592.0
8,폴리에스테르 장섬유 연신가공사(2차재심),5402,대만,싱가포르,2013.12,6,0.2,-0.028571428571428574,-0.6,-0.2571428571428572,-0.6,2,0.6,3367437.0,451509.0
8,폴리에스테르 장섬유 연신가공사(2차재심),5402,대만,아랍에미리트 연합,2013.12,6,-0.13093073414159545,,,,-0.13093073414159545,0,0.13093073414159545,3367437.0,11220.0
8,폴리에스테르 장섬유 연신가공사(2차재심),5402,대만,엘살바도르,2013.12,6,0.2571428571428572,0.5428571428571429,0.14285714285714288,-0.08571428571428573,-0.08571428571428573,3,0.08571428571428573,3367437.0,846310.0
8,폴리에스테르 장섬유 연신가공사(2차재심),5402,대만,영국,2013.12,6,0.3142857142857143,-0.14285714285714288,-0.08571428571428573,0.2571428571428572,-0.14285714285714288,1,0.14285714285714288,3367437.0,924036.0
8,폴리에스테르 장섬유 연신가공사(2차재심),5402,대만,오스트리아,2013.12,6,,0.39279220242478635,0.6546536707079772,0.13093073414159545,0.13093073414159545,3,0.0,3367437.0,200.0
8,폴리에스테르 장섬유 연신가공사(2차재심),5402,대만,이스라엘,2013.12,6,0.6957252427829382,0.5797710356524484,0.5428571428571429,0.14285714285714288,0.14285714285714288,3,0.0,3367437.0,100274.0
8,폴리에스테르 장섬유 연신가공사(2차재심),5402,대만,이탈리아,2013.12,6,0.942857142857143,0.6,0.2571428571428572,0.028571428571428574,0.028571428571428574,3,0.0,3367437.0,536478.0
8,폴리에스테르 장섬유 연신가공사(2차재심),5402,대만,인도,2013.12,6,0.7142857142857143,0.942857142857143,0.6571428571428573,0.48571428571428577,0.48571428571428577,3,0.0,3367437.0,21744425.0
8,폴리에스테르 장섬유 연신가공사(2차재심),5402,대만,인도네시아,2013.12,6,0.6,0.942857142857143,0.7714285714285715,0.7714285714285715,0.6,0,0.0,3367437.0,7251459.0
8,폴리에스테르 장섬유 연신가공사(2차재심),5402,대만,일본,2013.12,6,0.7714285714285715,0.4285714285714286,0.48571428571428577,0.2571428571428572,0.2571428571428572,3,0.0,3367437.0,7392457.0
8,폴리에스테르 장섬유 연신가공사(2차재심),5402,대만,캄보디아,2013.12,6,0.39279220242478635,0.6546536707079772,0.13093073414159545,-0.39279220242478635,-0.39279220242478635,3,0.39279220242478635,3367437.0,2232.0
8,폴리에스테르 장섬유 연신가공사(2차재심),5402,대만,캐나다,2013.12,6,0.3714285714285715,0.028571428571428574,-0.6,-0.7142857142857143,-0.7142857142857143,3,0.7142857142857143,3367437.0,1002482.0
8,폴리에스테르 장섬유 연신가공사(2차재심),5402,대만,콜롬비아,2013.12,6,0.13093073414159545,-0.39279220242478635,-0.6546536707079772,-0.13093073414159545,-0.6546536707079772,2,0.6546536707079772,3367437.0,20736.0
8,폴리에스테르 장섬유 연신가공사(2차재심),5402,대만,태국,2013.12,6,-0.48571428571428577,-0.028571428571428574,0.2,0.48571428571428577,-0.48571428571428577,0,0.48571428571428577,3367437.0,11870190.0
8,폴리에스테르 장섬유 연신가공사(2차재심),5402,대만,튀르키예,2013.12,6,0.6375355777548621,0.753702346348183,0.49280538030458115,-0.40583972495671394,-0.40583972495671394,3,0.40583972495671394,3367437.0,47022.0
8,폴리에스테르 장섬유 연신가공사(2차재심),5402,대만,폴란드,2013.12,6,0.33394720739540396,0.33806170189140666,0.15179418517972906,0.40583972495671394,0.15179418517972906,2,0.0,3367437.0,23351.0
8,폴리에스테르 장섬유 연신가공사(2차재심),5402,대만,프랑스,2013.12,6,0.2,0.7142857142857143,0.08571428571428573,-0.2,-0.2,3,0.2,3367437.0,11239.0
8,폴리에스테르 장섬유 연신가공사(2차재심),5402,대만,홍콩,2013.12,6,-0.2571428571428572,-0.5797710356524484,-0.5507824838698261,-0.09107651110783746,-0.5797710356524484,1,0.5797710356524484,3367437.0,14038.0
8,폴리에스테르 장섬유 연신가공사(2차재심),5402,말레이시아,남아프리카공화국,2013.12,6,,-0.13093073414159545,0.6546536707079772,0.39279220242478635,-0.13093073414159545,1,0.13093073414159545,31677892.0,40.0
8,폴리에스테르 장섬유 연신가공사(2차재심),5402,말레이시아,네덜란드,2013.12,6,0.2571428571428572,0.3142857142857143,-0.3714285714285715,-0.14285714285714288,-0.3714285714285715,2,0.3714285714285715,31677892.0,373731.0
8,폴리에스테르 장섬유 연신가공사(2차재심),5402,말레이시아,도미니카 공화국,2013.12,6,-0.39279220242478635,,,,-0.39279220242478635,0,0.39279220242478635,31677892.0,12138.0
8,폴리에스테르 장섬유 연신가공사(2차재심),5402,말레이시아,독일,2013.12,6,-0.48571428571428577,-0.7714285714285715,0.2,0.5428571428571429,-0.7714285714285715,1,0.7714285714285715,31677892.0,194759.0
8,폴리에스테르 장섬유 연신가공사(2차재심),5402,말레이시아,러시아 연방,2013.12,6,-0.33394720739540396,-0.057977103565244846,0.40583972495671394,0.5797710356524484,-0.33394720739540396,0,0.33394720739540396,31677892.0,437996.0
8,폴리에스테르 장섬유 연신가공사(2차재심),5402,말레이시아,룩셈부르그,2013.12,6,,-0.13093073414159545,0.6546536707079772,0.39279220242478635,-0.13093073414159545,1,0.13093073414159545,31677892.0,100.0
8,폴리에스테르 장섬유 연신가공사(2차재심),5402,말레이시아,멕시코,2013.12,6,-0.15179418517972906,0.8196885999705371,0.6377481392176932,0.14285714285714288,-0.15179418517972906,0,0.15179418517972906,31677892.0,22757.0
8,폴리에스테르 장섬유 연신가공사(2차재심),5402,말레이시아,미국,2013.12,6,0.028571428571428574,0.08571428571428573,-0.2,0.6,-0.2,2,0.2,31677892.0,884033.0
8,폴리에스테르 장섬유 연신가공사(2차재심),5402,말레이시아,방글라데시,2013.12,6,0.2704493615131253,0.2732295333235123,0.20291986247835697,0.49280538030458115,0.20291986247835697,2,0.0,31677892.0,5111.0
8,폴리에스테르 장섬유 연신가공사(2차재심),5402,말레이시아,베트남,2013.12,6,0.2,-0.08571428571428573,-0.7714285714285715,-0.08571428571428573,-0.7714285714285715,2,0.7714285714285715,31677892.0,7215150.0
8,폴리에스테르 장섬유 연신가공사(2차재심),5402,말레이시아,벨기에,2013.12,6,0.18516401995451032,-0.029424494316824982,0.0,0.8406680016960503,-0.029424494316824982,1,0.029424494316824982,31677892.0,24535.0
8,폴리에스테르 장섬유 연신가공사(2차재심),5402,말레이시아,벨라루스,2013.12,6,0.15179418517972906,-0.30425553170226594,-0.8451542547285166,-0.39279220242478635,-0.8451542547285166,2,0.8451542547285166,31677892.0,63.0
8,폴리에스테르 장섬유 연신가공사(2차재심),5402,말레이시아,브라질,2013.12,6,-0.6546536707079772,-0.39279220242478635,,,-0.6546536707079772,0,0.6546536707079772,31677892.0,15655.0
8,폴리에스테르 장섬유 연신가공사(2차재심),5402,말레이시아,스리랑카,2013.12,6,-0.39279220242478635,,,,-0.39279220242478635,0,0.39279220242478635,31677892.0,83.0
8,폴리에스테르 장섬유 연신가공사(2차재심),5402,말레이시아,스위스,2013.12,6,-0.6571428571428573,-0.7714285714285715,0.08571428571428573,0.8857142857142858,-0.7714285714285715,1,0.7714285714285715,31677892.0,26495.0
8,폴리에스테르 장섬유 연신가공사(2차재심),5402,말레이시아,스페인,2013.12,6,0.4285714285714286,-0.3142857142857143,0.2571428571428572,-0.48571428571428577,-0.48571428571428577,3,0.48571428571428577,31677892.0,200748.0
8,폴리에스테르 장섬유 연신가공사(2차재심),5402,말레이시아,슬로바키아,2013.12,6,-0.16903085094570333,-0.21251185925162072,0.6761234037828133,-0.06761234037828133,-0.21251185925162072,1,0.21251185925162072,31677892.0,4592.0
8,폴리에스테르 장섬유 연신가공사(2차재심),5402,말레이시아,싱가포르,2013.12,6,0.028571428571428574,0.48571428571428577,-0.3714285714285715,-0.7714285714285715,-0.7714285714285715,3,0.7714285714285715,31677892.0,451509.0
8,폴리에스테르 장섬유 연신가공사(2차재심),5402,말레이시아,아랍에미리트 연합,2013.12,6,-0.39279220242478635,,,,-0.39279220242478635,0,0.39279220242478635,31677892.0,11220.0
8,폴리에스테르 장섬유 연신가공사(2차재심),5402,말레이시아,엘살바도르,2013.12,6,-0.08571428571428573,0.48571428571428577,0.4285714285714286,-0.2571428571428572,-0.2571428571428572,3,0.2571428571428572,31677892.0,846310.0
8,폴리에스테르 장섬유 연신가공사(2차재심),5402,말레이시아,영국,2013.12,6,0.6571428571428573,0.14285714285714288,-0.2571428571428572,-0.08571428571428573,-0.2571428571428572,2,0.2571428571428572,31677892.0,924036.0
8,폴리에스테르 장섬유 연신가공사(2차재심),5402,말레이시아,오스트리아,2013.12,6,,-0.13093073414159545,0.6546536707079772,0.39279220242478635,-0.13093073414159545,1,0.13093073414159545,31677892.0,200.0
8,폴리에스테르 장섬유 연신가공사(2차재심),5402,말레이시아,이스라엘,2013.12,6,0.49280538030458115,0.43482827673933633,0.48571428571428577,0.4285714285714286,0.4285714285714286,3,0.0,31677892.0,100274.0
8,폴리에스테르 장섬유 연신가공사(2차재심),5402,말레이시아,이탈리아,2013.12,6,0.8285714285714287,0.6571428571428573,0.48571428571428577,0.08571428571428573,0.08571428571428573,3,0.0,31677892.0,536478.0
8,폴리에스테르 장섬유 연신가공사(2차재심),5402,말레이시아,인도,2013.12,6,0.4285714285714286,0.8285714285714287,0.5428571428571429,0.8857142857142858,0.4285714285714286,0,0.0,31677892.0,21744425.0
8,폴리에스테르 장섬유 연신가공사(2차재심),5402,말레이시아,인도네시아,2013.12,6,0.08571428571428573,0.5428571428571429,0.6,0.8857142857142858,0.08571428571428573,0,0.0,31677892.0,7251459.0
8,폴리에스테르 장섬유 연신가공사(2차재심),5402,말레이시아,일본,2013.12,6,0.8857142857142858,0.4285714285714286,0.3142857142857143,0.48571428571428577,0.3142857142857143,2,0.0,31677892.0,7392457.0
8,폴리에스테르 장섬유 연신가공사(2차재심),5402,말레이시아,캄보디아,2013.12,6,-0.13093073414159545,0.6546536707079772,0.39279220242478635,0.13093073414159545,-0.13093073414159545,0,0.13093073414159545,31677892.0,2232.0
8,폴리에스테르 장섬유 연신가공사(2차재심),5402,말레이시아,캐나다,2013.12,6,0.5428571428571429,0.3714285714285715,-0.08571428571428573,-0.7142857142857143,-0.7142857142857143,3,0.7142857142857143,31677892.0,1002482.0
8,폴리에스테르 장섬유 연신가공사(2차재심),5402,말레이시아,콜롬비아,2013.12,6,0.39279220242478635,0.13093073414159545,-0.6546536707079772,-0.39279220242478635,-0.6546536707079772,2,0.6546536707079772,31677892.0,20736.0
8,폴리에스테르 장섬유 연신가공사(2차재심),5402,말레이시아,태국,2013.12,6,-0.3142857142857143,-0.3714285714285715,0.028571428571428574,0.3142857142857143,-0.3714285714285715,1,0.3714285714285715,31677892.0,11870190.0
8,폴리에스테르 장섬유 연신가공사(2차재심),5402,말레이시아,튀르키예,2013.12,6,0.3946648814672956,0.3768511731740915,0.8986451052612952,0.08696565534786728,0.08696565534786728,3,0.0,31677892.0,47022.0
8,폴리에스테르 장섬유 연신가공사(2차재심),5402,말레이시아,폴란드,2013.12,6,-0.21251185925162072,0.6761234037828133,-0.15179418517972906,0.49280538030458115,-0.21251185925162072,0,0.21251185925162072,31677892.0,23351.0
8,폴리에스테르 장섬유 연신가공사(2차재심),5402,말레이시아,프랑스,2013.12,6,-0.2571428571428572,0.4285714285714286,0.5428571428571429,-0.028571428571428574,-0.2571428571428572,0,0.2571428571428572,31677892.0,11239.0
8,폴리에스테르 장섬유 연신가공사(2차재심),5402,말레이시아,홍콩,2013.12,6,0.08571428571428573,-0.1449427589131121,-0.7826908981308054,0.030358837035945815,-0.7826908981308054,2,0.7826908981308054,31677892.0,14038.0
8,폴리에스테르 장섬유 연신가공사(2차재심),5402,중국,남아프리카공화국,2013.12,6,,0.39279220242478635,0.6546536707079772,0.13093073414159545,0.13093073414159545,3,0.0,73293584.0,40.0
8,폴리에스테르 장섬유 연신가공사(2차재심),5402,중국,네덜란드,2013.12,6,0.7142857142857143,-0.4285714285714286,-0.08571428571428573,0.2571428571428572,-0.4285714285714286,1,0.4285714285714286,73293584.0,373731.0
8,폴리에스테르 장섬유 연신가공사(2차재심),5402,중국,도미니카 공화국,2013.12,6,-0.6546536707079772,,,,-0.6546536707079772,0,0.6546536707079772,73293584.0,12138.0
8,폴리에스테르 장섬유 연신가공사(2차재심),5402,중국,독일,2013.12,6,-0.7714285714285715,-0.028571428571428574,-0.028571428571428574,0.3142857142857143,-0.7714285714285715,0,0.7714285714285715,73293584.0,194759.0
8,폴리에스테르 장섬유 연신가공사(2차재심),5402,중국,러시아 연방,2013.12,6,0.030358837035945815,0.5507824838698261,0.11595420713048969,0.1449427589131121,0.030358837035945815,0,0.0,73293584.0,437996.0
8,폴리에스테르 장섬유 연신가공사(2차재심),5402,중국,룩셈부르그,2013.12,6,,0.39279220242478635,0.6546536707079772,0.13093073414159545,0.13093073414159545,3,0.0,73293584.0,100.0
8,폴리에스테르 장섬유 연신가공사(2차재심),5402,중국,멕시코,2013.12,6,-0.030358837035945815,0.8804062740424288,0.2608969660436018,0.028571428571428574,-0.030358837035945815,0,0.030358837035945815,73293584.0,22757.0
8,폴리에스테르 장섬유 연신가공사(2차재심),5402,중국,미국,2013.12,6,0.028571428571428574,0.14285714285714288,0.6571428571428573,0.3142857142857143,0.028571428571428574,0,0.0,73293584.0,884033.0
8,폴리에스테르 장섬유 연신가공사(2차재심),5402,중국,방글라데시,2013.12,6,0.3718678720805473,0.3946648814672956,0.8116794499134279,-0.1449427589131121,-0.1449427589131121,3,0.1449427589131121,73293584.0,5111.0
8,폴리에스테르 장섬유 연신가공사(2차재심),5402,중국,베트남,2013.12,6,-0.6,-0.028571428571428574,-0.3714285714285715,0.4285714285714286,-0.6,0,0.6,73293584.0,7215150.0
8,폴리에스테르 장섬유 연신가공사(2차재심),5402,중국,벨기에,2013.12,6,0.06172133998483677,0.5590653920196746,0.2898855178262242,0.20291986247835697,0.06172133998483677,0,0.0,73293584.0,24535.0
8,폴리에스테르 장섬유 연신가공사(2차재심),5402,중국,벨라루스,2013.12,6,-0.5161002296110789,-0.4394802124588286,-0.5408987230262506,-0.6546536707079772,-0.6546536707079772,3,0.6546536707079772,73293584.0,63.0
8,폴리에스테르 장섬유 연신가공사(2차재심),5402,중국,브라질,2013.12,6,-0.13093073414159545,-0.6546536707079772,,,-0.6546536707079772,1,0.6546536707079772,73293584.0,15655.0
8,폴리에스테르 장섬유 연신가공사(2차재심),5402,중국,스리랑카,2013.12,6,-0.6546536707079772,,,,-0.6546536707079772,0,0.6546536707079772,73293584.0,83.0
8,폴리에스테르 장섬유 연신가공사(2차재심),5402,중국,스위스,2013.12,6,-0.8285714285714287,-0.14285714285714288,0.028571428571428574,0.8857142857142858,-0.8285714285714287,0,0.8285714285714287,73293584.0,26495.0
8,폴리에스테르 장섬유 연신가공사(2차재심),5402,중국,스페인,2013.12,6,0.48571428571428577,-0.08571428571428573,-0.5428571428571429,-0.48571428571428577,-0.5428571428571429,2,0.5428571428571429,73293584.0,200748.0
8,폴리에스테르 장섬유 연신가공사(2차재심),5402,중국,슬로바키아,2013.12,6,0.30425553170226594,-0.030358837035945815,0.33806170189140666,0.033806170189140665,-0.030358837035945815,1,0.030358837035945815,73293584.0,4592.0
8,폴리에스테르 장섬유 연신가공사(2차재심),5402,중국,싱가포르,2013.12,6,-0.14285714285714288,-0.3714285714285715,-0.028571428571428574,-0.3714285714285715,-0.3714285714285715,1,0.3714285714285715,73293584.0,451509.0
8,폴리에스테르 장섬유 연신가공사(2차재심),5402,중국,아랍에미리트 연합,2013.12,6,-0.6546536707079772,,,,-0.6546536707079772,0,0.6546536707079772,73293584.0,11220.0
8,폴리에스테르 장섬유 연신가공사(2차재심),5402,중국,엘살바도르,2013.12,6,0.3714285714285715,0.08571428571428573,0.2571428571428572,0.48571428571428577,0.08571428571428573,1,0.0,73293584.0,846310.0
8,폴리에스테르 장섬유 연신가공사(2차재심),5402,중국,영국,2013.12,6,0.6571428571428573,-0.2571428571428572,0.14285714285714288,0.3714285714285715,-0.2571428571428572,1,0.2571428571428572,73293584.0,924036.0
8,폴리에스테르 장섬유 연신가공사(2차재심),5402,중국,오스트리아,2013.12,6,,0.39279220242478635,0.6546536707079772,0.13093073414159545,0.13093073414159545,3,0.0,73293584.0,200.0
8,폴리에스테르 장섬유 연신가공사(2차재심),5402,중국,이스라엘,2013.12,6,0.5217939320872036,0.753702346348183,0.4285714285714286,0.6,0.4285714285714286,2,0.0,73293584.0,100274.0
8,폴리에스테르 장섬유 연신가공사(2차재심),5402,중국,이탈리아,2013.12,6,0.8285714285714287,0.7142857142857143,0.3714285714285715,0.6,0.3714285714285715,2,0.0,73293584.0,536478.0
8,폴리에스테르 장섬유 연신가공사(2차재심),5402,중국,인도,2013.12,6,0.942857142857143,0.8285714285714287,0.7714285714285715,0.6,0.6,3,0.0,73293584.0,21744425.0
8,폴리에스테르 장섬유 연신가공사(2차재심),5402,중국,인도네시아,2013.12,6,0.8285714285714287,0.7142857142857143,0.8857142857142858,0.8857142857142858,0.7142857142857143,1,0.0,73293584.0,7251459.0
8,폴리에스테르 장섬유 연신가공사(2차재심),5402,중국,일본,2013.12,6,0.8857142857142858,0.5428571428571429,0.7142857142857143,0.3714285714285715,0.3714285714285715,3,0.0,73293584.0,7392457.0
8,폴리에스테르 장섬유 연신가공사(2차재심),5402,중국,캄보디아,2013.12,6,0.39279220242478635,0.6546536707079772,0.13093073414159545,-0.39279220242478635,-0.39279220242478635,3,0.39279220242478635,73293584.0,2232.0
8,폴리에스테르 장섬유 연신가공사(2차재심),5402,중국,캐나다,2013.12,6,0.7142857142857143,-0.2,-0.14285714285714288,-0.8285714285714287,-0.8285714285714287,3,0.8285714285714287,73293584.0,1002482.0
8,폴리에스테르 장섬유 연신가공사(2차재심),5402,중국,콜롬비아,2013.12,6,0.13093073414159545,-0.39279220242478635,-0.13093073414159545,-0.6546536707079772,-0.6546536707079772,3,0.6546536707079772,73293584.0,20736.0
8,폴리에스테르 장섬유 연신가공사(2차재심),5402,중국,태국,2013.12,6,-0.2571428571428572,-0.3714285714285715,0.5428571428571429,0.14285714285714288,-0.3714285714285715,1,0.3714285714285715,73293584.0,11870190.0
8,폴리에스테르 장섬유 연신가공사(2차재심),5402,중국,튀르키예,2013.12,6,0.6375355777548621,0.9276336570439175,0.3188740696088466,-0.11595420713048969,-0.11595420713048969,3,0.11595420713048969,73293584.0,47022.0
8,폴리에스테르 장섬유 연신가공사(2차재심),5402,중국,폴란드,2013.12,6,-0.030358837035945815,0.33806170189140666,0.3946648814672956,0.11595420713048969,-0.030358837035945815,0,0.030358837035945815,73293584.0,23351.0
8,폴리에스테르 장섬유 연신가공사(2차재심),5402,중국,프랑스,2013.12,6,0.5428571428571429,0.2571428571428572,0.3142857142857143,-0.3142857142857143,-0.3142857142857143,3,0.3142857142857143,73293584.0,11239.0
8,폴리에스테르 장섬유 연신가공사(2차재심),5402,중국,홍콩,2013.12,6,-0.48571428571428577,-0.3478626213914691,-0.43482827673933633,-0.5768179036829705,-0.5768179036829705,3,0.5768179036829705,73293584.0,14038.0
9,OPP필름,392020,인도네시아,네덜란드,2013.12,6,0.13522468075656266,0.33806170189140666,-0.6761234037828133,0.5408987230262506,-0.6761234037828133,2,0.6761234037828133,1640134.0,4888.0
9,OPP필름,392020,인도네시아,대만,2013.12,6,0.3714285714285715,0.2,-0.3142857142857143,0.7714285714285715,-0.3142857142857143,2,0.3142857142857143,1640134.0,250186.0
9,OPP필름,392020,인도네시아,독일,2013.12,6,-0.3714285714285715,-0.14285714285714288,-0.3714285714285715,-0.3714285714285715,-0.3714285714285715,0,0.3714285714285715,1640134.0,1199406.0
9,OPP필름,392020,인도네시아,러시아 연방,2013.12,6,,,-0.6546536707079772,0.13093073414159545,-0.6546536707079772,2,0.6546536707079772,1640134.0,6.0
9,OPP필름,392020,인도네시아,말레이시아,2013.12,6,-0.5428571428571429,-0.2571428571428572,0.8285714285714287,-0.14285714285714288,-0.5428571428571429,0,0.5428571428571429,1640134.0,808440.0
9,OPP필름,392020,인도네시아,미국,2013.12,6,-0.08571428571428573,0.48571428571428577,0.8285714285714287,-0.4285714285714286,-0.4285714285714286,3,0.4285714285714286,1640134.0,300721.0
9,OPP필름,392020,인도네시아,베트남,2013.12,6,-0.028571428571428574,-0.14285714285714288,-0.08571428571428573,-0.08571428571428573,-0.14285714285714288,1,0.14285714285714288,1640134.0,915177.0
9,OPP필름,392020,인도네시아,벨기에,2013.12,6,0.30425553170226594,0.16903085094570333,0.13093073414159545,0.39279220242478635,0.13093073414159545,2,0.0,1640134.0,3572.0
9,OPP필름,392020,인도네시아,브라질,2013.12,6,0.6546536707079772,,,,0.6546536707079772,0,0.0,1640134.0,9.0
9,OPP필름,392020,인도네시아,스웨덴,2013.12,6,-0.12344267996967354,0.4140393356054126,0.6546536707079772,,-0.12344267996967354,0,0.12344267996967354,1640134.0,20.0
9,OPP필름,392020,인도네시아,스위스,2013.12,6,-0.2704493615131253,-0.15179418517972906,0.3946648814672956,0.13522468075656266,-0.2704493615131253,0,0.2704493615131253,1640134.0,6668.0
9,OPP필름,392020,인도네시아,스페인,2013.12,6,-0.6761234037828133,0.5408987230262506,0.39279220242478635,-0.39279220242478635,-0.6761234037828133,0,0.6761234037828133,1640134.0,4543.0
9,OPP필름,392020,인도네시아,슬로베니아,2013.12,6,-0.6982532518267538,0.5768179036829705,0.8451542547285166,-0.39279220242478635,-0.6982532518267538,0,0.6982532518267538,1640134.0,16694.0
9,OPP필름,392020,인도네시아,싱가포르,2013.12,6,0.6982532518267538,0.33806170189140666,-0.5408987230262506,0.21251185925162072,-0.5408987230262506,2,0.5408987230262506,1640134.0,61892.0
9,OPP필름,392020,인도네시아,영국,2013.12,6,-0.7714285714285715,0.08571428571428573,0.6,-0.3714285714285715,-0.7714285714285715,0,0.7714285714285715,1640134.0,127919.0
9,OPP필름,392020,인도네시아,오스트리아,2013.12,6,-0.3946648814672956,-0.5797710356524484,0.7714285714285715,0.3714285714285715,-0.5797710356524484,1,0.5797710356524484,1640134.0,48776.0
9,OPP필름,392020,인도네시아,우크라이나,2013.12,6,0.6546536707079772,,,,0.6546536707079772,0,0.0,1640134.0,6744.0
9,OPP필름,392020,인도네시아,이탈리아,2013.12,6,-0.6377481392176932,0.2,0.20291986247835697,-0.43482827673933633,-0.6377481392176932,0,0.6377481392176932,1640134.0,5504.0
9,OPP필름,392020,인도네시아,인도,2013.12,6,-0.4285714285714286,0.6,0.08571428571428573,-0.08571428571428573,-0.4285714285714286,0,0.4285714285714286,1640134.0,1956978.0
9,OPP필름,392020,인도네시아,일본,2013.12,6,0.48571428571428577,-0.2571428571428572,-0.8285714285714287,-0.08571428571428573,-0.8285714285714287,2,0.8285714285714287,1640134.0,2153240.0
9,OPP필름,392020,인도네시아,체코공화국,2013.12,6,,,,-0.6546536707079772,-0.6546536707079772,3,0.6546536707079772,1640134.0,7206.0
9,OPP필름,392020,인도네시아,튀르키예,2013.12,6,-0.30425553170226594,0.4394802124588286,-0.101418510567422,-0.3718678720805473,-0.3718678720805473,3,0.3718678720805473,1640134.0,61620.0
9,OPP필름,392020,인도네시아,프랑스,2013.12,6,0.4285714285714286,-0.7142857142857143,0.4285714285714286,0.14285714285714288,-0.7142857142857143,1,0.7142857142857143,1640134.0,56293.0
9,OPP필름,392020,인도네시아,필리핀,2013.12,6,0.3714285714285715,0.7142857142857143,-0.5428571428571429,0.3142857142857143,-0.5428571428571429,2,0.5428571428571429,1640134.0,3402925.0
9,OPP필름,392020,인도네시아,호주,2013.12,6,0.13093073414159545,0.39279220242478635,-0.7775419143502353,-0.033806170189140665,-0.7775419143502353,2,0.7775419143502353,1640134.0,172.0
9,OPP필름,392020,인도네시아,홍콩,2013.12,6,-0.08571428571428573,0.942857142857143,-0.3142857142857143,0.08571428571428573,-0.3142857142857143,2,0.3142857142857143,1640134.0,15310.0
9,OPP필름,392020,중국,네덜란드,2013.12,6,-0.3718678720805473,0.16903085094570333,0.033806170189140665,0.7775419143502353,-0.3718678720805473,0,0.3718678720805473,3628832.0,4888.0
9,OPP필름,392020,중국,대만,2013.12,6,-0.4285714285714286,-0.4285714285714286,-0.14285714285714288,0.5428571428571429,-0.4285714285714286,0,0.4285714285714286,3628832.0,250186.0
9,OPP필름,392020,중국,독일,2013.12,6,0.08571428571428573,-0.14285714285714288,-0.6,-0.6,-0.6,2,0.6,3628832.0,1199406.0
9,OPP필름,392020,중국,러시아 연방,2013.12,6,,,0.13093073414159545,0.39279220242478635,0.13093073414159545,2,0.0,3628832.0,6.0
9,OPP필름,392020,중국,말레이시아,2013.12,6,-0.5428571428571429,-0.3714285714285715,0.08571428571428573,-0.2571428571428572,-0.5428571428571429,0,0.5428571428571429,3628832.0,808440.0
9,OPP필름,392020,중국,미국,2013.12,6,0.14285714285714288,0.8285714285714287,0.3714285714285715,-1.0,-1.0,3,1.0,3628832.0,300721.0
9,OPP필름,392020,중국,베트남,2013.12,6,0.8285714285714287,0.3714285714285715,-0.3142857142857143,-0.8857142857142858,-0.8857142857142858,3,0.8857142857142858,3628832.0,915177.0
9,OPP필름,392020,중국,벨기에,2013.12,6,0.30425553170226594,0.6761234037828133,0.39279220242478635,-0.39279220242478635,-0.39279220242478635,3,0.39279220242478635,3628832.0,3572.0
9,OPP필름,392020,중국,브라질,2013.12,6,0.6546536707079772,,,,0.6546536707079772,0,0.0,3628832.0,9.0
9,OPP필름,392020,중국,스웨덴,2013.12,6,-0.33946736991660226,0.4140393356054126,0.6546536707079772,,-0.33946736991660226,0,0.33946736991660226,3628832.0,20.0
9,OPP필름,392020,중국,스위스,2013.12,6,-0.33806170189140666,-0.33394720739540396,0.33394720739540396,-0.3718678720805473,-0.3718678720805473,3,0.3718678720805473,3628832.0,6668.0
9,OPP필름,392020,중국,스페인,2013.12,6,0.033806170189140665,0.7775419143502353,-0.39279220242478635,-0.6546536707079772,-0.6546536707079772,3,0.6546536707079772,3628832.0,4543.0
9,OPP필름,392020,중국,슬로베니아,2013.12,6,-0.5161002296110789,0.6982532518267538,0.33806170189140666,-0.6546536707079772,-0.6546536707079772,3,0.6546536707079772,3628832.0,16694.0
9,OPP필름,392020,중국,싱가포르,2013.12,6,0.33394720739540396,0.16903085094570333,-0.033806170189140665,0.8804062740424288,-0.033806170189140665,2,0.033806170189140665,3628832.0,61892.0
9,OPP필름,392020,중국,영국,2013.12,6,-0.7142857142857143,0.3714285714285715,0.48571428571428577,-0.08571428571428573,-0.7142857142857143,0,0.7142857142857143,3628832.0,127919.0
9,OPP필름,392020,중국,오스트리아,2013.12,6,-0.8196885999705371,-0.3768511731740915,0.5428571428571429,0.028571428571428574,-0.8196885999705371,0,0.8196885999705371,3628832.0,48776.0
9,OPP필름,392020,중국,우크라이나,2013.12,6,0.6546536707079772,,,,0.6546536707079772,0,0.0,3628832.0,6744.0
9,OPP필름,392020,중국,이탈리아,2013.12,6,0.08696565534786728,0.08571428571428573,-0.5217939320872036,-0.8116794499134279,-0.8116794499134279,3,0.8116794499134279,3628832.0,5504.0
9,OPP필름,392020,중국,인도,2013.12,6,0.14285714285714288,0.2571428571428572,-0.7142857142857143,-0.6571428571428573,-0.7142857142857143,2,0.7142857142857143,3628832.0,1956978.0
9,OPP필름,392020,중국,일본,2013.12,6,0.8285714285714287,-0.3714285714285715,-0.3714285714285715,-0.028571428571428574,-0.3714285714285715,1,0.3714285714285715,3628832.0,2153240.0
9,OPP필름,392020,중국,체코공화국,2013.12,6,,,,0.13093073414159545,0.13093073414159545,3,0.0,3628832.0,7206.0
9,OPP필름,392020,중국,튀르키예,2013.12,6,0.4394802124588286,-0.101418510567422,-0.8451542547285166,-0.5408987230262506,-0.8451542547285166,2,0.8451542547285166,3628832.0,61620.0
9,OPP필름,392020,중국,프랑스,2013.12,6,0.028571428571428574,0.08571428571428573,0.3714285714285715,-0.08571428571428573,-0.08571428571428573,3,0.08571428571428573,3628832.0,56293.0
9,OPP필름,392020,중국,필리핀,2013.12,6,0.2571428571428572,0.14285714285714288,-0.942857142857143,0.08571428571428573,-0.942857142857143,2,0.942857142857143,3628832.0,3402925.0
9,OPP필름,392020,중국,호주,2013.12,6,0.39279220242478635,-0.39279220242478635,-0.50709255283711,0.13522468075656266,-0.50709255283711,2,0.50709255283711,3628832.0,172.0
9,OPP필름,392020,중국,홍콩,2013.12,6,0.48571428571428577,0.3142857142857143,-0.942857142857143,-0.2,-0.942857142857143,2,0.942857142857143,3628832.0,15310.0
9,OPP필름,392020,태국,네덜란드,2013.12,6,0.7775419143502353,-0.30425553170226594,0.13522468075656266,-0.2704493615131253,-0.30425553170226594,1,0.30425553170226594,1063762.0,4888.0
9,OPP필름,392020,태국,대만,2013.12,6,0.5428571428571429,-0.028571428571428574,-0.2,0.3714285714285715,-0.2,2,0.2,1063762.0,250186.0
9,OPP필름,392020,태국,독일,2013.12,6,-0.3142857142857143,-0.14285714285714288,0.08571428571428573,-0.5428571428571429,-0.5428571428571429,3,0.5428571428571429,1063762.0,1199406.0
9,OPP필름,392020,태국,러시아 연방,2013.12,6,,,-0.13093073414159545,-0.39279220242478635,-0.39279220242478635,3,0.39279220242478635,1063762.0,6.0
9,OPP필름,392020,태국,말레이시아,2013.12,6,-0.5428571428571429,-0.08571428571428573,0.6,-0.2571428571428572,-0.5428571428571429,0,0.5428571428571429,1063762.0,808440.0
9,OPP필름,392020,태국,미국,2013.12,6,-0.028571428571428574,0.3142857142857143,0.14285714285714288,-0.028571428571428574,-0.028571428571428574,0,0.028571428571428574,1063762.0,300721.0
9,OPP필름,392020,태국,베트남,2013.12,6,0.028571428571428574,-0.14285714285714288,-0.2571428571428572,0.2,-0.2571428571428572,2,0.2571428571428572,1063762.0,915177.0
9,OPP필름,392020,태국,벨기에,2013.12,6,0.4394802124588286,0.033806170189140665,-0.39279220242478635,0.6546536707079772,-0.39279220242478635,2,0.39279220242478635,1063762.0,3572.0
9,OPP필름,392020,태국,브라질,2013.12,6,0.13093073414159545,,,,0.13093073414159545,0,0.0,1063762.0,9.0
9,OPP필름,392020,태국,스웨덴,2013.12,6,-0.15430334996209194,0.4140393356054126,0.13093073414159545,,-0.15430334996209194,0,0.15430334996209194,1063762.0,20.0
9,OPP필름,392020,태국,스위스,2013.12,6,-0.8451542547285166,0.7589709258986453,-0.5161002296110789,0.7775419143502353,-0.8451542547285166,0,0.8451542547285166,1063762.0,6668.0
9,OPP필름,392020,태국,스페인,2013.12,6,0.13522468075656266,-0.2704493615131253,0.6546536707079772,-0.6546536707079772,-0.6546536707079772,3,0.6546536707079772,1063762.0,4543.0
9,OPP필름,392020,태국,슬로베니아,2013.12,6,-0.15179418517972906,0.21251185925162072,0.5408987230262506,-0.6546536707079772,-0.6546536707079772,3,0.6546536707079772,1063762.0,16694.0
9,OPP필름,392020,태국,싱가포르,2013.12,6,0.6982532518267538,-0.30425553170226594,0.2704493615131253,-0.15179418517972906,-0.30425553170226594,1,0.30425553170226594,1063762.0,61892.0
9,OPP필름,392020,태국,영국,2013.12,6,-0.2571428571428572,-0.14285714285714288,0.7142857142857143,-0.942857142857143,-0.942857142857143,3,0.942857142857143,1063762.0,127919.0
9,OPP필름,392020,태국,오스트리아,2013.12,6,-0.21251185925162072,-0.3768511731740915,0.7142857142857143,-0.14285714285714288,-0.3768511731740915,1,0.3768511731740915,1063762.0,48776.0
9,OPP필름,392020,태국,우크라이나,2013.12,6,0.13093073414159545,,,,0.13093073414159545,0,0.0,1063762.0,6744.0
9,OPP필름,392020,태국,이탈리아,2013.12,6,-0.7247137945655605,0.48571428571428577,-0.3188740696088466,0.20291986247835697,-0.7247137945655605,0,0.7247137945655605,1063762.0,5504.0
9,OPP필름,392020,태국,인도,2013.12,6,-0.14285714285714288,0.2571428571428572,-0.2,0.3142857142857143,-0.2,2,0.2,1063762.0,1956978.0
9,OPP필름,392020,태국,일본,2013.12,6,-0.14285714285714288,0.14285714285714288,-0.6,0.14285714285714288,-0.6,2,0.6,1063762.0,2153240.0
9,OPP필름,392020,태국,체코공화국,2013.12,6,,,,-0.13093073414159545,-0.13093073414159545,3,0.13093073414159545,1063762.0,7206.0
9,OPP필름,392020,태국,튀르키예,2013.12,6,-0.4394802124588286,0.33806170189140666,-0.16903085094570333,-0.06761234037828133,-0.4394802124588286,0,0.4394802124588286,1063762.0,61620.0
9,OPP필름,392020,태국,프랑스,2013.12,6,0.7714285714285715,-0.8285714285714287,0.3714285714285715,0.3142857142857143,-0.8285714285714287,1,0.8285714285714287,1063762.0,56293.0
9,OPP필름,392020,태국,필리핀,2013.12,6,0.5428571428571429,0.08571428571428573,-0.08571428571428573,0.08571428571428573,-0.08571428571428573,2,0.08571428571428573,1063762.0,3402925.0
9,OPP필름,392020,태국,호주,2013.12,6,-0.39279220242478635,0.6546536707079772,-0.6761234037828133,0.101418510567422,-0.6761234037828133,2,0.6761234037828133,1063762.0,172.0
9,OPP필름,392020,태국,홍콩,2013.12,6,0.2,0.2571428571428572,0.08571428571428573,-0.08571428571428573,-0.08571428571428573,3,0.08571428571428573,1063762.0,15310.0
10,합판(1차재심),4412,말레이시아,가나,2014.09,6,0.6546536707079772,,,,0.6546536707079772,0,0.0,105711443.0,3.0
10,합판(1차재심),4412,말레이시아,네덜란드,2014.09,6,,,-0.39279220242478635,-0.13093073414159545,-0.39279220242478635,2,0.39279220242478635,105711443.0,330.0
10,합판(1차재심),4412,말레이시아,노르웨이,2014.09,6,-0.39279220242478635,-0.4394802124588286,-0.3946648814672956,0.15179418517972906,-0.4394802124588286,1,0.4394802124588286,105711443.0,19718.0
10,합판(1차재심),4412,말레이시아,대만,2014.09,6,0.3188740696088466,-0.3188740696088466,-0.3714285714285715,0.3714285714285715,-0.3714285714285715,2,0.3714285714285715,105711443.0,11318.0
10,합판(1차재심),4412,말레이시아,덴마크,2014.09,6,0.50709255283711,0.13093073414159545,0.39279220242478635,-0.6546536707079772,-0.6546536707079772,3,0.6546536707079772,105711443.0,2755.0
10,합판(1차재심),4412,말레이시아,독일,2014.09,6,1.0,-0.6,0.14285714285714288,0.2571428571428572,-0.6,1,0.6,105711443.0,25101.0
10,합판(1차재심),4412,말레이시아,라트비아,2014.09,6,0.7714285714285715,-0.942857142857143,0.2,-0.08571428571428573,-0.942857142857143,1,0.942857142857143,105711443.0,1405956.0
10,합판(1차재심),4412,말레이시아,러시아 연방,2014.09,6,0.8285714285714287,-0.6,-0.2571428571428572,-0.14285714285714288,-0.6,1,0.6,105711443.0,9488173.0
10,합판(1차재심),4412,말레이시아,루마니아,2014.09,6,-0.13093073414159545,-0.13522468075656266,0.09107651110783746,-0.5768179036829705,-0.5768179036829705,3,0.5768179036829705,105711443.0,49390.0
10,합판(1차재심),4412,말레이시아,리투아니아,2014.09,6,-0.2704493615131253,0.13522468075656266,-0.30425553170226594,0.7775419143502353,-0.30425553170226594,2,0.30425553170226594,105711443.0,11149.0
10,합판(1차재심),4412,말레이시아,멕시코,2014.09,6,,-0.39279220242478635,-0.13093073414159545,0.13093073414159545,-0.39279220242478635,1,0.39279220242478635,105711443.0,243.0
10,합판(1차재심),4412,말레이시아,미국,2014.09,6,0.5428571428571429,-0.028571428571428574,-0.6571428571428573,-0.3714285714285715,-0.6571428571428573,2,0.6571428571428573,105711443.0,402546.0
10,합판(1차재심),4412,말레이시아,미얀마,2014.09,6,0.6546536707079772,,-0.39279220242478635,-0.13093073414159545,-0.39279220242478635,2,0.39279220242478635,105711443.0,62171.0
10,합판(1차재심),4412,말레이시아,베네주엘라,2014.09,6,,,,-0.39279220242478635,-0.39279220242478635,3,0.39279220242478635,105711443.0,119442.0
10,합판(1차재심),4412,말레이시아,베트남,2014.09,6,0.7142857142857143,-0.14285714285714288,-0.5428571428571429,0.3714285714285715,-0.5428571428571429,2,0.5428571428571429,105711443.0,80684098.0
10,합판(1차재심),4412,말레이시아,벨기에,2014.09,6,0.5161002296110789,0.2704493615131253,-0.7589709258986453,0.5161002296110789,-0.7589709258986453,2,0.7589709258986453,105711443.0,71038.0
10,합판(1차재심),4412,말레이시아,보스니아-헤르체고비나,2014.09,6,-0.1449427589131121,0.21251185925162072,-0.2898855178262242,0.4285714285714286,-0.2898855178262242,2,0.2898855178262242,105711443.0,1837.0
10,합판(1차재심),4412,말레이시아,브라질,2014.09,6,0.6761234037828133,0.39279220242478635,-0.6546536707079772,0.33806170189140666,-0.6546536707079772,2,0.6546536707079772,105711443.0,250615.0
10,합판(1차재심),4412,말레이시아,스웨덴,2014.09,6,0.8804062740424288,-0.3946648814672956,-0.2732295333235123,0.030358837035945815,-0.3946648814672956,1,0.3946648814672956,105711443.0,23642.0
10,합판(1차재심),4412,말레이시아,스위스,2014.09,6,-0.13093073414159545,0.13093073414159545,0.101418510567422,-0.9411239481143202,-0.9411239481143202,3,0.9411239481143202,105711443.0,554.0
10,합판(1차재심),4412,말레이시아,스페인,2014.09,6,-0.3718678720805473,-0.18516401995451032,0.08827348295047495,-0.5296408977028497,-0.5296408977028497,3,0.5296408977028497,105711443.0,2804.0
10,합판(1차재심),4412,말레이시아,슬로베니아,2014.09,6,0.39279220242478635,-0.7775419143502353,0.30425553170226594,0.13093073414159545,-0.7775419143502353,1,0.7775419143502353,105711443.0,24160.0
10,합판(1차재심),4412,말레이시아,싱가포르,2014.09,6,0.5408987230262506,0.39279220242478635,-0.8451542547285166,0.2732295333235123,-0.8451542547285166,2,0.8451542547285166,105711443.0,92.0
10,합판(1차재심),4412,말레이시아,에스토니아,2014.09,6,0.3946648814672956,0.13522468075656266,-0.30425553170226594,0.7775419143502353,-0.30425553170226594,2,0.30425553170226594,105711443.0,13935.0
10,합판(1차재심),4412,말레이시아,영국,2014.09,6,0.6761234037828133,0.101418510567422,-0.9411239481143202,0.5768179036829705,-0.9411239481143202,2,0.9411239481143202,105711443.0,14.0
10,합판(1차재심),4412,말레이시아,오스트리아,2014.09,6,0.8285714285714287,-0.6,-0.14285714285714288,-0.48571428571428577,-0.6,1,0.6,105711443.0,28911.0
10,합판(1차재심),4412,말레이시아,이탈리아,2014.09,6,0.7714285714285715,-0.942857142857143,0.2571428571428572,-0.028571428571428574,-0.942857142857143,1,0.942857142857143,105711443.0,366412.0
10,합판(1차재심),4412,말레이시아,인도,2014.09,6,-0.13522468075656266,-0.15179418517972906,-0.6957252427829382,0.8116794499134279,-0.6957252427829382,2,0.6957252427829382,105711443.0,66312.0
10,합판(1차재심),4412,말레이시아,인도네시아,2014.09,6,0.8285714285714287,-0.7142857142857143,-0.028571428571428574,-0.2571428571428572,-0.7142857142857143,1,0.7142857142857143,105711443.0,95272584.0
10,합판(1차재심),4412,말레이시아,일본,2014.09,6,0.2,-0.3142857142857143,-0.3142857142857143,0.942857142857143,-0.3142857142857143,1,0.3142857142857143,105711443.0,755925.0
10,합판(1차재심),4412,말레이시아,중국,2014.09,6,0.942857142857143,-0.3142857142857143,-0.48571428571428577,0.2571428571428572,-0.48571428571428577,2,0.48571428571428577,105711443.0,222802174.0
10,합판(1차재심),4412,말레이시아,칠레,2014.09,6,0.2571428571428572,-0.5428571428571429,-0.08571428571428573,0.2,-0.5428571428571429,1,0.5428571428571429,105711443.0,1090875.0
10,합판(1차재심),4412,말레이시아,캐나다,2014.09,6,0.39279220242478635,-0.8451542547285166,0.50709255283711,0.13093073414159545,-0.8451542547285166,1,0.8451542547285166,105711443.0,34188.0
10,합판(1차재심),4412,말레이시아,태국,2014.09,6,0.7142857142857143,-0.4285714285714286,-0.7714285714285715,-0.08571428571428573,-0.7714285714285715,2,0.7714285714285715,105711443.0,98551.0
10,합판(1차재심),4412,말레이시아,포루투갈,2014.09,6,0.39279220242478635,-0.6546536707079772,0.6546536707079772,,-0.6546536707079772,1,0.6546536707079772,105711443.0,254.0
10,합판(1차재심),4412,말레이시아,폴란드,2014.09,6,-0.39279220242478635,-0.13093073414159545,0.13093073414159545,0.39279220242478635,-0.39279220242478635,0,0.39279220242478635,105711443.0,10503.0
10,합판(1차재심),4412,말레이시아,프랑스,2014.09,6,0.028988551782622423,0.0,-0.3188740696088466,0.2571428571428572,-0.3188740696088466,2,0.3188740696088466,105711443.0,59202.0
10,합판(1차재심),4412,말레이시아,핀란드,2014.09,6,0.7714285714285715,-0.5428571428571429,-0.4285714285714286,0.14285714285714288,-0.5428571428571429,1,0.5428571428571429,105711443.0,15792251.0
10,합판(1차재심),4412,말레이시아,필리핀,2014.09,6,0.13093073414159545,0.39279220242478635,-0.6546536707079772,0.6546536707079772,-0.6546536707079772,2,0.6546536707079772,105711443.0,94050.0
10,합판(1차재심),4412,말레이시아,헝가리,2014.09,6,0.6546536707079772,,,-0.39279220242478635,-0.39279220242478635,3,0.39279220242478635,105711443.0,397.0
11,두꺼운 PET필름,392062,일본,대만,2014.12,6,0.3142857142857143,0.6,-0.028571428571428574,0.028571428571428574,-0.028571428571428574,2,0.028571428571428574,12002587.0,6146902.0
11,두꺼운 PET필름,392062,일본,독일,2014.12,6,-0.4285714285714286,-0.7714285714285715,0.48571428571428577,0.5428571428571429,-0.7714285714285715,1,0.7714285714285715,12002587.0,91468.0
11,두꺼운 PET필름,392062,일본,러시아 연방,2014.12,6,,,,-0.13093073414159545,-0.13093073414159545,3,0.13093073414159545,12002587.0,1.0
11,두꺼운 PET필름,392062,일본,루마니아,2014.12,6,-0.13093073414159545,0.6546536707079772,0.39279220242478635,-0.6546536707079772,-0.6546536707079772,3,0.6546536707079772,12002587.0,40.0
11,두꺼운 PET필름,392062,일본,룩셈부르그,2014.12,6,0.6377481392176932,-0.3188740696088466,-0.08571428571428573,0.2571428571428572,-0.3188740696088466,1,0.3188740696088466,12002587.0,51218.0
11,두꺼운 PET필름,392062,일본,말레이시아,2014.12,6,-0.8857142857142858,-0.14285714285714288,0.6571428571428573,-0.2571428571428572,-0.8857142857142858,0,0.8857142857142858,12002587.0,1314336.0
11,두꺼운 PET필름,392062,일본,멕시코,2014.12,6,0.39279220242478635,-0.6546536707079772,-0.39279220242478635,0.13093073414159545,-0.6546536707079772,1,0.6546536707079772,12002587.0,128.0
11,두꺼운 PET필름,392062,일본,미국,2014.12,6,0.4285714285714286,0.48571428571428577,-0.14285714285714288,-0.2571428571428572,-0.2571428571428572,3,0.2571428571428572,12002587.0,346630.0
11,두꺼운 PET필름,392062,일본,바레인,2014.12,6,-0.6546536707079772,-0.39279220242478635,0.13093073414159545,-0.13093073414159545,-0.6546536707079772,0,0.6546536707079772,12002587.0,920.0
11,두꺼운 PET필름,392062,일본,베트남,2014.12,6,0.5797710356524484,-0.1449427589131121,0.2,0.7714285714285715,-0.1449427589131121,1,0.1449427589131121,12002587.0,227345.0
11,두꺼운 PET필름,392062,일본,벨기에,2014.12,6,0.13093073414159545,,-0.13093073414159545,0.6546536707079772,-0.13093073414159545,2,0.13093073414159545,12002587.0,65.0
11,두꺼운 PET필름,392062,일본,브라질,2014.12,6,,,-0.13093073414159545,0.6546536707079772,-0.13093073414159545,2,0.13093073414159545,12002587.0,11.0
11,두꺼운 PET필름,392062,일본,스웨덴,2014.12,6,0.39279220242478635,-0.6546536707079772,-0.39279220242478635,0.13093073414159545,-0.6546536707079772,1,0.6546536707079772,12002587.0,40.0
11,두꺼운 PET필름,392062,일본,스위스,2014.12,6,-0.033806170189140665,0.50709255283711,0.7775419143502353,-0.33806170189140666,-0.33806170189140666,3,0.33806170189140666,12002587.0,289.0
11,두꺼운 PET필름,392062,일본,싱가포르,2014.12,6,-0.6667366910003157,-0.2,0.6667366910003157,-0.2732295333235123,-0.6667366910003157,0,0.6667366910003157,12002587.0,5945.0
11,두꺼운 PET필름,392062,일본,아랍에미리트 연합,2014.12,6,0.6,0.3714285714285715,-0.7142857142857143,-0.3714285714285715,-0.7142857142857143,2,0.7142857142857143,12002587.0,1127013.0
11,두꺼운 PET필름,392062,일본,영국,2014.12,6,0.3142857142857143,-0.7714285714285715,-0.08571428571428573,0.48571428571428577,-0.7714285714285715,1,0.7714285714285715,12002587.0,10070.0
11,두꺼운 PET필름,392062,일본,오만,2014.12,6,-0.39279220242478635,0.13093073414159545,,,-0.39279220242478635,0,0.39279220242478635,12002587.0,185.0
11,두꺼운 PET필름,392062,일본,이스라엘,2014.12,6,0.9411239481143202,-0.030358837035945815,-0.5217939320872036,0.08571428571428573,-0.5217939320872036,2,0.5217939320872036,12002587.0,13270.0
11,두꺼운 PET필름,392062,일본,이집트,2014.12,6,,,-0.13093073414159545,0.6546536707079772,-0.13093073414159545,2,0.13093073414159545,12002587.0,1405.0
11,두꺼운 PET필름,392062,일본,이탈리아,2014.12,6,-0.21251185925162072,0.2732295333235123,0.5161002296110789,0.3768511731740915,-0.21251185925162072,0,0.21251185925162072,12002587.0,114848.0
11,두꺼운 PET필름,392062,일본,인도,2014.12,6,0.2571428571428572,-0.08571428571428573,-0.08571428571428573,0.2571428571428572,-0.08571428571428573,1,0.08571428571428573,12002587.0,822849.0
11,두꺼운 PET필름,392062,일본,인도네시아,2014.12,6,0.4285714285714286,-0.3714285714285715,-0.08571428571428573,0.08571428571428573,-0.3714285714285715,1,0.3714285714285715,12002587.0,3818084.0
11,두꺼운 PET필름,392062,일본,중국,2014.12,6,0.48571428571428577,0.3714285714285715,-0.3142857142857143,-0.08571428571428573,-0.3142857142857143,2,0.3142857142857143,12002587.0,3914240.0
11,두꺼운 PET필름,392062,일본,체코공화국,2014.12,6,,-0.13093073414159545,0.6546536707079772,0.39279220242478635,-0.13093073414159545,1,0.13093073414159545,12002587.0,73.0
11,두꺼운 PET필름,392062,일본,카타르,2014.12,6,,-0.13093073414159545,0.6546536707079772,0.39279220242478635,-0.13093073414159545,1,0.13093073414159545,12002587.0,12982.0
11,두꺼운 PET필름,392062,일본,태국,2014.12,6,0.8857142857142858,-0.028571428571428574,0.08571428571428573,0.7142857142857143,-0.028571428571428574,1,0.028571428571428574,12002587.0,7636925.0
11,두꺼운 PET필름,392062,일본,튀르키예,2014.12,6,-0.6546536707079772,-0.39279220242478635,0.13093073414159545,,-0.6546536707079772,0,0.6546536707079772,12002587.0,23000.0
11,두꺼운 PET필름,392062,일본,파키스탄,2014.12,6,-0.5797710356524484,0.2608969660436018,-0.2608969660436018,0.030358837035945815,-0.5797710356524484,0,0.5797710356524484,12002587.0,143325.0
11,두꺼운 PET필름,392062,일본,프랑스,2014.12,6,0.6546536707079772,0.39279220242478635,-0.6546536707079772,-0.4394802124588286,-0.6546536707079772,2,0.6546536707079772,12002587.0,3628.0
11,두꺼운 PET필름,392062,일본,필리핀,2014.12,6,-0.13522468075656266,0.13093073414159545,-0.13093073414159545,0.6546536707079772,-0.13522468075656266,0,0.13522468075656266,12002587.0,222.0
11,두꺼운 PET필름,392062,일본,홍콩,2014.12,6,0.14285714285714288,0.028571428571428574,-0.4285714285714286,0.2571428571428572,-0.4285714285714286,2,0.4285714285714286,12002587.0,178652.0
12,플로트판유리(2차재심),7005,중국,네덜란드,2015.01,6,,0.6546536707079772,-0.13093073414159545,-0.39279220242478635,-0.39279220242478635,3,0.39279220242478635,129916632.0,85.0
12,플로트판유리(2차재심),7005,중국,대만,2015.01,6,0.08571428571428573,-0.2571428571428572,-0.48571428571428577,0.028571428571428574,-0.48571428571428577,2,0.48571428571428577,129916632.0,4483313.0
12,플로트판유리(2차재심),7005,중국,덴마크,2015.01,6,,0.6546536707079772,-0.13093073414159545,-0.39279220242478635,-0.39279220242478635,3,0.39279220242478635,129916632.0,150.0
12,플로트판유리(2차재심),7005,중국,독일,2015.01,6,0.2571428571428572,-0.48571428571428577,-0.3714285714285715,0.7714285714285715,-0.48571428571428577,1,0.48571428571428577,129916632.0,556696.0
12,플로트판유리(2차재심),7005,중국,라트비아,2015.01,6,0.39279220242478635,-0.6546536707079772,0.6761234037828133,0.30425553170226594,-0.6546536707079772,1,0.6546536707079772,129916632.0,20846.0
12,플로트판유리(2차재심),7005,중국,러시아 연방,2015.01,6,0.39279220242478635,-0.6546536707079772,0.13093073414159545,,-0.6546536707079772,1,0.6546536707079772,129916632.0,556.0
12,플로트판유리(2차재심),7005,중국,루마니아,2015.01,6,0.2571428571428572,-0.08571428571428573,-0.028571428571428574,0.14285714285714288,-0.08571428571428573,1,0.08571428571428573,129916632.0,1247748.0
12,플로트판유리(2차재심),7005,중국,룩셈부르그,2015.01,6,0.39279220242478635,-0.6546536707079772,0.13093073414159545,,-0.6546536707079772,1,0.6546536707079772,129916632.0,10000.0
12,플로트판유리(2차재심),7005,중국,말레이시아,2015.01,6,-0.33394720739540396,-0.2704493615131253,0.39279220242478635,-0.6546536707079772,-0.6546536707079772,3,0.6546536707079772,129916632.0,1761.0
12,플로트판유리(2차재심),7005,중국,멕시코,2015.01,6,0.6546536707079772,-0.13093073414159545,-0.39279220242478635,0.39279220242478635,-0.39279220242478635,2,0.39279220242478635,129916632.0,54.0
12,플로트판유리(2차재심),7005,중국,미국,2015.01,6,-0.3714285714285715,-0.3714285714285715,-0.2,-0.3142857142857143,-0.3714285714285715,0,0.3714285714285715,129916632.0,9701305.0
12,플로트판유리(2차재심),7005,중국,베트남,2015.01,6,0.18516401995451032,-0.3086066999241839,0.3946648814672956,0.6982532518267538,-0.3086066999241839,1,0.3086066999241839,129916632.0,1534259.0
12,플로트판유리(2차재심),7005,중국,벨기에,2015.01,6,-0.39279220242478635,0.39279220242478635,-0.6546536707079772,0.13093073414159545,-0.6546536707079772,2,0.6546536707079772,129916632.0,402.0
12,플로트판유리(2차재심),7005,중국,불가리아,2015.01,6,0.3142857142857143,0.08571428571428573,-0.3142857142857143,-0.08571428571428573,-0.3142857142857143,2,0.3142857142857143,129916632.0,26042083.0
12,플로트판유리(2차재심),7005,중국,사우디아라비아,2015.01,6,0.028571428571428574,-0.3714285714285715,0.08571428571428573,-0.14285714285714288,-0.3714285714285715,1,0.3714285714285715,129916632.0,50880363.0
12,플로트판유리(2차재심),7005,중국,스위스,2015.01,6,0.13093073414159545,,0.6546536707079772,-0.13093073414159545,-0.13093073414159545,3,0.13093073414159545,129916632.0,7246.0
12,플로트판유리(2차재심),7005,중국,스페인,2015.01,6,0.7775419143502353,-0.6761234037828133,0.15179418517972906,0.7589709258986453,-0.6761234037828133,1,0.6761234037828133,129916632.0,110582.0
12,플로트판유리(2차재심),7005,중국,싱가포르,2015.01,6,-0.6546536707079772,0.6761234037828133,-0.13093073414159545,-0.39279220242478635,-0.6546536707079772,0,0.6546536707079772,129916632.0,470.0
12,플로트판유리(2차재심),7005,중국,아랍에미리트 연합,2015.01,6,0.6571428571428573,-0.6571428571428573,0.3714285714285715,0.028571428571428574,-0.6571428571428573,1,0.6571428571428573,129916632.0,10327517.0
12,플로트판유리(2차재심),7005,중국,영국,2015.01,6,-0.45538255553918716,0.4394802124588286,-0.6546536707079772,0.13093073414159545,-0.6546536707079772,2,0.6546536707079772,129916632.0,67065.0
12,플로트판유리(2차재심),7005,중국,오스트리아,2015.01,6,0.33806170189140666,0.13522468075656266,-0.5161002296110789,0.8116794499134279,-0.5161002296110789,2,0.5161002296110789,129916632.0,1037.0
12,플로트판유리(2차재심),7005,중국,이탈리아,2015.01,6,-0.13093073414159545,-0.39279220242478635,0.39279220242478635,-0.6546536707079772,-0.6546536707079772,3,0.6546536707079772,129916632.0,50.0
12,플로트판유리(2차재심),7005,중국,인도네시아,2015.01,6,0.942857142857143,-0.14285714285714288,0.2,0.6571428571428573,-0.14285714285714288,1,0.14285714285714288,129916632.0,52005621.0
12,플로트판유리(2차재심),7005,중국,일본,2015.01,6,0.6571428571428573,0.2,-0.6,0.8285714285714287,-0.6,2,0.6,129916632.0,10403460.0
12,플로트판유리(2차재심),7005,중국,태국,2015.01,6,0.3714285714285715,-0.2571428571428572,0.2,0.6,-0.2571428571428572,1,0.2571428571428572,129916632.0,24116935.0
12,플로트판유리(2차재심),7005,중국,튀르키예,2015.01,6,-0.30425553170226594,0.13093073414159545,0.6546536707079772,-0.13093073414159545,-0.30425553170226594,0,0.30425553170226594,129916632.0,13851327.0
12,플로트판유리(2차재심),7005,중국,폴란드,2015.01,6,0.6546536707079772,-0.13093073414159545,-0.39279220242478635,0.39279220242478635,-0.39279220242478635,2,0.39279220242478635,129916632.0,136.0
12,플로트판유리(2차재심),7005,중국,프랑스,2015.01,6,0.6546536707079772,0.50709255283711,-0.09107651110783746,-0.15179418517972906,-0.15179418517972906,3,0.15179418517972906,129916632.0,20829.0
12,플로트판유리(2차재심),7005,중국,필리핀,2015.01,6,0.3142857142857143,-0.48571428571428577,-0.3142857142857143,0.8857142857142858,-0.48571428571428577,1,0.48571428571428577,129916632.0,2580403.0
12,플로트판유리(2차재심),7005,중국,헝가리,2015.01,6,,,,0.6546536707079772,0.6546536707079772,3,0.0,129916632.0,197.0
12,플로트판유리(2차재심),7005,중국,호주,2015.01,6,0.6546536707079772,-0.13093073414159545,-0.39279220242478635,0.39279220242478635,-0.39279220242478635,2,0.39279220242478635,129916632.0,47.0
12,플로트판유리(2차재심),7005,중국,홍콩,2015.01,6,0.14285714285714288,0.8285714285714287,-0.5428571428571429,0.08571428571428573,-0.5428571428571429,2,0.5428571428571429,129916632.0,398692.0
13,공기압 전송용 밸브,848120,일본,기타국,2015.08,6,-0.13093073414159545,-0.6546536707079772,0.6546536707079772,-0.39279220242478635,-0.6546536707079772,1,0.6546536707079772,650937.0,89.0
13,공기압 전송용 밸브,848120,일본,네덜란드,2015.08,6,0.08571428571428573,-0.7714285714285715,0.6,-0.2,-0.7714285714285715,1,0.7714285714285715,650937.0,9556.0
13,공기압 전송용 밸브,848120,일본,노르웨이,2015.08,6,-0.11595420713048969,-0.08696565534786728,0.5428571428571429,-0.7142857142857143,-0.7142857142857143,3,0.7142857142857143,650937.0,8059.0
13,공기압 전송용 밸브,848120,일본,대만,2015.08,6,0.6,-0.4285714285714286,-0.028571428571428574,0.2571428571428572,-0.4285714285714286,1,0.4285714285714286,650937.0,60886.0
13,공기압 전송용 밸브,848120,일본,덴마크,2015.08,6,1.0,-0.5428571428571429,-0.3142857142857143,0.6,-0.5428571428571429,1,0.5428571428571429,650937.0,43826.0
13,공기압 전송용 밸브,848120,일본,독일,2015.08,6,0.028571428571428574,-0.7142857142857143,0.7714285714285715,0.08571428571428573,-0.7142857142857143,1,0.7142857142857143,650937.0,287296.0
13,공기압 전송용 밸브,848120,일본,러시아 연방,2015.08,6,,,,0.13093073414159545,0.13093073414159545,3,0.0,650937.0,709.0
13,공기압 전송용 밸브,848120,일본,루마니아,2015.08,6,-0.39279220242478635,,,,-0.39279220242478635,0,0.39279220242478635,650937.0,620.0
13,공기압 전송용 밸브,848120,일본,룩셈부르그,2015.08,6,0.8280786712108252,-0.4140393356054126,-0.50709255283711,0.8804062740424288,-0.50709255283711,2,0.50709255283711,650937.0,61.0
13,공기압 전송용 밸브,848120,일본,말레이시아,2015.08,6,0.50709255283711,-0.7775419143502353,0.5408987230262506,0.101418510567422,-0.7775419143502353,1,0.7775419143502353,650937.0,1056.0
13,공기압 전송용 밸브,848120,일본,멕시코,2015.08,6,0.6377481392176932,-0.49280538030458115,-0.3188740696088466,0.23190841426097938,-0.49280538030458115,1,0.49280538030458115,650937.0,909.0
13,공기압 전송용 밸브,848120,일본,모로코,2015.08,6,0.6546536707079772,-0.39279220242478635,,,-0.39279220242478635,1,0.39279220242478635,650937.0,1.0
13,공기압 전송용 밸브,848120,일본,미국,2015.08,6,0.6,-0.14285714285714288,-0.2571428571428572,-0.08571428571428573,-0.2571428571428572,2,0.2571428571428572,650937.0,160064.0
13,공기압 전송용 밸브,848120,일본,베트남,2015.08,6,-0.13093073414159545,-0.6546536707079772,0.6546536707079772,-0.39279220242478635,-0.6546536707079772,1,0.6546536707079772,650937.0,226.0
13,공기압 전송용 밸브,848120,일본,벨기에,2015.08,6,0.7142857142857143,-0.7142857142857143,0.14285714285714288,0.4285714285714286,-0.7142857142857143,1,0.7142857142857143,650937.0,9844.0
13,공기압 전송용 밸브,848120,일본,불가리아,2015.08,6,0.057977103565244846,-0.3768511731740915,0.4285714285714286,-0.08571428571428573,-0.3768511731740915,1,0.3768511731740915,650937.0,2572.0
13,공기압 전송용 밸브,848120,일본,브라질,2015.08,6,0.6,0.028571428571428574,0.3142857142857143,0.14285714285714288,0.028571428571428574,1,0.0,650937.0,4044.0
13,공기압 전송용 밸브,848120,일본,사우디아라비아,2015.08,6,,,,0.13093073414159545,0.13093073414159545,3,0.0,650937.0,200.0
13,공기압 전송용 밸브,848120,일본,스웨덴,2015.08,6,0.7142857142857143,-0.7142857142857143,0.028571428571428574,0.7714285714285715,-0.7142857142857143,1,0.7142857142857143,650937.0,30882.0
13,공기압 전송용 밸브,848120,일본,스위스,2015.08,6,0.2,-0.48571428571428577,-0.14285714285714288,0.6571428571428573,-0.48571428571428577,1,0.48571428571428577,650937.0,14040.0
13,공기압 전송용 밸브,848120,일본,스페인,2015.08,6,0.7826908981308054,-0.40583972495671394,0.48571428571428577,-0.17393131069573456,-0.40583972495671394,1,0.40583972495671394,650937.0,91.0
13,공기압 전송용 밸브,848120,일본,슬로바키아,2015.08,6,0.21251185925162072,0.028988551782622423,0.43482827673933633,-0.7714285714285715,-0.7714285714285715,3,0.7714285714285715,650937.0,1281.0
13,공기압 전송용 밸브,848120,일본,슬로베니아,2015.08,6,0.7775419143502353,-0.3718678720805473,-0.50709255283711,0.8804062740424288,-0.50709255283711,2,0.50709255283711,650937.0,291.0
13,공기압 전송용 밸브,848120,일본,싱가포르,2015.08,6,-0.23190841426097938,0.0,0.5797710356524484,-0.8116794499134279,-0.8116794499134279,3,0.8116794499134279,650937.0,1865.0
13,공기압 전송용 밸브,848120,일본,아랍에미리트 연합,2015.08,6,,0.13093073414159545,0.39279220242478635,0.033806170189140665,0.033806170189140665,3,0.0,650937.0,536.0
13,공기압 전송용 밸브,848120,일본,아일랜드,2015.08,6,0.13522468075656266,-0.6172133998483678,0.46291004988627577,0.0,-0.6172133998483678,1,0.6172133998483678,650937.0,6.0
13,공기압 전송용 밸브,848120,일본,영국,2015.08,6,0.2571428571428572,-0.6,0.5428571428571429,-0.14285714285714288,-0.6,1,0.6,650937.0,25204.0
13,공기압 전송용 밸브,848120,일본,오스트리아,2015.08,6,-0.028571428571428574,-0.48571428571428577,0.7714285714285715,-0.4285714285714286,-0.48571428571428577,1,0.48571428571428577,650937.0,490.0
13,공기압 전송용 밸브,848120,일본,이란,2015.08,6,-0.39279220242478635,,,,-0.39279220242478635,0,0.39279220242478635,650937.0,116.0
13,공기압 전송용 밸브,848120,일본,이스라엘,2015.08,6,0.6546536707079772,-0.13522468075656266,0.39279220242478635,-0.13093073414159545,-0.13522468075656266,1,0.13522468075656266,650937.0,3.0
13,공기압 전송용 밸브,848120,일본,이탈리아,2015.08,6,0.7714285714285715,-0.028571428571428574,0.14285714285714288,0.5428571428571429,-0.028571428571428574,1,0.028571428571428574,650937.0,1050223.0
13,공기압 전송용 밸브,848120,일본,인도,2015.08,6,0.3714285714285715,0.028571428571428574,0.2571428571428572,0.3142857142857143,0.028571428571428574,1,0.0,650937.0,109535.0
13,공기압 전송용 밸브,848120,일본,인도네시아,2015.08,6,-0.3718678720805473,-0.6546536707079772,0.6546536707079772,-0.39279220242478635,-0.6546536707079772,1,0.6546536707079772,650937.0,60.0
13,공기압 전송용 밸브,848120,일본,중국,2015.08,6,0.942857142857143,-0.2,0.14285714285714288,0.14285714285714288,-0.2,1,0.2,650937.0,696094.0
13,공기압 전송용 밸브,848120,일본,체코공화국,2015.08,6,0.6571428571428573,-0.08571428571428573,0.028571428571428574,0.4285714285714286,-0.08571428571428573,1,0.08571428571428573,650937.0,7023.0
13,공기압 전송용 밸브,848120,일본,카타르,2015.08,6,-0.39279220242478635,,,,-0.39279220242478635,0,0.39279220242478635,650937.0,52.0
13,공기압 전송용 밸브,848120,일본,캐나다,2015.08,6,0.49280538030458115,-0.030358837035945815,-0.6375355777548621,0.5217939320872036,-0.6375355777548621,2,0.6375355777548621,650937.0,288.0
13,공기압 전송용 밸브,848120,일본,크로아티아,2015.08,6,-0.13093073414159545,-0.6546536707079772,0.6546536707079772,-0.39279220242478635,-0.6546536707079772,1,0.6546536707079772,650937.0,1.0
13,공기압 전송용 밸브,848120,일본,태국,2015.08,6,,0.13093073414159545,0.39279220242478635,0.033806170189140665,0.033806170189140665,3,0.0,650937.0,4.0
13,공기압 전송용 밸브,848120,일본,튀르키예,2015.08,6,0.08571428571428573,-0.14285714285714288,0.6571428571428573,-0.7714285714285715,-0.7714285714285715,3,0.7714285714285715,650937.0,28422.0
13,공기압 전송용 밸브,848120,일본,포루투갈,2015.08,6,,,,0.13093073414159545,0.13093073414159545,3,0.0,650937.0,15.0
13,공기압 전송용 밸브,848120,일본,폴란드,2015.08,6,0.2571428571428572,-0.942857142857143,0.4285714285714286,0.3142857142857143,-0.942857142857143,1,0.942857142857143,650937.0,71985.0
13,공기압 전송용 밸브,848120,일본,프랑스,2015.08,6,0.3714285714285715,0.08571428571428573,0.08571428571428573,-0.08571428571428573,-0.08571428571428573,3,0.08571428571428573,650937.0,77742.0
13,공기압 전송용 밸브,848120,일본,핀란드,2015.08,6,0.08571428571428573,-0.5428571428571429,0.8857142857142858,-0.3714285714285715,-0.5428571428571429,1,0.5428571428571429,650937.0,1968.0
13,공기압 전송용 밸브,848120,일본,필리핀,2015.08,6,0.6546536707079772,-0.2704493615131253,0.39279220242478635,-0.13093073414159545,-0.2704493615131253,1,0.2704493615131253,650937.0,8.0
13,공기압 전송용 밸브,848120,일본,헝가리,2015.08,6,0.3714285714285715,-0.6571428571428573,0.028571428571428574,0.3142857142857143,-0.6571428571428573,1,0.6571428571428573,650937.0,15387.0
13,공기압 전송용 밸브,848120,일본,호주,2015.08,6,0.3718678720805473,0.33394720739540396,-0.43482827673933633,0.14285714285714288,-0.43482827673933633,2,0.43482827673933633,650937.0,176.0
13,공기압 전송용 밸브,848120,일본,홍콩,2015.08,6,0.46381682852195877,-0.6667366910003157,0.09107651110783746,-0.21251185925162072,-0.6667366910003157,1,0.6667366910003157,650937.0,150.0
14,합판(신규공급자조사),4412,중국,가나,2014.02,6,-0.6546536707079772,,-0.13093073414159545,0.6546536707079772,-0.6546536707079772,0,0.6546536707079772,182228583.0,4.0
14,합판(신규공급자조사),4412,중국,네덜란드,2014.02,6,0.06761234037828133,-0.33806170189140666,0.13093073414159545,-0.39279220242478635,-0.39279220242478635,3,0.39279220242478635,182228583.0,2356.0
14,합판(신규공급자조사),4412,중국,노르웨이,2014.02,6,0.5768179036829705,0.7589709258986453,-0.030358837035945815,-0.6982532518267538,-0.6982532518267538,3,0.6982532518267538,182228583.0,2755.0
14,합판(신규공급자조사),4412,중국,대만,2014.02,6,0.028571428571428574,-0.6,-0.7714285714285715,-0.48571428571428577,-0.7714285714285715,2,0.7714285714285715,182228583.0,19868.0
14,합판(신규공급자조사),4412,중국,덴마크,2014.02,6,-0.13093073414159545,0.50709255283711,0.5768179036829705,0.7589709258986453,-0.13093073414159545,0,0.13093073414159545,182228583.0,4638.0
14,합판(신규공급자조사),4412,중국,독일,2014.02,6,0.3714285714285715,-0.6571428571428573,-0.2571428571428572,-0.2,-0.6571428571428573,1,0.6571428571428573,182228583.0,554769.0
14,합판(신규공급자조사),4412,중국,라트비아,2014.02,6,0.6,-0.3714285714285715,0.08571428571428573,-0.2,-0.3714285714285715,1,0.3714285714285715,182228583.0,3336369.0
14,합판(신규공급자조사),4412,중국,러시아 연방,2014.02,6,0.7714285714285715,0.7714285714285715,0.08571428571428573,-0.4285714285714286,-0.4285714285714286,3,0.4285714285714286,182228583.0,10032171.0
14,합판(신규공급자조사),4412,중국,루마니아,2014.02,6,-0.33806170189140666,-0.033806170189140665,0.33806170189140666,-0.06761234037828133,-0.33806170189140666,0,0.33806170189140666,182228583.0,16551.0
14,합판(신규공급자조사),4412,중국,말레이시아,2014.02,6,-0.6,-0.5428571428571429,-0.2571428571428572,0.3714285714285715,-0.6,0,0.6,182228583.0,166625056.0
14,합판(신규공급자조사),4412,중국,미국,2014.02,6,0.6571428571428573,0.2571428571428572,-0.2,-0.4285714285714286,-0.4285714285714286,3,0.4285714285714286,182228583.0,800578.0
14,합판(신규공급자조사),4412,중국,미얀마,2014.02,6,0.0,0.4140393356054126,-0.27774602993176545,0.0,-0.27774602993176545,2,0.27774602993176545,182228583.0,94341.0
14,합판(신규공급자조사),4412,중국,베트남,2014.02,6,0.2571428571428572,-0.48571428571428577,-0.3142857142857143,0.48571428571428577,-0.48571428571428577,1,0.48571428571428577,182228583.0,73977508.0
14,합판(신규공급자조사),4412,중국,벨기에,2014.02,6,-0.101418510567422,-0.5161002296110789,0.15179418517972906,0.5768179036829705,-0.5161002296110789,1,0.5161002296110789,182228583.0,34893.0
14,합판(신규공급자조사),4412,중국,보스니아-헤르체고비나,2014.02,6,,,-0.13093073414159545,0.6546536707079772,-0.13093073414159545,2,0.13093073414159545,182228583.0,30.0
14,합판(신규공급자조사),4412,중국,브라질,2014.02,6,0.5768179036829705,0.4394802124588286,-0.21251185925162072,0.030358837035945815,-0.21251185925162072,2,0.21251185925162072,182228583.0,343074.0
14,합판(신규공급자조사),4412,중국,스웨덴,2014.02,6,0.7775419143502353,0.3718678720805473,-0.33394720739540396,-0.030358837035945815,-0.33394720739540396,2,0.33394720739540396,182228583.0,8984.0
14,합판(신규공급자조사),4412,중국,스위스,2014.02,6,-0.4394802124588286,-0.16903085094570333,0.39279220242478635,0.13093073414159545,-0.4394802124588286,0,0.4394802124588286,182228583.0,58.0
14,합판(신규공급자조사),4412,중국,스페인,2014.02,6,-0.39279220242478635,-0.6546536707079772,,,-0.6546536707079772,1,0.6546536707079772,182228583.0,1.0
14,합판(신규공급자조사),4412,중국,슬로베니아,2014.02,6,0.09107651110783746,0.7775419143502353,0.3718678720805473,-0.2704493615131253,-0.2704493615131253,3,0.2704493615131253,182228583.0,101167.0
14,합판(신규공급자조사),4412,중국,싱가포르,2014.02,6,-0.6546536707079772,,-0.13093073414159545,0.6546536707079772,-0.6546536707079772,0,0.6546536707079772,182228583.0,128404.0
14,합판(신규공급자조사),4412,중국,아랍에미리트 연합,2014.02,6,-0.39279220242478635,-0.6546536707079772,,,-0.6546536707079772,1,0.6546536707079772,182228583.0,1.0
14,합판(신규공급자조사),4412,중국,에스토니아,2014.02,6,-0.3714285714285715,-0.08571428571428573,-0.3714285714285715,-0.3714285714285715,-0.3714285714285715,0,0.3714285714285715,182228583.0,1646412.0
14,합판(신규공급자조사),4412,중국,영국,2014.02,6,0.8116794499134279,-0.08571428571428573,-0.4285714285714286,0.5428571428571429,-0.4285714285714286,2,0.4285714285714286,182228583.0,96.0
14,합판(신규공급자조사),4412,중국,오스트리아,2014.02,6,-0.3714285714285715,-0.6957252427829382,-0.8116794499134279,-0.030358837035945815,-0.8116794499134279,2,0.8116794499134279,182228583.0,29398.0
14,합판(신규공급자조사),4412,중국,우루과이,2014.02,6,0.6546536707079772,0.39279220242478635,0.13093073414159545,-0.39279220242478635,-0.39279220242478635,3,0.39279220242478635,182228583.0,49380.0
14,합판(신규공급자조사),4412,중국,이탈리아,2014.02,6,0.08571428571428573,0.5428571428571429,0.7142857142857143,0.08571428571428573,0.08571428571428573,0,0.0,182228583.0,478160.0
14,합판(신규공급자조사),4412,중국,인도,2014.02,6,-0.2704493615131253,-0.8451542547285166,-0.6546536707079772,,-0.8451542547285166,1,0.8451542547285166,182228583.0,224.0
14,합판(신규공급자조사),4412,중국,인도네시아,2014.02,6,0.2571428571428572,-0.6,-0.8285714285714287,0.08571428571428573,-0.8285714285714287,2,0.8285714285714287,182228583.0,77709036.0
14,합판(신규공급자조사),4412,중국,일본,2014.02,6,-0.2571428571428572,-0.028571428571428574,0.48571428571428577,0.6571428571428573,-0.2571428571428572,0,0.2571428571428572,182228583.0,588604.0
14,합판(신규공급자조사),4412,중국,체코공화국,2014.02,6,0.13093073414159545,-0.39279220242478635,-0.6546536707079772,,-0.6546536707079772,2,0.6546536707079772,182228583.0,26980.0
14,합판(신규공급자조사),4412,중국,칠레,2014.02,6,0.2704493615131253,0.5408987230262506,-0.21251185925162072,0.21251185925162072,-0.21251185925162072,2,0.21251185925162072,182228583.0,211162.0
14,합판(신규공급자조사),4412,중국,캐나다,2014.02,6,-0.6546536707079772,,,,-0.6546536707079772,0,0.6546536707079772,182228583.0,2.0
14,합판(신규공급자조사),4412,중국,코스타리카,2014.02,6,0.39279220242478635,0.13093073414159545,-0.39279220242478635,-0.6546536707079772,-0.6546536707079772,3,0.6546536707079772,182228583.0,9.0
14,합판(신규공급자조사),4412,중국,콩고,2014.02,6,-0.6546536707079772,,,,-0.6546536707079772,0,0.6546536707079772,182228583.0,60210.0
14,합판(신규공급자조사),4412,중국,태국,2014.02,6,0.6667366910003157,-0.4285714285714286,-0.5428571428571429,0.46381682852195877,-0.5428571428571429,2,0.5428571428571429,182228583.0,25215.0
14,합판(신규공급자조사),4412,중국,튀르키예,2014.02,6,-0.13093073414159545,0.6546536707079772,0.39279220242478635,0.13093073414159545,-0.13093073414159545,0,0.13093073414159545,182228583.0,92.0
14,합판(신규공급자조사),4412,중국,포루투갈,2014.02,6,0.4394802124588286,-0.13522468075656266,-0.7775419143502353,-0.6546536707079772,-0.7775419143502353,2,0.7775419143502353,182228583.0,39.0
14,합판(신규공급자조사),4412,중국,폴란드,2014.02,6,-0.6546536707079772,,,,-0.6546536707079772,0,0.6546536707079772,182228583.0,22000.0
14,합판(신규공급자조사),4412,중국,프랑스,2014.02,6,0.49280538030458115,-0.40583972495671394,-0.9276336570439175,-0.33394720739540396,-0.9276336570439175,2,0.9276336570439175,182228583.0,19630.0
14,합판(신규공급자조사),4412,중국,핀란드,2014.02,6,0.942857142857143,0.3714285714285715,-0.6,-0.6,-0.6,2,0.6,182228583.0,18721643.0
14,합판(신규공급자조사),4412,중국,헝가리,2014.02,6,,,-0.13093073414159545,0.6546536707079772,-0.13093073414159545,2,0.13093073414159545,182228583.0,24.0
14,합판(신규공급자조사),4412,중국,호주,2014.02,6,-0.39279220242478635,-0.6546536707079772,,,-0.6546536707079772,1,0.6546536707079772,182228583.0,37.0
14,합판(신규공급자조사),4412,중국,홍콩,2014.02,6,-0.21251185925162072,0.11595420713048969,0.5161002296110789,0.3718678720805473,-0.21251185925162072,0,0.21251185925162072,182228583.0,5447.0
15,합판(신규공급자조사),4412,중국,가나,2014.02,6,-0.6546536707079772,,-0.13093073414159545,0.6546536707079772,-0.6546536707079772,0,0.6546536707079772,182228583.0,4.0
15,합판(신규공급자조사),4412,중국,네덜란드,2014.02,6,0.06761234037828133,-0.33806170189140666,0.13093073414159545,-0.39279220242478635,-0.39279220242478635,3,0.39279220242478635,182228583.0,2356.0
15,합판(신규공급자조사),4412,중국,노르웨이,2014.02,6,0.5768179036829705,0.7589709258986453,-0.030358837035945815,-0.6982532518267538,-0.6982532518267538,3,0.6982532518267538,182228583.0,2755.0
15,합판(신규공급자조사),4412,중국,대만,2014.02,6,0.028571428571428574,-0.6,-0.7714285714285715,-0.48571428571428577,-0.7714285714285715,2,0.7714285714285715,182228583.0,19868.0
15,합판(신규공급자조사),4412,중국,덴마크,2014.02,6,-0.13093073414159545,0.50709255283711,0.5768179036829705,0.7589709258986453,-0.13093073414159545,0,0.13093073414159545,182228583.0,4638.0
15,합판(신규공급자조사),4412,중국,독일,2014.02,6,0.3714285714285715,-0.6571428571428573,-0.2571428571428572,-0.2,-0.6571428571428573,1,0.6571428571428573,182228583.0,554769.0
15,합판(신규공급자조사),4412,중국,라트비아,2014.02,6,0.6,-0.3714285714285715,0.08571428571428573,-0.2,-0.3714285714285715,1,0.3714285714285715,182228583.0,3336369.0
15,합판(신규공급자조사),4412,중국,러시아 연방,2014.02,6,0.7714285714285715,0.7714285714285715,0.08571428571428573,-0.4285714285714286,-0.4285714285714286,3,0.4285714285714286,182228583.0,10032171.0
15,합판(신규공급자조사),4412,중국,루마니아,2014.02,6,-0.33806170189140666,-0.033806170189140665,0.33806170189140666,-0.06761234037828133,-0.33806170189140666,0,0.33806170189140666,182228583.0,16551.0
15,합판(신규공급자조사),4412,중국,말레이시아,2014.02,6,-0.6,-0.5428571428571429,-0.2571428571428572,0.3714285714285715,-0.6,0,0.6,182228583.0,166625056.0
15,합판(신규공급자조사),4412,중국,미국,2014.02,6,0.6571428571428573,0.2571428571428572,-0.2,-0.4285714285714286,-0.4285714285714286,3,0.4285714285714286,182228583.0,800578.0
15,합판(신규공급자조사),4412,중국,미얀마,2014.02,6,0.0,0.4140393356054126,-0.27774602993176545,0.0,-0.27774602993176545,2,0.27774602993176545,182228583.0,94341.0
15,합판(신규공급자조사),4412,중국,베트남,2014.02,6,0.2571428571428572,-0.48571428571428577,-0.3142857142857143,0.48571428571428577,-0.48571428571428577,1,0.48571428571428577,182228583.0,73977508.0
15,합판(신규공급자조사),4412,중국,벨기에,2014.02,6,-0.101418510567422,-0.5161002296110789,0.15179418517972906,0.5768179036829705,-0.5161002296110789,1,0.5161002296110789,182228583.0,34893.0
15,합판(신규공급자조사),4412,중국,보스니아-헤르체고비나,2014.02,6,,,-0.13093073414159545,0.6546536707079772,-0.13093073414159545,2,0.13093073414159545,182228583.0,30.0
15,합판(신규공급자조사),4412,중국,브라질,2014.02,6,0.5768179036829705,0.4394802124588286,-0.21251185925162072,0.030358837035945815,-0.21251185925162072,2,0.21251185925162072,182228583.0,343074.0
15,합판(신규공급자조사),4412,중국,스웨덴,2014.02,6,0.7775419143502353,0.3718678720805473,-0.33394720739540396,-0.030358837035945815,-0.33394720739540396,2,0.33394720739540396,182228583.0,8984.0
15,합판(신규공급자조사),4412,중국,스위스,2014.02,6,-0.4394802124588286,-0.16903085094570333,0.39279220242478635,0.13093073414159545,-0.4394802124588286,0,0.4394802124588286,182228583.0,58.0
15,합판(신규공급자조사),4412,중국,스페인,2014.02,6,-0.39279220242478635,-0.6546536707079772,,,-0.6546536707079772,1,0.6546536707079772,182228583.0,1.0
15,합판(신규공급자조사),4412,중국,슬로베니아,2014.02,6,0.09107651110783746,0.7775419143502353,0.3718678720805473,-0.2704493615131253,-0.2704493615131253,3,0.2704493615131253,182228583.0,101167.0
15,합판(신규공급자조사),4412,중국,싱가포르,2014.02,6,-0.6546536707079772,,-0.13093073414159545,0.6546536707079772,-0.6546536707079772,0,0.6546536707079772,182228583.0,128404.0
15,합판(신규공급자조사),4412,중국,아랍에미리트 연합,2014.02,6,-0.39279220242478635,-0.6546536707079772,,,-0.6546536707079772,1,0.6546536707079772,182228583.0,1.0
15,합판(신규공급자조사),4412,중국,에스토니아,2014.02,6,-0.3714285714285715,-0.08571428571428573,-0.3714285714285715,-0.3714285714285715,-0.3714285714285715,0,0.3714285714285715,182228583.0,1646412.0
15,합판(신규공급자조사),4412,중국,영국,2014.02,6,0.8116794499134279,-0.08571428571428573,-0.4285714285714286,0.5428571428571429,-0.4285714285714286,2,0.4285714285714286,182228583.0,96.0
15,합판(신규공급자조사),4412,중국,오스트리아,2014.02,6,-0.3714285714285715,-0.6957252427829382,-0.8116794499134279,-0.030358837035945815,-0.8116794499134279,2,0.8116794499134279,182228583.0,29398.0
15,합판(신규공급자조사),4412,중국,우루과이,2014.02,6,0.6546536707079772,0.39279220242478635,0.13093073414159545,-0.39279220242478635,-0.39279220242478635,3,0.39279220242478635,182228583.0,49380.0
15,합판(신규공급자조사),4412,중국,이탈리아,2014.02,6,0.08571428571428573,0.5428571428571429,0.7142857142857143,0.08571428571428573,0.08571428571428573,0,0.0,182228583.0,478160.0
15,합판(신규공급자조사),4412,중국,인도,2014.02,6,-0.2704493615131253,-0.8451542547285166,-0.6546536707079772,,-0.8451542547285166,1,0.8451542547285166,182228583.0,224.0
15,합판(신규공급자조사),4412,중국,인도네시아,2014.02,6,0.2571428571428572,-0.6,-0.8285714285714287,0.08571428571428573,-0.8285714285714287,2,0.8285714285714287,182228583.0,77709036.0
15,합판(신규공급자조사),4412,중국,일본,2014.02,6,-0.2571428571428572,-0.028571428571428574,0.48571428571428577,0.6571428571428573,-0.2571428571428572,0,0.2571428571428572,182228583.0,588604.0
15,합판(신규공급자조사),4412,중국,체코공화국,2014.02,6,0.13093073414159545,-0.39279220242478635,-0.6546536707079772,,-0.6546536707079772,2,0.6546536707079772,182228583.0,26980.0
15,합판(신규공급자조사),4412,중국,칠레,2014.02,6,0.2704493615131253,0.5408987230262506,-0.21251185925162072,0.21251185925162072,-0.21251185925162072,2,0.21251185925162072,182228583.0,211162.0
15,합판(신규공급자조사),4412,중국,캐나다,2014.02,6,-0.6546536707079772,,,,-0.6546536707079772,0,0.6546536707079772,182228583.0,2.0
15,합판(신규공급자조사),4412,중국,코스타리카,2014.02,6,0.39279220242478635,0.13093073414159545,-0.39279220242478635,-0.6546536707079772,-0.6546536707079772,3,0.6546536707079772,182228583.0,9.0
15,합판(신규공급자조사),4412,중국,콩고,2014.02,6,-0.6546536707079772,,,,-0.6546536707079772,0,0.6546536707079772,182228583.0,60210.0
15,합판(신규공급자조사),4412,중국,태국,2014.02,6,0.6667366910003157,-0.4285714285714286,-0.5428571428571429,0.46381682852195877,-0.5428571428571429,2,0.5428571428571429,182228583.0,25215.0
15,합판(신규공급자조사),4412,중국,튀르키예,2014.02,6,-0.13093073414159545,0.6546536707079772,0.39279220242478635,0.13093073414159545,-0.13093073414159545,0,0.13093073414159545,182228583.0,92.0
15,합판(신규공급자조사),4412,중국,포루투갈,2014.02,6,0.4394802124588286,-0.13522468075656266,-0.7775419143502353,-0.6546536707079772,-0.7775419143502353,2,0.7775419143502353,182228583.0,39.0
15,합판(신규공급자조사),4412,중국,폴란드,2014.02,6,-0.6546536707079772,,,,-0.6546536707079772,0,0.6546536707079772,182228583.0,22000.0
15,합판(신규공급자조사),4412,중국,프랑스,2014.02,6,0.49280538030458115,-0.40583972495671394,-0.9276336570439175,-0.33394720739540396,-0.9276336570439175,2,0.9276336570439175,182228583.0,19630.0
15,합판(신규공급자조사),4412,중국,핀란드,2014.02,6,0.942857142857143,0.3714285714285715,-0.6,-0.6,-0.6,2,0.6,182228583.0,18721643.0
15,합판(신규공급자조사),4412,중국,헝가리,2014.02,6,,,-0.13093073414159545,0.6546536707079772,-0.13093073414159545,2,0.13093073414159545,182228583.0,24.0
15,합판(신규공급자조사),4412,중국,호주,2014.02,6,-0.39279220242478635,-0.6546536707079772,,,-0.6546536707079772,1,0.6546536707079772,182228583.0,37.0
15,합판(신규공급자조사),4412,중국,홍콩,2014.02,6,-0.21251185925162072,0.11595420713048969,0.5161002296110789,0.3718678720805473,-0.21251185925162072,0,0.21251185925162072,182228583.0,5447.0
16,합판(신규공급자조사),4412,중국,가나,2014.02,6,-0.6546536707079772,,-0.13093073414159545,0.6546536707079772,-0.6546536707079772,0,0.6546536707079772,182228583.0,4.0
16,합판(신규공급자조사),4412,중국,네덜란드,2014.02,6,0.06761234037828133,-0.33806170189140666,0.13093073414159545,-0.39279220242478635,-0.39279220242478635,3,0.39279220242478635,182228583.0,2356.0
16,합판(신규공급자조사),4412,중국,노르웨이,2014.02,6,0.5768179036829705,0.7589709258986453,-0.030358837035945815,-0.6982532518267538,-0.6982532518267538,3,0.6982532518267538,182228583.0,2755.0
16,합판(신규공급자조사),4412,중국,대만,2014.02,6,0.028571428571428574,-0.6,-0.7714285714285715,-0.48571428571428577,-0.7714285714285715,2,0.7714285714285715,182228583.0,19868.0
16,합판(신규공급자조사),4412,중국,덴마크,2014.02,6,-0.13093073414159545,0.50709255283711,0.5768179036829705,0.7589709258986453,-0.13093073414159545,0,0.13093073414159545,182228583.0,4638.0
16,합판(신규공급자조사),4412,중국,독일,2014.02,6,0.3714285714285715,-0.6571428571428573,-0.2571428571428572,-0.2,-0.6571428571428573,1,0.6571428571428573,182228583.0,554769.0
16,합판(신규공급자조사),4412,중국,라트비아,2014.02,6,0.6,-0.3714285714285715,0.08571428571428573,-0.2,-0.3714285714285715,1,0.3714285714285715,182228583.0,3336369.0
16,합판(신규공급자조사),4412,중국,러시아 연방,2014.02,6,0.7714285714285715,0.7714285714285715,0.08571428571428573,-0.4285714285714286,-0.4285714285714286,3,0.4285714285714286,182228583.0,10032171.0
16,합판(신규공급자조사),4412,중국,루마니아,2014.02,6,-0.33806170189140666,-0.033806170189140665,0.33806170189140666,-0.06761234037828133,-0.33806170189140666,0,0.33806170189140666,182228583.0,16551.0
16,합판(신규공급자조사),4412,중국,말레이시아,2014.02,6,-0.6,-0.5428571428571429,-0.2571428571428572,0.3714285714285715,-0.6,0,0.6,182228583.0,166625056.0
16,합판(신규공급자조사),4412,중국,미국,2014.02,6,0.6571428571428573,0.2571428571428572,-0.2,-0.4285714285714286,-0.4285714285714286,3,0.4285714285714286,182228583.0,800578.0
16,합판(신규공급자조사),4412,중국,미얀마,2014.02,6,0.0,0.4140393356054126,-0.27774602993176545,0.0,-0.27774602993176545,2,0.27774602993176545,182228583.0,94341.0
16,합판(신규공급자조사),4412,중국,베트남,2014.02,6,0.2571428571428572,-0.48571428571428577,-0.3142857142857143,0.48571428571428577,-0.48571428571428577,1,0.48571428571428577,182228583.0,73977508.0
16,합판(신규공급자조사),4412,중국,벨기에,2014.02,6,-0.101418510567422,-0.5161002296110789,0.15179418517972906,0.5768179036829705,-0.5161002296110789,1,0.5161002296110789,182228583.0,34893.0
16,합판(신규공급자조사),4412,중국,보스니아-헤르체고비나,2014.02,6,,,-0.13093073414159545,0.6546536707079772,-0.13093073414159545,2,0.13093073414159545,182228583.0,30.0
16,합판(신규공급자조사),4412,중국,브라질,2014.02,6,0.5768179036829705,0.4394802124588286,-0.21251185925162072,0.030358837035945815,-0.21251185925162072,2,0.21251185925162072,182228583.0,343074.0
16,합판(신규공급자조사),4412,중국,스웨덴,2014.02,6,0.7775419143502353,0.3718678720805473,-0.33394720739540396,-0.030358837035945815,-0.33394720739540396,2,0.33394720739540396,182228583.0,8984.0
16,합판(신규공급자조사),4412,중국,스위스,2014.02,6,-0.4394802124588286,-0.16903085094570333,0.39279220242478635,0.13093073414159545,-0.4394802124588286,0,0.4394802124588286,182228583.0,58.0
16,합판(신규공급자조사),4412,중국,스페인,2014.02,6,-0.39279220242478635,-0.6546536707079772,,,-0.6546536707079772,1,0.6546536707079772,182228583.0,1.0
16,합판(신규공급자조사),4412,중국,슬로베니아,2014.02,6,0.09107651110783746,0.7775419143502353,0.3718678720805473,-0.2704493615131253,-0.2704493615131253,3,0.2704493615131253,182228583.0,101167.0
16,합판(신규공급자조사),4412,중국,싱가포르,2014.02,6,-0.6546536707079772,,-0.13093073414159545,0.6546536707079772,-0.6546536707079772,0,0.6546536707079772,182228583.0,128404.0
16,합판(신규공급자조사),4412,중국,아랍에미리트 연합,2014.02,6,-0.39279220242478635,-0.6546536707079772,,,-0.6546536707079772,1,0.6546536707079772,182228583.0,1.0
16,합판(신규공급자조사),4412,중국,에스토니아,2014.02,6,-0.3714285714285715,-0.08571428571428573,-0.3714285714285715,-0.3714285714285715,-0.3714285714285715,0,0.3714285714285715,182228583.0,1646412.0
16,합판(신규공급자조사),4412,중국,영국,2014.02,6,0.8116794499134279,-0.08571428571428573,-0.4285714285714286,0.5428571428571429,-0.4285714285714286,2,0.4285714285714286,182228583.0,96.0
16,합판(신규공급자조사),4412,중국,오스트리아,2014.02,6,-0.3714285714285715,-0.6957252427829382,-0.8116794499134279,-0.030358837035945815,-0.8116794499134279,2,0.8116794499134279,182228583.0,29398.0
16,합판(신규공급자조사),4412,중국,우루과이,2014.02,6,0.6546536707079772,0.39279220242478635,0.13093073414159545,-0.39279220242478635,-0.39279220242478635,3,0.39279220242478635,182228583.0,49380.0
16,합판(신규공급자조사),4412,중국,이탈리아,2014.02,6,0.08571428571428573,0.5428571428571429,0.7142857142857143,0.08571428571428573,0.08571428571428573,0,0.0,182228583.0,478160.0
16,합판(신규공급자조사),4412,중국,인도,2014.02,6,-0.2704493615131253,-0.8451542547285166,-0.6546536707079772,,-0.8451542547285166,1,0.8451542547285166,182228583.0,224.0
16,합판(신규공급자조사),4412,중국,인도네시아,2014.02,6,0.2571428571428572,-0.6,-0.8285714285714287,0.08571428571428573,-0.8285714285714287,2,0.8285714285714287,182228583.0,77709036.0
16,합판(신규공급자조사),4412,중국,일본,2014.02,6,-0.2571428571428572,-0.028571428571428574,0.48571428571428577,0.6571428571428573,-0.2571428571428572,0,0.2571428571428572,182228583.0,588604.0
16,합판(신규공급자조사),4412,중국,체코공화국,2014.02,6,0.13093073414159545,-0.39279220242478635,-0.6546536707079772,,-0.6546536707079772,2,0.6546536707079772,182228583.0,26980.0
16,합판(신규공급자조사),4412,중국,칠레,2014.02,6,0.2704493615131253,0.5408987230262506,-0.21251185925162072,0.21251185925162072,-0.21251185925162072,2,0.21251185925162072,182228583.0,211162.0
16,합판(신규공급자조사),4412,중국,캐나다,2014.02,6,-0.6546536707079772,,,,-0.6546536707079772,0,0.6546536707079772,182228583.0,2.0
16,합판(신규공급자조사),4412,중국,코스타리카,2014.02,6,0.39279220242478635,0.13093073414159545,-0.39279220242478635,-0.6546536707079772,-0.6546536707079772,3,0.6546536707079772,182228583.0,9.0
16,합판(신규공급자조사),4412,중국,콩고,2014.02,6,-0.6546536707079772,,,,-0.6546536707079772,0,0.6546536707079772,182228583.0,60210.0
16,합판(신규공급자조사),4412,중국,태국,2014.02,6,0.6667366910003157,-0.4285714285714286,-0.5428571428571429,0.46381682852195877,-0.5428571428571429,2,0.5428571428571429,182228583.0,25215.0
16,합판(신규공급자조사),4412,중국,튀르키예,2014.02,6,-0.13093073414159545,0.6546536707079772,0.39279220242478635,0.13093073414159545,-0.13093073414159545,0,0.13093073414159545,182228583.0,92.0
16,합판(신규공급자조사),4412,중국,포루투갈,2014.02,6,0.4394802124588286,-0.13522468075656266,-0.7775419143502353,-0.6546536707079772,-0.7775419143502353,2,0.7775419143502353,182228583.0,39.0
16,합판(신규공급자조사),4412,중국,폴란드,2014.02,6,-0.6546536707079772,,,,-0.6546536707079772,0,0.6546536707079772,182228583.0,22000.0
16,합판(신규공급자조사),4412,중국,프랑스,2014.02,6,0.49280538030458115,-0.40583972495671394,-0.9276336570439175,-0.33394720739540396,-0.9276336570439175,2,0.9276336570439175,182228583.0,19630.0
16,합판(신규공급자조사),4412,중국,핀란드,2014.02,6,0.942857142857143,0.3714285714285715,-0.6,-0.6,-0.6,2,0.6,182228583.0,18721643.0
16,합판(신규공급자조사),4412,중국,헝가리,2014.02,6,,,-0.13093073414159545,0.6546536707079772,-0.13093073414159545,2,0.13093073414159545,182228583.0,24.0
16,합판(신규공급자조사),4412,중국,호주,2014.02,6,-0.39279220242478635,-0.6546536707079772,,,-0.6546536707079772,1,0.6546536707079772,182228583.0,37.0
16,합판(신규공급자조사),4412,중국,홍콩,2014.02,6,-0.21251185925162072,0.11595420713048969,0.5161002296110789,0.3718678720805473,-0.21251185925162072,0,0.21251185925162072,182228583.0,5447.0
17,초산에틸(2차재심),291531,싱가포르,남아프리카공화국,2015.11,6,-0.5408987230262506,-0.46304617988477387,-0.6465790872963896,-0.48000000000000004,-0.6465790872963896,2,0.6465790872963896,75.0,30.0
17,초산에틸(2차재심),291531,싱가포르,독일,2015.11,6,-0.4394802124588286,0.8451542547285165,0.13522468075656266,-0.304255531702266,-0.4394802124588286,0,0.4394802124588286,75.0,1384.0
17,초산에틸(2차재심),291531,싱가포르,미국,2015.11,6,0.033806170189140665,0.101418510567422,-0.3718678720805473,-0.50709255283711,-0.50709255283711,3,0.50709255283711,75.0,4489.0
17,초산에틸(2차재심),291531,싱가포르,사우디아라비아,2015.11,6,-0.48000000000000004,-0.48000000000000004,-0.3098386676965934,0.4647580015448901,-0.48000000000000004,0,0.48000000000000004,75.0,2833986.0
17,초산에틸(2차재심),291531,싱가포르,스웨덴,2015.11,6,0.445896321370523,0.7775419143502353,-0.101418510567422,0.3380617018914066,-0.101418510567422,2,0.101418510567422,75.0,1746.0
17,초산에틸(2차재심),291531,싱가포르,스페인,2015.11,6,-0.3098386676965934,-0.3098386676965934,0.019999999999999997,0.21999999999999997,-0.3098386676965934,0,0.3098386676965934,75.0,4141.0
17,초산에틸(2차재심),291531,싱가포르,영국,2015.11,6,-0.3380617018914066,-0.101418510567422,0.3380617018914066,0.101418510567422,-0.3380617018914066,0,0.3380617018914066,75.0,4517103.0
17,초산에틸(2차재심),291531,싱가포르,이탈리아,2015.11,6,,0.4647580015448901,-0.3098386676965934,0.9999999999999999,-0.3098386676965934,2,0.3098386676965934,75.0,1900.0
17,초산에틸(2차재심),291531,싱가포르,프랑스,2015.11,6,0.4647580015448901,-0.3098386676965934,0.7745966692414834,-0.3098386676965934,-0.3098386676965934,1,0.3098386676965934,75.0,180.0
17,초산에틸(2차재심),291531,일본,남아프리카공화국,2015.11,6,-0.5428571428571429,-0.753702346348183,-0.5768179036829705,-0.50709255283711,-0.753702346348183,1,0.753702346348183,1622.0,30.0
17,초산에틸(2차재심),291531,일본,독일,2015.11,6,0.3142857142857143,-0.2571428571428572,0.48571428571428577,0.2571428571428572,-0.2571428571428572,1,0.2571428571428572,1622.0,1384.0
17,초산에틸(2차재심),291531,일본,미국,2015.11,6,0.2,0.08571428571428573,-0.8285714285714287,-0.08571428571428573,-0.8285714285714287,2,0.8285714285714287,1622.0,4489.0
17,초산에틸(2차재심),291531,일본,사우디아라비아,2015.11,6,0.033806170189140665,-0.50709255283711,-0.6546536707079772,0.39279220242478635,-0.6546536707079772,2,0.6546536707079772,1622.0,2833986.0
17,초산에틸(2차재심),291531,일본,스웨덴,2015.11,6,0.5217939320872036,0.3142857142857143,0.942857142857143,0.028571428571428574,0.028571428571428574,3,0.0,1622.0,1746.0
17,초산에틸(2차재심),291531,일본,스페인,2015.11,6,-0.13093073414159545,0.13093073414159545,-0.33806170189140666,0.7775419143502353,-0.33806170189140666,2,0.33806170189140666,1622.0,4141.0
17,초산에틸(2차재심),291531,일본,영국,2015.11,6,-0.2,0.6,-0.2571428571428572,-0.028571428571428574,-0.2571428571428572,2,0.2571428571428572,1622.0,4517103.0
17,초산에틸(2차재심),291531,일본,이탈리아,2015.11,6,,0.39279220242478635,0.6546536707079772,-0.101418510567422,-0.101418510567422,3,0.101418510567422,1622.0,1900.0
17,초산에틸(2차재심),291531,일본,프랑스,2015.11,6,0.39279220242478635,0.6546536707079772,-0.39279220242478635,-0.13093073414159545,-0.39279220242478635,2,0.39279220242478635,1622.0,180.0
17,초산에틸(2차재심),291531,중국,남아프리카공화국,2015.11,6,-0.3142857142857143,-0.2898855178262242,-0.09107651110783746,-0.3718678720805473,-0.3718678720805473,3,0.3718678720805473,30121490.0,30.0
17,초산에틸(2차재심),291531,중국,독일,2015.11,6,-0.028571428571428574,-0.3714285714285715,0.7142857142857143,-0.2571428571428572,-0.3714285714285715,1,0.3714285714285715,30121490.0,1384.0
17,초산에틸(2차재심),291531,중국,미국,2015.11,6,0.6571428571428573,-0.3714285714285715,-0.08571428571428573,-0.08571428571428573,-0.3714285714285715,1,0.3714285714285715,30121490.0,4489.0
17,초산에틸(2차재심),291531,중국,사우디아라비아,2015.11,6,0.06761234037828133,-0.3718678720805473,-0.13093073414159545,0.13093073414159545,-0.3718678720805473,1,0.3718678720805473,30121490.0,2833986.0
17,초산에틸(2차재심),291531,중국,스웨덴,2015.11,6,0.17393131069573456,0.08571428571428573,0.6571428571428573,-0.6571428571428573,-0.6571428571428573,3,0.6571428571428573,30121490.0,1746.0
17,초산에틸(2차재심),291531,중국,스페인,2015.11,6,0.6546536707079772,-0.39279220242478635,-0.033806170189140665,0.3718678720805473,-0.39279220242478635,1,0.39279220242478635,30121490.0,4141.0
17,초산에틸(2차재심),291531,중국,영국,2015.11,6,0.08571428571428573,0.14285714285714288,-0.14285714285714288,0.08571428571428573,-0.14285714285714288,2,0.14285714285714288,30121490.0,4517103.0
17,초산에틸(2차재심),291531,중국,이탈리아,2015.11,6,,0.13093073414159545,0.39279220242478635,-0.50709255283711,-0.50709255283711,3,0.50709255283711,30121490.0,1900.0
17,초산에틸(2차재심),291531,중국,프랑스,2015.11,6,0.13093073414159545,0.39279220242478635,-0.6546536707079772,0.6546536707079772,-0.6546536707079772,2,0.6546536707079772,30121490.0,180.0
19,PET필름(2차재심),392062,인도,네덜란드,2016.01,6,0.6546536707079772,-0.13093073414159545,-0.33806170189140666,0.13093073414159545,-0.33806170189140666,2,0.33806170189140666,420868.0,16.0
19,PET필름(2차재심),392062,인도,대만,2016.01,6,-0.14285714285714288,0.6,0.028571428571428574,0.48571428571428577,-0.14285714285714288,0,0.14285714285714288,420868.0,8552759.0
19,PET필름(2차재심),392062,인도,독일,2016.01,6,-0.4285714285714286,0.08571428571428573,-0.08571428571428573,0.028571428571428574,-0.4285714285714286,0,0.4285714285714286,420868.0,16933.0
19,PET필름(2차재심),392062,인도,룩셈부르그,2016.01,6,-0.08571428571428573,0.1449427589131121,0.3142857142857143,0.3478626213914691,-0.08571428571428573,0,0.08571428571428573,420868.0,27588.0
19,PET필름(2차재심),392062,인도,말레이시아,2016.01,6,-0.14285714285714288,0.6,-0.3714285714285715,0.14285714285714288,-0.3714285714285715,2,0.3714285714285715,420868.0,1092749.0
19,PET필름(2차재심),392062,인도,몽골,2016.01,6,,0.39279220242478635,0.13093073414159545,-0.39279220242478635,-0.39279220242478635,3,0.39279220242478635,420868.0,60.0
19,PET필름(2차재심),392062,인도,미국,2016.01,6,-0.3142857142857143,0.8285714285714287,-0.08571428571428573,0.2,-0.3142857142857143,0,0.3142857142857143,420868.0,355035.0
19,PET필름(2차재심),392062,인도,바레인,2016.01,6,0.5428571428571429,-0.3714285714285715,0.6,0.3714285714285715,-0.3714285714285715,1,0.3714285714285715,420868.0,346923.0
19,PET필름(2차재심),392062,인도,베트남,2016.01,6,0.08571428571428573,0.08571428571428573,-0.14285714285714288,0.14285714285714288,-0.14285714285714288,2,0.14285714285714288,420868.0,576425.0
19,PET필름(2차재심),392062,인도,벨기에,2016.01,6,0.5296408977028497,-0.7356123579206245,-0.21251185925162072,0.6982532518267538,-0.7356123579206245,1,0.7356123579206245,420868.0,3773.0
19,PET필름(2차재심),392062,인도,브라질,2016.01,6,0.6546536707079772,0.2704493615131253,-0.30425553170226594,-0.39279220242478635,-0.39279220242478635,3,0.39279220242478635,420868.0,14.0
19,PET필름(2차재심),392062,인도,스위스,2016.01,6,-0.6546536707079772,,,,-0.6546536707079772,0,0.6546536707079772,420868.0,1.0
19,PET필름(2차재심),392062,인도,싱가포르,2016.01,6,-0.2571428571428572,-0.3478626213914691,-0.753702346348183,0.2942449431682498,-0.753702346348183,2,0.753702346348183,420868.0,2427.0
19,PET필름(2차재심),392062,인도,아랍에미리트 연합,2016.01,6,0.3714285714285715,0.3714285714285715,0.4285714285714286,0.6,0.3714285714285715,0,0.0,420868.0,1601787.0
19,PET필름(2차재심),392062,인도,아일랜드,2016.01,6,-0.13093073414159545,-0.6546536707079772,0.39279220242478635,0.13093073414159545,-0.6546536707079772,1,0.6546536707079772,420868.0,10.0
19,PET필름(2차재심),392062,인도,영국,2016.01,6,-0.4285714285714286,0.8285714285714287,0.2571428571428572,-0.3714285714285715,-0.4285714285714286,0,0.4285714285714286,420868.0,9156.0
19,PET필름(2차재심),392062,인도,우루과이,2016.01,6,0.13093073414159545,-0.39279220242478635,0.6546536707079772,-0.13093073414159545,-0.39279220242478635,1,0.39279220242478635,420868.0,98.0
19,PET필름(2차재심),392062,인도,이스라엘,2016.01,6,-0.6761234037828133,-0.6546536707079772,,,-0.6761234037828133,0,0.6761234037828133,420868.0,244.0
19,PET필름(2차재심),392062,인도,이탈리아,2016.01,6,-0.5428571428571429,-0.3142857142857143,-0.4285714285714286,-0.3714285714285715,-0.5428571428571429,0,0.5428571428571429,420868.0,353994.0
19,PET필름(2차재심),392062,인도,인도네시아,2016.01,6,-0.5428571428571429,-0.48571428571428577,-0.2,-0.6571428571428573,-0.6571428571428573,3,0.6571428571428573,420868.0,2560974.0
19,PET필름(2차재심),392062,인도,일본,2016.01,6,0.6,0.48571428571428577,-0.2571428571428572,-0.6,-0.6,3,0.6,420868.0,17002653.0
19,PET필름(2차재심),392062,인도,캐나다,2016.01,6,0.39279220242478635,0.13093073414159545,-0.39279220242478635,0.7775419143502353,-0.39279220242478635,2,0.39279220242478635,420868.0,992.0
19,PET필름(2차재심),392062,인도,태국,2016.01,6,0.7142857142857143,-0.3714285714285715,-0.4285714285714286,0.7714285714285715,-0.4285714285714286,2,0.4285714285714286,420868.0,12417869.0
19,PET필름(2차재심),392062,인도,튀르키예,2016.01,6,0.6957252427829382,0.2571428571428572,-0.7142857142857143,0.5428571428571429,-0.7142857142857143,2,0.7142857142857143,420868.0,13245.0
19,PET필름(2차재심),392062,인도,파키스탄,2016.01,6,0.14285714285714288,-0.2571428571428572,0.2571428571428572,0.6,-0.2571428571428572,1,0.2571428571428572,420868.0,176874.0
19,PET필름(2차재심),392062,인도,폴란드,2016.01,6,,,0.39279220242478635,0.13093073414159545,0.13093073414159545,3,0.0,420868.0,200.0
19,PET필름(2차재심),392062,인도,프랑스,2016.01,6,0.8451542547285166,0.15179418517972906,-0.5217939320872036,0.3946648814672956,-0.5217939320872036,2,0.5217939320872036,420868.0,4878.0
19,PET필름(2차재심),392062,인도,핀란드,2016.01,6,0.13093073414159545,-0.39279220242478635,0.8280786712108252,0.0,-0.39279220242478635,1,0.39279220242478635,420868.0,6.0
19,PET필름(2차재심),392062,인도,필리핀,2016.01,6,-0.33394720739540396,-0.33394720739540396,0.30425553170226594,-0.6761234037828133,-0.6761234037828133,3,0.6761234037828133,420868.0,55779.0
19,PET필름(2차재심),392062,인도,호주,2016.01,6,0.39279220242478635,0.13093073414159545,-0.39279220242478635,0.7775419143502353,-0.39279220242478635,2,0.39279220242478635,420868.0,64.0
19,PET필름(2차재심),392062,인도,홍콩,2016.01,6,0.028571428571428574,-0.08571428571428573,-0.4285714285714286,0.7714285714285715,-0.4285714285714286,2,0.4285714285714286,420868.0,6797.0
19,PET필름(2차재심),392062,중국,네덜란드,2016.01,6,-0.13093073414159545,-0.6546536707079772,0.06761234037828133,0.39279220242478635,-0.6546536707079772,1,0.6546536707079772,4631814.0,16.0
19,PET필름(2차재심),392062,중국,대만,2016.01,6,0.7714285714285715,0.8857142857142858,0.6,0.4285714285714286,0.4285714285714286,3,0.0,4631814.0,8552759.0
19,PET필름(2차재심),392062,중국,독일,2016.01,6,-0.2,-0.48571428571428577,0.028571428571428574,-0.14285714285714288,-0.48571428571428577,1,0.48571428571428577,4631814.0,16933.0
19,PET필름(2차재심),392062,중국,룩셈부르그,2016.01,6,0.6571428571428573,0.20291986247835697,0.3714285714285715,-0.20291986247835697,-0.20291986247835697,3,0.20291986247835697,4631814.0,27588.0
19,PET필름(2차재심),392062,중국,말레이시아,2016.01,6,0.2,0.6,0.2571428571428572,0.08571428571428573,0.08571428571428573,3,0.0,4631814.0,1092749.0
19,PET필름(2차재심),392062,중국,몽골,2016.01,6,,0.6546536707079772,0.39279220242478635,0.13093073414159545,0.13093073414159545,3,0.0,4631814.0,60.0
19,PET필름(2차재심),392062,중국,미국,2016.01,6,0.2571428571428572,0.48571428571428577,0.48571428571428577,0.2571428571428572,0.2571428571428572,0,0.0,4631814.0,355035.0
19,PET필름(2차재심),392062,중국,바레인,2016.01,6,0.08571428571428573,0.3714285714285715,0.8285714285714287,0.8285714285714287,0.08571428571428573,0,0.0,4631814.0,346923.0
19,PET필름(2차재심),392062,중국,베트남,2016.01,6,-0.14285714285714288,-0.14285714285714288,0.028571428571428574,0.6,-0.14285714285714288,0,0.14285714285714288,4631814.0,576425.0
19,PET필름(2차재심),392062,중국,벨기에,2016.01,6,0.1765469659009499,-0.1471224715841249,-0.15179418517972906,-0.2732295333235123,-0.2732295333235123,3,0.2732295333235123,4631814.0,3773.0
19,PET필름(2차재심),392062,중국,브라질,2016.01,6,-0.13093073414159545,0.16903085094570333,0.101418510567422,0.13093073414159545,-0.13093073414159545,0,0.13093073414159545,4631814.0,14.0
19,PET필름(2차재심),392062,중국,스위스,2016.01,6,-0.39279220242478635,,,,-0.39279220242478635,0,0.39279220242478635,4631814.0,1.0
19,PET필름(2차재심),392062,중국,싱가포르,2016.01,6,-0.6571428571428573,-0.3478626213914691,0.1449427589131121,0.058848988633649964,-0.6571428571428573,0,0.6571428571428573,4631814.0,2427.0
19,PET필름(2차재심),392062,중국,아랍에미리트 연합,2016.01,6,0.8285714285714287,0.942857142857143,0.8857142857142858,0.5428571428571429,0.5428571428571429,3,0.0,4631814.0,1601787.0
19,PET필름(2차재심),392062,중국,아일랜드,2016.01,6,-0.6546536707079772,-0.39279220242478635,0.6546536707079772,0.39279220242478635,-0.6546536707079772,0,0.6546536707079772,4631814.0,10.0
19,PET필름(2차재심),392062,중국,영국,2016.01,6,0.028571428571428574,0.14285714285714288,0.2,0.4285714285714286,0.028571428571428574,0,0.0,4631814.0,9156.0
19,PET필름(2차재심),392062,중국,우루과이,2016.01,6,0.39279220242478635,0.13093073414159545,-0.13093073414159545,-0.6546536707079772,-0.6546536707079772,3,0.6546536707079772,4631814.0,98.0
19,PET필름(2차재심),392062,중국,이스라엘,2016.01,6,-0.7775419143502353,-0.39279220242478635,,,-0.7775419143502353,0,0.7775419143502353,4631814.0,244.0
19,PET필름(2차재심),392062,중국,이탈리아,2016.01,6,-0.942857142857143,-0.7714285714285715,-0.48571428571428577,0.48571428571428577,-0.942857142857143,0,0.942857142857143,4631814.0,353994.0
19,PET필름(2차재심),392062,중국,인도네시아,2016.01,6,-0.942857142857143,-0.8857142857142858,-0.7142857142857143,-0.4285714285714286,-0.942857142857143,0,0.942857142857143,4631814.0,2560974.0
19,PET필름(2차재심),392062,중국,일본,2016.01,6,0.3714285714285715,-0.08571428571428573,0.028571428571428574,0.3714285714285715,-0.08571428571428573,1,0.08571428571428573,4631814.0,17002653.0
19,PET필름(2차재심),392062,중국,캐나다,2016.01,6,0.6546536707079772,0.39279220242478635,0.13093073414159545,0.50709255283711,0.13093073414159545,2,0.0,4631814.0,992.0
19,PET필름(2차재심),392062,중국,태국,2016.01,6,-0.08571428571428573,-0.3142857142857143,0.3714285714285715,0.8857142857142858,-0.3142857142857143,1,0.3142857142857143,4631814.0,12417869.0
19,PET필름(2차재심),392062,중국,튀르키예,2016.01,6,0.23190841426097938,0.3714285714285715,0.08571428571428573,0.4285714285714286,0.08571428571428573,2,0.0,4631814.0,13245.0
19,PET필름(2차재심),392062,중국,파키스탄,2016.01,6,0.6,0.3714285714285715,-0.028571428571428574,-0.3714285714285715,-0.3714285714285715,3,0.3714285714285715,4631814.0,176874.0
19,PET필름(2차재심),392062,중국,폴란드,2016.01,6,,,0.6546536707079772,0.39279220242478635,0.39279220242478635,3,0.0,4631814.0,200.0
19,PET필름(2차재심),392062,중국,프랑스,2016.01,6,0.30425553170226594,-0.030358837035945815,0.3188740696088466,0.33394720739540396,-0.030358837035945815,1,0.030358837035945815,4631814.0,4878.0
19,PET필름(2차재심),392062,중국,핀란드,2016.01,6,0.39279220242478635,0.13093073414159545,0.4140393356054126,-0.2070196678027063,-0.2070196678027063,3,0.2070196678027063,4631814.0,6.0
19,PET필름(2차재심),392062,중국,필리핀,2016.01,6,-0.33394720739540396,-0.3946648814672956,-0.6761234037828133,-0.7775419143502353,-0.7775419143502353,3,0.7775419143502353,4631814.0,55779.0
19,PET필름(2차재심),392062,중국,호주,2016.01,6,0.6546536707079772,0.39279220242478635,0.13093073414159545,0.50709255283711,0.13093073414159545,2,0.0,4631814.0,64.0
19,PET필름(2차재심),392062,중국,홍콩,2016.01,6,0.2571428571428572,-0.2,-0.14285714285714288,-0.2,-0.2,1,0.2,4631814.0,6797.0
20,침엽수 합판,441232,중국,독일,2016.03,6,-0.2571428571428572,-0.7714285714285715,-0.753702346348183,-0.8406680016960503,-0.8406680016960503,3,0.8406680016960503,50124220.0,199661.0
20,침엽수 합판,441232,중국,라트비아,2016.03,6,-0.2571428571428572,-0.7142857142857143,-0.6571428571428573,-0.14285714285714288,-0.7142857142857143,1,0.7142857142857143,50124220.0,4434354.0
20,침엽수 합판,441232,중국,러시아 연방,2016.03,6,0.7714285714285715,0.8857142857142858,-0.2571428571428572,-0.08571428571428573,-0.2571428571428572,2,0.2571428571428572,50124220.0,12091027.0
20,침엽수 합판,441232,중국,루마니아,2016.03,6,0.39279220242478635,0.13093073414159545,0.6546536707079772,-0.13093073414159545,-0.13093073414159545,3,0.13093073414159545,50124220.0,3457.0
20,침엽수 합판,441232,중국,말레이시아,2016.03,6,0.4285714285714286,0.08571428571428573,-0.2,0.6,-0.2,2,0.2,50124220.0,133149410.0
20,침엽수 합판,441232,중국,미국,2016.03,6,0.8451542547285166,0.33394720739540396,-0.030358837035945815,0.6957252427829382,-0.030358837035945815,2,0.030358837035945815,50124220.0,115.0
20,침엽수 합판,441232,중국,미얀마,2016.03,6,-0.6546536707079772,-0.39279220242478635,,,-0.6546536707079772,0,0.6546536707079772,50124220.0,34207.0
20,침엽수 합판,441232,중국,베트남,2016.03,6,0.8857142857142858,0.08571428571428573,-0.2571428571428572,-0.3142857142857143,-0.3142857142857143,3,0.3142857142857143,50124220.0,164013614.0
20,침엽수 합판,441232,중국,브라질,2016.03,6,0.39279220242478635,0.13093073414159545,0.6546536707079772,-0.13093073414159545,-0.13093073414159545,3,0.13093073414159545,50124220.0,10000.0
20,침엽수 합판,441232,중국,스페인,2016.03,6,0.15179418517972906,0.3946648814672956,0.50709255283711,-0.5408987230262506,-0.5408987230262506,3,0.5408987230262506,50124220.0,64861.0
20,침엽수 합판,441232,중국,슬로베니아,2016.03,6,-0.13093073414159545,-0.6546536707079772,-0.39279220242478635,,-0.6546536707079772,1,0.6546536707079772,50124220.0,200.0
20,침엽수 합판,441232,중국,에스토니아,2016.03,6,0.6,0.8285714285714287,0.2571428571428572,0.2571428571428572,0.2571428571428572,2,0.0,50124220.0,1583164.0
20,침엽수 합판,441232,중국,영국,2016.03,6,-0.3086066999241839,-0.6480740698407861,-0.6831300510639732,0.401188709901439,-0.6831300510639732,2,0.6831300510639732,50124220.0,15.0
20,침엽수 합판,441232,중국,이탈리아,2016.03,6,-0.30425553170226594,0.5161002296110789,-0.033806170189140665,-0.16903085094570333,-0.30425553170226594,0,0.30425553170226594,50124220.0,112780.0
20,침엽수 합판,441232,중국,인도네시아,2016.03,6,0.4285714285714286,0.3714285714285715,-0.5428571428571429,0.4285714285714286,-0.5428571428571429,2,0.5428571428571429,50124220.0,126975702.0
20,침엽수 합판,441232,중국,일본,2016.03,6,-0.3718678720805473,-0.06761234037828133,-0.13522468075656266,0.8451542547285166,-0.3718678720805473,0,0.3718678720805473,50124220.0,13548.0
20,침엽수 합판,441232,중국,프랑스,2016.03,6,0.13093073414159545,0.6546536707079772,-0.13093073414159545,-0.6546536707079772,-0.6546536707079772,3,0.6546536707079772,50124220.0,5600.0
20,침엽수 합판,441232,중국,핀란드,2016.03,6,-0.08571428571428573,-0.028571428571428574,-0.8857142857142858,-0.48571428571428577,-0.8857142857142858,2,0.8857142857142858,50124220.0,12514042.0
21,부틸글리콜에테르,290943,미국,대만,2016.12,6,-0.39852669849304295,,0.0,0.6642111641550715,-0.39852669849304295,0,0.39852669849304295,303525.0,217.0
21,부틸글리콜에테르,290943,미국,독일,2016.12,6,0.8316554899054915,0.4411764705882353,0.3768511731740915,0.4638168285219587,0.3768511731740915,2,0.0,303525.0,74070.0
21,부틸글리콜에테르,290943,미국,말레이시아,2016.12,6,0.42874646285627205,-0.39139018192821845,0.01565560727712874,-0.2100420126042015,-0.39139018192821845,1,0.39139018192821845,303525.0,140020.0
21,부틸글리콜에테르,290943,미국,멕시코,2016.12,6,0.25724787771376323,0.6002450479987809,-0.06859943405700353,-0.25724787771376323,-0.25724787771376323,3,0.25724787771376323,303525.0,80020.0
21,부틸글리콜에테르,290943,미국,벨기에,2016.12,6,0.0,-0.6642111641550715,-0.39852669849304295,,-0.6642111641550715,1,0.6642111641550715,303525.0,2.0
21,부틸글리콜에테르,290943,미국,사우디아라비아,2016.12,6,,,,0.0,0.0,3,0.0,303525.0,300012.0
21,부틸글리콜에테르,290943,미국,싱가포르,2016.12,6,-0.12320822072673948,0.17149858514250885,0.31506301890630223,-0.42874646285627205,-0.42874646285627205,3,0.42874646285627205,303525.0,3008.0
21,부틸글리콜에테르,290943,미국,아랍에미리트 연합,2016.12,6,,,0.0,0.42874646285627205,0.0,2,0.0,303525.0,10.0
21,부틸글리콜에테르,290943,미국,영국,2016.12,6,0.9276336570439174,0.5441176470588235,-0.34786262139146906,0.11595420713048968,-0.34786262139146906,2,0.34786262139146906,303525.0,183.0
21,부틸글리콜에테르,290943,미국,이탈리아,2016.12,6,0.39852669849304295,0.0,-0.6642111641550715,-0.39852669849304295,-0.6642111641550715,2,0.6642111641550715,303525.0,35.0
21,부틸글리콜에테르,290943,미국,일본,2016.12,6,-0.6087595874350709,0.02898855178262242,0.4638168285219587,0.6087595874350709,-0.6087595874350709,0,0.6087595874350709,303525.0,123585.0
21,부틸글리콜에테르,290943,미국,중국,2016.12,6,-0.14494275891311212,-0.17393131069573453,0.02898855178262242,0.02898855178262242,-0.17393131069573453,1,0.17393131069573453,303525.0,127579.0
21,부틸글리콜에테르,290943,프랑스,대만,2016.12,6,-0.20000000000000007,,1.0,-0.20000000000000007,-0.20000000000000007,0,0.20000000000000007,20.0,217.0
21,부틸글리콜에테르,290943,프랑스,독일,2016.12,6,0.1391216687280505,0.6642111641550715,0.39279220242478635,-0.6546536707079772,-0.6546536707079772,3,0.6546536707079772,20.0,74070.0
21,부틸글리콜에테르,290943,프랑스,말레이시아,2016.12,6,-0.3098386676965934,0.28284271247461906,-0.4242640687119286,-0.316227766016838,-0.4242640687119286,2,0.4242640687119286,20.0,140020.0
21,부틸글리콜에테르,290943,프랑스,멕시코,2016.12,6,0.7745966692414834,-0.3098386676965934,-0.3098386676965934,-0.3098386676965934,-0.3098386676965934,1,0.3098386676965934,20.0,80020.0
21,부틸글리콜에테르,290943,프랑스,벨기에,2016.12,6,-0.20000000000000007,-0.20000000000000007,-0.20000000000000007,,-0.20000000000000007,0,0.20000000000000007,20.0,2.0
21,부틸글리콜에테르,290943,프랑스,사우디아라비아,2016.12,6,,,,1.0,1.0,3,0.0,20.0,300012.0
21,부틸글리콜에테르,290943,프랑스,싱가포르,2016.12,6,0.1391216687280505,0.0,-0.632455532033676,0.7745966692414834,-0.632455532033676,2,0.632455532033676,20.0,3008.0
21,부틸글리콜에테르,290943,프랑스,아랍에미리트 연합,2016.12,6,,,1.0,0.7745966692414834,0.7745966692414834,3,0.0,20.0,10.0
21,부틸글리콜에테르,290943,프랑스,영국,2016.12,6,0.13093073414159545,-0.5313689313240573,0.6546536707079772,0.39279220242478635,-0.5313689313240573,1,0.5313689313240573,20.0,183.0
21,부틸글리콜에테르,290943,프랑스,이탈리아,2016.12,6,-0.20000000000000007,-0.20000000000000007,-0.20000000000000007,-0.20000000000000007,-0.20000000000000007,0,0.20000000000000007,20.0,35.0
21,부틸글리콜에테르,290943,프랑스,일본,2016.12,6,-0.13093073414159545,0.6546536707079772,0.39279220242478635,-0.6546536707079772,-0.6546536707079772,3,0.6546536707079772,20.0,123585.0
21,부틸글리콜에테르,290943,프랑스,중국,2016.12,6,-0.39279220242478635,0.13093073414159545,0.13093073414159545,0.6546536707079772,-0.39279220242478635,0,0.39279220242478635,20.0,127579.0
22,합판(2차재심),4412,말레이시아,가나,2017.05,6,0.3718678720805473,0.13093073414159545,-0.6546536707079772,0.6546536707079772,-0.6546536707079772,2,0.6546536707079772,96087064.0,377940.0
22,합판(2차재심),4412,말레이시아,가봉,2017.05,6,,,,-0.6546536707079772,-0.6546536707079772,3,0.6546536707079772,96087064.0,12000.0
22,합판(2차재심),4412,말레이시아,네덜란드,2017.05,6,0.3946648814672956,0.101418510567422,-0.5768179036829705,0.8451542547285166,-0.5768179036829705,2,0.5768179036829705,96087064.0,1503.0
22,합판(2차재심),4412,말레이시아,노르웨이,2017.05,6,0.5408987230262506,-0.39279220242478635,-0.13093073414159545,0.39279220242478635,-0.39279220242478635,1,0.39279220242478635,96087064.0,1194.0
22,합판(2차재심),4412,말레이시아,대만,2017.05,6,0.23190841426097938,-0.20291986247835697,0.753702346348183,0.030358837035945815,-0.20291986247835697,1,0.20291986247835697,96087064.0,1276.0
22,합판(2차재심),4412,말레이시아,독일,2017.05,6,0.14285714285714288,-0.08571428571428573,0.028571428571428574,0.6571428571428573,-0.08571428571428573,1,0.08571428571428573,96087064.0,364419.0
22,합판(2차재심),4412,말레이시아,라트비아,2017.05,6,0.2571428571428572,-0.4285714285714286,0.6571428571428573,-0.6,-0.6,3,0.6,96087064.0,3328254.0
22,합판(2차재심),4412,말레이시아,러시아 연방,2017.05,6,0.48571428571428577,-0.6,0.4285714285714286,-0.3714285714285715,-0.6,1,0.6,96087064.0,21394979.0
22,합판(2차재심),4412,말레이시아,리투아니아,2017.05,6,-0.2732295333235123,-0.49280538030458115,0.9411239481143202,-0.2704493615131253,-0.49280538030458115,1,0.49280538030458115,96087064.0,15725.0
22,합판(2차재심),4412,말레이시아,모로코,2017.05,6,0.6546536707079772,-0.39279220242478635,-0.13093073414159545,0.39279220242478635,-0.39279220242478635,1,0.39279220242478635,96087064.0,43763.0
22,합판(2차재심),4412,말레이시아,미국,2017.05,6,0.942857142857143,-0.942857142857143,0.3714285714285715,-0.2,-0.942857142857143,1,0.942857142857143,96087064.0,178004.0
22,합판(2차재심),4412,말레이시아,미얀마,2017.05,6,0.9411239481143202,-0.5768179036829705,0.30425553170226594,-0.21251185925162072,-0.5768179036829705,1,0.5768179036829705,96087064.0,550897.0
22,합판(2차재심),4412,말레이시아,베트남,2017.05,6,0.942857142857143,-0.942857142857143,-0.028571428571428574,0.08571428571428573,-0.942857142857143,1,0.942857142857143,96087064.0,245666690.0
22,합판(2차재심),4412,말레이시아,벨기에,2017.05,6,-0.11595420713048969,-0.43482827673933633,0.2898855178262242,0.1449427589131121,-0.43482827673933633,1,0.43482827673933633,96087064.0,86047.0
22,합판(2차재심),4412,말레이시아,보스니아-헤르체고비나,2017.05,6,0.3142857142857143,-0.08571428571428573,-0.08571428571428573,0.7142857142857143,-0.08571428571428573,1,0.08571428571428573,96087064.0,3176.0
22,합판(2차재심),4412,말레이시아,스웨덴,2017.05,6,0.0,-0.7142857142857143,0.14285714285714288,-0.2571428571428572,-0.7142857142857143,1,0.7142857142857143,96087064.0,17951.0
22,합판(2차재심),4412,말레이시아,스페인,2017.05,6,0.5768179036829705,-0.3946648814672956,-0.46381682852195877,0.5217939320872036,-0.46381682852195877,2,0.46381682852195877,96087064.0,237370.0
22,합판(2차재심),4412,말레이시아,싱가포르,2017.05,6,0.5408987230262506,-0.39279220242478635,-0.13093073414159545,-0.06761234037828133,-0.39279220242478635,1,0.39279220242478635,96087064.0,60128.0
22,합판(2차재심),4412,말레이시아,아일랜드,2017.05,6,-0.13093073414159545,0.39279220242478635,0.13093073414159545,,-0.13093073414159545,0,0.13093073414159545,96087064.0,600.0
22,합판(2차재심),4412,말레이시아,에스토니아,2017.05,6,0.08571428571428573,-0.14285714285714288,0.08571428571428573,-0.14285714285714288,-0.14285714285714288,1,0.14285714285714288,96087064.0,7018415.0
22,합판(2차재심),4412,말레이시아,영국,2017.05,6,0.30425553170226594,0.101418510567422,-0.5768179036829705,0.8451542547285166,-0.5768179036829705,2,0.5768179036829705,96087064.0,20787.0
22,합판(2차재심),4412,말레이시아,오스트리아,2017.05,6,0.13093073414159545,,,-0.6546536707079772,-0.6546536707079772,3,0.6546536707079772,96087064.0,2486.0
22,합판(2차재심),4412,말레이시아,우루과이,2017.05,6,0.15179418517972906,-0.3718678720805473,0.2704493615131253,0.3718678720805473,-0.3718678720805473,1,0.3718678720805473,96087064.0,196627.0
22,합판(2차재심),4412,말레이시아,이탈리아,2017.05,6,0.5428571428571429,-0.4285714285714286,0.3714285714285715,0.08571428571428573,-0.4285714285714286,1,0.4285714285714286,96087064.0,376769.0
22,합판(2차재심),4412,말레이시아,인도,2017.05,6,,,,-0.6546536707079772,-0.6546536707079772,3,0.6546536707079772,96087064.0,16.0
22,합판(2차재심),4412,말레이시아,인도네시아,2017.05,6,0.8857142857142858,-0.6,-0.08571428571428573,-0.08571428571428573,-0.6,1,0.6,96087064.0,171459071.0
22,합판(2차재심),4412,말레이시아,일본,2017.05,6,0.7142857142857143,-0.8285714285714287,-0.028571428571428574,0.3714285714285715,-0.8285714285714287,1,0.8285714285714287,96087064.0,578724.0
22,합판(2차재심),4412,말레이시아,중국,2017.05,6,0.8285714285714287,-0.2571428571428572,-0.3714285714285715,0.7142857142857143,-0.3714285714285715,2,0.3714285714285715,96087064.0,165580592.0
22,합판(2차재심),4412,말레이시아,체코공화국,2017.05,6,0.6546536707079772,-0.39279220242478635,-0.13093073414159545,0.39279220242478635,-0.39279220242478635,1,0.39279220242478635,96087064.0,23310.0
22,합판(2차재심),4412,말레이시아,칠레,2017.05,6,0.2571428571428572,0.08571428571428573,0.08571428571428573,-0.14285714285714288,-0.14285714285714288,3,0.14285714285714288,96087064.0,1355292.0
22,합판(2차재심),4412,말레이시아,캐나다,2017.05,6,0.7775419143502353,-0.13522468075656266,-0.13093073414159545,0.39279220242478635,-0.13522468075656266,1,0.13522468075656266,96087064.0,92.0
22,합판(2차재심),4412,말레이시아,콜롬비아,2017.05,6,-0.39279220242478635,-0.13093073414159545,0.39279220242478635,0.13093073414159545,-0.39279220242478635,0,0.39279220242478635,96087064.0,2.0
22,합판(2차재심),4412,말레이시아,태국,2017.05,6,0.5428571428571429,-0.2571428571428572,0.08571428571428573,0.7247137945655605,-0.2571428571428572,1,0.2571428571428572,96087064.0,767297.0
22,합판(2차재심),4412,말레이시아,포루투갈,2017.05,6,-0.39279220242478635,-0.13093073414159545,-0.33806170189140666,0.3946648814672956,-0.39279220242478635,0,0.39279220242478635,96087064.0,62.0
22,합판(2차재심),4412,말레이시아,폴란드,2017.05,6,-0.39279220242478635,-0.13093073414159545,-0.33806170189140666,0.6761234037828133,-0.39279220242478635,0,0.39279220242478635,96087064.0,11297.0
22,합판(2차재심),4412,말레이시아,프랑스,2017.05,6,,-0.6546536707079772,0.6546536707079772,-0.39279220242478635,-0.6546536707079772,1,0.6546536707079772,96087064.0,60.0
22,합판(2차재심),4412,말레이시아,핀란드,2017.05,6,0.6571428571428573,-0.14285714285714288,-0.3142857142857143,0.2571428571428572,-0.3142857142857143,2,0.3142857142857143,96087064.0,15170616.0
22,합판(2차재심),4412,말레이시아,필리핀,2017.05,6,-0.3718678720805473,0.2704493615131253,0.3718678720805473,0.13093073414159545,-0.3718678720805473,0,0.3718678720805473,96087064.0,48102.0
22,합판(2차재심),4412,말레이시아,헝가리,2017.05,6,0.30425553170226594,0.101418510567422,0.033806170189140665,0.39279220242478635,0.033806170189140665,2,0.0,96087064.0,51.0
22,합판(2차재심),4412,말레이시아,호주,2017.05,6,-0.39279220242478635,-0.13093073414159545,0.39279220242478635,0.13093073414159545,-0.39279220242478635,0,0.39279220242478635,96087064.0,11.0
22,합판(2차재심),4412,말레이시아,홍콩,2017.05,6,0.13093073414159545,,,-0.6546536707079772,-0.6546536707079772,3,0.6546536707079772,96087064.0,535.0
23,합판(1차재심),4412,중국,가나,2017.05,6,0.7775419143502353,0.39279220242478635,-0.6546536707079772,0.13093073414159545,-0.6546536707079772,2,0.6546536707079772,107574043.0,377940.0
23,합판(1차재심),4412,중국,가봉,2017.05,6,,,,-0.6546536707079772,-0.6546536707079772,3,0.6546536707079772,107574043.0,12000.0
23,합판(1차재심),4412,중국,네덜란드,2017.05,6,0.15179418517972906,0.33806170189140666,-0.3946648814672956,0.5408987230262506,-0.3946648814672956,2,0.3946648814672956,107574043.0,1503.0
23,합판(1차재심),4412,중국,노르웨이,2017.05,6,0.4394802124588286,-0.39279220242478635,-0.13093073414159545,0.6546536707079772,-0.39279220242478635,1,0.39279220242478635,107574043.0,1194.0
23,합판(1차재심),4412,중국,대만,2017.05,6,0.6377481392176932,0.20291986247835697,0.5797710356524484,-0.030358837035945815,-0.030358837035945815,3,0.030358837035945815,107574043.0,1276.0
23,합판(1차재심),4412,중국,독일,2017.05,6,0.48571428571428577,0.3142857142857143,0.3714285714285715,0.6571428571428573,0.3142857142857143,1,0.0,107574043.0,364419.0
23,합판(1차재심),4412,중국,라트비아,2017.05,6,0.6,-0.028571428571428574,0.4285714285714286,-0.6,-0.6,3,0.6,107574043.0,3328254.0
23,합판(1차재심),4412,중국,러시아 연방,2017.05,6,0.48571428571428577,-0.2571428571428572,0.14285714285714288,-0.5428571428571429,-0.5428571428571429,3,0.5428571428571429,107574043.0,21394979.0
23,합판(1차재심),4412,중국,리투아니아,2017.05,6,-0.15179418517972906,-0.2608969660436018,0.7589709258986453,-0.101418510567422,-0.2608969660436018,1,0.2608969660436018,107574043.0,15725.0
23,합판(1차재심),4412,중국,말레이시아,2017.05,6,0.8285714285714287,-0.48571428571428577,-0.14285714285714288,0.2571428571428572,-0.48571428571428577,1,0.48571428571428577,107574043.0,152445308.0
23,합판(1차재심),4412,중국,모로코,2017.05,6,0.13093073414159545,-0.39279220242478635,-0.13093073414159545,0.6546536707079772,-0.39279220242478635,1,0.39279220242478635,107574043.0,43763.0
23,합판(1차재심),4412,중국,미국,2017.05,6,0.7714285714285715,-0.7142857142857143,-0.028571428571428574,-0.14285714285714288,-0.7142857142857143,1,0.7142857142857143,107574043.0,178004.0
23,합판(1차재심),4412,중국,미얀마,2017.05,6,0.7589709258986453,-0.3946648814672956,-0.033806170189140665,0.030358837035945815,-0.3946648814672956,1,0.3946648814672956,107574043.0,550897.0
23,합판(1차재심),4412,중국,베트남,2017.05,6,0.7714285714285715,-0.7142857142857143,-0.3142857142857143,-0.3142857142857143,-0.7142857142857143,1,0.7142857142857143,107574043.0,245666690.0
23,합판(1차재심),4412,중국,벨기에,2017.05,6,0.23190841426097938,-0.20291986247835697,0.3478626213914691,0.0,-0.20291986247835697,1,0.20291986247835697,107574043.0,86047.0
23,합판(1차재심),4412,중국,보스니아-헤르체고비나,2017.05,6,0.028571428571428574,0.3142857142857143,0.2,0.7142857142857143,0.028571428571428574,0,0.0,107574043.0,3176.0
23,합판(1차재심),4412,중국,스웨덴,2017.05,6,-0.20291986247835697,-0.48571428571428577,-0.028571428571428574,-0.5428571428571429,-0.5428571428571429,3,0.5428571428571429,107574043.0,17951.0
23,합판(1차재심),4412,중국,스페인,2017.05,6,0.21251185925162072,-0.21251185925162072,-0.49280538030458115,0.20291986247835697,-0.49280538030458115,2,0.49280538030458115,107574043.0,237370.0
23,합판(1차재심),4412,중국,싱가포르,2017.05,6,0.4394802124588286,-0.39279220242478635,-0.13093073414159545,0.16903085094570333,-0.39279220242478635,1,0.39279220242478635,107574043.0,60128.0
23,합판(1차재심),4412,중국,아일랜드,2017.05,6,-0.13093073414159545,0.6546536707079772,0.39279220242478635,,-0.13093073414159545,0,0.13093073414159545,107574043.0,600.0
23,합판(1차재심),4412,중국,에스토니아,2017.05,6,0.08571428571428573,0.2571428571428572,0.3142857142857143,-0.3714285714285715,-0.3714285714285715,3,0.3714285714285715,107574043.0,7018415.0
23,합판(1차재심),4412,중국,영국,2017.05,6,-0.033806170189140665,0.33806170189140666,-0.3946648814672956,0.5408987230262506,-0.3946648814672956,2,0.3946648814672956,107574043.0,20787.0
23,합판(1차재심),4412,중국,오스트리아,2017.05,6,0.39279220242478635,,,-0.6546536707079772,-0.6546536707079772,3,0.6546536707079772,107574043.0,2486.0
23,합판(1차재심),4412,중국,우루과이,2017.05,6,-0.09107651110783746,-0.3718678720805473,0.50709255283711,0.7775419143502353,-0.3718678720805473,1,0.3718678720805473,107574043.0,196627.0
23,합판(1차재심),4412,중국,이탈리아,2017.05,6,0.4285714285714286,-0.14285714285714288,0.5428571428571429,0.48571428571428577,-0.14285714285714288,1,0.14285714285714288,107574043.0,376769.0
23,합판(1차재심),4412,중국,인도,2017.05,6,,,,-0.6546536707079772,-0.6546536707079772,3,0.6546536707079772,107574043.0,16.0
23,합판(1차재심),4412,중국,인도네시아,2017.05,6,0.8857142857142858,-0.2571428571428572,-0.2571428571428572,-0.14285714285714288,-0.2571428571428572,1,0.2571428571428572,107574043.0,171459071.0
23,합판(1차재심),4412,중국,일본,2017.05,6,0.8857142857142858,-0.5428571428571429,-0.3142857142857143,0.028571428571428574,-0.5428571428571429,1,0.5428571428571429,107574043.0,578724.0
23,합판(1차재심),4412,중국,체코공화국,2017.05,6,0.13093073414159545,-0.39279220242478635,-0.13093073414159545,0.6546536707079772,-0.39279220242478635,1,0.39279220242478635,107574043.0,23310.0
23,합판(1차재심),4412,중국,칠레,2017.05,6,0.5428571428571429,0.6,0.3142857142857143,-0.3714285714285715,-0.3714285714285715,3,0.3714285714285715,107574043.0,1355292.0
23,합판(1차재심),4412,중국,캐나다,2017.05,6,0.6761234037828133,0.101418510567422,-0.13093073414159545,0.6546536707079772,-0.13093073414159545,2,0.13093073414159545,107574043.0,92.0
23,합판(1차재심),4412,중국,콜롬비아,2017.05,6,-0.39279220242478635,-0.13093073414159545,0.6546536707079772,0.39279220242478635,-0.39279220242478635,0,0.39279220242478635,107574043.0,2.0
23,합판(1차재심),4412,중국,태국,2017.05,6,0.14285714285714288,0.08571428571428573,0.3714285714285715,0.8986451052612952,0.08571428571428573,1,0.0,107574043.0,767297.0
23,합판(1차재심),4412,중국,포루투갈,2017.05,6,-0.39279220242478635,-0.13093073414159545,-0.16903085094570333,0.09107651110783746,-0.39279220242478635,0,0.39279220242478635,107574043.0,62.0
23,합판(1차재심),4412,중국,폴란드,2017.05,6,-0.39279220242478635,-0.13093073414159545,-0.16903085094570333,0.3718678720805473,-0.39279220242478635,0,0.39279220242478635,107574043.0,11297.0
23,합판(1차재심),4412,중국,프랑스,2017.05,6,,-0.6546536707079772,0.13093073414159545,-0.39279220242478635,-0.6546536707079772,1,0.6546536707079772,107574043.0,60.0
23,합판(1차재심),4412,중국,핀란드,2017.05,6,0.48571428571428577,0.3142857142857143,-0.2571428571428572,-0.08571428571428573,-0.2571428571428572,2,0.2571428571428572,107574043.0,15170616.0
23,합판(1차재심),4412,중국,필리핀,2017.05,6,-0.3718678720805473,0.50709255283711,0.7775419143502353,0.39279220242478635,-0.3718678720805473,0,0.3718678720805473,107574043.0,48102.0
23,합판(1차재심),4412,중국,헝가리,2017.05,6,-0.033806170189140665,0.33806170189140666,0.2704493615131253,0.6546536707079772,-0.033806170189140665,0,0.033806170189140665,107574043.0,51.0
23,합판(1차재심),4412,중국,호주,2017.05,6,-0.39279220242478635,-0.13093073414159545,0.6546536707079772,0.39279220242478635,-0.39279220242478635,0,0.39279220242478635,107574043.0,11.0
23,합판(1차재심),4412,중국,홍콩,2017.05,6,0.39279220242478635,,,-0.6546536707079772,-0.6546536707079772,3,0.6546536707079772,107574043.0,535.0
24,옵셋인쇄판,370130,중국,대만,2017.09,6,0.3714285714285715,-0.08571428571428573,0.5428571428571429,0.7142857142857143,-0.08571428571428573,1,0.08571428571428573,11254182.0,140786.0
24,옵셋인쇄판,370130,중국,독일,2017.09,6,0.2,-0.14285714285714288,-0.08571428571428573,-0.3714285714285715,-0.3714285714285715,3,0.3714285714285715,11254182.0,331119.0
24,옵셋인쇄판,370130,중국,말레이시아,2017.09,6,0.2,0.028571428571428574,-0.4285714285714286,0.028571428571428574,-0.4285714285714286,2,0.4285714285714286,11254182.0,5862.0
24,옵셋인쇄판,370130,중국,미국,2017.09,6,0.942857142857143,-0.08571428571428573,-0.3142857142857143,0.4285714285714286,-0.3142857142857143,2,0.3142857142857143,11254182.0,230298.0
24,옵셋인쇄판,370130,중국,벨기에,2017.09,6,-0.028571428571428574,0.6,-0.08571428571428573,-0.5428571428571429,-0.5428571428571429,3,0.5428571428571429,11254182.0,63816.0
24,옵셋인쇄판,370130,중국,브라질,2017.09,6,0.40583972495671394,0.48571428571428577,-0.3142857142857143,-0.6,-0.6,3,0.6,11254182.0,35338.0
24,옵셋인쇄판,370130,중국,스페인,2017.09,6,0.21251185925162072,-0.15179418517972906,-0.6982532518267538,-0.7775419143502353,-0.7775419143502353,3,0.7775419143502353,11254182.0,19082.0
24,옵셋인쇄판,370130,중국,인도,2017.09,6,0.13093073414159545,-0.13093073414159545,0.39279220242478635,-0.6546536707079772,-0.6546536707079772,3,0.6546536707079772,11254182.0,10.0
24,옵셋인쇄판,370130,중국,일본,2017.09,6,0.2,-0.14285714285714288,-0.4285714285714286,-0.8857142857142858,-0.8857142857142858,3,0.8857142857142858,11254182.0,533075.0
24,옵셋인쇄판,370130,중국,프랑스,2017.09,6,0.7714285714285715,-0.14285714285714288,-0.08571428571428573,0.8857142857142858,-0.14285714285714288,1,0.14285714285714288,11254182.0,464212.0
24,옵셋인쇄판,370130,중국,홍콩,2017.09,6,0.39279220242478635,-0.6546536707079772,-0.39279220242478635,,-0.6546536707079772,1,0.6546536707079772,11254182.0,20.0
25,페로실리코망간,720230,베트남,네덜란드,2017.11,6,0.13093073414159545,-0.13093073414159545,-0.6546536707079772,,-0.6546536707079772,2,0.6546536707079772,10265000.0,1000.0
25,페로실리코망간,720230,베트남,노르웨이,2017.11,6,-0.6210590034081188,0.49377071987869414,0.3086066999241839,-0.6789347398332045,-0.6789347398332045,3,0.6789347398332045,10265000.0,600000.0
25,페로실리코망간,720230,베트남,말레이시아,2017.11,6,-0.6,-0.2571428571428572,-0.08571428571428573,-0.2,-0.6,0,0.6,10265000.0,77924734.0
25,페로실리코망간,720230,베트남,스페인,2017.11,6,,0.39279220242478635,0.6546536707079772,-0.39279220242478635,-0.39279220242478635,3,0.39279220242478635,10265000.0,8.0
25,페로실리코망간,720230,베트남,조지아,2017.11,6,0.39279220242478635,0.6546536707079772,-0.39279220242478635,0.13093073414159545,-0.39279220242478635,2,0.39279220242478635,10265000.0,56138.0
25,페로실리코망간,720230,베트남,중국,2017.11,6,,0.39279220242478635,0.7775419143502353,0.33806170189140666,0.33806170189140666,3,0.0,10265000.0,57018.0
25,페로실리코망간,720230,베트남,튀르키예,2017.11,6,-0.6546536707079772,,,,-0.6546536707079772,0,0.6546536707079772,10265000.0,5.0
25,페로실리코망간,720230,인도,네덜란드,2017.11,6,-0.13093073414159545,-0.39279220242478635,0.39279220242478635,,-0.39279220242478635,1,0.39279220242478635,15300000.0,1000.0
25,페로실리코망간,720230,인도,노르웨이,2017.11,6,0.6210590034081188,-0.09258200997725516,-0.46291004988627577,0.7715167498104596,-0.46291004988627577,2,0.46291004988627577,15300000.0,600000.0
25,페로실리코망간,720230,인도,말레이시아,2017.11,6,0.3142857142857143,0.2,-0.028571428571428574,0.14285714285714288,-0.028571428571428574,2,0.028571428571428574,15300000.0,77924734.0
25,페로실리코망간,720230,인도,스페인,2017.11,6,,0.13093073414159545,-0.6546536707079772,0.6546536707079772,-0.6546536707079772,2,0.6546536707079772,15300000.0,8.0
25,페로실리코망간,720230,인도,조지아,2017.11,6,0.13093073414159545,-0.6546536707079772,0.6546536707079772,-0.13093073414159545,-0.6546536707079772,1,0.6546536707079772,15300000.0,56138.0
25,페로실리코망간,720230,인도,중국,2017.11,6,,0.13093073414159545,-0.30425553170226594,-0.16903085094570333,-0.30425553170226594,2,0.30425553170226594,15300000.0,57018.0
25,페로실리코망간,720230,인도,튀르키예,2017.11,6,0.39279220242478635,,,,0.39279220242478635,0,0.0,15300000.0,5.0
26,PET필름,392062,대만,기타국,2018.04,6,-0.057977103565244846,0.5161002296110789,0.5408987230262506,-0.39279220242478635,-0.39279220242478635,3,0.39279220242478635,5154014.0,1158.0
26,PET필름,392062,대만,네덜란드,2018.04,6,,,-0.6546536707079772,-0.6761234037828133,-0.6761234037828133,3,0.6761234037828133,5154014.0,28.0
26,PET필름,392062,대만,독일,2018.04,6,-0.4285714285714286,0.3714285714285715,0.028571428571428574,-0.5428571428571429,-0.5428571428571429,3,0.5428571428571429,5154014.0,166363.0
26,PET필름,392062,대만,룩셈부르그,2018.04,6,0.50709255283711,0.13093073414159545,-0.39279220242478635,-0.06761234037828133,-0.39279220242478635,2,0.39279220242478635,5154014.0,6461.0
26,PET필름,392062,대만,말레이시아,2018.04,6,-0.3142857142857143,0.8285714285714287,-0.08571428571428573,-0.14285714285714288,-0.3142857142857143,0,0.3142857142857143,5154014.0,1282594.0
26,PET필름,392062,대만,미국,2018.04,6,-0.2,-0.08571428571428573,0.08571428571428573,0.08571428571428573,-0.2,0,0.2,5154014.0,298735.0
26,PET필름,392062,대만,바레인,2018.04,6,-0.14285714285714288,0.6377481392176932,-0.028988551782622423,-0.2608969660436018,-0.2608969660436018,3,0.2608969660436018,5154014.0,227647.0
26,PET필름,392062,대만,베트남,2018.04,6,-0.3714285714285715,0.028571428571428574,-0.08571428571428573,0.14285714285714288,-0.3714285714285715,0,0.3714285714285715,5154014.0,646945.0
26,PET필름,392062,대만,벨기에,2018.04,6,0.48571428571428577,0.7714285714285715,0.3714285714285715,0.5428571428571429,0.3714285714285715,2,0.0,5154014.0,14325.0
26,PET필름,392062,대만,스웨덴,2018.04,6,0.39279220242478635,0.6546536707079772,,,0.39279220242478635,0,0.0,5154014.0,743.0
26,PET필름,392062,대만,스위스,2018.04,6,-0.30425553170226594,-0.4394802124588286,0.4394802124588286,0.33806170189140666,-0.4394802124588286,1,0.4394802124588286,5154014.0,93.0
26,PET필름,392062,대만,스페인,2018.04,6,0.4394802124588286,0.33806170189140666,0.39279220242478635,-0.16903085094570333,-0.16903085094570333,3,0.16903085094570333,5154014.0,1399.0
26,PET필름,392062,대만,싱가포르,2018.04,6,-0.5217939320872036,0.23190841426097938,0.8116794499134279,0.2732295333235123,-0.5217939320872036,0,0.5217939320872036,5154014.0,44893.0
26,PET필름,392062,대만,아랍에미리트 연합,2018.04,6,0.7142857142857143,0.942857142857143,0.3714285714285715,0.4285714285714286,0.3714285714285715,2,0.0,5154014.0,641483.0
26,PET필름,392062,대만,아일랜드,2018.04,6,,,-0.6546536707079772,-0.13093073414159545,-0.6546536707079772,2,0.6546536707079772,5154014.0,2.0
26,PET필름,392062,대만,에쿠아도르,2018.04,6,-0.39279220242478635,0.39279220242478635,0.6546536707079772,,-0.39279220242478635,0,0.39279220242478635,5154014.0,7.0
26,PET필름,392062,대만,영국,2018.04,6,0.08571428571428573,0.48571428571428577,-0.4285714285714286,-0.2571428571428572,-0.4285714285714286,2,0.4285714285714286,5154014.0,14522.0
26,PET필름,392062,대만,오스트리아,2018.04,6,0.39279220242478635,0.6546536707079772,,-0.6546536707079772,-0.6546536707079772,3,0.6546536707079772,5154014.0,3372.0
26,PET필름,392062,대만,이스라엘,2018.04,6,-0.7589709258986453,0.09107651110783746,0.8804062740424288,0.06761234037828133,-0.7589709258986453,0,0.7589709258986453,5154014.0,38.0
26,PET필름,392062,대만,이집트,2018.04,6,0.4394802124588286,0.33806170189140666,0.39279220242478635,0.6546536707079772,0.33806170189140666,1,0.0,5154014.0,19621.0
26,PET필름,392062,대만,이탈리아,2018.04,6,-0.14285714285714288,0.8116794499134279,-0.6667366910003157,-0.030358837035945815,-0.6667366910003157,2,0.6667366910003157,5154014.0,38964.0
26,PET필름,392062,대만,인도,2018.04,6,0.08571428571428573,0.1449427589131121,-0.11595420713048969,0.3188740696088466,-0.11595420713048969,2,0.11595420713048969,5154014.0,636053.0
26,PET필름,392062,대만,인도네시아,2018.04,6,0.08571428571428573,0.7142857142857143,0.14285714285714288,0.6,0.08571428571428573,0,0.0,5154014.0,2559455.0
26,PET필름,392062,대만,일본,2018.04,6,0.028571428571428574,-0.028571428571428574,0.2571428571428572,-0.6,-0.6,3,0.6,5154014.0,16359398.0
26,PET필름,392062,대만,중국,2018.04,6,0.7142857142857143,0.4285714285714286,0.6571428571428573,0.4285714285714286,0.4285714285714286,1,0.0,5154014.0,17313863.0
26,PET필름,392062,대만,캐나다,2018.04,6,0.5408987230262506,-0.39279220242478635,0.39279220242478635,0.6546536707079772,-0.39279220242478635,1,0.39279220242478635,5154014.0,1443.0
26,PET필름,392062,대만,튀르키예,2018.04,6,0.4394802124588286,0.33806170189140666,-0.33806170189140666,0.30425553170226594,-0.33806170189140666,2,0.33806170189140666,5154014.0,5097.0
26,PET필름,392062,대만,파키스탄,2018.04,6,-0.9856107606091623,0.11595420713048969,0.5507824838698261,0.057977103565244846,-0.9856107606091623,0,0.9856107606091623,5154014.0,57753.0
26,PET필름,392062,대만,페루,2018.04,6,-0.6546536707079772,-0.13093073414159545,0.13093073414159545,-0.39279220242478635,-0.6546536707079772,0,0.6546536707079772,5154014.0,201.0
26,PET필름,392062,대만,폴란드,2018.04,6,0.39279220242478635,0.6546536707079772,,,0.39279220242478635,0,0.0,5154014.0,1.0
26,PET필름,392062,대만,프랑스,2018.04,6,-0.6087595874350709,0.09107651110783746,0.5217939320872036,-0.753702346348183,-0.753702346348183,3,0.753702346348183,5154014.0,8615.0
26,PET필름,392062,대만,핀란드,2018.04,6,0.4707919090691997,0.8116794499134279,0.8116794499134279,0.41194292043554975,0.41194292043554975,3,0.0,5154014.0,136.0
26,PET필름,392062,대만,필리핀,2018.04,6,0.40583972495671394,0.7589709258986453,0.33806170189140666,-0.33806170189140666,-0.33806170189140666,3,0.33806170189140666,5154014.0,1554.0
26,PET필름,392062,대만,헝가리,2018.04,6,0.08571428571428573,0.3142857142857143,-0.2,-0.3142857142857143,-0.3142857142857143,3,0.3142857142857143,5154014.0,28225.0
26,PET필름,392062,대만,호주,2018.04,6,0.028571428571428574,0.6,-0.14285714285714288,0.5428571428571429,-0.14285714285714288,2,0.14285714285714288,5154014.0,284029.0
26,PET필름,392062,대만,홍콩,2018.04,6,-0.3714285714285715,0.46381682852195877,-0.1449427589131121,-0.8406680016960503,-0.8406680016960503,3,0.8406680016960503,5154014.0,6845.0
26,PET필름,392062,태국,기타국,2018.04,6,-0.5797710356524484,-0.030358837035945815,-0.06761234037828133,-0.13093073414159545,-0.5797710356524484,0,0.5797710356524484,12625380.0,1158.0
26,PET필름,392062,태국,네덜란드,2018.04,6,,,-0.39279220242478635,-0.2704493615131253,-0.39279220242478635,2,0.39279220242478635,12625380.0,28.0
26,PET필름,392062,태국,독일,2018.04,6,-0.6,0.5428571428571429,-0.48571428571428577,-0.3714285714285715,-0.6,0,0.6,12625380.0,166363.0
26,PET필름,392062,태국,룩셈부르그,2018.04,6,-0.50709255283711,0.39279220242478635,-0.13093073414159545,0.33806170189140666,-0.50709255283711,0,0.50709255283711,12625380.0,6461.0
26,PET필름,392062,태국,말레이시아,2018.04,6,0.2,-0.028571428571428574,-0.2571428571428572,0.028571428571428574,-0.2571428571428572,2,0.2571428571428572,12625380.0,1282594.0
26,PET필름,392062,태국,미국,2018.04,6,-0.7142857142857143,0.4285714285714286,0.6,-0.4285714285714286,-0.7142857142857143,0,0.7142857142857143,12625380.0,298735.0
26,PET필름,392062,태국,바레인,2018.04,6,-0.6571428571428573,0.8116794499134279,-0.8986451052612952,0.43482827673933633,-0.8986451052612952,2,0.8986451052612952,12625380.0,227647.0
26,PET필름,392062,태국,베트남,2018.04,6,0.14285714285714288,0.5428571428571429,0.08571428571428573,-0.7142857142857143,-0.7142857142857143,3,0.7142857142857143,12625380.0,646945.0
26,PET필름,392062,태국,벨기에,2018.04,6,-0.3714285714285715,0.6,-0.48571428571428577,0.028571428571428574,-0.48571428571428577,2,0.48571428571428577,12625380.0,14325.0
26,PET필름,392062,태국,스웨덴,2018.04,6,0.6546536707079772,-0.6546536707079772,,,-0.6546536707079772,1,0.6546536707079772,12625380.0,743.0
26,PET필름,392062,태국,스위스,2018.04,6,0.101418510567422,-0.033806170189140665,0.8451542547285166,-0.6761234037828133,-0.6761234037828133,3,0.6761234037828133,12625380.0,93.0
26,PET필름,392062,태국,스페인,2018.04,6,0.8451542547285166,-0.6761234037828133,0.6546536707079772,-0.7775419143502353,-0.7775419143502353,3,0.7775419143502353,12625380.0,1399.0
26,PET필름,392062,태국,싱가포르,2018.04,6,0.17393131069573456,0.40583972495671394,-0.057977103565244846,-0.6375355777548621,-0.6375355777548621,3,0.6375355777548621,12625380.0,44893.0
26,PET필름,392062,태국,아랍에미리트 연합,2018.04,6,0.2,0.08571428571428573,-0.48571428571428577,-0.08571428571428573,-0.48571428571428577,2,0.48571428571428577,12625380.0,641483.0
26,PET필름,392062,태국,아일랜드,2018.04,6,,,-0.39279220242478635,0.13093073414159545,-0.39279220242478635,2,0.39279220242478635,12625380.0,2.0
26,PET필름,392062,태국,에쿠아도르,2018.04,6,-0.13093073414159545,0.6546536707079772,-0.6546536707079772,,-0.6546536707079772,2,0.6546536707079772,12625380.0,7.0
26,PET필름,392062,태국,영국,2018.04,6,-0.08571428571428573,0.6571428571428573,-0.6,-0.08571428571428573,-0.6,2,0.6,12625380.0,14522.0
26,PET필름,392062,태국,오스트리아,2018.04,6,0.6546536707079772,-0.6546536707079772,,-0.39279220242478635,-0.6546536707079772,1,0.6546536707079772,12625380.0,3372.0
26,PET필름,392062,태국,이스라엘,2018.04,6,-0.21251185925162072,0.6375355777548621,-0.030358837035945815,-0.5408987230262506,-0.5408987230262506,3,0.5408987230262506,12625380.0,38.0
26,PET필름,392062,태국,이집트,2018.04,6,0.8451542547285166,-0.6761234037828133,0.6546536707079772,-0.6546536707079772,-0.6761234037828133,1,0.6761234037828133,12625380.0,19621.0
26,PET필름,392062,태국,이탈리아,2018.04,6,0.3714285714285715,-0.057977103565244846,-0.49280538030458115,0.5161002296110789,-0.49280538030458115,2,0.49280538030458115,12625380.0,38964.0
26,PET필름,392062,태국,인도,2018.04,6,0.6,0.3188740696088466,0.057977103565244846,-0.5507824838698261,-0.5507824838698261,3,0.5507824838698261,12625380.0,636053.0
26,PET필름,392062,태국,인도네시아,2018.04,6,0.2571428571428572,0.5428571428571429,-0.3714285714285715,0.08571428571428573,-0.3714285714285715,2,0.3714285714285715,12625380.0,2559455.0
26,PET필름,392062,태국,일본,2018.04,6,-0.8285714285714287,0.48571428571428577,0.4285714285714286,-0.7714285714285715,-0.8285714285714287,0,0.8285714285714287,12625380.0,16359398.0
26,PET필름,392062,태국,중국,2018.04,6,0.5428571428571429,-0.08571428571428573,0.14285714285714288,-0.4285714285714286,-0.4285714285714286,3,0.4285714285714286,12625380.0,17313863.0
26,PET필름,392062,태국,캐나다,2018.04,6,-0.06761234037828133,-0.13093073414159545,0.6546536707079772,-0.6546536707079772,-0.6546536707079772,3,0.6546536707079772,12625380.0,1443.0
26,PET필름,392062,태국,튀르키예,2018.04,6,0.8451542547285166,-0.6761234037828133,0.06761234037828133,-0.30425553170226594,-0.6761234037828133,1,0.6761234037828133,12625380.0,5097.0
26,PET필름,392062,태국,파키스탄,2018.04,6,-0.2898855178262242,0.8116794499134279,0.028988551782622423,-0.11595420713048969,-0.2898855178262242,0,0.2898855178262242,12625380.0,57753.0
26,PET필름,392062,태국,페루,2018.04,6,-0.39279220242478635,0.13093073414159545,0.39279220242478635,-0.13093073414159545,-0.39279220242478635,0,0.39279220242478635,12625380.0,201.0
26,PET필름,392062,태국,폴란드,2018.04,6,0.6546536707079772,-0.6546536707079772,,,-0.6546536707079772,1,0.6546536707079772,12625380.0,1.0
26,PET필름,392062,태국,프랑스,2018.04,6,-0.43482827673933633,0.6375355777548621,-0.3478626213914691,-0.5797710356524484,-0.5797710356524484,3,0.5797710356524484,12625380.0,8615.0
26,PET필름,392062,태국,핀란드,2018.04,6,0.11769797726729993,-0.057977103565244846,-0.057977103565244846,-0.2942449431682498,-0.2942449431682498,3,0.2942449431682498,12625380.0,136.0
26,PET필름,392062,태국,필리핀,2018.04,6,-0.46381682852195877,0.5768179036829705,-0.6761234037828133,0.06761234037828133,-0.6761234037828133,2,0.6761234037828133,12625380.0,1554.0
26,PET필름,392062,태국,헝가리,2018.04,6,-0.08571428571428573,-0.2,0.3142857142857143,-0.48571428571428577,-0.48571428571428577,3,0.48571428571428577,12625380.0,28225.0
26,PET필름,392062,태국,호주,2018.04,6,0.8857142857142858,-0.2571428571428572,0.3714285714285715,0.028571428571428574,-0.2571428571428572,1,0.2571428571428572,12625380.0,284029.0
26,PET필름,392062,태국,홍콩,2018.04,6,-0.8857142857142858,0.6377481392176932,-0.3188740696088466,-0.1449427589131121,-0.8857142857142858,0,0.8857142857142858,12625380.0,6845.0
27,아연도금철선,721720,중국,독일,2018.08,6,0.15179418517972906,-0.16903085094570333,0.15179418517972906,0.3188740696088466,-0.16903085094570333,1,0.16903085094570333,37217911.0,16583.0
27,아연도금철선,721720,중국,말레이시아,2018.08,6,0.6546536707079772,0.13093073414159545,-0.6546536707079772,-0.101418510567422,-0.6546536707079772,2,0.6546536707079772,37217911.0,278416.0
27,아연도금철선,721720,중국,멕시코,2018.08,6,0.13093073414159545,-0.6546536707079772,-0.39279220242478635,-0.13093073414159545,-0.6546536707079772,1,0.6546536707079772,37217911.0,3549.0
27,아연도금철선,721720,중국,미국,2018.08,6,-0.39279220242478635,-0.13093073414159545,0.39279220242478635,0.6546536707079772,-0.39279220242478635,0,0.39279220242478635,37217911.0,710.0
27,아연도금철선,721720,중국,베트남,2018.08,6,0.942857142857143,0.14285714285714288,-0.2,0.5428571428571429,-0.2,2,0.2,37217911.0,4639029.0
27,아연도금철선,721720,중국,벨기에,2018.08,6,-0.3946648814672956,-0.5408987230262506,-0.39279220242478635,0.2704493615131253,-0.5408987230262506,1,0.5408987230262506,37217911.0,12971.0
27,아연도금철선,721720,중국,브라질,2018.08,6,0.6546536707079772,0.13093073414159545,-0.6546536707079772,-0.39279220242478635,-0.6546536707079772,2,0.6546536707079772,37217911.0,24426.0
27,아연도금철선,721720,중국,영국,2018.08,6,-0.13093073414159545,,,,-0.13093073414159545,0,0.13093073414159545,37217911.0,14.0
27,아연도금철선,721720,중국,일본,2018.08,6,0.11595420713048969,0.5507824838698261,0.5507824838698261,-0.2,-0.2,3,0.2,37217911.0,122476.0
27,아연도금철선,721720,중국,프랑스,2018.08,6,0.13093073414159545,-0.6546536707079772,-0.39279220242478635,0.2704493615131253,-0.6546536707079772,1,0.6546536707079772,37217911.0,23094.0
28,플로트판유리(3차재심),7005,중국,대만,2018.08,6,0.7714285714285715,-0.08571428571428573,-0.4285714285714286,-0.2571428571428572,-0.4285714285714286,2,0.4285714285714286,81570001.0,2079004.0
28,플로트판유리(3차재심),7005,중국,덴마크,2018.08,6,-0.39279220242478635,0.13093073414159545,,,-0.39279220242478635,0,0.39279220242478635,81570001.0,2.0
28,플로트판유리(3차재심),7005,중국,독일,2018.08,6,0.8285714285714287,0.08571428571428573,0.6571428571428573,-0.14285714285714288,-0.14285714285714288,3,0.14285714285714288,81570001.0,348252.0
28,플로트판유리(3차재심),7005,중국,라트비아,2018.08,6,-0.3946648814672956,0.6982532518267538,-0.5408987230262506,0.33806170189140666,-0.5408987230262506,2,0.5408987230262506,81570001.0,34947.0
28,플로트판유리(3차재심),7005,중국,러시아 연방,2018.08,6,-0.13093073414159545,0.6546536707079772,-0.6546536707079772,-0.39279220242478635,-0.6546536707079772,2,0.6546536707079772,81570001.0,12431.0
28,플로트판유리(3차재심),7005,중국,루마니아,2018.08,6,-0.13093073414159545,0.6546536707079772,-0.6546536707079772,-0.39279220242478635,-0.6546536707079772,2,0.6546536707079772,81570001.0,21370.0
28,플로트판유리(3차재심),7005,중국,룩셈부르그,2018.08,6,,0.39279220242478635,-0.13093073414159545,0.6546536707079772,-0.13093073414159545,2,0.13093073414159545,81570001.0,19507.0
28,플로트판유리(3차재심),7005,중국,말레이시아,2018.08,6,0.6,-0.08571428571428573,-0.6571428571428573,0.7714285714285715,-0.6571428571428573,2,0.6571428571428573,81570001.0,160480163.0
28,플로트판유리(3차재심),7005,중국,미국,2018.08,6,0.7714285714285715,0.028571428571428574,-0.6,0.2571428571428572,-0.6,2,0.6,81570001.0,1282496.0
28,플로트판유리(3차재심),7005,중국,베트남,2018.08,6,0.21251185925162072,-0.033806170189140665,0.6546536707079772,-0.6546536707079772,-0.6546536707079772,3,0.6546536707079772,81570001.0,128655.0
28,플로트판유리(3차재심),7005,중국,벨기에,2018.08,6,0.8280786712108252,0.33946736991660226,0.030358837035945815,0.7715167498104596,0.030358837035945815,2,0.0,81570001.0,373195.0
28,플로트판유리(3차재심),7005,중국,사우디아라비아,2018.08,6,-0.33394720739540396,0.5408987230262506,-0.06761234037828133,-0.3718678720805473,-0.3718678720805473,3,0.3718678720805473,81570001.0,1003676.0
28,플로트판유리(3차재심),7005,중국,싱가포르,2018.08,6,0.6761234037828133,-0.6546536707079772,-0.39279220242478635,0.3718678720805473,-0.6546536707079772,1,0.6546536707079772,81570001.0,463.0
28,플로트판유리(3차재심),7005,중국,아랍에미리트 연합,2018.08,6,-0.13522468075656266,0.13093073414159545,0.39279220242478635,0.13522468075656266,-0.13522468075656266,0,0.13522468075656266,81570001.0,708038.0
28,플로트판유리(3차재심),7005,중국,영국,2018.08,6,-0.18516401995451032,0.7356123579206245,0.1765469659009499,0.5217939320872036,-0.18516401995451032,0,0.18516401995451032,81570001.0,24936.0
28,플로트판유리(3차재심),7005,중국,오스트리아,2018.08,6,-0.39279220242478635,0.13093073414159545,,,-0.39279220242478635,0,0.39279220242478635,81570001.0,4.0
28,플로트판유리(3차재심),7005,중국,이란,2018.08,6,0.13093073414159545,,0.39279220242478635,0.2704493615131253,0.13093073414159545,0,0.0,81570001.0,278215.0
28,플로트판유리(3차재심),7005,중국,이집트,2018.08,6,0.6546536707079772,-0.6546536707079772,-0.39279220242478635,0.13093073414159545,-0.6546536707079772,1,0.6546536707079772,81570001.0,41.0
28,플로트판유리(3차재심),7005,중국,인도,2018.08,6,0.50709255283711,-0.16903085094570333,-0.7775419143502353,-0.13522468075656266,-0.7775419143502353,2,0.7775419143502353,81570001.0,91.0
28,플로트판유리(3차재심),7005,중국,인도네시아,2018.08,6,0.7714285714285715,-0.2571428571428572,0.3142857142857143,-0.48571428571428577,-0.48571428571428577,3,0.48571428571428577,81570001.0,21399495.0
28,플로트판유리(3차재심),7005,중국,일본,2018.08,6,0.8285714285714287,-0.028571428571428574,-0.5428571428571429,0.14285714285714288,-0.5428571428571429,2,0.5428571428571429,81570001.0,7474745.0
28,플로트판유리(3차재심),7005,중국,캐나다,2018.08,6,,,0.39279220242478635,-0.13093073414159545,-0.13093073414159545,3,0.13093073414159545,81570001.0,5.0
28,플로트판유리(3차재심),7005,중국,태국,2018.08,6,0.6,0.14285714285714288,-0.08571428571428573,-0.6571428571428573,-0.6571428571428573,3,0.6571428571428573,81570001.0,21525171.0
28,플로트판유리(3차재심),7005,중국,튀르키예,2018.08,6,0.13093073414159545,,0.39279220242478635,0.13522468075656266,0.13093073414159545,0,0.0,81570001.0,23773.0
28,플로트판유리(3차재심),7005,중국,필리핀,2018.08,6,0.3188740696088466,-0.21251185925162072,-0.6375355777548621,-0.21251185925162072,-0.6375355777548621,2,0.6375355777548621,81570001.0,6715668.0
28,플로트판유리(3차재심),7005,중국,헝가리,2018.08,6,0.39279220242478635,-0.13093073414159545,0.6546536707079772,-0.33806170189140666,-0.33806170189140666,3,0.33806170189140666,81570001.0,2290.0
28,플로트판유리(3차재심),7005,중국,홍콩,2018.08,6,0.13093073414159545,0.39279220242478635,-0.13093073414159545,0.6546536707079772,-0.13093073414159545,2,0.13093073414159545,81570001.0,4.0
29,초산에틸(3차재심),291531,일본,남아프리카공화국,2019.07,6,-0.2704493615131253,0.7589709258986453,0.30425553170226594,-0.33806170189140666,-0.33806170189140666,3,0.33806170189140666,1310.0,1855.0
29,초산에틸(3차재심),291531,일본,독일,2019.07,6,0.6,-0.2,-0.7142857142857143,-0.08571428571428573,-0.7142857142857143,2,0.7142857142857143,1310.0,923.0
29,초산에틸(3차재심),291531,일본,멕시코,2019.07,6,0.13093073414159545,0.8451542547285166,0.2704493615131253,-0.030358837035945815,-0.030358837035945815,3,0.030358837035945815,1310.0,11.0
29,초산에틸(3차재심),291531,일본,미국,2019.07,6,0.3714285714285715,0.7714285714285715,0.4285714285714286,-0.753702346348183,-0.753702346348183,3,0.753702346348183,1310.0,1564.0
29,초산에틸(3차재심),291531,일본,사우디아라비아,2019.07,6,-0.033806170189140665,-0.16903085094570333,-0.39279220242478635,0.13093073414159545,-0.39279220242478635,2,0.39279220242478635,1310.0,2554414.0
29,초산에틸(3차재심),291531,일본,스웨덴,2019.07,6,0.33806170189140666,0.13093073414159545,0.6546536707079772,,0.13093073414159545,1,0.0,1310.0,481.0
29,초산에틸(3차재심),291531,일본,스페인,2019.07,6,0.39279220242478635,-0.13093073414159545,-0.06761234037828133,-0.030358837035945815,-0.13093073414159545,1,0.13093073414159545,1310.0,2580.0
29,초산에틸(3차재심),291531,일본,영국,2019.07,6,0.9411239481143202,0.5768179036829705,-0.5408987230262506,-0.8451542547285166,-0.8451542547285166,3,0.8451542547285166,1310.0,792.0
29,초산에틸(3차재심),291531,일본,이스라엘,2019.07,6,0.6546536707079772,0.39279220242478635,0.2070196678027063,-0.2927700218845599,-0.2927700218845599,3,0.2927700218845599,1310.0,9.0
29,초산에틸(3차재심),291531,일본,체코공화국,2019.07,6,0.39279220242478635,-0.13093073414159545,-0.6546536707079772,-0.39279220242478635,-0.6546536707079772,2,0.6546536707079772,1310.0,2.0
29,초산에틸(3차재심),291531,일본,프랑스,2019.07,6,0.44136741475237473,0.7061878636037996,0.15179418517972906,-0.030358837035945815,-0.030358837035945815,3,0.030358837035945815,1310.0,75.0
29,초산에틸(3차재심),291531,중국,남아프리카공화국,2019.07,6,0.6761234037828133,-0.33394720739540396,0.2704493615131253,-0.8451542547285166,-0.8451542547285166,3,0.8451542547285166,9556284.0,1855.0
29,초산에틸(3차재심),291531,중국,독일,2019.07,6,0.2,-0.6,0.2571428571428572,0.028571428571428574,-0.6,1,0.6,9556284.0,923.0
29,초산에틸(3차재심),291531,중국,멕시코,2019.07,6,0.13093073414159545,-0.3718678720805473,-0.101418510567422,-0.3946648814672956,-0.3946648814672956,3,0.3946648814672956,9556284.0,11.0
29,초산에틸(3차재심),291531,중국,미국,2019.07,6,0.5428571428571429,-0.08571428571428573,-0.6571428571428573,0.49280538030458115,-0.6571428571428573,2,0.6571428571428573,9556284.0,1564.0
29,초산에틸(3차재심),291531,중국,사우디아라비아,2019.07,6,0.4394802124588286,-0.6761234037828133,0.6546536707079772,0.13093073414159545,-0.6761234037828133,1,0.6761234037828133,9556284.0,2554414.0
29,초산에틸(3차재심),291531,중국,스웨덴,2019.07,6,0.30425553170226594,0.13093073414159545,-0.13093073414159545,,-0.13093073414159545,2,0.13093073414159545,9556284.0,481.0
29,초산에틸(3차재심),291531,중국,스페인,2019.07,6,-0.39279220242478635,0.39279220242478635,-0.7775419143502353,0.3946648814672956,-0.7775419143502353,2,0.7775419143502353,9556284.0,2580.0
29,초산에틸(3차재심),291531,중국,영국,2019.07,6,-0.33394720739540396,-0.15179418517972906,-0.06761234037828133,-0.16903085094570333,-0.33394720739540396,0,0.33394720739540396,9556284.0,792.0
29,초산에틸(3차재심),291531,중국,이스라엘,2019.07,6,-0.13093073414159545,-0.39279220242478635,0.0,-0.48795003647426655,-0.48795003647426655,3,0.48795003647426655,9556284.0,9.0
29,초산에틸(3차재심),291531,중국,체코공화국,2019.07,6,-0.39279220242478635,0.39279220242478635,-0.6546536707079772,0.6546536707079772,-0.6546536707079772,2,0.6546536707079772,9556284.0,2.0
29,초산에틸(3차재심),291531,중국,프랑스,2019.07,6,0.5296408977028497,-0.6179143806533246,0.5768179036829705,-0.7589709258986453,-0.7589709258986453,3,0.7589709258986453,9556284.0,75.0
31,OPP필름(1차재심),392020,인도네시아,네덜란드,2019.08,6,0.17393131069573456,-0.40583972495671394,-0.2571428571428572,0.6,-0.40583972495671394,1,0.40583972495671394,1077839.0,120705.0
31,OPP필름(1차재심),392020,인도네시아,노르웨이,2019.08,6,0.13093073414159545,0.39279220242478635,,,0.13093073414159545,0,0.0,1077839.0,24.0
31,OPP필름(1차재심),392020,인도네시아,대만,2019.08,6,0.48571428571428577,0.2571428571428572,-0.6571428571428573,-0.6571428571428573,-0.6571428571428573,2,0.6571428571428573,1077839.0,331071.0
31,OPP필름(1차재심),392020,인도네시아,독일,2019.08,6,0.028571428571428574,0.2,-0.2571428571428572,-0.4285714285714286,-0.4285714285714286,3,0.4285714285714286,1077839.0,1068780.0
31,OPP필름(1차재심),392020,인도네시아,말레이시아,2019.08,6,0.028571428571428574,0.14285714285714288,-0.6,-0.08571428571428573,-0.6,2,0.6,1077839.0,1741605.0
31,OPP필름(1차재심),392020,인도네시아,멕시코,2019.08,6,0.13093073414159545,0.39279220242478635,,,0.13093073414159545,0,0.0,1077839.0,229.0
31,OPP필름(1차재심),392020,인도네시아,미국,2019.08,6,0.2571428571428572,0.08571428571428573,-0.14285714285714288,0.4285714285714286,-0.14285714285714288,2,0.14285714285714288,1077839.0,217951.0
31,OPP필름(1차재심),392020,인도네시아,베트남,2019.08,6,0.6,-0.08571428571428573,-0.7714285714285715,-0.3714285714285715,-0.7714285714285715,2,0.7714285714285715,1077839.0,1490160.0
31,OPP필름(1차재심),392020,인도네시아,벨기에,2019.08,6,-0.39279220242478635,0.6546536707079772,-0.13093073414159545,-0.6546536707079772,-0.6546536707079772,3,0.6546536707079772,1077839.0,214.0
31,OPP필름(1차재심),392020,인도네시아,스위스,2019.08,6,0.26482044885142486,0.37032803990902063,-0.2927700218845599,0.2927700218845599,-0.2927700218845599,2,0.2927700218845599,1077839.0,3420.0
31,OPP필름(1차재심),392020,인도네시아,스페인,2019.08,6,0.6667366910003157,0.23190841426097938,-0.057977103565244846,-0.48571428571428577,-0.48571428571428577,3,0.48571428571428577,1077839.0,33846.0
31,OPP필름(1차재심),392020,인도네시아,싱가포르,2019.08,6,0.21251185925162072,-0.06761234037828133,-0.2704493615131253,0.8451542547285166,-0.2704493615131253,2,0.2704493615131253,1077839.0,72104.0
31,OPP필름(1차재심),392020,인도네시아,아르헨티나,2019.08,6,-0.13093073414159545,-0.6546536707079772,0.13093073414159545,0.39279220242478635,-0.6546536707079772,1,0.6546536707079772,1077839.0,18926.0
31,OPP필름(1차재심),392020,인도네시아,에쿠아도르,2019.08,6,0.13093073414159545,0.39279220242478635,,,0.13093073414159545,0,0.0,1077839.0,108.0
31,OPP필름(1차재심),392020,인도네시아,영국,2019.08,6,0.6,-0.48571428571428577,-0.2,0.6,-0.48571428571428577,1,0.48571428571428577,1077839.0,90206.0
31,OPP필름(1차재심),392020,인도네시아,오스트리아,2019.08,6,0.2,0.6,-0.7714285714285715,-0.48571428571428577,-0.7714285714285715,2,0.7714285714285715,1077839.0,56827.0
31,OPP필름(1차재심),392020,인도네시아,이탈리아,2019.08,6,0.7142857142857143,-0.14285714285714288,-0.028571428571428574,0.5428571428571429,-0.14285714285714288,1,0.14285714285714288,1077839.0,80589.0
31,OPP필름(1차재심),392020,인도네시아,인도,2019.08,6,0.3142857142857143,-0.5428571428571429,-0.2,0.942857142857143,-0.5428571428571429,1,0.5428571428571429,1077839.0,2406974.0
31,OPP필름(1차재심),392020,인도네시아,일본,2019.08,6,0.8285714285714287,-0.2571428571428572,-0.7142857142857143,0.6,-0.7142857142857143,2,0.7142857142857143,1077839.0,2662463.0
31,OPP필름(1차재심),392020,인도네시아,체코공화국,2019.08,6,0.3718678720805473,0.101418510567422,0.6546536707079772,-0.3718678720805473,-0.3718678720805473,3,0.3718678720805473,1077839.0,74358.0
31,OPP필름(1차재심),392020,인도네시아,카타르,2019.08,6,-0.13093073414159545,-0.6546536707079772,0.13093073414159545,0.39279220242478635,-0.6546536707079772,1,0.6546536707079772,1077839.0,855.0
31,OPP필름(1차재심),392020,인도네시아,캐나다,2019.08,6,,,-0.39279220242478635,0.6546536707079772,-0.39279220242478635,2,0.39279220242478635,1077839.0,335.0
31,OPP필름(1차재심),392020,인도네시아,폴란드,2019.08,6,,,,-0.39279220242478635,-0.39279220242478635,3,0.39279220242478635,1077839.0,11.0
31,OPP필름(1차재심),392020,인도네시아,프랑스,2019.08,6,0.5797710356524484,-0.3188740696088466,-0.43482827673933633,0.9856107606091623,-0.43482827673933633,2,0.43482827673933633,1077839.0,47862.0
31,OPP필름(1차재심),392020,인도네시아,핀란드,2019.08,6,0.7775419143502353,-0.13093073414159545,-0.6546536707079772,0.13093073414159545,-0.6546536707079772,2,0.6546536707079772,1077839.0,43.0
31,OPP필름(1차재심),392020,인도네시아,필리핀,2019.08,6,0.7142857142857143,0.14285714285714288,-0.3142857142857143,0.48571428571428577,-0.3142857142857143,2,0.3142857142857143,1077839.0,1376277.0
31,OPP필름(1차재심),392020,중국,네덜란드,2019.08,6,0.3768511731740915,-0.46381682852195877,-0.028571428571428574,0.08571428571428573,-0.46381682852195877,1,0.46381682852195877,3889606.0,120705.0
31,OPP필름(1차재심),392020,중국,노르웨이,2019.08,6,-0.13093073414159545,0.6546536707079772,,,-0.13093073414159545,0,0.13093073414159545,3889606.0,24.0
31,OPP필름(1차재심),392020,중국,대만,2019.08,6,0.942857142857143,-0.2571428571428572,-0.8857142857142858,-0.14285714285714288,-0.8857142857142858,2,0.8857142857142858,3889606.0,331071.0
31,OPP필름(1차재심),392020,중국,독일,2019.08,6,0.7142857142857143,0.08571428571428573,-0.2571428571428572,0.14285714285714288,-0.2571428571428572,2,0.2571428571428572,3889606.0,1068780.0
31,OPP필름(1차재심),392020,중국,말레이시아,2019.08,6,0.5428571428571429,-0.3142857142857143,-0.2571428571428572,0.3714285714285715,-0.3142857142857143,1,0.3142857142857143,3889606.0,1741605.0
31,OPP필름(1차재심),392020,중국,멕시코,2019.08,6,-0.13093073414159545,0.6546536707079772,,,-0.13093073414159545,0,0.13093073414159545,3889606.0,229.0
31,OPP필름(1차재심),392020,중국,미국,2019.08,6,0.14285714285714288,0.3142857142857143,-0.14285714285714288,0.7142857142857143,-0.14285714285714288,2,0.14285714285714288,3889606.0,217951.0
31,OPP필름(1차재심),392020,중국,베트남,2019.08,6,0.7142857142857143,-0.4285714285714286,-0.942857142857143,-0.14285714285714288,-0.942857142857143,2,0.942857142857143,3889606.0,1490160.0
31,OPP필름(1차재심),392020,중국,벨기에,2019.08,6,0.39279220242478635,0.13093073414159545,-0.39279220242478635,-0.6546536707079772,-0.6546536707079772,3,0.6546536707079772,3889606.0,214.0
31,OPP필름(1차재심),392020,중국,스위스,2019.08,6,0.5590653920196746,0.3086066999241839,-0.09759000729485333,0.09759000729485333,-0.09759000729485333,2,0.09759000729485333,3889606.0,3420.0
31,OPP필름(1차재심),392020,중국,스페인,2019.08,6,0.5797710356524484,0.7826908981308054,-0.46381682852195877,-0.7714285714285715,-0.7714285714285715,3,0.7714285714285715,3889606.0,33846.0
31,OPP필름(1차재심),392020,중국,싱가포르,2019.08,6,-0.09107651110783746,0.16903085094570333,0.2704493615131253,0.5408987230262506,-0.09107651110783746,0,0.09107651110783746,3889606.0,72104.0
31,OPP필름(1차재심),392020,중국,아르헨티나,2019.08,6,-0.39279220242478635,-0.6546536707079772,-0.13093073414159545,0.6546536707079772,-0.6546536707079772,1,0.6546536707079772,3889606.0,18926.0
31,OPP필름(1차재심),392020,중국,에쿠아도르,2019.08,6,-0.13093073414159545,0.6546536707079772,,,-0.13093073414159545,0,0.13093073414159545,3889606.0,108.0
31,OPP필름(1차재심),392020,중국,영국,2019.08,6,0.4285714285714286,-0.2,-0.5428571428571429,0.2571428571428572,-0.5428571428571429,2,0.5428571428571429,3889606.0,90206.0
31,OPP필름(1차재심),392020,중국,오스트리아,2019.08,6,0.7142857142857143,0.2571428571428572,-0.7714285714285715,-0.3714285714285715,-0.7714285714285715,2,0.7714285714285715,3889606.0,56827.0
31,OPP필름(1차재심),392020,중국,이탈리아,2019.08,6,0.08571428571428573,0.5428571428571429,-0.08571428571428573,-0.2571428571428572,-0.2571428571428572,3,0.2571428571428572,3889606.0,80589.0
31,OPP필름(1차재심),392020,중국,인도,2019.08,6,-0.14285714285714288,-0.028571428571428574,0.028571428571428574,0.48571428571428577,-0.14285714285714288,0,0.14285714285714288,3889606.0,2406974.0
31,OPP필름(1차재심),392020,중국,일본,2019.08,6,0.14285714285714288,-0.08571428571428573,-0.48571428571428577,0.4285714285714286,-0.48571428571428577,2,0.48571428571428577,3889606.0,2662463.0
31,OPP필름(1차재심),392020,중국,체코공화국,2019.08,6,0.30425553170226594,0.8451542547285166,0.13093073414159545,-0.101418510567422,-0.101418510567422,3,0.101418510567422,3889606.0,74358.0
31,OPP필름(1차재심),392020,중국,카타르,2019.08,6,-0.39279220242478635,-0.6546536707079772,-0.13093073414159545,0.6546536707079772,-0.6546536707079772,1,0.6546536707079772,3889606.0,855.0
31,OPP필름(1차재심),392020,중국,캐나다,2019.08,6,,,0.39279220242478635,0.13093073414159545,0.13093073414159545,3,0.0,3889606.0,335.0
31,OPP필름(1차재심),392020,중국,폴란드,2019.08,6,,,,0.39279220242478635,0.39279220242478635,3,0.0,3889606.0,11.0
31,OPP필름(1차재심),392020,중국,프랑스,2019.08,6,0.20291986247835697,0.057977103565244846,-0.028988551782622423,0.43482827673933633,-0.028988551782622423,2,0.028988551782622423,3889606.0,47862.0
31,OPP필름(1차재심),392020,중국,핀란드,2019.08,6,0.6761234037828133,-0.39279220242478635,-0.6546536707079772,-0.13093073414159545,-0.6546536707079772,2,0.6546536707079772,3889606.0,43.0
31,OPP필름(1차재심),392020,중국,필리핀,2019.08,6,0.6,0.7142857142857143,-0.08571428571428573,-0.4285714285714286,-0.4285714285714286,3,0.4285714285714286,3889606.0,1376277.0
31,OPP필름(1차재심),392020,태국,네덜란드,2019.08,6,0.8116794499134279,-0.2608969660436018,0.4285714285714286,-0.3714285714285715,-0.3714285714285715,3,0.3714285714285715,804416.0,120705.0
31,OPP필름(1차재심),392020,태국,노르웨이,2019.08,6,-0.39279220242478635,0.13093073414159545,,,-0.39279220242478635,0,0.39279220242478635,804416.0,24.0
31,OPP필름(1차재심),392020,태국,대만,2019.08,6,0.7142857142857143,-0.028571428571428574,-0.14285714285714288,-0.3714285714285715,-0.3714285714285715,3,0.3714285714285715,804416.0,331071.0
31,OPP필름(1차재심),392020,태국,독일,2019.08,6,0.8857142857142858,-0.2571428571428572,0.5428571428571429,0.2,-0.2571428571428572,1,0.2571428571428572,804416.0,1068780.0
31,OPP필름(1차재심),392020,태국,말레이시아,2019.08,6,1.0,-0.2571428571428572,0.48571428571428577,0.14285714285714288,-0.2571428571428572,1,0.2571428571428572,804416.0,1741605.0
31,OPP필름(1차재심),392020,태국,멕시코,2019.08,6,-0.39279220242478635,0.13093073414159545,,,-0.39279220242478635,0,0.39279220242478635,804416.0,229.0
31,OPP필름(1차재심),392020,태국,미국,2019.08,6,0.2571428571428572,-0.14285714285714288,0.2,0.2571428571428572,-0.14285714285714288,1,0.14285714285714288,804416.0,217951.0
31,OPP필름(1차재심),392020,태국,베트남,2019.08,6,0.6,0.2,-0.3714285714285715,-0.5428571428571429,-0.5428571428571429,3,0.5428571428571429,804416.0,1490160.0
31,OPP필름(1차재심),392020,태국,벨기에,2019.08,6,0.6546536707079772,-0.13093073414159545,0.39279220242478635,-0.6546536707079772,-0.6546536707079772,3,0.6546536707079772,804416.0,214.0
31,OPP필름(1차재심),392020,태국,스위스,2019.08,6,0.2942449431682498,-0.33946736991660226,0.48795003647426655,-0.48795003647426655,-0.48795003647426655,3,0.48795003647426655,804416.0,3420.0
31,OPP필름(1차재심),392020,태국,스페인,2019.08,6,-0.1449427589131121,0.8116794499134279,-0.20291986247835697,-0.08571428571428573,-0.20291986247835697,2,0.20291986247835697,804416.0,33846.0
31,OPP필름(1차재심),392020,태국,싱가포르,2019.08,6,-0.030358837035945815,-0.30425553170226594,0.33806170189140666,-0.033806170189140665,-0.30425553170226594,1,0.30425553170226594,804416.0,72104.0
31,OPP필름(1차재심),392020,태국,아르헨티나,2019.08,6,0.39279220242478635,-0.6546536707079772,-0.39279220242478635,0.13093073414159545,-0.6546536707079772,1,0.6546536707079772,804416.0,18926.0
31,OPP필름(1차재심),392020,태국,에쿠아도르,2019.08,6,-0.39279220242478635,0.13093073414159545,,,-0.39279220242478635,0,0.39279220242478635,804416.0,108.0
31,OPP필름(1차재심),392020,태국,영국,2019.08,6,0.3142857142857143,-0.08571428571428573,-0.7142857142857143,-0.14285714285714288,-0.7142857142857143,2,0.7142857142857143,804416.0,90206.0
31,OPP필름(1차재심),392020,태국,오스트리아,2019.08,6,0.48571428571428577,0.08571428571428573,0.08571428571428573,-0.6571428571428573,-0.6571428571428573,3,0.6571428571428573,804416.0,56827.0
31,OPP필름(1차재심),392020,태국,이탈리아,2019.08,6,-0.08571428571428573,0.6571428571428573,-0.08571428571428573,-0.028571428571428574,-0.08571428571428573,0,0.08571428571428573,804416.0,80589.0
31,OPP필름(1차재심),392020,태국,인도,2019.08,6,0.3142857142857143,-0.028571428571428574,0.08571428571428573,0.2,-0.028571428571428574,1,0.028571428571428574,804416.0,2406974.0
31,OPP필름(1차재심),392020,태국,일본,2019.08,6,-0.028571428571428574,0.3714285714285715,-0.3714285714285715,0.028571428571428574,-0.3714285714285715,2,0.3714285714285715,804416.0,2662463.0
31,OPP필름(1차재심),392020,태국,체코공화국,2019.08,6,-0.2704493615131253,0.5408987230262506,-0.13093073414159545,0.7775419143502353,-0.2704493615131253,0,0.2704493615131253,804416.0,74358.0
31,OPP필름(1차재심),392020,태국,카타르,2019.08,6,0.39279220242478635,-0.6546536707079772,-0.39279220242478635,0.13093073414159545,-0.6546536707079772,1,0.6546536707079772,804416.0,855.0
31,OPP필름(1차재심),392020,태국,캐나다,2019.08,6,,,0.6546536707079772,-0.13093073414159545,-0.13093073414159545,3,0.13093073414159545,804416.0,335.0
31,OPP필름(1차재심),392020,태국,폴란드,2019.08,6,,,,0.6546536707079772,0.6546536707079772,3,0.0,804416.0,11.0
31,OPP필름(1차재심),392020,태국,프랑스,2019.08,6,-0.11595420713048969,0.057977103565244846,-0.057977103565244846,-0.11595420713048969,-0.11595420713048969,0,0.11595420713048969,804416.0,47862.0
31,OPP필름(1차재심),392020,태국,핀란드,2019.08,6,0.033806170189140665,0.39279220242478635,-0.6546536707079772,-0.39279220242478635,-0.6546536707079772,2,0.6546536707079772,804416.0,43.0
31,OPP필름(1차재심),392020,태국,필리핀,2019.08,6,-0.028571428571428574,0.7714285714285715,0.2571428571428572,-0.3142857142857143,-0.3142857142857143,3,0.3142857142857143,804416.0,1376277.0
32,PET필름(3차재심),392062,인도,기타국,2019.09,6,,-0.39279220242478635,0.6546536707079772,0.39279220242478635,-0.39279220242478635,1,0.39279220242478635,513570.0,13.0
32,PET필름(3차재심),392062,인도,남아프리카공화국,2019.09,6,0.13093073414159545,,,,0.13093073414159545,0,0.0,513570.0,5.0
32,PET필름(3차재심),392062,인도,네덜란드,2019.09,6,0.6546536707079772,0.39279220242478635,-0.4394802124588286,0.030358837035945815,-0.4394802124588286,2,0.4394802124588286,513570.0,16721.0
32,PET필름(3차재심),392062,인도,대만,2019.09,6,0.4285714285714286,-0.6,-0.5428571428571429,0.7142857142857143,-0.6,1,0.6,513570.0,8152386.0
32,PET필름(3차재심),392062,인도,독일,2019.09,6,0.3714285714285715,-0.5428571428571429,0.7142857142857143,-0.4285714285714286,-0.5428571428571429,1,0.5428571428571429,513570.0,115628.0
32,PET필름(3차재심),392062,인도,룩셈부르그,2019.09,6,-0.101418510567422,0.2732295333235123,0.5161002296110789,0.11595420713048969,-0.101418510567422,0,0.101418510567422,513570.0,4479.0
32,PET필름(3차재심),392062,인도,말레이시아,2019.09,6,0.7142857142857143,-0.48571428571428577,-0.7142857142857143,0.14285714285714288,-0.7142857142857143,2,0.7142857142857143,513570.0,1438687.0
32,PET필름(3차재심),392062,인도,멕시코,2019.09,6,,,,-0.39279220242478635,-0.39279220242478635,3,0.39279220242478635,513570.0,290.0
32,PET필름(3차재심),392062,인도,미국,2019.09,6,0.028571428571428574,-0.08571428571428573,0.6,0.2571428571428572,-0.08571428571428573,1,0.08571428571428573,513570.0,228750.0
32,PET필름(3차재심),392062,인도,바레인,2019.09,6,0.5428571428571429,-0.028571428571428574,-0.48571428571428577,0.6,-0.48571428571428577,2,0.48571428571428577,513570.0,195175.0
32,PET필름(3차재심),392062,인도,베트남,2019.09,6,1.0,-0.14285714285714288,-0.4285714285714286,-0.08571428571428573,-0.4285714285714286,2,0.4285714285714286,513570.0,300568.0
32,PET필름(3차재심),392062,인도,벨기에,2019.09,6,0.5428571428571429,-0.08571428571428573,0.08571428571428573,0.5428571428571429,-0.08571428571428573,1,0.08571428571428573,513570.0,41385.0
32,PET필름(3차재심),392062,인도,스위스,2019.09,6,-0.39279220242478635,0.6546536707079772,0.39279220242478635,-0.13093073414159545,-0.39279220242478635,0,0.39279220242478635,513570.0,13.0
32,PET필름(3차재심),392062,인도,싱가포르,2019.09,6,0.1449427589131121,0.5768179036829705,0.33394720739540396,-0.7589709258986453,-0.7589709258986453,3,0.7589709258986453,513570.0,17531.0
32,PET필름(3차재심),392062,인도,아랍에미리트 연합,2019.09,6,-0.033806170189140665,-0.8451542547285166,0.15179418517972906,0.8451542547285166,-0.8451542547285166,1,0.8451542547285166,513570.0,227579.0
32,PET필름(3차재심),392062,인도,영국,2019.09,6,1.0,-0.14285714285714288,-0.6571428571428573,-0.5428571428571429,-0.6571428571428573,2,0.6571428571428573,513570.0,15716.0
32,PET필름(3차재심),392062,인도,오스트리아,2019.09,6,-0.101418510567422,0.2732295333235123,0.23190841426097938,0.08571428571428573,-0.101418510567422,0,0.101418510567422,513570.0,7365.0
32,PET필름(3차재심),392062,인도,이스라엘,2019.09,6,,-0.39279220242478635,0.33806170189140666,0.3946648814672956,-0.39279220242478635,1,0.39279220242478635,513570.0,4328.0
32,PET필름(3차재심),392062,인도,이탈리아,2019.09,6,-0.23190841426097938,-0.6377481392176932,0.6571428571428573,0.6,-0.6377481392176932,1,0.6377481392176932,513570.0,272659.0
32,PET필름(3차재심),392062,인도,인도네시아,2019.09,6,0.3714285714285715,-0.48571428571428577,0.6,0.2,-0.48571428571428577,1,0.48571428571428577,513570.0,4056065.0
32,PET필름(3차재심),392062,인도,일본,2019.09,6,0.2571428571428572,-0.3714285714285715,-0.5428571428571429,0.7142857142857143,-0.5428571428571429,2,0.5428571428571429,513570.0,18929315.0
32,PET필름(3차재심),392062,인도,캐나다,2019.09,6,,-0.39279220242478635,0.6546536707079772,0.39279220242478635,-0.39279220242478635,1,0.39279220242478635,513570.0,121.0
32,PET필름(3차재심),392062,인도,태국,2019.09,6,0.8285714285714287,-0.14285714285714288,-0.3714285714285715,0.2571428571428572,-0.3714285714285715,2,0.3714285714285715,513570.0,17367430.0
32,PET필름(3차재심),392062,인도,튀르키예,2019.09,6,0.08696565534786728,0.5768179036829705,0.33394720739540396,-0.5408987230262506,-0.5408987230262506,3,0.5408987230262506,513570.0,3508.0
32,PET필름(3차재심),392062,인도,포루투갈,2019.09,6,,,,-0.39279220242478635,-0.39279220242478635,3,0.39279220242478635,513570.0,989.0
32,PET필름(3차재심),392062,인도,폴란드,2019.09,6,-0.13093073414159545,-0.7775419143502353,0.6761234037828133,-0.101418510567422,-0.7775419143502353,1,0.7775419143502353,513570.0,126.0
32,PET필름(3차재심),392062,인도,프랑스,2019.09,6,0.39279220242478635,-0.3718678720805473,-0.5161002296110789,0.5507824838698261,-0.5161002296110789,2,0.5161002296110789,513570.0,1213.0
32,PET필름(3차재심),392062,인도,핀란드,2019.09,6,-0.2732295333235123,-0.2898855178262242,0.3142857142857143,0.9276336570439175,-0.2898855178262242,1,0.2898855178262242,513570.0,107.0
32,PET필름(3차재심),392062,인도,필리핀,2019.09,6,-0.13522468075656266,0.06761234037828133,0.8451542547285166,0.2704493615131253,-0.13522468075656266,0,0.13522468075656266,513570.0,658.0
32,PET필름(3차재심),392062,인도,헝가리,2019.09,6,0.3714285714285715,0.08571428571428573,0.6,0.028571428571428574,0.028571428571428574,3,0.0,513570.0,24044.0
32,PET필름(3차재심),392062,인도,호주,2019.09,6,0.753702346348183,-0.15179418517972906,-0.33394720739540396,-0.50709255283711,-0.50709255283711,3,0.50709255283711,513570.0,101570.0
32,PET필름(3차재심),392062,인도,홍콩,2019.09,6,0.8451542547285166,0.09107651110783746,-0.2732295333235123,-0.6377481392176932,-0.6377481392176932,3,0.6377481392176932,513570.0,1056.0
32,PET필름(3차재심),392062,중국,기타국,2019.09,6,,0.13093073414159545,-0.39279220242478635,0.39279220242478635,-0.39279220242478635,2,0.39279220242478635,8793988.0,13.0
32,PET필름(3차재심),392062,중국,남아프리카공화국,2019.09,6,0.6546536707079772,,,,0.6546536707079772,0,0.0,8793988.0,5.0
32,PET필름(3차재심),392062,중국,네덜란드,2019.09,6,-0.39279220242478635,0.39279220242478635,0.033806170189140665,-0.5768179036829705,-0.5768179036829705,3,0.5768179036829705,8793988.0,16721.0
32,PET필름(3차재심),392062,중국,대만,2019.09,6,0.8857142857142858,-0.7142857142857143,-0.08571428571428573,0.3714285714285715,-0.7142857142857143,1,0.7142857142857143,8793988.0,8152386.0
32,PET필름(3차재심),392062,중국,독일,2019.09,6,-0.08571428571428573,-0.5428571428571429,0.48571428571428577,-0.08571428571428573,-0.5428571428571429,1,0.5428571428571429,8793988.0,115628.0
32,PET필름(3차재심),392062,중국,룩셈부르그,2019.09,6,0.3718678720805473,-0.33394720739540396,-0.21251185925162072,0.5797710356524484,-0.33394720739540396,1,0.33394720739540396,8793988.0,4479.0
32,PET필름(3차재심),392062,중국,말레이시아,2019.09,6,0.3714285714285715,-0.48571428571428577,-0.2571428571428572,0.028571428571428574,-0.48571428571428577,1,0.48571428571428577,8793988.0,1438687.0
32,PET필름(3차재심),392062,중국,멕시코,2019.09,6,,,,0.13093073414159545,0.13093073414159545,3,0.0,8793988.0,290.0
32,PET필름(3차재심),392062,중국,미국,2019.09,6,0.8285714285714287,-0.8857142857142858,0.48571428571428577,0.6,-0.8857142857142858,1,0.8857142857142858,8793988.0,228750.0
32,PET필름(3차재심),392062,중국,바레인,2019.09,6,0.8857142857142858,-0.2571428571428572,-0.7142857142857143,0.6,-0.7142857142857143,2,0.7142857142857143,8793988.0,195175.0
32,PET필름(3차재심),392062,중국,베트남,2019.09,6,0.3142857142857143,-0.14285714285714288,-0.4285714285714286,-0.08571428571428573,-0.4285714285714286,2,0.4285714285714286,8793988.0,300568.0
32,PET필름(3차재심),392062,중국,벨기에,2019.09,6,0.5428571428571429,-0.2,-0.6,0.5428571428571429,-0.6,2,0.6,8793988.0,41385.0
32,PET필름(3차재심),392062,중국,스위스,2019.09,6,0.13093073414159545,-0.39279220242478635,0.39279220242478635,-0.13093073414159545,-0.39279220242478635,1,0.39279220242478635,8793988.0,13.0
32,PET필름(3차재심),392062,중국,싱가포르,2019.09,6,0.1449427589131121,-0.3946648814672956,0.5768179036829705,-0.5161002296110789,-0.5161002296110789,3,0.5161002296110789,8793988.0,17531.0
32,PET필름(3차재심),392062,중국,아랍에미리트 연합,2019.09,6,0.30425553170226594,-0.50709255283711,0.5161002296110789,-0.101418510567422,-0.50709255283711,1,0.50709255283711,8793988.0,227579.0
32,PET필름(3차재심),392062,중국,영국,2019.09,6,0.3142857142857143,-0.14285714285714288,-0.3142857142857143,-0.08571428571428573,-0.3142857142857143,2,0.3142857142857143,8793988.0,15716.0
32,PET필름(3차재심),392062,중국,오스트리아,2019.09,6,0.3718678720805473,-0.33394720739540396,0.057977103565244846,0.08571428571428573,-0.33394720739540396,1,0.33394720739540396,8793988.0,7365.0
32,PET필름(3차재심),392062,중국,이스라엘,2019.09,6,,0.13093073414159545,-0.2704493615131253,0.2732295333235123,-0.2704493615131253,2,0.2704493615131253,8793988.0,4328.0
32,PET필름(3차재심),392062,중국,이탈리아,2019.09,6,0.46381682852195877,-0.8116794499134279,0.5428571428571429,0.2571428571428572,-0.8116794499134279,1,0.8116794499134279,8793988.0,272659.0
32,PET필름(3차재심),392062,중국,인도네시아,2019.09,6,-0.08571428571428573,-0.3714285714285715,0.2571428571428572,-0.028571428571428574,-0.3714285714285715,1,0.3714285714285715,8793988.0,4056065.0
32,PET필름(3차재심),392062,중국,일본,2019.09,6,0.6,-0.8285714285714287,0.028571428571428574,0.48571428571428577,-0.8285714285714287,1,0.8285714285714287,8793988.0,18929315.0
32,PET필름(3차재심),392062,중국,캐나다,2019.09,6,,0.13093073414159545,-0.39279220242478635,0.39279220242478635,-0.39279220242478635,2,0.39279220242478635,8793988.0,121.0
32,PET필름(3차재심),392062,중국,태국,2019.09,6,0.028571428571428574,0.08571428571428573,-0.3714285714285715,-0.5428571428571429,-0.5428571428571429,3,0.5428571428571429,8793988.0,17367430.0
32,PET필름(3차재심),392062,중국,튀르키예,2019.09,6,-0.028988551782622423,-0.3946648814672956,0.5768179036829705,-0.5408987230262506,-0.5408987230262506,3,0.5408987230262506,8793988.0,3508.0
32,PET필름(3차재심),392062,중국,포루투갈,2019.09,6,,,,0.13093073414159545,0.13093073414159545,3,0.0,8793988.0,989.0
32,PET필름(3차재심),392062,중국,폴란드,2019.09,6,-0.13093073414159545,-0.30425553170226594,0.06761234037828133,0.3718678720805473,-0.30425553170226594,1,0.30425553170226594,8793988.0,126.0
32,PET필름(3차재심),392062,중국,프랑스,2019.09,6,0.39279220242478635,-0.033806170189140665,-0.5161002296110789,0.20291986247835697,-0.5161002296110789,2,0.5161002296110789,8793988.0,1213.0
32,PET필름(3차재심),392062,중국,핀란드,2019.09,6,0.21251185925162072,-0.5797710356524484,0.2,0.057977103565244846,-0.5797710356524484,1,0.5797710356524484,8793988.0,107.0
32,PET필름(3차재심),392062,중국,필리핀,2019.09,6,0.6761234037828133,-0.13522468075656266,-0.101418510567422,0.2704493615131253,-0.13522468075656266,1,0.13522468075656266,8793988.0,658.0
32,PET필름(3차재심),392062,중국,헝가리,2019.09,6,0.48571428571428577,-0.2571428571428572,-0.4285714285714286,0.48571428571428577,-0.4285714285714286,2,0.4285714285714286,8793988.0,24044.0
32,PET필름(3차재심),392062,중국,호주,2019.09,6,0.0,-0.15179418517972906,0.030358837035945815,-0.16903085094570333,-0.16903085094570333,3,0.16903085094570333,8793988.0,101570.0
32,PET필름(3차재심),392062,중국,홍콩,2019.09,6,-0.101418510567422,0.33394720739540396,-0.7589709258986453,0.057977103565244846,-0.7589709258986453,2,0.7589709258986453,8793988.0,1056.0
33,스테인리스 스틸바,7222,일본,남아프리카공화국,2020.05,6,,,,-0.6546536707079772,-0.6546536707079772,3,0.6546536707079772,2269027.0,33.0
33,스테인리스 스틸바,7222,일본,네덜란드,2020.05,6,0.0,0.3478626213914691,0.44136741475237473,-0.5507824838698261,-0.5507824838698261,3,0.5507824838698261,2269027.0,4956.0
33,스테인리스 스틸바,7222,일본,노르웨이,2020.05,6,0.7775419143502353,0.13522468075656266,-0.13093073414159545,-0.6546536707079772,-0.6546536707079772,3,0.6546536707079772,2269027.0,295.0
33,스테인리스 스틸바,7222,일본,대만,2020.05,6,0.3714285714285715,0.14285714285714288,-0.08571428571428573,-0.8285714285714287,-0.8285714285714287,3,0.8285714285714287,2269027.0,4115462.0
33,스테인리스 스틸바,7222,일본,덴마크,2020.05,6,-0.15179418517972906,-0.15179418517972906,0.2732295333235123,0.4394802124588286,-0.15179418517972906,0,0.15179418517972906,2269027.0,373.0
33,스테인리스 스틸바,7222,일본,독일,2020.05,6,0.6,0.6571428571428573,-0.2,-0.7142857142857143,-0.7142857142857143,3,0.7142857142857143,2269027.0,1841839.0
33,스테인리스 스틸바,7222,일본,말레이시아,2020.05,6,-0.39279220242478635,-0.50709255283711,0.06761234037828133,-0.33394720739540396,-0.50709255283711,1,0.50709255283711,2269027.0,21050.0
33,스테인리스 스틸바,7222,일본,멕시코,2020.05,6,-0.13093073414159545,-0.6546536707079772,-0.39279220242478635,0.13093073414159545,-0.6546536707079772,1,0.6546536707079772,2269027.0,81.0
33,스테인리스 스틸바,7222,일본,미국,2020.05,6,-0.08571428571428573,0.6571428571428573,0.48571428571428577,-0.2,-0.2,3,0.2,2269027.0,333184.0
33,스테인리스 스틸바,7222,일본,베트남,2020.05,6,0.14285714285714288,-0.3714285714285715,0.2898855178262242,-0.20291986247835697,-0.3714285714285715,1,0.3714285714285715,2269027.0,70241.0
33,스테인리스 스틸바,7222,일본,벨기에,2020.05,6,-0.39279220242478635,0.13093073414159545,0.6546536707079772,0.39279220242478635,-0.39279220242478635,0,0.39279220242478635,2269027.0,70.0
33,스테인리스 스틸바,7222,일본,스웨덴,2020.05,6,0.6,0.7714285714285715,-0.028571428571428574,-0.3142857142857143,-0.3142857142857143,3,0.3142857142857143,2269027.0,174153.0
33,스테인리스 스틸바,7222,일본,스위스,2020.05,6,0.9856107606091623,0.028988551782622423,-0.43482827673933633,-0.15179418517972906,-0.43482827673933633,2,0.43482827673933633,2269027.0,42082.0
33,스테인리스 스틸바,7222,일본,스페인,2020.05,6,-0.028988551782622423,0.6982532518267538,0.6982532518267538,-0.15179418517972906,-0.15179418517972906,3,0.15179418517972906,2269027.0,5942.0
33,스테인리스 스틸바,7222,일본,슬로베니아,2020.05,6,,,-0.6546536707079772,-0.39279220242478635,-0.6546536707079772,2,0.6546536707079772,2269027.0,20617.0
33,스테인리스 스틸바,7222,일본,싱가포르,2020.05,6,0.39279220242478635,-0.6761234037828133,-0.39279220242478635,0.13093073414159545,-0.6761234037828133,1,0.6761234037828133,2269027.0,104.0
33,스테인리스 스틸바,7222,일본,아일랜드,2020.05,6,0.21251185925162072,-0.3188740696088466,0.057977103565244846,0.057977103565244846,-0.3188740696088466,1,0.3188740696088466,2269027.0,2349.0
33,스테인리스 스틸바,7222,일본,영국,2020.05,6,0.08571428571428573,0.08571428571428573,-0.2571428571428572,-0.6,-0.6,3,0.6,2269027.0,9626.0
33,스테인리스 스틸바,7222,일본,오스트리아,2020.05,6,0.8285714285714287,0.08571428571428573,-0.7714285714285715,-0.7142857142857143,-0.7714285714285715,2,0.7714285714285715,2269027.0,40967.0
33,스테인리스 스틸바,7222,일본,우크라이나,2020.05,6,0.2571428571428572,0.5428571428571429,0.14285714285714288,-0.3714285714285715,-0.3714285714285715,3,0.3714285714285715,2269027.0,974912.0
33,스테인리스 스틸바,7222,일본,이탈리아,2020.05,6,0.7714285714285715,0.14285714285714288,-0.48571428571428577,-0.7142857142857143,-0.7142857142857143,3,0.7142857142857143,2269027.0,1444974.0
33,스테인리스 스틸바,7222,일본,인도,2020.05,6,0.6571428571428573,-0.2,-0.08571428571428573,-0.3142857142857143,-0.3142857142857143,3,0.3142857142857143,2269027.0,12093284.0
33,스테인리스 스틸바,7222,일본,중국,2020.05,6,-0.028571428571428574,0.2571428571428572,-0.08571428571428573,-0.5428571428571429,-0.5428571428571429,3,0.5428571428571429,2269027.0,4875873.0
33,스테인리스 스틸바,7222,일본,캐나다,2020.05,6,,-0.6546536707079772,-0.39279220242478635,0.13093073414159545,-0.6546536707079772,1,0.6546536707079772,2269027.0,175.0
33,스테인리스 스틸바,7222,일본,태국,2020.05,6,0.33806170189140666,0.4394802124588286,0.30425553170226594,0.39279220242478635,0.30425553170226594,2,0.0,2269027.0,3687.0
33,스테인리스 스틸바,7222,일본,포루투갈,2020.05,6,0.5217939320872036,0.5507824838698261,-0.20291986247835697,-0.5797710356524484,-0.5797710356524484,3,0.5797710356524484,2269027.0,193586.0
33,스테인리스 스틸바,7222,일본,프랑스,2020.05,6,0.3714285714285715,0.5797710356524484,-0.028988551782622423,-0.8406680016960503,-0.8406680016960503,3,0.8406680016960503,2269027.0,1756.0
33,스테인리스 스틸바,7222,일본,핀란드,2020.05,6,0.13093073414159545,0.6546536707079772,0.39279220242478635,-0.13093073414159545,-0.13093073414159545,3,0.13093073414159545,2269027.0,47.0
34,합판,4412,말레이시아,노르웨이,2020.11,6,-0.13093073414159545,-0.30425553170226594,0.7589709258986453,-0.030358837035945815,-0.30425553170226594,1,0.30425553170226594,38662173.0,49012.0
34,합판,4412,말레이시아,니카라과,2020.11,6,0.39279220242478635,-0.13093073414159545,-0.6546536707079772,0.6546536707079772,-0.6546536707079772,2,0.6546536707079772,38662173.0,1.0
34,합판,4412,말레이시아,대만,2020.11,6,0.4285714285714286,-0.6571428571428573,0.3142857142857143,-0.5428571428571429,-0.6571428571428573,1,0.6571428571428573,38662173.0,16905.0
34,합판,4412,말레이시아,덴마크,2020.11,6,,,,0.13093073414159545,0.13093073414159545,3,0.0,38662173.0,14.0
34,합판,4412,말레이시아,독일,2020.11,6,0.6571428571428573,-0.2571428571428572,-0.2,-0.08571428571428573,-0.2571428571428572,1,0.2571428571428572,38662173.0,89891.0
34,합판,4412,말레이시아,라오스,2020.11,6,,,0.13093073414159545,0.3718678720805473,0.13093073414159545,2,0.0,38662173.0,301088.0
34,합판,4412,말레이시아,라트비아,2020.11,6,-0.3714285714285715,0.5428571428571429,0.08571428571428573,-0.8285714285714287,-0.8285714285714287,3,0.8285714285714287,38662173.0,4628236.0
34,합판,4412,말레이시아,러시아 연방,2020.11,6,0.2571428571428572,0.028571428571428574,-0.3142857142857143,0.2571428571428572,-0.3142857142857143,2,0.3142857142857143,38662173.0,24721436.0
34,합판,4412,말레이시아,루마니아,2020.11,6,0.2,-0.6571428571428573,-0.2,0.3142857142857143,-0.6571428571428573,1,0.6571428571428573,38662173.0,32424.0
34,합판,4412,말레이시아,리투아니아,2020.11,6,0.6546536707079772,-0.39279220242478635,,,-0.39279220242478635,1,0.39279220242478635,38662173.0,16.0
34,합판,4412,말레이시아,미국,2020.11,6,0.3188740696088466,-0.46381682852195877,0.9276336570439175,-0.48571428571428577,-0.48571428571428577,3,0.48571428571428577,38662173.0,15091.0
34,합판,4412,말레이시아,베트남,2020.11,6,-0.48571428571428577,-0.08571428571428573,0.2571428571428572,0.028571428571428574,-0.48571428571428577,0,0.48571428571428577,38662173.0,335922579.0
34,합판,4412,말레이시아,벨기에,2020.11,6,-0.20291986247835697,0.7142857142857143,0.14285714285714288,0.08571428571428573,-0.20291986247835697,0,0.20291986247835697,38662173.0,243573.0
34,합판,4412,말레이시아,벨라루스,2020.11,6,,0.13093073414159545,0.39279220242478635,0.033806170189140665,0.033806170189140665,3,0.0,38662173.0,70.0
34,합판,4412,말레이시아,스위스,2020.11,6,-0.6546536707079772,0.6546536707079772,-0.39279220242478635,,-0.6546536707079772,0,0.6546536707079772,38662173.0,6.0
34,합판,4412,말레이시아,스페인,2020.11,6,0.5797710356524484,-0.942857142857143,0.4285714285714286,0.5428571428571429,-0.942857142857143,1,0.942857142857143,38662173.0,211148.0
34,합판,4412,말레이시아,슬로바키아,2020.11,6,-0.057977103565244846,0.2732295333235123,-0.7589709258986453,0.8804062740424288,-0.7589709258986453,2,0.7589709258986453,38662173.0,79200.0
34,합판,4412,말레이시아,싱가포르,2020.11,6,0.27774602993176545,-0.09258200997725516,-0.12344267996967354,-0.46291004988627577,-0.46291004988627577,3,0.46291004988627577,38662173.0,17.0
34,합판,4412,말레이시아,에스토니아,2020.11,6,0.08571428571428573,0.08571428571428573,-0.7142857142857143,0.7142857142857143,-0.7142857142857143,2,0.7142857142857143,38662173.0,6038899.0
34,합판,4412,말레이시아,영국,2020.11,6,,,,0.13093073414159545,0.13093073414159545,3,0.0,38662173.0,4.0
34,합판,4412,말레이시아,오스트리아,2020.11,6,,0.13093073414159545,0.39279220242478635,-0.13093073414159545,-0.13093073414159545,3,0.13093073414159545,38662173.0,2719.0
34,합판,4412,말레이시아,우크라이나,2020.11,6,-0.6546536707079772,0.6546536707079772,-0.39279220242478635,,-0.6546536707079772,0,0.6546536707079772,38662173.0,84.0
34,합판,4412,말레이시아,이탈리아,2020.11,6,0.08571428571428573,0.942857142857143,-0.2571428571428572,-0.2571428571428572,-0.2571428571428572,2,0.2571428571428572,38662173.0,412409.0
34,합판,4412,말레이시아,인도네시아,2020.11,6,0.3142857142857143,0.6,-0.5428571428571429,0.14285714285714288,-0.5428571428571429,2,0.5428571428571429,38662173.0,231282257.0
34,합판,4412,말레이시아,일본,2020.11,6,0.942857142857143,-0.3142857142857143,-0.3714285714285715,0.7714285714285715,-0.3714285714285715,2,0.3714285714285715,38662173.0,667682.0
34,합판,4412,말레이시아,중국,2020.11,6,0.14285714285714288,0.2571428571428572,0.028571428571428574,0.3142857142857143,0.028571428571428574,2,0.0,38662173.0,83277845.0
34,합판,4412,말레이시아,칠레,2020.11,6,0.08571428571428573,-0.3142857142857143,0.5428571428571429,-0.3142857142857143,-0.3142857142857143,1,0.3142857142857143,38662173.0,871362.0
34,합판,4412,말레이시아,캄보디아,2020.11,6,-0.39279220242478635,,,,-0.39279220242478635,0,0.39279220242478635,38662173.0,26.0
34,합판,4412,말레이시아,태국,2020.11,6,-0.6546536707079772,0.5408987230262506,0.101418510567422,-0.033806170189140665,-0.6546536707079772,0,0.6546536707079772,38662173.0,468048.0
34,합판,4412,말레이시아,튀르키예,2020.11,6,-0.6546536707079772,0.6546536707079772,-0.39279220242478635,,-0.6546536707079772,0,0.6546536707079772,38662173.0,23.0
34,합판,4412,말레이시아,폴란드,2020.11,6,-0.13093073414159545,-0.6546536707079772,0.6546536707079772,-0.39279220242478635,-0.6546536707079772,1,0.6546536707079772,38662173.0,10.0
34,합판,4412,말레이시아,핀란드,2020.11,6,0.48571428571428577,-0.14285714285714288,0.4285714285714286,-0.2571428571428572,-0.2571428571428572,3,0.2571428571428572,38662173.0,11354590.0
34,합판,4412,말레이시아,필리핀,2020.11,6,-0.030358837035945815,0.7247137945655605,0.057977103565244846,-0.3946648814672956,-0.3946648814672956,3,0.3946648814672956,38662173.0,263977.0
34,합판,4412,말레이시아,헝가리,2020.11,6,0.08571428571428573,0.48571428571428577,-0.6,0.028571428571428574,-0.6,2,0.6,38662173.0,2087.0
35,합판,4412,중국,노르웨이,2020.11,6,-0.6546536707079772,0.3718678720805473,0.030358837035945815,-0.9411239481143202,-0.9411239481143202,3,0.9411239481143202,49465497.0,49012.0
35,합판,4412,중국,니카라과,2020.11,6,-0.39279220242478635,-0.6546536707079772,0.39279220242478635,0.6546536707079772,-0.6546536707079772,1,0.6546536707079772,49465497.0,1.0
35,합판,4412,중국,대만,2020.11,6,-0.2571428571428572,-0.2571428571428572,0.3714285714285715,0.48571428571428577,-0.2571428571428572,0,0.2571428571428572,49465497.0,16905.0
35,합판,4412,중국,덴마크,2020.11,6,,,,0.13093073414159545,0.13093073414159545,3,0.0,49465497.0,14.0
35,합판,4412,중국,독일,2020.11,6,-0.48571428571428577,-0.7714285714285715,0.14285714285714288,0.8857142857142858,-0.7714285714285715,1,0.7714285714285715,49465497.0,89891.0
35,합판,4412,중국,라오스,2020.11,6,,,0.13093073414159545,-0.13522468075656266,-0.13522468075656266,3,0.13522468075656266,49465497.0,301088.0
35,합판,4412,중국,라트비아,2020.11,6,0.7714285714285715,0.48571428571428577,-0.4285714285714286,0.08571428571428573,-0.4285714285714286,2,0.4285714285714286,49465497.0,4628236.0
35,합판,4412,중국,러시아 연방,2020.11,6,0.4285714285714286,-0.7142857142857143,-0.3714285714285715,0.08571428571428573,-0.7142857142857143,1,0.7142857142857143,49465497.0,24721436.0
35,합판,4412,중국,루마니아,2020.11,6,-0.7142857142857143,-0.14285714285714288,0.7714285714285715,0.08571428571428573,-0.7142857142857143,0,0.7142857142857143,49465497.0,32424.0
35,합판,4412,중국,리투아니아,2020.11,6,0.6546536707079772,-0.13093073414159545,,,-0.13093073414159545,1,0.13093073414159545,49465497.0,16.0
35,합판,4412,중국,말레이시아,2020.11,6,0.14285714285714288,-0.7714285714285715,0.14285714285714288,0.8285714285714287,-0.7714285714285715,1,0.7714285714285715,49465497.0,57018512.0
35,합판,4412,중국,미국,2020.11,6,-0.11595420713048969,0.23190841426097938,-0.028988551782622423,-0.8857142857142858,-0.8857142857142858,3,0.8857142857142858,49465497.0,15091.0
35,합판,4412,중국,베트남,2020.11,6,0.14285714285714288,0.8857142857142858,0.4285714285714286,-0.7142857142857143,-0.7142857142857143,3,0.7142857142857143,49465497.0,335922579.0
35,합판,4412,중국,벨기에,2020.11,6,0.6957252427829382,0.028571428571428574,-0.7142857142857143,-0.5428571428571429,-0.7142857142857143,2,0.7142857142857143,49465497.0,243573.0
35,합판,4412,중국,벨라루스,2020.11,6,,0.13093073414159545,-0.39279220242478635,-0.30425553170226594,-0.39279220242478635,2,0.39279220242478635,49465497.0,70.0
35,합판,4412,중국,스위스,2020.11,6,0.39279220242478635,0.6546536707079772,-0.13093073414159545,,-0.13093073414159545,2,0.13093073414159545,49465497.0,6.0
35,합판,4412,중국,스페인,2020.11,6,-0.5507824838698261,-0.2571428571428572,0.6571428571428573,-0.2,-0.5507824838698261,0,0.5507824838698261,49465497.0,211148.0
35,합판,4412,중국,슬로바키아,2020.11,6,0.6377481392176932,0.21251185925162072,0.21251185925162072,0.5161002296110789,0.21251185925162072,1,0.0,49465497.0,79200.0
35,합판,4412,중국,싱가포르,2020.11,6,-0.49377071987869414,-0.5246313898711126,0.0,0.6789347398332045,-0.5246313898711126,1,0.5246313898711126,49465497.0,17.0
35,합판,4412,중국,에스토니아,2020.11,6,0.14285714285714288,-0.4285714285714286,0.14285714285714288,0.14285714285714288,-0.4285714285714286,1,0.4285714285714286,49465497.0,6038899.0
35,합판,4412,중국,영국,2020.11,6,,,,0.13093073414159545,0.13093073414159545,3,0.0,49465497.0,4.0
35,합판,4412,중국,오스트리아,2020.11,6,,0.13093073414159545,-0.39279220242478635,-0.6546536707079772,-0.6546536707079772,3,0.6546536707079772,49465497.0,2719.0
35,합판,4412,중국,우크라이나,2020.11,6,0.39279220242478635,0.6546536707079772,-0.13093073414159545,,-0.13093073414159545,2,0.13093073414159545,49465497.0,84.0
35,합판,4412,중국,이탈리아,2020.11,6,0.3714285714285715,-0.08571428571428573,-0.7714285714285715,-0.08571428571428573,-0.7714285714285715,2,0.7714285714285715,49465497.0,412409.0
35,합판,4412,중국,인도네시아,2020.11,6,0.2,-0.6571428571428573,-0.48571428571428577,0.6571428571428573,-0.6571428571428573,1,0.6571428571428573,49465497.0,231282257.0
35,합판,4412,중국,일본,2020.11,6,-0.08571428571428573,-0.942857142857143,0.08571428571428573,0.6,-0.942857142857143,1,0.942857142857143,49465497.0,667682.0
35,합판,4412,중국,칠레,2020.11,6,-0.14285714285714288,0.3142857142857143,0.14285714285714288,-0.3714285714285715,-0.3714285714285715,3,0.3714285714285715,49465497.0,871362.0
35,합판,4412,중국,캄보디아,2020.11,6,-0.13093073414159545,,,,-0.13093073414159545,0,0.13093073414159545,49465497.0,26.0
35,합판,4412,중국,태국,2020.11,6,0.39279220242478635,0.5408987230262506,-0.4394802124588286,-0.50709255283711,-0.50709255283711,3,0.50709255283711,49465497.0,468048.0
35,합판,4412,중국,튀르키예,2020.11,6,0.39279220242478635,0.6546536707079772,-0.13093073414159545,,-0.13093073414159545,2,0.13093073414159545,49465497.0,23.0
35,합판,4412,중국,폴란드,2020.11,6,-0.6546536707079772,0.39279220242478635,0.6546536707079772,-0.13093073414159545,-0.6546536707079772,0,0.6546536707079772,49465497.0,10.0
35,합판,4412,중국,핀란드,2020.11,6,0.2571428571428572,-0.4285714285714286,-0.3142857142857143,-0.4285714285714286,-0.4285714285714286,1,0.4285714285714286,49465497.0,11354590.0
35,합판,4412,중국,필리핀,2020.11,6,0.6982532518267538,0.028988551782622423,-0.8116794499134279,-0.21251185925162072,-0.8116794499134279,2,0.8116794499134279,49465497.0,263977.0
35,합판,4412,중국,헝가리,2020.11,6,0.028571428571428574,-0.7142857142857143,-0.3142857142857143,0.6571428571428573,-0.7142857142857143,1,0.7142857142857143,49465497.0,2087.0
36,합판,4412,베트남,노르웨이,2020.11,6,0.39279220242478635,-0.16903085094570333,-0.7589709258986453,0.030358837035945815,-0.7589709258986453,2,0.7589709258986453,225816876.0,49012.0
36,합판,4412,베트남,니카라과,2020.11,6,-0.39279220242478635,0.39279220242478635,0.6546536707079772,0.13093073414159545,-0.39279220242478635,0,0.39279220242478635,225816876.0,1.0
36,합판,4412,베트남,대만,2020.11,6,-0.08571428571428573,0.3142857142857143,0.5428571428571429,-0.028571428571428574,-0.08571428571428573,0,0.08571428571428573,225816876.0,16905.0
36,합판,4412,베트남,덴마크,2020.11,6,,,,-0.6546536707079772,-0.6546536707079772,3,0.6546536707079772,225816876.0,14.0
36,합판,4412,베트남,독일,2020.11,6,-0.7142857142857143,0.2,0.8285714285714287,0.4285714285714286,-0.7142857142857143,0,0.7142857142857143,225816876.0,89891.0
36,합판,4412,베트남,라오스,2020.11,6,,,-0.6546536707079772,-0.8451542547285166,-0.8451542547285166,3,0.8451542547285166,225816876.0,301088.0
36,합판,4412,베트남,라트비아,2020.11,6,0.2571428571428572,-0.14285714285714288,-0.028571428571428574,0.14285714285714288,-0.14285714285714288,1,0.14285714285714288,225816876.0,4628236.0
36,합판,4412,베트남,러시아 연방,2020.11,6,-0.48571428571428577,-0.48571428571428577,-0.14285714285714288,0.2571428571428572,-0.48571428571428577,0,0.48571428571428577,225816876.0,24721436.0
36,합판,4412,베트남,루마니아,2020.11,6,0.028571428571428574,0.8285714285714287,0.4285714285714286,0.2571428571428572,0.028571428571428574,0,0.0,225816876.0,32424.0
36,합판,4412,베트남,리투아니아,2020.11,6,0.13093073414159545,-0.13093073414159545,,,-0.13093073414159545,1,0.13093073414159545,225816876.0,16.0
36,합판,4412,베트남,말레이시아,2020.11,6,-0.48571428571428577,0.08571428571428573,0.6,0.14285714285714288,-0.48571428571428577,0,0.48571428571428577,225816876.0,57018512.0
36,합판,4412,베트남,미국,2020.11,6,0.08696565534786728,-0.3478626213914691,-0.5217939320872036,0.2,-0.5217939320872036,2,0.5217939320872036,225816876.0,15091.0
36,합판,4412,베트남,벨기에,2020.11,6,-0.23190841426097938,-0.942857142857143,-0.6571428571428573,-0.08571428571428573,-0.942857142857143,1,0.942857142857143,225816876.0,243573.0
36,합판,4412,베트남,벨라루스,2020.11,6,,-0.6546536707079772,-0.39279220242478635,-0.33806170189140666,-0.6546536707079772,1,0.6546536707079772,225816876.0,70.0
36,합판,4412,베트남,스위스,2020.11,6,0.6546536707079772,0.13093073414159545,-0.13093073414159545,,-0.13093073414159545,2,0.13093073414159545,225816876.0,6.0
36,합판,4412,베트남,스페인,2020.11,6,-0.057977103565244846,0.6,-0.2571428571428572,-0.6571428571428573,-0.6571428571428573,3,0.6571428571428573,225816876.0,211148.0
36,합판,4412,베트남,슬로바키아,2020.11,6,0.49280538030458115,0.21251185925162072,0.030358837035945815,-0.5161002296110789,-0.5161002296110789,3,0.5161002296110789,225816876.0,79200.0
36,합판,4412,베트남,싱가포르,2020.11,6,-0.6172133998483678,0.24688535993934707,0.8332380897952965,0.6172133998483678,-0.6172133998483678,0,0.6172133998483678,225816876.0,17.0
36,합판,4412,베트남,에스토니아,2020.11,6,-0.2571428571428572,0.028571428571428574,-0.028571428571428574,0.2,-0.2571428571428572,0,0.2571428571428572,225816876.0,6038899.0
36,합판,4412,베트남,영국,2020.11,6,,,,-0.6546536707079772,-0.6546536707079772,3,0.6546536707079772,225816876.0,4.0
36,합판,4412,베트남,오스트리아,2020.11,6,,-0.6546536707079772,-0.39279220242478635,0.39279220242478635,-0.6546536707079772,1,0.6546536707079772,225816876.0,2719.0
36,합판,4412,베트남,우크라이나,2020.11,6,0.6546536707079772,0.13093073414159545,-0.13093073414159545,,-0.13093073414159545,2,0.13093073414159545,225816876.0,84.0
36,합판,4412,베트남,이탈리아,2020.11,6,-0.2571428571428572,-0.6,-0.2571428571428572,0.6571428571428573,-0.6,1,0.6,225816876.0,412409.0
36,합판,4412,베트남,인도네시아,2020.11,6,-0.48571428571428577,-0.48571428571428577,0.3714285714285715,0.3714285714285715,-0.48571428571428577,0,0.48571428571428577,225816876.0,231282257.0
36,합판,4412,베트남,일본,2020.11,6,-0.6,-0.08571428571428573,0.2571428571428572,-0.3142857142857143,-0.6,0,0.6,225816876.0,667682.0
36,합판,4412,베트남,중국,2020.11,6,0.14285714285714288,-0.7142857142857143,-0.8285714285714287,-0.4285714285714286,-0.8285714285714287,2,0.8285714285714287,225816876.0,83277845.0
36,합판,4412,베트남,칠레,2020.11,6,0.028571428571428574,0.2,-0.48571428571428577,-0.3142857142857143,-0.48571428571428577,2,0.48571428571428577,225816876.0,871362.0
36,합판,4412,베트남,캄보디아,2020.11,6,-0.13093073414159545,,,,-0.13093073414159545,0,0.13093073414159545,225816876.0,26.0
36,합판,4412,베트남,태국,2020.11,6,0.6546536707079772,-0.50709255283711,-0.4394802124588286,-0.06761234037828133,-0.50709255283711,1,0.50709255283711,225816876.0,468048.0
36,합판,4412,베트남,튀르키예,2020.11,6,0.6546536707079772,0.13093073414159545,-0.13093073414159545,,-0.13093073414159545,2,0.13093073414159545,225816876.0,23.0
36,합판,4412,베트남,폴란드,2020.11,6,0.39279220242478635,0.6546536707079772,0.13093073414159545,-0.13093073414159545,-0.13093073414159545,3,0.13093073414159545,225816876.0,10.0
36,합판,4412,베트남,핀란드,2020.11,6,-0.6,-0.6,-0.4285714285714286,0.3714285714285715,-0.6,0,0.6,225816876.0,11354590.0
36,합판,4412,베트남,필리핀,2020.11,6,-0.09107651110783746,-0.8696565534786727,-0.3768511731740915,0.5161002296110789,-0.8696565534786727,1,0.8696565534786727,225816876.0,263977.0
36,합판,4412,베트남,헝가리,2020.11,6,-0.6,-0.3142857142857143,0.7714285714285715,0.6571428571428573,-0.6,0,0.6,225816876.0,2087.0
37,스테인리스스틸바,7222,스페인,남아프리카공화국,2021.01,6,0.033806170189140665,0.6546536707079772,0.39279220242478635,-0.6546536707079772,-0.6546536707079772,3,0.6546536707079772,1700.0,37.0
37,스테인리스스틸바,7222,스페인,네덜란드,2021.01,6,0.5797710356524484,0.23190841426097938,-0.028571428571428574,-0.7714285714285715,-0.7714285714285715,3,0.7714285714285715,1700.0,7239.0
37,스테인리스스틸바,7222,스페인,노르웨이,2021.01,6,0.7589709258986453,-0.06761234037828133,-0.50709255283711,0.13093073414159545,-0.50709255283711,2,0.50709255283711,1700.0,187.0
37,스테인리스스틸바,7222,스페인,대만,2021.01,6,0.2571428571428572,-0.2571428571428572,-0.08571428571428573,0.08571428571428573,-0.2571428571428572,1,0.2571428571428572,1700.0,3240739.0
37,스테인리스스틸바,7222,스페인,덴마크,2021.01,6,-0.06761234037828133,-0.50709255283711,0.13093073414159545,,-0.50709255283711,1,0.50709255283711,1700.0,38.0
37,스테인리스스틸바,7222,스페인,독일,2021.01,6,-0.028571428571428574,-0.14285714285714288,0.2571428571428572,-0.7142857142857143,-0.7142857142857143,3,0.7142857142857143,1700.0,2193612.0
37,스테인리스스틸바,7222,스페인,룩셈부르그,2021.01,6,-0.6546536707079772,0.13093073414159545,,,-0.6546536707079772,0,0.6546536707079772,1700.0,10.0
37,스테인리스스틸바,7222,스페인,리투아니아,2021.01,6,,,-0.39279220242478635,-0.13093073414159545,-0.39279220242478635,2,0.39279220242478635,1700.0,1.0
37,스테인리스스틸바,7222,스페인,말레이시아,2021.01,6,-0.33394720739540396,0.50709255283711,0.21251185925162072,-0.3946648814672956,-0.3946648814672956,3,0.3946648814672956,1700.0,113905.0
37,스테인리스스틸바,7222,스페인,미국,2021.01,6,-0.48571428571428577,-0.3714285714285715,-0.14285714285714288,0.2,-0.48571428571428577,0,0.48571428571428577,1700.0,300592.0
37,스테인리스스틸바,7222,스페인,베트남,2021.01,6,0.2571428571428572,-0.7142857142857143,0.2571428571428572,0.3142857142857143,-0.7142857142857143,1,0.7142857142857143,1700.0,207066.0
37,스테인리스스틸바,7222,스페인,벨기에,2021.01,6,0.6546536707079772,0.39279220242478635,-0.6546536707079772,-0.2704493615131253,-0.6546536707079772,2,0.6546536707079772,1700.0,3241.0
37,스테인리스스틸바,7222,스페인,스웨덴,2021.01,6,0.3714285714285715,0.5428571428571429,-0.14285714285714288,0.14285714285714288,-0.14285714285714288,2,0.14285714285714288,1700.0,279140.0
37,스테인리스스틸바,7222,스페인,스위스,2021.01,6,-0.3142857142857143,-0.6571428571428573,0.8285714285714287,0.028571428571428574,-0.6571428571428573,1,0.6571428571428573,1700.0,29507.0
37,스테인리스스틸바,7222,스페인,슬로바키아,2021.01,6,-0.33806170189140666,-0.5161002296110789,0.033806170189140665,0.6546536707079772,-0.5161002296110789,1,0.5161002296110789,1700.0,404.0
37,스테인리스스틸바,7222,스페인,슬로베니아,2021.01,6,-0.028571428571428574,0.4285714285714286,-0.2571428571428572,0.3714285714285715,-0.2571428571428572,2,0.2571428571428572,1700.0,6915.0
37,스테인리스스틸바,7222,스페인,싱가포르,2021.01,6,-0.030358837035945815,-0.09107651110783746,0.3718678720805473,-0.6546536707079772,-0.6546536707079772,3,0.6546536707079772,1700.0,17354.0
37,스테인리스스틸바,7222,스페인,아일랜드,2021.01,6,-0.5161002296110789,0.3946648814672956,0.2704493615131253,-0.16903085094570333,-0.5161002296110789,0,0.5161002296110789,1700.0,480.0
37,스테인리스스틸바,7222,스페인,영국,2021.01,6,0.08571428571428573,0.3142857142857143,0.3714285714285715,-0.3714285714285715,-0.3714285714285715,3,0.3714285714285715,1700.0,13446.0
37,스테인리스스틸바,7222,스페인,오스트리아,2021.01,6,-0.5428571428571429,0.2,0.2571428571428572,-0.7142857142857143,-0.7142857142857143,3,0.7142857142857143,1700.0,29806.0
37,스테인리스스틸바,7222,스페인,우크라이나,2021.01,6,-0.028571428571428574,-0.08571428571428573,0.14285714285714288,-0.028571428571428574,-0.08571428571428573,1,0.08571428571428573,1700.0,888484.0
37,스테인리스스틸바,7222,스페인,이탈리아,2021.01,6,0.2571428571428572,-0.2571428571428572,0.08571428571428573,0.5428571428571429,-0.2571428571428572,1,0.2571428571428572,1700.0,1540898.0
37,스테인리스스틸바,7222,스페인,중국,2021.01,6,-0.14285714285714288,-0.3714285714285715,-0.3142857142857143,0.8285714285714287,-0.3714285714285715,1,0.3714285714285715,1700.0,9121777.0
37,스테인리스스틸바,7222,스페인,체코공화국,2021.01,6,-0.5161002296110789,-0.6377481392176932,0.33394720739540396,0.8451542547285166,-0.6377481392176932,1,0.6377481392176932,1700.0,412.0
37,스테인리스스틸바,7222,스페인,태국,2021.01,6,-0.13093073414159545,0.6546536707079772,0.39279220242478635,-0.6546536707079772,-0.6546536707079772,3,0.6546536707079772,1700.0,6146.0
37,스테인리스스틸바,7222,스페인,튀르키예,2021.01,6,-0.39279220242478635,-0.13093073414159545,0.6546536707079772,0.39279220242478635,-0.39279220242478635,0,0.39279220242478635,1700.0,1.0
37,스테인리스스틸바,7222,스페인,포루투갈,2021.01,6,-0.14285714285714288,0.2571428571428572,-0.48571428571428577,0.08571428571428573,-0.48571428571428577,2,0.48571428571428577,1700.0,317989.0
37,스테인리스스틸바,7222,스페인,폴란드,2021.01,6,,,-0.39279220242478635,-0.13093073414159545,-0.39279220242478635,2,0.39279220242478635,1700.0,3695.0
37,스테인리스스틸바,7222,스페인,프랑스,2021.01,6,0.2,0.3142857142857143,0.08571428571428573,-0.08571428571428573,-0.08571428571428573,3,0.08571428571428573,1700.0,51800.0
37,스테인리스스틸바,7222,스페인,핀란드,2021.01,6,,,-0.39279220242478635,-0.3718678720805473,-0.39279220242478635,2,0.39279220242478635,1700.0,879.0
37,스테인리스스틸바,7222,스페인,필리핀,2021.01,6,-0.39279220242478635,-0.13093073414159545,0.6546536707079772,0.39279220242478635,-0.39279220242478635,0,0.39279220242478635,1700.0,15872.0
37,스테인리스스틸바,7222,스페인,홍콩,2021.01,6,0.6546536707079772,0.39279220242478635,-0.6546536707079772,0.13093073414159545,-0.6546536707079772,2,0.6546536707079772,1700.0,37.0
37,스테인리스스틸바,7222,인도,남아프리카공화국,2021.01,6,0.6761234037828133,-0.39279220242478635,0.39279220242478635,-0.6546536707079772,-0.6546536707079772,3,0.6546536707079772,7582737.0,37.0
37,스테인리스스틸바,7222,인도,네덜란드,2021.01,6,0.43482827673933633,-0.7247137945655605,0.6571428571428573,-0.3142857142857143,-0.7247137945655605,1,0.7247137945655605,7582737.0,7239.0
37,스테인리스스틸바,7222,인도,노르웨이,2021.01,6,0.5161002296110789,-0.06761234037828133,-0.16903085094570333,0.6546536707079772,-0.16903085094570333,2,0.16903085094570333,7582737.0,187.0
37,스테인리스스틸바,7222,인도,대만,2021.01,6,0.4285714285714286,0.08571428571428573,-0.08571428571428573,0.942857142857143,-0.08571428571428573,2,0.08571428571428573,7582737.0,3240739.0
37,스테인리스스틸바,7222,인도,덴마크,2021.01,6,-0.06761234037828133,-0.16903085094570333,0.6546536707079772,,-0.16903085094570333,1,0.16903085094570333,7582737.0,38.0
37,스테인리스스틸바,7222,인도,독일,2021.01,6,0.7142857142857143,-0.8857142857142858,0.7142857142857143,-0.7714285714285715,-0.8857142857142858,1,0.8857142857142858,7582737.0,2193612.0
37,스테인리스스틸바,7222,인도,룩셈부르그,2021.01,6,-0.6546536707079772,0.6546536707079772,,,-0.6546536707079772,0,0.6546536707079772,7582737.0,10.0
37,스테인리스스틸바,7222,인도,리투아니아,2021.01,6,,,-0.13093073414159545,0.13093073414159545,-0.13093073414159545,2,0.13093073414159545,7582737.0,1.0
37,스테인리스스틸바,7222,인도,말레이시아,2021.01,6,0.33394720739540396,-0.2704493615131253,-0.030358837035945815,-0.15179418517972906,-0.2704493615131253,1,0.2704493615131253,7582737.0,113905.0
37,스테인리스스틸바,7222,인도,미국,2021.01,6,-0.028571428571428574,0.028571428571428574,0.48571428571428577,-0.3142857142857143,-0.3142857142857143,3,0.3142857142857143,7582737.0,300592.0
37,스테인리스스틸바,7222,인도,베트남,2021.01,6,0.08571428571428573,-0.08571428571428573,-0.2571428571428572,0.14285714285714288,-0.2571428571428572,2,0.2571428571428572,7582737.0,207066.0
37,스테인리스스틸바,7222,인도,벨기에,2021.01,6,-0.39279220242478635,0.39279220242478635,-0.6546536707079772,0.30425553170226594,-0.6546536707079772,2,0.6546536707079772,7582737.0,3241.0
37,스테인리스스틸바,7222,인도,스웨덴,2021.01,6,-0.3714285714285715,-0.08571428571428573,-0.3142857142857143,0.08571428571428573,-0.3714285714285715,0,0.3714285714285715,7582737.0,279140.0
37,스테인리스스틸바,7222,인도,스위스,2021.01,6,-0.08571428571428573,-0.5428571428571429,0.3714285714285715,-0.3142857142857143,-0.5428571428571429,1,0.5428571428571429,7582737.0,29507.0
37,스테인리스스틸바,7222,인도,슬로바키아,2021.01,6,-0.33806170189140666,0.09107651110783746,0.6761234037828133,-0.39279220242478635,-0.39279220242478635,3,0.39279220242478635,7582737.0,404.0
37,스테인리스스틸바,7222,인도,슬로베니아,2021.01,6,-0.8857142857142858,0.6,-0.3714285714285715,0.08571428571428573,-0.8857142857142858,0,0.8857142857142858,7582737.0,6915.0
37,스테인리스스틸바,7222,인도,싱가포르,2021.01,6,0.15179418517972906,-0.5768179036829705,0.8451542547285166,-0.6546536707079772,-0.6546536707079772,3,0.6546536707079772,7582737.0,17354.0
37,스테인리스스틸바,7222,인도,아일랜드,2021.01,6,-0.030358837035945815,-0.15179418517972906,0.4394802124588286,-0.8451542547285166,-0.8451542547285166,3,0.8451542547285166,7582737.0,480.0
37,스테인리스스틸바,7222,인도,영국,2021.01,6,0.14285714285714288,-0.4285714285714286,-0.028571428571428574,-0.6571428571428573,-0.6571428571428573,3,0.6571428571428573,7582737.0,13446.0
37,스테인리스스틸바,7222,인도,오스트리아,2021.01,6,0.14285714285714288,-0.3142857142857143,0.7142857142857143,-0.7714285714285715,-0.7714285714285715,3,0.7714285714285715,7582737.0,29806.0
37,스테인리스스틸바,7222,인도,우크라이나,2021.01,6,-0.2571428571428572,-0.2571428571428572,0.6,-0.2,-0.2571428571428572,0,0.2571428571428572,7582737.0,888484.0
37,스테인리스스틸바,7222,인도,이탈리아,2021.01,6,-0.028571428571428574,0.3142857142857143,-0.5428571428571429,0.7714285714285715,-0.5428571428571429,2,0.5428571428571429,7582737.0,1540898.0
37,스테인리스스틸바,7222,인도,중국,2021.01,6,-0.7142857142857143,0.3714285714285715,-0.3714285714285715,0.2,-0.7142857142857143,0,0.7142857142857143,7582737.0,9121777.0
37,스테인리스스틸바,7222,인도,체코공화국,2021.01,6,-0.3946648814672956,0.11595420713048969,0.5161002296110789,-0.101418510567422,-0.3946648814672956,0,0.3946648814672956,7582737.0,412.0
37,스테인리스스틸바,7222,인도,태국,2021.01,6,0.13093073414159545,-0.39279220242478635,0.39279220242478635,-0.6546536707079772,-0.6546536707079772,3,0.6546536707079772,7582737.0,6146.0
37,스테인리스스틸바,7222,인도,튀르키예,2021.01,6,-0.13093073414159545,0.13093073414159545,-0.39279220242478635,0.39279220242478635,-0.39279220242478635,2,0.39279220242478635,7582737.0,1.0
37,스테인리스스틸바,7222,인도,포루투갈,2021.01,6,-0.3142857142857143,-0.028571428571428574,0.14285714285714288,-0.5428571428571429,-0.5428571428571429,3,0.5428571428571429,7582737.0,317989.0
37,스테인리스스틸바,7222,인도,폴란드,2021.01,6,,,-0.13093073414159545,0.13093073414159545,-0.13093073414159545,2,0.13093073414159545,7582737.0,3695.0
37,스테인리스스틸바,7222,인도,프랑스,2021.01,6,-0.028571428571428574,0.028571428571428574,-0.7714285714285715,0.5428571428571429,-0.7714285714285715,2,0.7714285714285715,7582737.0,51800.0
37,스테인리스스틸바,7222,인도,핀란드,2021.01,6,,,-0.13093073414159545,0.033806170189140665,-0.13093073414159545,2,0.13093073414159545,7582737.0,879.0
37,스테인리스스틸바,7222,인도,필리핀,2021.01,6,-0.13093073414159545,0.13093073414159545,-0.39279220242478635,0.39279220242478635,-0.39279220242478635,2,0.39279220242478635,7582737.0,15872.0
37,스테인리스스틸바,7222,인도,홍콩,2021.01,6,-0.39279220242478635,0.39279220242478635,-0.6546536707079772,0.6546536707079772,-0.6546536707079772,2,0.6546536707079772,7582737.0,37.0
37,스테인리스스틸바,7222,일본,남아프리카공화국,2021.01,6,-0.6761234037828133,0.39279220242478635,0.13093073414159545,-0.39279220242478635,-0.6761234037828133,0,0.6761234037828133,3389888.0,37.0
37,스테인리스스틸바,7222,일본,네덜란드,2021.01,6,-0.028988551782622423,0.3768511731740915,-0.2,-0.6,-0.6,3,0.6,3389888.0,7239.0
37,스테인리스스틸바,7222,일본,노르웨이,2021.01,6,-0.2732295333235123,-0.13522468075656266,-0.7775419143502353,-0.6546536707079772,-0.7775419143502353,2,0.7775419143502353,3389888.0,187.0
37,스테인리스스틸바,7222,일본,대만,2021.01,6,-0.5428571428571429,-0.8857142857142858,-0.48571428571428577,-0.48571428571428577,-0.8857142857142858,1,0.8857142857142858,3389888.0,3240739.0
37,스테인리스스틸바,7222,일본,덴마크,2021.01,6,-0.13522468075656266,-0.7775419143502353,-0.6546536707079772,,-0.7775419143502353,1,0.7775419143502353,3389888.0,38.0
37,스테인리스스틸바,7222,일본,독일,2021.01,6,-0.2571428571428572,0.3142857142857143,0.3142857142857143,0.08571428571428573,-0.2571428571428572,0,0.2571428571428572,3389888.0,2193612.0
37,스테인리스스틸바,7222,일본,룩셈부르그,2021.01,6,-0.39279220242478635,-0.6546536707079772,,,-0.6546536707079772,1,0.6546536707079772,3389888.0,10.0
37,스테인리스스틸바,7222,일본,리투아니아,2021.01,6,,,0.6546536707079772,-0.13093073414159545,-0.13093073414159545,3,0.13093073414159545,3389888.0,1.0
37,스테인리스스틸바,7222,일본,말레이시아,2021.01,6,0.030358837035945815,0.2704493615131253,0.8804062740424288,-0.33394720739540396,-0.33394720739540396,3,0.33394720739540396,3389888.0,113905.0
37,스테인리스스틸바,7222,일본,미국,2021.01,6,-0.5428571428571429,-0.2571428571428572,0.3142857142857143,-0.14285714285714288,-0.5428571428571429,0,0.5428571428571429,3389888.0,300592.0
37,스테인리스스틸바,7222,일본,베트남,2021.01,6,0.7142857142857143,0.08571428571428573,0.3714285714285715,0.8857142857142858,0.08571428571428573,1,0.0,3389888.0,207066.0
37,스테인리스스틸바,7222,일본,벨기에,2021.01,6,0.39279220242478635,0.13093073414159545,-0.39279220242478635,0.16903085094570333,-0.39279220242478635,2,0.39279220242478635,3389888.0,3241.0
37,스테인리스스틸바,7222,일본,스웨덴,2021.01,6,0.7142857142857143,0.7714285714285715,-0.3714285714285715,-0.7714285714285715,-0.7714285714285715,3,0.7714285714285715,3389888.0,279140.0
37,스테인리스스틸바,7222,일본,스위스,2021.01,6,0.6571428571428573,-0.028571428571428574,-0.028571428571428574,0.8857142857142858,-0.028571428571428574,1,0.028571428571428574,3389888.0,29507.0
37,스테인리스스틸바,7222,일본,슬로바키아,2021.01,6,-0.2704493615131253,-0.5768179036829705,-0.6761234037828133,0.39279220242478635,-0.6761234037828133,2,0.6761234037828133,3389888.0,404.0
37,스테인리스스틸바,7222,일본,슬로베니아,2021.01,6,0.3142857142857143,0.4285714285714286,-0.4285714285714286,-0.4285714285714286,-0.4285714285714286,2,0.4285714285714286,3389888.0,6915.0
37,스테인리스스틸바,7222,일본,싱가포르,2021.01,6,-0.15179418517972906,-0.3946648814672956,-0.50709255283711,-0.39279220242478635,-0.50709255283711,2,0.50709255283711,3389888.0,17354.0
37,스테인리스스틸바,7222,일본,아일랜드,2021.01,6,-0.6982532518267538,0.5161002296110789,0.033806170189140665,-0.101418510567422,-0.6982532518267538,0,0.6982532518267538,3389888.0,480.0
37,스테인리스스틸바,7222,일본,영국,2021.01,6,0.4285714285714286,0.8857142857142858,0.2571428571428572,0.5428571428571429,0.2571428571428572,2,0.0,3389888.0,13446.0
37,스테인리스스틸바,7222,일본,오스트리아,2021.01,6,-0.7142857142857143,-0.14285714285714288,0.3142857142857143,0.08571428571428573,-0.7142857142857143,0,0.7142857142857143,3389888.0,29806.0
37,스테인리스스틸바,7222,일본,우크라이나,2021.01,6,0.028571428571428574,-0.5428571428571429,-0.8285714285714287,-0.7142857142857143,-0.8285714285714287,2,0.8285714285714287,3389888.0,888484.0
37,스테인리스스틸바,7222,일본,이탈리아,2021.01,6,0.6,-0.4285714285714286,-0.2571428571428572,0.14285714285714288,-0.4285714285714286,1,0.4285714285714286,3389888.0,1540898.0
37,스테인리스스틸바,7222,일본,중국,2021.01,6,0.8285714285714287,0.3142857142857143,0.3714285714285715,0.2571428571428572,0.2571428571428572,3,0.0,3389888.0,9121777.0
37,스테인리스스틸바,7222,일본,체코공화국,2021.01,6,0.030358837035945815,-0.6377481392176932,-0.5161002296110789,0.4394802124588286,-0.6377481392176932,1,0.6377481392176932,3389888.0,412.0
37,스테인리스스틸바,7222,일본,태국,2021.01,6,-0.13093073414159545,0.39279220242478635,0.13093073414159545,-0.39279220242478635,-0.39279220242478635,3,0.39279220242478635,3389888.0,6146.0
37,스테인리스스틸바,7222,일본,튀르키예,2021.01,6,0.6546536707079772,-0.13093073414159545,0.39279220242478635,0.13093073414159545,-0.13093073414159545,1,0.13093073414159545,3389888.0,1.0
37,스테인리스스틸바,7222,일본,포루투갈,2021.01,6,-0.48571428571428577,0.6,0.2,0.4285714285714286,-0.48571428571428577,0,0.48571428571428577,3389888.0,317989.0
37,스테인리스스틸바,7222,일본,폴란드,2021.01,6,,,0.6546536707079772,-0.13093073414159545,-0.13093073414159545,3,0.13093073414159545,3389888.0,3695.0
37,스테인리스스틸바,7222,일본,프랑스,2021.01,6,0.7142857142857143,0.4285714285714286,0.7714285714285715,0.2571428571428572,0.2571428571428572,3,0.0,3389888.0,51800.0
37,스테인리스스틸바,7222,일본,핀란드,2021.01,6,,,0.6546536707079772,0.30425553170226594,0.30425553170226594,3,0.0,3389888.0,879.0
37,스테인리스스틸바,7222,일본,필리핀,2021.01,6,0.6546536707079772,-0.13093073414159545,0.39279220242478635,0.13093073414159545,-0.13093073414159545,1,0.13093073414159545,3389888.0,15872.0
37,스테인리스스틸바,7222,일본,홍콩,2021.01,6,0.39279220242478635,0.13093073414159545,-0.39279220242478635,-0.6546536707079772,-0.6546536707079772,3,0.6546536707079772,3389888.0,37.0
38,인쇄제판용 평면모양 사진 플레이트(옵셋 인쇄판),370130,중국,네덜란드,2021.05,6,0.6982532518267538,-0.2732295333235123,0.3946648814672956,-0.033806170189140665,-0.2732295333235123,1,0.2732295333235123,9575648.0,21635.0
38,인쇄제판용 평면모양 사진 플레이트(옵셋 인쇄판),370130,중국,대만,2021.05,6,1.0,-0.6571428571428573,0.3714285714285715,0.08571428571428573,-0.6571428571428573,1,0.6571428571428573,9575648.0,61726.0
38,인쇄제판용 평면모양 사진 플레이트(옵셋 인쇄판),370130,중국,독일,2021.05,6,0.8857142857142858,-0.5428571428571429,0.6,-0.4285714285714286,-0.5428571428571429,1,0.5428571428571429,9575648.0,682588.0
38,인쇄제판용 평면모양 사진 플레이트(옵셋 인쇄판),370130,중국,말레이시아,2021.05,6,0.5428571428571429,-0.48571428571428577,-0.028571428571428574,-0.08571428571428573,-0.48571428571428577,1,0.48571428571428577,9575648.0,7867.0
38,인쇄제판용 평면모양 사진 플레이트(옵셋 인쇄판),370130,중국,멕시코,2021.05,6,0.6546536707079772,-0.39279220242478635,0.39279220242478635,-0.13093073414159545,-0.39279220242478635,1,0.39279220242478635,9575648.0,1.0
38,인쇄제판용 평면모양 사진 플레이트(옵셋 인쇄판),370130,중국,미국,2021.05,6,0.08571428571428573,0.08571428571428573,0.3714285714285715,-0.4285714285714286,-0.4285714285714286,3,0.4285714285714286,9575648.0,129671.0
38,인쇄제판용 평면모양 사진 플레이트(옵셋 인쇄판),370130,중국,벨기에,2021.05,6,0.7714285714285715,-0.7714285714285715,0.7714285714285715,-0.7714285714285715,-0.7714285714285715,1,0.7714285714285715,9575648.0,65635.0
38,인쇄제판용 평면모양 사진 플레이트(옵셋 인쇄판),370130,중국,브라질,2021.05,6,0.3718678720805473,-0.6761234037828133,0.6761234037828133,-0.39279220242478635,-0.6761234037828133,1,0.6761234037828133,9575648.0,6930.0
38,인쇄제판용 평면모양 사진 플레이트(옵셋 인쇄판),370130,중국,영국,2021.05,6,0.39279220242478635,-0.13093073414159545,-0.50709255283711,0.6546536707079772,-0.50709255283711,2,0.50709255283711,9575648.0,85.0
38,인쇄제판용 평면모양 사진 플레이트(옵셋 인쇄판),370130,중국,이탈리아,2021.05,6,0.13093073414159545,,-0.6546536707079772,0.6546536707079772,-0.6546536707079772,2,0.6546536707079772,9575648.0,2.0
38,인쇄제판용 평면모양 사진 플레이트(옵셋 인쇄판),370130,중국,인도네시아,2021.05,6,0.39279220242478635,-0.13093073414159545,0.13093073414159545,,-0.13093073414159545,1,0.13093073414159545,9575648.0,124.0
38,인쇄제판용 평면모양 사진 플레이트(옵셋 인쇄판),370130,중국,일본,2021.05,6,-0.08571428571428573,0.08571428571428573,-0.3714285714285715,0.4285714285714286,-0.3714285714285715,2,0.3714285714285715,9575648.0,488233.0
38,인쇄제판용 평면모양 사진 플레이트(옵셋 인쇄판),370130,중국,홍콩,2021.05,6,0.030358837035945815,0.2704493615131253,-0.33394720739540396,0.5408987230262506,-0.33394720739540396,2,0.33394720739540396,9575648.0,113.0
39,PET필름,392062,대만,네덜란드,2021.12,6,-0.030358837035945815,-0.6761234037828133,-0.39279220242478635,-0.13093073414159545,-0.6761234037828133,1,0.6761234037828133,4032518.0,62.0
39,PET필름,392062,대만,독일,2021.12,6,0.8857142857142858,0.028571428571428574,0.08571428571428573,0.08571428571428573,0.028571428571428574,1,0.0,4032518.0,174877.0
39,PET필름,392062,대만,룩셈부르그,2021.12,6,0.40583972495671394,-0.030358837035945815,-0.8451542547285166,-0.33394720739540396,-0.8451542547285166,2,0.8451542547285166,4032518.0,5857.0
39,PET필름,392062,대만,말레이시아,2021.12,6,-0.2571428571428572,-0.08696565534786728,0.3478626213914691,-0.3142857142857143,-0.3142857142857143,3,0.3142857142857143,4032518.0,1097624.0
39,PET필름,392062,대만,미국,2021.12,6,0.028571428571428574,-0.2571428571428572,-0.48571428571428577,0.3142857142857143,-0.48571428571428577,2,0.48571428571428577,4032518.0,289873.0
39,PET필름,392062,대만,바레인,2021.12,6,-0.48571428571428577,0.2571428571428572,0.942857142857143,0.4285714285714286,-0.48571428571428577,0,0.48571428571428577,4032518.0,992343.0
39,PET필름,392062,대만,베트남,2021.12,6,-0.6,-0.3714285714285715,-0.4285714285714286,0.14285714285714288,-0.6,0,0.6,4032518.0,120879.0
39,PET필름,392062,대만,벨기에,2021.12,6,-0.5428571428571429,0.48571428571428577,0.6,-0.08571428571428573,-0.5428571428571429,0,0.5428571428571429,4032518.0,26252.0
39,PET필름,392062,대만,브라질,2021.12,6,,,0.13093073414159545,0.6546536707079772,0.13093073414159545,2,0.0,4032518.0,2408.0
39,PET필름,392062,대만,스위스,2021.12,6,-0.39279220242478635,-0.13093073414159545,,,-0.39279220242478635,0,0.39279220242478635,4032518.0,25.0
39,PET필름,392062,대만,싱가포르,2021.12,6,-0.4285714285714286,-0.5428571428571429,0.028571428571428574,0.3714285714285715,-0.5428571428571429,1,0.5428571428571429,4032518.0,12508.0
39,PET필름,392062,대만,아랍에미리트 연합,2021.12,6,0.48571428571428577,-0.14285714285714288,-0.48571428571428577,-0.7714285714285715,-0.7714285714285715,3,0.7714285714285715,4032518.0,383510.0
39,PET필름,392062,대만,영국,2021.12,6,-0.4285714285714286,0.6,0.8285714285714287,-0.14285714285714288,-0.4285714285714286,0,0.4285714285714286,4032518.0,8485.0
39,PET필름,392062,대만,오스트리아,2021.12,6,0.057977103565244846,-0.23190841426097938,0.5161002296110789,-0.030358837035945815,-0.23190841426097938,1,0.23190841426097938,4032518.0,16592.0
39,PET필름,392062,대만,이스라엘,2021.12,6,0.5768179036829705,-0.33806170189140666,-0.5768179036829705,0.15179418517972906,-0.5768179036829705,2,0.5768179036829705,4032518.0,18080.0
39,PET필름,392062,대만,이집트,2021.12,6,-0.3718678720805473,-0.13093073414159545,,,-0.3718678720805473,0,0.3718678720805473,4032518.0,85425.0
39,PET필름,392062,대만,이탈리아,2021.12,6,0.028571428571428574,0.3714285714285715,-0.14285714285714288,0.3142857142857143,-0.14285714285714288,2,0.14285714285714288,4032518.0,122822.0
39,PET필름,392062,대만,인도,2021.12,6,-0.7714285714285715,-0.3142857142857143,0.2571428571428572,0.3142857142857143,-0.7714285714285715,0,0.7714285714285715,4032518.0,577788.0
39,PET필름,392062,대만,인도네시아,2021.12,6,-0.48571428571428577,0.3142857142857143,0.028571428571428574,-0.14285714285714288,-0.48571428571428577,0,0.48571428571428577,4032518.0,8004968.0
39,PET필름,392062,대만,일본,2021.12,6,0.8285714285714287,-0.08571428571428573,-0.6571428571428573,-0.7714285714285715,-0.7714285714285715,3,0.7714285714285715,4032518.0,19824588.0
39,PET필름,392062,대만,중국,2021.12,6,0.028571428571428574,0.14285714285714288,0.4285714285714286,-0.2571428571428572,-0.2571428571428572,3,0.2571428571428572,4032518.0,16443654.0
39,PET필름,392062,대만,캐나다,2021.12,6,,,,0.13093073414159545,0.13093073414159545,3,0.0,4032518.0,109.0
39,PET필름,392062,대만,튀르키예,2021.12,6,-0.15179418517972906,-0.8451542547285166,-0.4394802124588286,-0.033806170189140665,-0.8451542547285166,1,0.8451542547285166,4032518.0,4033.0
39,PET필름,392062,대만,파키스탄,2021.12,6,0.21251185925162072,-0.20291986247835697,0.030358837035945815,0.2898855178262242,-0.20291986247835697,1,0.20291986247835697,4032518.0,897.0
39,PET필름,392062,대만,포루투갈,2021.12,6,0.13093073414159545,0.6546536707079772,0.39279220242478635,-0.6546536707079772,-0.6546536707079772,3,0.6546536707079772,4032518.0,3942.0
39,PET필름,392062,대만,폴란드,2021.12,6,,0.13093073414159545,0.6546536707079772,0.39279220242478635,0.13093073414159545,1,0.0,4032518.0,24.0
39,PET필름,392062,대만,프랑스,2021.12,6,0.4285714285714286,0.5428571428571429,0.4285714285714286,-0.6,-0.6,3,0.6,4032518.0,12587.0
39,PET필름,392062,대만,핀란드,2021.12,6,0.6375355777548621,0.8804062740424288,-0.08827348295047495,-0.2732295333235123,-0.2732295333235123,3,0.2732295333235123,4032518.0,147.0
39,PET필름,392062,대만,필리핀,2021.12,6,0.5428571428571429,0.2571428571428572,-0.2571428571428572,-0.8857142857142858,-0.8857142857142858,3,0.8857142857142858,4032518.0,2885589.0
39,PET필름,392062,대만,헝가리,2021.12,6,0.101418510567422,-0.3946648814672956,0.33806170189140666,0.33394720739540396,-0.3946648814672956,1,0.3946648814672956,4032518.0,6443.0
39,PET필름,392062,대만,호주,2021.12,6,,,,0.13093073414159545,0.13093073414159545,3,0.0,4032518.0,580.0
39,PET필름,392062,대만,홍콩,2021.12,6,-0.030358837035945815,-0.2732295333235123,-0.030358837035945815,-0.2732295333235123,-0.2732295333235123,1,0.2732295333235123,4032518.0,1801.0
39,PET필름,392062,태국,네덜란드,2021.12,6,-0.030358837035945815,-0.6761234037828133,-0.39279220242478635,-0.13093073414159545,-0.6761234037828133,1,0.6761234037828133,23143145.0,62.0
39,PET필름,392062,태국,독일,2021.12,6,0.8857142857142858,0.028571428571428574,0.08571428571428573,0.08571428571428573,0.028571428571428574,1,0.0,23143145.0,174877.0
39,PET필름,392062,태국,룩셈부르그,2021.12,6,0.40583972495671394,-0.030358837035945815,-0.8451542547285166,-0.33394720739540396,-0.8451542547285166,2,0.8451542547285166,23143145.0,5857.0
39,PET필름,392062,태국,말레이시아,2021.12,6,-0.2571428571428572,-0.08696565534786728,0.3478626213914691,-0.3142857142857143,-0.3142857142857143,3,0.3142857142857143,23143145.0,1097624.0
39,PET필름,392062,태국,미국,2021.12,6,0.028571428571428574,-0.2571428571428572,-0.48571428571428577,0.3142857142857143,-0.48571428571428577,2,0.48571428571428577,23143145.0,289873.0
39,PET필름,392062,태국,바레인,2021.12,6,-0.48571428571428577,0.2571428571428572,0.942857142857143,0.4285714285714286,-0.48571428571428577,0,0.48571428571428577,23143145.0,992343.0
39,PET필름,392062,태국,베트남,2021.12,6,-0.6,-0.3714285714285715,-0.4285714285714286,0.14285714285714288,-0.6,0,0.6,23143145.0,120879.0
39,PET필름,392062,태국,벨기에,2021.12,6,-0.5428571428571429,0.48571428571428577,0.6,-0.08571428571428573,-0.5428571428571429,0,0.5428571428571429,23143145.0,26252.0
39,PET필름,392062,태국,브라질,2021.12,6,,,0.13093073414159545,0.6546536707079772,0.13093073414159545,2,0.0,23143145.0,2408.0
39,PET필름,392062,태국,스위스,2021.12,6,-0.39279220242478635,-0.13093073414159545,,,-0.39279220242478635,0,0.39279220242478635,23143145.0,25.0
39,PET필름,392062,태국,싱가포르,2021.12,6,-0.4285714285714286,-0.5428571428571429,0.028571428571428574,0.3714285714285715,-0.5428571428571429,1,0.5428571428571429,23143145.0,12508.0
39,PET필름,392062,태국,아랍에미리트 연합,2021.12,6,0.48571428571428577,-0.14285714285714288,-0.48571428571428577,-0.7714285714285715,-0.7714285714285715,3,0.7714285714285715,23143145.0,383510.0
39,PET필름,392062,태국,영국,2021.12,6,-0.4285714285714286,0.6,0.8285714285714287,-0.14285714285714288,-0.4285714285714286,0,0.4285714285714286,23143145.0,8485.0
39,PET필름,392062,태국,오스트리아,2021.12,6,0.057977103565244846,-0.23190841426097938,0.5161002296110789,-0.030358837035945815,-0.23190841426097938,1,0.23190841426097938,23143145.0,16592.0
39,PET필름,392062,태국,이스라엘,2021.12,6,0.5768179036829705,-0.33806170189140666,-0.5768179036829705,0.15179418517972906,-0.5768179036829705,2,0.5768179036829705,23143145.0,18080.0
39,PET필름,392062,태국,이집트,2021.12,6,-0.3718678720805473,-0.13093073414159545,,,-0.3718678720805473,0,0.3718678720805473,23143145.0,85425.0
39,PET필름,392062,태국,이탈리아,2021.12,6,0.028571428571428574,0.3714285714285715,-0.14285714285714288,0.3142857142857143,-0.14285714285714288,2,0.14285714285714288,23143145.0,122822.0
39,PET필름,392062,태국,인도,2021.12,6,-0.7714285714285715,-0.3142857142857143,0.2571428571428572,0.3142857142857143,-0.7714285714285715,0,0.7714285714285715,23143145.0,577788.0
39,PET필름,392062,태국,인도네시아,2021.12,6,-0.48571428571428577,0.3142857142857143,0.028571428571428574,-0.14285714285714288,-0.48571428571428577,0,0.48571428571428577,23143145.0,8004968.0
39,PET필름,392062,태국,일본,2021.12,6,0.8285714285714287,-0.08571428571428573,-0.6571428571428573,-0.7714285714285715,-0.7714285714285715,3,0.7714285714285715,23143145.0,19824588.0
39,PET필름,392062,태국,중국,2021.12,6,0.028571428571428574,0.14285714285714288,0.4285714285714286,-0.2571428571428572,-0.2571428571428572,3,0.2571428571428572,23143145.0,16443654.0
39,PET필름,392062,태국,캐나다,2021.12,6,,,,0.13093073414159545,0.13093073414159545,3,0.0,23143145.0,109.0
39,PET필름,392062,태국,튀르키예,2021.12,6,-0.15179418517972906,-0.8451542547285166,-0.4394802124588286,-0.033806170189140665,-0.8451542547285166,1,0.8451542547285166,23143145.0,4033.0
39,PET필름,392062,태국,파키스탄,2021.12,6,0.21251185925162072,-0.20291986247835697,0.030358837035945815,0.2898855178262242,-0.20291986247835697,1,0.20291986247835697,23143145.0,897.0
39,PET필름,392062,태국,포루투갈,2021.12,6,0.13093073414159545,0.6546536707079772,0.39279220242478635,-0.6546536707079772,-0.6546536707079772,3,0.6546536707079772,23143145.0,3942.0
39,PET필름,392062,태국,폴란드,2021.12,6,,0.13093073414159545,0.6546536707079772,0.39279220242478635,0.13093073414159545,1,0.0,23143145.0,24.0
39,PET필름,392062,태국,프랑스,2021.12,6,0.4285714285714286,0.5428571428571429,0.4285714285714286,-0.6,-0.6,3,0.6,23143145.0,12587.0
39,PET필름,392062,태국,핀란드,2021.12,6,0.6375355777548621,0.8804062740424288,-0.08827348295047495,-0.2732295333235123,-0.2732295333235123,3,0.2732295333235123,23143145.0,147.0
39,PET필름,392062,태국,필리핀,2021.12,6,0.5428571428571429,0.2571428571428572,-0.2571428571428572,-0.8857142857142858,-0.8857142857142858,3,0.8857142857142858,23143145.0,2885589.0
39,PET필름,392062,태국,헝가리,2021.12,6,0.101418510567422,-0.3946648814672956,0.33806170189140666,0.33394720739540396,-0.3946648814672956,1,0.3946648814672956,23143145.0,6443.0
39,PET필름,392062,태국,호주,2021.12,6,,,,0.13093073414159545,0.13093073414159545,3,0.0,23143145.0,580.0
39,PET필름,392062,태국,홍콩,2021.12,6,-0.030358837035945815,-0.2732295333235123,-0.030358837035945815,-0.2732295333235123,-0.2732295333235123,1,0.2732295333235123,23143145.0,1801.0
40,플로트판유리,7005,중국,대만,2022.04,6,0.7714285714285715,0.08571428571428573,-0.08571428571428573,-0.08571428571428573,-0.08571428571428573,2,0.08571428571428573,61845001.0,2780410.0
40,플로트판유리,7005,중국,덴마크,2022.04,6,-0.6546536707079772,,,,-0.6546536707079772,0,0.6546536707079772,61845001.0,50.0
40,플로트판유리,7005,중국,독일,2022.04,6,-0.3142857142857143,-0.028571428571428574,-0.48571428571428577,-0.2,-0.48571428571428577,2,0.48571428571428577,61845001.0,535839.0
40,플로트판유리,7005,중국,라트비아,2022.04,6,-0.21251185925162072,-0.033806170189140665,0.8451542547285166,-0.8804062740424288,-0.8804062740424288,3,0.8804062740424288,61845001.0,18757.0
40,플로트판유리,7005,중국,러시아 연방,2022.04,6,-0.39279220242478635,0.13093073414159545,0.39279220242478635,-0.4394802124588286,-0.4394802124588286,3,0.4394802124588286,61845001.0,124986.0
40,플로트판유리,7005,중국,말레이시아,2022.04,6,-0.5428571428571429,0.7714285714285715,-0.2571428571428572,0.028571428571428574,-0.5428571428571429,0,0.5428571428571429,61845001.0,235716677.0
40,플로트판유리,7005,중국,미국,2022.04,6,-0.2,0.2,-0.08571428571428573,-0.5428571428571429,-0.5428571428571429,3,0.5428571428571429,61845001.0,2725292.0
40,플로트판유리,7005,중국,베트남,2022.04,6,0.057977103565244846,-0.20291986247835697,0.26482044885142486,-0.057977103565244846,-0.20291986247835697,1,0.20291986247835697,61845001.0,2325318.0
40,플로트판유리,7005,중국,벨기에,2022.04,6,0.13093073414159545,0.39279220242478635,-0.13093073414159545,0.6546536707079772,-0.13093073414159545,2,0.13093073414159545,61845001.0,2.0
40,플로트판유리,7005,중국,사우디아라비아,2022.04,6,-0.39279220242478635,0.13093073414159545,-0.101418510567422,0.033806170189140665,-0.39279220242478635,0,0.39279220242478635,61845001.0,76803.0
40,플로트판유리,7005,중국,스웨덴,2022.04,6,-0.2070196678027063,0.4140393356054126,0.2070196678027063,0.4140393356054126,-0.2070196678027063,0,0.2070196678027063,61845001.0,2.0
40,플로트판유리,7005,중국,스페인,2022.04,6,0.6546536707079772,-0.6546536707079772,,,-0.6546536707079772,1,0.6546536707079772,61845001.0,5.0
40,플로트판유리,7005,중국,싱가포르,2022.04,6,0.13093073414159545,0.39279220242478635,-0.13093073414159545,0.6546536707079772,-0.13093073414159545,2,0.13093073414159545,61845001.0,2.0
40,플로트판유리,7005,중국,영국,2022.04,6,0.5161002296110789,-0.5408987230262506,0.6546536707079772,-0.6546536707079772,-0.6546536707079772,3,0.6546536707079772,61845001.0,21941.0
40,플로트판유리,7005,중국,이스라엘,2022.04,6,0.39279220242478635,-0.13093073414159545,0.6546536707079772,-0.6546536707079772,-0.6546536707079772,3,0.6546536707079772,61845001.0,211.0
40,플로트판유리,7005,중국,인도네시아,2022.04,6,0.14285714285714288,-0.14285714285714288,0.08571428571428573,-0.8285714285714287,-0.8285714285714287,3,0.8285714285714287,61845001.0,26590915.0
40,플로트판유리,7005,중국,일본,2022.04,6,0.5428571428571429,-0.08571428571428573,-0.08571428571428573,-0.6571428571428573,-0.6571428571428573,3,0.6571428571428573,61845001.0,3804720.0
40,플로트판유리,7005,중국,태국,2022.04,6,-0.08571428571428573,0.2,-0.028571428571428574,0.028571428571428574,-0.08571428571428573,0,0.08571428571428573,61845001.0,32886072.0
40,플로트판유리,7005,중국,튀르키예,2022.04,6,,,-0.39279220242478635,0.13093073414159545,-0.39279220242478635,2,0.39279220242478635,61845001.0,8.0
40,플로트판유리,7005,중국,파키스탄,2022.04,6,,,-0.39279220242478635,0.13093073414159545,-0.39279220242478635,2,0.39279220242478635,61845001.0,43000.0
40,플로트판유리,7005,중국,폴란드,2022.04,6,0.39279220242478635,-0.13093073414159545,0.6546536707079772,-0.6546536707079772,-0.6546536707079772,3,0.6546536707079772,61845001.0,22.0
40,플로트판유리,7005,중국,프랑스,2022.04,6,-0.48571428571428577,0.8857142857142858,-0.6571428571428573,0.2571428571428572,-0.6571428571428573,2,0.6571428571428573,61845001.0,565017.0
40,플로트판유리,7005,중국,필리핀,2022.04,6,-0.6546536707079772,,,,-0.6546536707079772,0,0.6546536707079772,61845001.0,219833.0
40,플로트판유리,7005,중국,헝가리,2022.04,6,-0.2704493615131253,0.3718678720805473,0.2704493615131253,0.30425553170226594,-0.2704493615131253,0,0.2704493615131253,61845001.0,21042.0
40,플로트판유리,7005,중국,홍콩,2022.04,6,0.39279220242478635,-0.13093073414159545,0.06761234037828133,-0.30425553170226594,-0.30425553170226594,3,0.30425553170226594,61845001.0,6.0
41,"인쇄제판용 평면모양 사진 플레이트(옵셋 인쇄판, 더블레이어 제품)",370130,중국,대만,2022.11,6,-0.14285714285714288,-0.14285714285714288,0.48571428571428577,-0.5428571428571429,-0.5428571428571429,3,0.5428571428571429,11304100.0,37828.0
41,"인쇄제판용 평면모양 사진 플레이트(옵셋 인쇄판, 더블레이어 제품)",370130,중국,독일,2022.11,6,0.5428571428571429,-0.3142857142857143,-0.2571428571428572,1.0,-0.3142857142857143,1,0.3142857142857143,11304100.0,387194.0
41,"인쇄제판용 평면모양 사진 플레이트(옵셋 인쇄판, 더블레이어 제품)",370130,중국,말레이시아,2022.11,6,0.6,-0.14285714285714288,-0.08571428571428573,-0.7714285714285715,-0.7714285714285715,3,0.7714285714285715,11304100.0,9492.0
41,"인쇄제판용 평면모양 사진 플레이트(옵셋 인쇄판, 더블레이어 제품)",370130,중국,미국,2022.11,6,0.028571428571428574,-0.942857142857143,0.14285714285714288,0.3714285714285715,-0.942857142857143,1,0.942857142857143,11304100.0,40916.0
41,"인쇄제판용 평면모양 사진 플레이트(옵셋 인쇄판, 더블레이어 제품)",370130,중국,벨기에,2022.11,6,-0.2571428571428572,-0.48571428571428577,0.3714285714285715,0.6571428571428573,-0.48571428571428577,1,0.48571428571428577,11304100.0,55721.0
41,"인쇄제판용 평면모양 사진 플레이트(옵셋 인쇄판, 더블레이어 제품)",370130,중국,영국,2022.11,6,-0.21251185925162072,0.13522468075656266,0.7775419143502353,0.33806170189140666,-0.21251185925162072,0,0.21251185925162072,11304100.0,293.0
41,"인쇄제판용 평면모양 사진 플레이트(옵셋 인쇄판, 더블레이어 제품)",370130,중국,인도네시아,2022.11,6,0.13093073414159545,-0.13093073414159545,0.39279220242478635,0.6546536707079772,-0.13093073414159545,1,0.13093073414159545,11304100.0,1.0
41,"인쇄제판용 평면모양 사진 플레이트(옵셋 인쇄판, 더블레이어 제품)",370130,중국,일본,2022.11,6,0.2571428571428572,-0.4285714285714286,-0.14285714285714288,0.3714285714285715,-0.4285714285714286,1,0.4285714285714286,11304100.0,413497.0
41,"인쇄제판용 평면모양 사진 플레이트(옵셋 인쇄판, 더블레이어 제품)",370130,중국,홍콩,2022.11,6,-0.23190841426097938,0.40583972495671394,-0.8285714285714287,0.5507824838698261,-0.8285714285714287,2,0.8285714285714287,11304100.0,64.0
42,부틸글리콜에테르,290943,미국,네덜란드,2022.07,6,-0.13093073414159545,0.39279220242478635,,,-0.13093073414159545,0,0.13093073414159545,182.0,1.0
42,부틸글리콜에테르,290943,미국,독일,2022.07,6,0.5428571428571429,-0.6,-0.3714285714285715,-0.6571428571428573,-0.6571428571428573,3,0.6571428571428573,182.0,129.0
42,부틸글리콜에테르,290943,미국,베트남,2022.07,6,-0.39279220242478635,-0.6546536707079772,0.6546536707079772,-0.13093073414159545,-0.6546536707079772,1,0.6546536707079772,182.0,59.0
42,부틸글리콜에테르,290943,미국,벨기에,2022.07,6,,,0.13093073414159545,-0.2070196678027063,-0.2070196678027063,3,0.2070196678027063,182.0,4.0
42,부틸글리콜에테르,290943,미국,사우디아라비아,2022.07,6,0.8116794499134279,-0.030358837035945815,-0.06761234037828133,0.6761234037828133,-0.06761234037828133,2,0.06761234037828133,182.0,445840.0
42,부틸글리콜에테르,290943,미국,싱가포르,2022.07,6,,,,0.13093073414159545,0.13093073414159545,3,0.0,182.0,1620.0
42,부틸글리콜에테르,290943,미국,일본,2022.07,6,0.028571428571428574,-0.7714285714285715,0.08571428571428573,0.028571428571428574,-0.7714285714285715,1,0.7714285714285715,182.0,45850.0
42,부틸글리콜에테르,290943,미국,중국,2022.07,6,0.23190841426097938,-0.21251185925162072,-0.16903085094570333,0.5161002296110789,-0.21251185925162072,1,0.21251185925162072,182.0,841.0
42,부틸글리콜에테르,290943,프랑스,네덜란드,2022.07,6,-0.20000000000000007,-0.20000000000000007,,,-0.20000000000000007,0,0.20000000000000007,2.0,1.0
42,부틸글리콜에테르,290943,프랑스,독일,2022.07,6,0.13093073414159545,0.39279220242478635,0.6546536707079772,0.39279220242478635,0.13093073414159545,0,0.0,2.0,129.0
42,부틸글리콜에테르,290943,프랑스,베트남,2022.07,6,1.0,-0.20000000000000007,-0.20000000000000007,-0.20000000000000007,-0.20000000000000007,1,0.20000000000000007,2.0,59.0
42,부틸글리콜에테르,290943,프랑스,벨기에,2022.07,6,,,-0.20000000000000007,0.632455532033676,-0.20000000000000007,2,0.20000000000000007,2.0,4.0
42,부틸글리콜에테르,290943,프랑스,사우디아라비아,2022.07,6,-0.5313689313240573,0.1391216687280505,-0.3098386676965934,-0.3098386676965934,-0.5313689313240573,0,0.5313689313240573,2.0,445840.0
42,부틸글리콜에테르,290943,프랑스,싱가포르,2022.07,6,,,,-0.20000000000000007,-0.20000000000000007,3,0.20000000000000007,2.0,1620.0
42,부틸글리콜에테르,290943,프랑스,일본,2022.07,6,0.39279220242478635,0.6546536707079772,-0.39279220242478635,0.39279220242478635,-0.39279220242478635,2,0.39279220242478635,2.0,45850.0
42,부틸글리콜에테르,290943,프랑스,중국,2022.07,6,-0.13284223283101432,0.41736500618415145,-0.3098386676965934,-0.41736500618415145,-0.41736500618415145,3,0.41736500618415145,2.0,841.0
43,부틸글리콜에테르,290943,사우디아라비아,대만,2022.09,6,,,,-0.3098386676965934,-0.3098386676965934,3,0.3098386676965934,294940.0,104410.0
43,부틸글리콜에테르,290943,사우디아라비아,독일,2022.09,6,-0.2704493615131253,-0.1690308509457033,0.13522468075656266,-0.3718678720805473,-0.3718678720805473,3,0.3718678720805473,294940.0,140.0
43,부틸글리콜에테르,290943,사우디아라비아,미국,2022.09,6,0.4394802124588286,-0.1690308509457033,-0.3718678720805473,-0.033806170189140665,-0.3718678720805473,2,0.3718678720805473,294940.0,379.0
43,부틸글리콜에테르,290943,사우디아라비아,베트남,2022.09,6,-0.3098386676965934,-0.3098386676965934,0.7745966692414834,,-0.3098386676965934,0,0.3098386676965934,294940.0,59.0
43,부틸글리콜에테르,290943,사우디아라비아,벨기에,2022.09,6,-0.3098386676965934,-0.48989794855663565,-0.20083160441856093,-0.20083160441856093,-0.48989794855663565,1,0.48989794855663565,294940.0,8.0
43,부틸글리콜에테르,290943,사우디아라비아,싱가포르,2022.09,6,,-0.3098386676965934,-0.3098386676965934,0.4647580015448901,-0.3098386676965934,1,0.3098386676965934,294940.0,1620.0
43,부틸글리콜에테르,290943,사우디아라비아,영국,2022.09,6,,,,-0.3098386676965934,-0.3098386676965934,3,0.3098386676965934,294940.0,2077.0
43,부틸글리콜에테르,290943,사우디아라비아,일본,2022.09,6,0.13522468075656266,-0.8451542547285165,-0.101418510567422,0.304255531702266,-0.8451542547285165,1,0.8451542547285165,294940.0,49805.0
43,부틸글리콜에테르,290943,사우디아라비아,중국,2022.09,6,0.21999999999999997,-0.6465790872963896,-0.46304617988477387,0.39513166445890474,-0.6465790872963896,1,0.6465790872963896,294940.0,243.0
43,부틸글리콜에테르,290943,사우디아라비아,프랑스,2022.09,6,-0.48000000000000004,-0.48000000000000004,0.9999999999999999,-0.48000000000000004,-0.48000000000000004,0,0.48000000000000004,294940.0,26.0
44,이음매없는동관,7411,베트남,네덜란드,2023.03,6,-0.3718678720805473,0.3718678720805473,0.16903085094570333,-0.4394802124588286,-0.4394802124588286,3,0.4394802124588286,3994018.0,4200.0
44,이음매없는동관,7411,베트남,대만,2023.03,6,0.15179418517972906,0.8451542547285166,-0.6546536707079772,-0.4394802124588286,-0.6546536707079772,2,0.6546536707079772,3994018.0,78.0
44,이음매없는동관,7411,베트남,독일,2023.03,6,-0.14285714285714288,0.3142857142857143,0.028571428571428574,-0.7714285714285715,-0.7714285714285715,3,0.7714285714285715,3994018.0,16750.0
44,이음매없는동관,7411,베트남,룩셈부르그,2023.03,6,-0.13093073414159545,0.13093073414159545,0.6546536707079772,,-0.13093073414159545,0,0.13093073414159545,3994018.0,5.0
44,이음매없는동관,7411,베트남,말레이시아,2023.03,6,-0.2571428571428572,-0.48571428571428577,0.942857142857143,-0.2571428571428572,-0.48571428571428577,1,0.48571428571428577,3994018.0,895402.0
44,이음매없는동관,7411,베트남,멕시코,2023.03,6,0.6546536707079772,,,-0.39279220242478635,-0.39279220242478635,3,0.39279220242478635,3994018.0,4011.0
44,이음매없는동관,7411,베트남,미국,2023.03,6,0.08571428571428573,-0.7714285714285715,0.6,-0.2,-0.7714285714285715,1,0.7714285714285715,3994018.0,16091.0
44,이음매없는동관,7411,베트남,벨기에,2023.03,6,-0.13093073414159545,0.13093073414159545,0.6546536707079772,,-0.13093073414159545,0,0.13093073414159545,3994018.0,34.0
44,이음매없는동관,7411,베트남,스위스,2023.03,6,,,,-0.39279220242478635,-0.39279220242478635,3,0.39279220242478635,3994018.0,3.0
44,이음매없는동관,7411,베트남,슬로베니아,2023.03,6,0.3188740696088466,-0.2732295333235123,0.6375355777548621,0.6761234037828133,-0.2732295333235123,1,0.2732295333235123,3994018.0,53.0
44,이음매없는동관,7411,베트남,싱가포르,2023.03,6,0.4140393356054126,0.0,-0.13093073414159545,0.13093073414159545,-0.13093073414159545,2,0.13093073414159545,3994018.0,2.0
44,이음매없는동관,7411,베트남,아일랜드,2023.03,6,-0.2704493615131253,0.7775419143502353,-0.6546536707079772,-0.13093073414159545,-0.6546536707079772,2,0.6546536707079772,3994018.0,752.0
44,이음매없는동관,7411,베트남,에스토니아,2023.03,6,0.6546536707079772,,,,0.6546536707079772,0,0.0,3994018.0,4.0
44,이음매없는동관,7411,베트남,영국,2023.03,6,0.3478626213914691,0.030358837035945815,0.033806170189140665,0.3946648814672956,0.030358837035945815,1,0.0,3994018.0,1986.0
44,이음매없는동관,7411,베트남,오스트리아,2023.03,6,0.13093073414159545,0.6546536707079772,,-0.39279220242478635,-0.39279220242478635,3,0.39279220242478635,3994018.0,17057.0
44,이음매없는동관,7411,베트남,요르단,2023.03,6,0.13093073414159545,0.6546536707079772,,,0.13093073414159545,0,0.0,3994018.0,10450.0
44,이음매없는동관,7411,베트남,이탈리아,2023.03,6,0.21251185925162072,0.3946648814672956,0.50709255283711,-0.2704493615131253,-0.2704493615131253,3,0.2704493615131253,3994018.0,35.0
44,이음매없는동관,7411,베트남,인도,2023.03,6,0.7589709258986453,-0.16903085094570333,-0.13093073414159545,-0.13522468075656266,-0.16903085094570333,1,0.16903085094570333,3994018.0,80.0
44,이음매없는동관,7411,베트남,인도네시아,2023.03,6,,,,-0.39279220242478635,-0.39279220242478635,3,0.39279220242478635,3994018.0,4115.0
44,이음매없는동관,7411,베트남,일본,2023.03,6,-0.6,-0.14285714285714288,0.2,-0.6571428571428573,-0.6571428571428573,3,0.6571428571428573,3994018.0,17103.0
44,이음매없는동관,7411,베트남,체코공화국,2023.03,6,0.44136741475237473,-0.6179143806533246,-0.08827348295047495,-0.8696565534786727,-0.8696565534786727,3,0.8696565534786727,3994018.0,35.0
44,이음매없는동관,7411,베트남,카타르,2023.03,6,,-0.39279220242478635,0.39279220242478635,-0.6546536707079772,-0.6546536707079772,3,0.6546536707079772,3994018.0,1.0
44,이음매없는동관,7411,베트남,태국,2023.03,6,-0.6,-0.14285714285714288,0.4285714285714286,0.4285714285714286,-0.6,0,0.6,3994018.0,2339539.0
44,이음매없는동관,7411,베트남,튀니지,2023.03,6,-0.2571428571428572,-0.2,-0.08571428571428573,0.3478626213914691,-0.2571428571428572,0,0.2571428571428572,3994018.0,58.0
44,이음매없는동관,7411,베트남,튀르키예,2023.03,6,0.13093073414159545,0.6546536707079772,,,0.13093073414159545,0,0.0,3994018.0,5.0
44,이음매없는동관,7411,베트남,폴란드,2023.03,6,-0.33806170189140666,-0.5408987230262506,0.033806170189140665,0.15179418517972906,-0.5408987230262506,1,0.5408987230262506,3994018.0,142.0
44,이음매없는동관,7411,베트남,프랑스,2023.03,6,-0.057977103565244846,0.3188740696088466,-0.1765469659009499,0.6172133998483678,-0.1765469659009499,2,0.1765469659009499,3994018.0,615.0
44,이음매없는동관,7411,베트남,핀란드,2023.03,6,0.13093073414159545,0.6546536707079772,,-0.39279220242478635,-0.39279220242478635,3,0.39279220242478635,3994018.0,2905.0
44,이음매없는동관,7411,베트남,필리핀,2023.03,6,0.3142857142857143,-0.14285714285714288,0.942857142857143,-0.11595420713048969,-0.14285714285714288,1,0.14285714285714288,3994018.0,4333.0
44,이음매없는동관,7411,중국,네덜란드,2023.03,6,-0.2704493615131253,0.30425553170226594,-0.06761234037828133,-0.13522468075656266,-0.2704493615131253,0,0.2704493615131253,3503324.0,4200.0
44,이음매없는동관,7411,중국,대만,2023.03,6,0.15179418517972906,0.7775419143502353,-0.6546536707079772,-0.13522468075656266,-0.6546536707079772,2,0.6546536707079772,3503324.0,78.0
44,이음매없는동관,7411,중국,독일,2023.03,6,0.08571428571428573,0.7714285714285715,-0.08571428571428573,-0.8857142857142858,-0.8857142857142858,3,0.8857142857142858,3503324.0,16750.0
44,이음매없는동관,7411,중국,룩셈부르그,2023.03,6,-0.39279220242478635,-0.13093073414159545,0.39279220242478635,,-0.39279220242478635,0,0.39279220242478635,3503324.0,5.0
44,이음매없는동관,7411,중국,말레이시아,2023.03,6,-0.3714285714285715,-0.4285714285714286,0.6,-0.48571428571428577,-0.48571428571428577,3,0.48571428571428577,3503324.0,895402.0
44,이음매없는동관,7411,중국,멕시코,2023.03,6,0.39279220242478635,,,0.13093073414159545,0.13093073414159545,3,0.0,3503324.0,4011.0
44,이음매없는동관,7411,중국,미국,2023.03,6,-0.028571428571428574,-0.8285714285714287,0.14285714285714288,-0.48571428571428577,-0.8285714285714287,1,0.8285714285714287,3503324.0,16091.0
44,이음매없는동관,7411,중국,벨기에,2023.03,6,-0.39279220242478635,-0.13093073414159545,0.39279220242478635,,-0.39279220242478635,0,0.39279220242478635,3503324.0,34.0
44,이음매없는동관,7411,중국,스위스,2023.03,6,,,,0.13093073414159545,0.13093073414159545,3,0.0,3503324.0,3.0
44,이음매없는동관,7411,중국,슬로베니아,2023.03,6,-0.057977103565244846,-0.6982532518267538,0.09107651110783746,0.2704493615131253,-0.6982532518267538,1,0.6982532518267538,3503324.0,53.0
44,이음매없는동관,7411,중국,싱가포르,2023.03,6,0.4140393356054126,-0.2070196678027063,-0.39279220242478635,-0.13093073414159545,-0.39279220242478635,2,0.39279220242478635,3503324.0,2.0
44,이음매없는동관,7411,중국,아일랜드,2023.03,6,0.033806170189140665,0.8451542547285166,-0.6546536707079772,-0.39279220242478635,-0.6546536707079772,2,0.6546536707079772,3503324.0,752.0
44,이음매없는동관,7411,중국,에스토니아,2023.03,6,0.39279220242478635,,,,0.39279220242478635,0,0.0,3503324.0,4.0
44,이음매없는동관,7411,중국,영국,2023.03,6,0.028988551782622423,-0.3946648814672956,-0.3718678720805473,0.3946648814672956,-0.3946648814672956,1,0.3946648814672956,3503324.0,1986.0
44,이음매없는동관,7411,중국,오스트리아,2023.03,6,-0.13093073414159545,0.39279220242478635,,0.13093073414159545,-0.13093073414159545,0,0.13093073414159545,3503324.0,17057.0
44,이음매없는동관,7411,중국,요르단,2023.03,6,-0.13093073414159545,0.39279220242478635,,,-0.13093073414159545,0,0.13093073414159545,3503324.0,10450.0
44,이음매없는동관,7411,중국,이탈리아,2023.03,6,-0.09107651110783746,-0.030358837035945815,0.101418510567422,0.033806170189140665,-0.09107651110783746,0,0.09107651110783746,3503324.0,35.0
44,이음매없는동관,7411,중국,인도,2023.03,6,0.6982532518267538,-0.33806170189140666,-0.39279220242478635,-0.033806170189140665,-0.39279220242478635,2,0.39279220242478635,3503324.0,80.0
44,이음매없는동관,7411,중국,인도네시아,2023.03,6,,,,0.13093073414159545,0.13093073414159545,3,0.0,3503324.0,4115.0
44,이음매없는동관,7411,중국,일본,2023.03,6,-0.3714285714285715,0.2571428571428572,0.08571428571428573,-0.5428571428571429,-0.5428571428571429,3,0.5428571428571429,3503324.0,17103.0
44,이음매없는동관,7411,중국,체코공화국,2023.03,6,0.7061878636037996,0.0,-0.08827348295047495,-0.6377481392176932,-0.6377481392176932,3,0.6377481392176932,3503324.0,35.0
44,이음매없는동관,7411,중국,카타르,2023.03,6,,0.13093073414159545,0.6546536707079772,-0.6546536707079772,-0.6546536707079772,3,0.6546536707079772,3503324.0,1.0
44,이음매없는동관,7411,중국,태국,2023.03,6,-0.48571428571428577,-0.6,-0.2,-0.028571428571428574,-0.6,1,0.6,3503324.0,2339539.0
44,이음매없는동관,7411,중국,튀니지,2023.03,6,0.028571428571428574,-0.5428571428571429,-0.6571428571428573,-0.2608969660436018,-0.6571428571428573,2,0.6571428571428573,3503324.0,58.0
44,이음매없는동관,7411,중국,튀르키예,2023.03,6,-0.13093073414159545,0.39279220242478635,,,-0.13093073414159545,0,0.13093073414159545,3503324.0,5.0
44,이음매없는동관,7411,중국,폴란드,2023.03,6,-0.16903085094570333,-0.7775419143502353,-0.3718678720805473,0.33394720739540396,-0.7775419143502353,1,0.7775419143502353,3503324.0,142.0
44,이음매없는동관,7411,중국,프랑스,2023.03,6,-0.20291986247835697,-0.11595420713048969,-0.7061878636037996,0.06172133998483677,-0.7061878636037996,2,0.7061878636037996,3503324.0,615.0
44,이음매없는동관,7411,중국,핀란드,2023.03,6,-0.13093073414159545,0.39279220242478635,,0.13093073414159545,-0.13093073414159545,0,0.13093073414159545,3503324.0,2905.0
44,이음매없는동관,7411,중국,필리핀,2023.03,6,-0.2571428571428572,-0.2571428571428572,0.6,-0.5507824838698261,-0.5507824838698261,3,0.5507824838698261,3503324.0,4333.0
45,폴리아미드필름,392092,중국,네덜란드,2023.02,6,-0.08571428571428573,-0.08571428571428573,-0.4285714285714286,-0.08571428571428573,-0.4285714285714286,2,0.4285714285714286,6497797.0,59916.0
45,폴리아미드필름,392092,중국,노르웨이,2023.02,6,0.39279220242478635,0.13093073414159545,,,0.13093073414159545,1,0.0,6497797.0,1.0
45,폴리아미드필름,392092,중국,대만,2023.02,6,-0.14285714285714288,-0.2571428571428572,0.4285714285714286,0.48571428571428577,-0.2571428571428572,1,0.2571428571428572,6497797.0,1104562.0
45,폴리아미드필름,392092,중국,독일,2023.02,6,-0.2,-0.3142857142857143,0.4285714285714286,0.46381682852195877,-0.3142857142857143,1,0.3142857142857143,6497797.0,1925.0
45,폴리아미드필름,392092,중국,러시아 연방,2023.02,6,-0.5507824838698261,-0.2732295333235123,0.3946648814672956,0.8451542547285166,-0.5507824838698261,0,0.5507824838698261,6497797.0,1750.0
45,폴리아미드필름,392092,중국,미국,2023.02,6,0.2571428571428572,0.2,-0.3714285714285715,0.14285714285714288,-0.3714285714285715,2,0.3714285714285715,6497797.0,35384.0
45,폴리아미드필름,392092,중국,벨기에,2023.02,6,-0.028988551782622423,0.030358837035945815,0.33394720739540396,0.8451542547285166,-0.028988551782622423,0,0.028988551782622423,6497797.0,12161.0
45,폴리아미드필름,392092,중국,스위스,2023.02,6,,-0.6546536707079772,-0.39279220242478635,-0.13093073414159545,-0.6546536707079772,1,0.6546536707079772,6497797.0,1.0
45,폴리아미드필름,392092,중국,영국,2023.02,6,-0.33946736991660226,-0.46291004988627577,-0.21602468994692872,0.33946736991660226,-0.46291004988627577,1,0.46291004988627577,6497797.0,26.0
45,폴리아미드필름,392092,중국,오스트리아,2023.02,6,-0.13093073414159545,0.6546536707079772,0.39279220242478635,0.13093073414159545,-0.13093073414159545,0,0.13093073414159545,6497797.0,1277.0
45,폴리아미드필름,392092,중국,우즈베키스탄,2023.02,6,-0.39279220242478635,-0.13093073414159545,0.6546536707079772,0.39279220242478635,-0.39279220242478635,0,0.39279220242478635,6497797.0,3.0
45,폴리아미드필름,392092,중국,이스라엘,2023.02,6,0.6546536707079772,0.39279220242478635,0.13093073414159545,,0.13093073414159545,2,0.0,6497797.0,4.0
45,폴리아미드필름,392092,중국,이탈리아,2023.02,6,0.4394802124588286,0.13093073414159545,,,0.13093073414159545,1,0.0,6497797.0,6813.0
45,폴리아미드필름,392092,중국,일본,2023.02,6,-0.2571428571428572,-0.14285714285714288,-0.7142857142857143,0.2571428571428572,-0.7142857142857143,2,0.7142857142857143,6497797.0,168718.0
45,폴리아미드필름,392092,중국,캐나다,2023.02,6,0.13522468075656266,0.21251185925162072,-0.21251185925162072,-0.15179418517972906,-0.21251185925162072,2,0.21251185925162072,6497797.0,13536.0
45,폴리아미드필름,392092,중국,프랑스,2023.02,6,-0.101418510567422,-0.033806170189140665,0.6546536707079772,0.39279220242478635,-0.101418510567422,0,0.101418510567422,6497797.0,68.0
45,폴리아미드필름,392092,중국,핀란드,2023.02,6,0.13093073414159545,,-0.6546536707079772,-0.39279220242478635,-0.6546536707079772,2,0.6546536707079772,6497797.0,2452.0
46,수산화알루미늄,281830,중국,네덜란드,2023.04,6,0.17393131069573456,-0.2,-0.2571428571428572,-0.028571428571428574,-0.2571428571428572,2,0.2571428571428572,73861202.0,25340.0
46,수산화알루미늄,281830,중국,덴마크,2023.04,6,0.3714285714285715,0.3478626213914691,-0.08696565534786728,-0.5507824838698261,-0.5507824838698261,3,0.5507824838698261,73861202.0,3330.0
46,수산화알루미늄,281830,중국,독일,2023.04,6,-0.028571428571428574,0.8857142857142858,-0.48571428571428577,-0.48571428571428577,-0.48571428571428577,2,0.48571428571428577,73861202.0,2305656.0
46,수산화알루미늄,281830,중국,미국,2023.04,6,0.4285714285714286,0.4285714285714286,-0.3142857142857143,-0.48571428571428577,-0.48571428571428577,3,0.48571428571428577,73861202.0,627263.0
46,수산화알루미늄,281830,중국,베트남,2023.04,6,-0.46381682852195877,0.3946648814672956,-0.057977103565244846,-0.5797710356524484,-0.5797710356524484,3,0.5797710356524484,73861202.0,69723909.0
46,수산화알루미늄,281830,중국,보스니아-헤르체고비나,2023.04,6,0.50709255283711,-0.33806170189140666,-0.13093073414159545,0.39279220242478635,-0.33806170189140666,1,0.33806170189140666,73861202.0,1020.0
46,수산화알루미늄,281830,중국,사우디아라비아,2023.04,6,,,,-0.39279220242478635,-0.39279220242478635,3,0.39279220242478635,73861202.0,1.0
46,수산화알루미늄,281830,중국,스페인,2023.04,6,-0.13093073414159545,0.39279220242478635,,,-0.13093073414159545,0,0.13093073414159545,73861202.0,24003.0
46,수산화알루미늄,281830,중국,이탈리아,2023.04,6,-0.21251185925162072,0.030358837035945815,-0.3530939318018998,0.18516401995451032,-0.3530939318018998,2,0.3530939318018998,73861202.0,911.0
46,수산화알루미늄,281830,중국,인도,2023.04,6,0.3714285714285715,0.5428571428571429,-0.3142857142857143,-0.7142857142857143,-0.7142857142857143,3,0.7142857142857143,73861202.0,4670706.0
46,수산화알루미늄,281830,중국,인도네시아,2023.04,6,-0.028571428571428574,0.3714285714285715,-0.4285714285714286,-0.3714285714285715,-0.4285714285714286,2,0.4285714285714286,73861202.0,30407281.0
46,수산화알루미늄,281830,중국,일본,2023.04,6,0.942857142857143,0.08571428571428573,-0.6,0.028571428571428574,-0.6,2,0.6,73861202.0,1219654.0
46,수산화알루미늄,281830,중국,체코공화국,2023.04,6,0.0,0.8280786712108252,-0.6546536707079772,-0.13093073414159545,-0.6546536707079772,2,0.6546536707079772,73861202.0,2.0
46,수산화알루미늄,281830,중국,튀르키예,2023.04,6,-0.13093073414159545,0.39279220242478635,,-0.39279220242478635,-0.39279220242478635,3,0.39279220242478635,73861202.0,3.0
46,수산화알루미늄,281830,중국,폴란드,2023.04,6,-0.39279220242478635,0.13093073414159545,0.6546536707079772,-0.6546536707079772,-0.6546536707079772,3,0.6546536707079772,73861202.0,1.0
46,수산화알루미늄,281830,중국,프랑스,2023.04,6,0.753702346348183,-0.1471224715841249,-0.1765469659009499,-0.3768511731740915,-0.3768511731740915,3,0.3768511731740915,73861202.0,1135926.0
46,수산화알루미늄,281830,중국,헝가리,2023.04,6,0.13093073414159545,0.6546536707079772,-0.6546536707079772,-0.13093073414159545,-0.6546536707079772,2,0.6546536707079772,73861202.0,1.0
46,수산화알루미늄,281830,호주,네덜란드,2023.04,6,-0.3676470588235294,-0.5217939320872036,-0.23190841426097936,0.11595420713048968,-0.5217939320872036,1,0.5217939320872036,2000010.0,25340.0
46,수산화알루미늄,281830,호주,덴마크,2023.04,6,0.14494275891311212,-0.25,-0.6470588235294118,-0.04411764705882353,-0.6470588235294118,2,0.6470588235294118,2000010.0,3330.0
46,수산화알루미늄,281830,호주,독일,2023.04,6,0.20291986247835694,-0.753702346348183,-0.11595420713048968,0.753702346348183,-0.753702346348183,1,0.753702346348183,2000010.0,2305656.0
46,수산화알루미늄,281830,호주,미국,2023.04,6,-0.05797710356524484,-0.3768511731740915,-0.34786262139146906,0.0,-0.3768511731740915,1,0.3768511731740915,2000010.0,627263.0
46,수산화알루미늄,281830,호주,베트남,2023.04,6,0.10294117647058824,-0.06160411036336974,-0.2647058823529412,1.0,-0.2647058823529412,2,0.2647058823529412,2000010.0,69723909.0
46,수산화알루미늄,281830,호주,보스니아-헤르체고비나,2023.04,6,-0.39444674582777034,-0.46304617988477387,0.13284223283101432,-0.5313689313240573,-0.5313689313240573,3,0.5313689313240573,2000010.0,1020.0
46,수산화알루미늄,281830,호주,사우디아라비아,2023.04,6,,,,0.6642111641550715,0.6642111641550715,3,0.0,2000010.0,1.0
46,수산화알루미늄,281830,호주,스페인,2023.04,6,0.13284223283101432,-0.5313689313240573,,,-0.5313689313240573,1,0.5313689313240573,2000010.0,24003.0
46,수산화알루미늄,281830,호주,이탈리아,2023.04,6,-0.09240616554505462,-0.3080205518168487,-0.1343433226559697,0.18786728732554486,-0.3080205518168487,1,0.3080205518168487,2000010.0,911.0
46,수산화알루미늄,281830,호주,인도,2023.04,6,0.4638168285219587,-0.5217939320872036,-0.34786262139146906,0.4928053803045812,-0.5217939320872036,1,0.5217939320872036,2000010.0,4670706.0
46,수산화알루미늄,281830,호주,인도네시아,2023.04,6,-0.550782483869826,-0.6377481392176932,0.11595420713048968,0.898645105261295,-0.6377481392176932,1,0.6377481392176932,2000010.0,30407281.0
46,수산화알루미늄,281830,호주,일본,2023.04,6,-0.4638168285219587,-0.550782483869826,0.4058397249567139,0.43482827673933633,-0.550782483869826,1,0.550782483869826,2000010.0,1219654.0
46,수산화알루미늄,281830,호주,체코공화국,2023.04,6,0.420084025208403,-0.840168050416806,-0.13284223283101432,0.13284223283101432,-0.840168050416806,1,0.840168050416806,2000010.0,2.0
46,수산화알루미늄,281830,호주,튀르키예,2023.04,6,0.13284223283101432,-0.5313689313240573,,0.6642111641550715,-0.5313689313240573,1,0.5313689313240573,2000010.0,3.0
46,수산화알루미늄,281830,호주,폴란드,2023.04,6,0.6642111641550715,0.39852669849304295,-0.5313689313240573,-0.13284223283101432,-0.5313689313240573,2,0.5313689313240573,2000010.0,1.0
46,수산화알루미늄,281830,호주,프랑스,2023.04,6,-0.6176470588235294,-0.3134677528639293,-0.447811075519899,0.27941176470588236,-0.6176470588235294,0,0.6176470588235294,2000010.0,1135926.0
46,수산화알루미늄,281830,호주,헝가리,2023.04,6,0.39852669849304295,-0.5313689313240573,-0.13284223283101432,0.13284223283101432,-0.5313689313240573,1,0.5313689313240573,2000010.0,1.0
47,페로실리코망간,720230,베트남,네덜란드,2023.07,6,0.39279220242478635,-0.39279220242478635,,,-0.39279220242478635,1,0.39279220242478635,7372002.0,22.0
47,페로실리코망간,720230,베트남,노르웨이,2023.07,6,0.4140393356054126,-0.8280786712108252,0.4140393356054126,0.4140393356054126,-0.8280786712108252,1,0.8280786712108252,7372002.0,300000.0
47,페로실리코망간,720230,베트남,말레이시아,2023.07,6,0.2571428571428572,-0.7142857142857143,0.028571428571428574,-0.14285714285714288,-0.7142857142857143,1,0.7142857142857143,7372002.0,58927934.0
47,페로실리코망간,720230,베트남,부탄,2023.07,6,0.8804062740424288,-0.2732295333235123,-0.15179418517972906,0.18516401995451032,-0.2732295333235123,1,0.2732295333235123,7372002.0,2867000.0
47,페로실리코망간,720230,베트남,브라질,2023.07,6,,-0.13093073414159545,0.13093073414159545,-0.6546536707079772,-0.6546536707079772,3,0.6546536707079772,7372002.0,19000.0
47,페로실리코망간,720230,베트남,조지아,2023.07,6,,-0.13093073414159545,0.13093073414159545,-0.6546536707079772,-0.6546536707079772,3,0.6546536707079772,7372002.0,5.0
47,페로실리코망간,720230,베트남,중국,2023.07,6,0.6546536707079772,0.13522468075656266,-0.13522468075656266,-0.6761234037828133,-0.6761234037828133,3,0.6761234037828133,7372002.0,200034.0
47,페로실리코망간,720230,베트남,홍콩,2023.07,6,,-0.13093073414159545,0.13093073414159545,-0.6546536707079772,-0.6546536707079772,3,0.6546536707079772,7372002.0,1.0
47,페로실리코망간,720230,인도,네덜란드,2023.07,6,0.6546536707079772,0.39279220242478635,,,0.39279220242478635,1,0.0,2128001.0,22.0
47,페로실리코망간,720230,인도,노르웨이,2023.07,6,0.2070196678027063,-0.2070196678027063,0.0,0.2070196678027063,-0.2070196678027063,1,0.2070196678027063,2128001.0,300000.0
47,페로실리코망간,720230,인도,말레이시아,2023.07,6,0.08571428571428573,-0.6571428571428573,-0.6,-0.6,-0.6571428571428573,1,0.6571428571428573,2128001.0,58927934.0
47,페로실리코망간,720230,인도,부탄,2023.07,6,0.15179418517972906,0.33394720739540396,0.33394720739540396,-0.12344267996967354,-0.12344267996967354,3,0.12344267996967354,2128001.0,2867000.0
47,페로실리코망간,720230,인도,브라질,2023.07,6,,-0.13093073414159545,-0.39279220242478635,-0.6546536707079772,-0.6546536707079772,3,0.6546536707079772,2128001.0,19000.0
47,페로실리코망간,720230,인도,조지아,2023.07,6,,-0.13093073414159545,-0.39279220242478635,-0.6546536707079772,-0.6546536707079772,3,0.6546536707079772,2128001.0,5.0
47,페로실리코망간,720230,인도,중국,2023.07,6,0.13093073414159545,0.30425553170226594,-0.101418510567422,-0.6761234037828133,-0.6761234037828133,3,0.6761234037828133,2128001.0,200034.0
47,페로실리코망간,720230,인도,홍콩,2023.07,6,,-0.13093073414159545,-0.39279220242478635,-0.6546536707079772,-0.6546536707079772,3,0.6546536707079772,2128001.0,1.0
48,도공(coated) 인쇄용지,4810,일본,남아프리카공화국,2024.03,6,0.6546536707079772,0.39279220242478635,-0.13093073414159545,-0.6546536707079772,-0.6546536707079772,3,0.6546536707079772,7235707.0,1.0
48,도공(coated) 인쇄용지,4810,일본,네덜란드,2024.03,6,-0.8332380897952965,-0.49377071987869414,0.6761234037828133,0.7775419143502353,-0.8332380897952965,0,0.8332380897952965,7235707.0,7383.0
48,도공(coated) 인쇄용지,4810,일본,뉴질랜드,2024.03,6,-0.8857142857142858,-0.14285714285714288,0.3714285714285715,-0.08571428571428573,-0.8857142857142858,0,0.8857142857142858,7235707.0,550268.0
48,도공(coated) 인쇄용지,4810,일본,대만,2024.03,6,0.3714285714285715,0.08571428571428573,0.6,-0.2571428571428572,-0.2571428571428572,3,0.2571428571428572,7235707.0,854571.0
48,도공(coated) 인쇄용지,4810,일본,덴마크,2024.03,6,-0.08571428571428573,0.028988551782622423,-0.030358837035945815,-0.6982532518267538,-0.6982532518267538,3,0.6982532518267538,7235707.0,80.0
48,도공(coated) 인쇄용지,4810,일본,독일,2024.03,6,0.8285714285714287,-0.2571428571428572,-0.14285714285714288,-0.3142857142857143,-0.3142857142857143,3,0.3142857142857143,7235707.0,2899795.0
48,도공(coated) 인쇄용지,4810,일본,말레이시아,2024.03,6,0.3142857142857143,0.2,0.2,-0.5428571428571429,-0.5428571428571429,3,0.5428571428571429,7235707.0,3567318.0
48,도공(coated) 인쇄용지,4810,일본,멕시코,2024.03,6,0.7775419143502353,0.13522468075656266,-0.6761234037828133,-0.6546536707079772,-0.6761234037828133,2,0.6761234037828133,7235707.0,98.0
48,도공(coated) 인쇄용지,4810,일본,몽골,2024.03,6,-0.39279220242478635,0.13093073414159545,0.6546536707079772,0.39279220242478635,-0.39279220242478635,0,0.39279220242478635,7235707.0,45.0
48,도공(coated) 인쇄용지,4810,일본,미국,2024.03,6,-0.3714285714285715,-0.14285714285714288,-0.08571428571428573,0.14285714285714288,-0.3714285714285715,0,0.3714285714285715,7235707.0,18254316.0
48,도공(coated) 인쇄용지,4810,일본,미얀마,2024.03,6,0.39279220242478635,-0.13093073414159545,-0.6546536707079772,,-0.6546536707079772,2,0.6546536707079772,7235707.0,1.0
48,도공(coated) 인쇄용지,4810,일본,베트남,2024.03,6,0.6,0.08571428571428573,-0.14285714285714288,-0.5428571428571429,-0.5428571428571429,3,0.5428571428571429,7235707.0,326994.0
48,도공(coated) 인쇄용지,4810,일본,벨기에,2024.03,6,-0.50709255283711,0.6546536707079772,0.39279220242478635,-0.13093073414159545,-0.50709255283711,0,0.50709255283711,7235707.0,50652.0
48,도공(coated) 인쇄용지,4810,일본,브라질,2024.03,6,0.16903085094570333,0.39279220242478635,-0.13093073414159545,-0.6546536707079772,-0.6546536707079772,3,0.6546536707079772,7235707.0,23278.0
48,도공(coated) 인쇄용지,4810,일본,세이쉘,2024.03,6,-0.6546536707079772,,,,-0.6546536707079772,0,0.6546536707079772,7235707.0,50.0
48,도공(coated) 인쇄용지,4810,일본,스웨덴,2024.03,6,0.08571428571428573,-0.3142857142857143,0.48571428571428577,0.028571428571428574,-0.3142857142857143,1,0.3142857142857143,7235707.0,3028756.0
48,도공(coated) 인쇄용지,4810,일본,스위스,2024.03,6,,,,-0.39279220242478635,-0.39279220242478635,3,0.39279220242478635,7235707.0,3.0
48,도공(coated) 인쇄용지,4810,일본,스페인,2024.03,6,-0.7589709258986453,-0.50709255283711,0.6546536707079772,0.0,-0.7589709258986453,0,0.7589709258986453,7235707.0,138.0
48,도공(coated) 인쇄용지,4810,일본,싱가포르,2024.03,6,-0.14285714285714288,-0.08571428571428573,0.2571428571428572,-0.2571428571428572,-0.2571428571428572,3,0.2571428571428572,7235707.0,668736.0
48,도공(coated) 인쇄용지,4810,일본,영국,2024.03,6,-0.4285714285714286,-0.7142857142857143,0.3142857142857143,0.48571428571428577,-0.7142857142857143,1,0.7142857142857143,7235707.0,7601319.0
48,도공(coated) 인쇄용지,4810,일본,오스트리아,2024.03,6,0.3714285714285715,-0.2,0.14285714285714288,-0.3714285714285715,-0.3714285714285715,3,0.3714285714285715,7235707.0,1143915.0
48,도공(coated) 인쇄용지,4810,일본,이스라엘,2024.03,6,-0.3188740696088466,0.3768511731740915,0.5797710356524484,-0.14285714285714288,-0.3188740696088466,0,0.3188740696088466,7235707.0,776.0
48,도공(coated) 인쇄용지,4810,일본,이탈리아,2024.03,6,0.7142857142857143,0.08571428571428573,0.14285714285714288,0.08571428571428573,0.08571428571428573,1,0.0,7235707.0,2389356.0
48,도공(coated) 인쇄용지,4810,일본,인도,2024.03,6,-0.48571428571428577,0.14285714285714288,0.4285714285714286,0.4285714285714286,-0.48571428571428577,0,0.48571428571428577,7235707.0,328394.0
48,도공(coated) 인쇄용지,4810,일본,인도네시아,2024.03,6,-0.21251185925162072,0.3188740696088466,0.8804062740424288,0.17393131069573456,-0.21251185925162072,0,0.21251185925162072,7235707.0,125708.0
48,도공(coated) 인쇄용지,4810,일본,캐나다,2024.03,6,0.39279220242478635,-0.3718678720805473,-0.50709255283711,0.33806170189140666,-0.50709255283711,2,0.50709255283711,7235707.0,34.0
48,도공(coated) 인쇄용지,4810,일본,콜롬비아,2024.03,6,0.13093073414159545,0.6546536707079772,0.39279220242478635,-0.13093073414159545,-0.13093073414159545,3,0.13093073414159545,7235707.0,10632.0
48,도공(coated) 인쇄용지,4810,일본,태국,2024.03,6,0.08571428571428573,-0.2571428571428572,-0.3188740696088466,-0.8827348295047495,-0.8827348295047495,3,0.8827348295047495,7235707.0,43.0
48,도공(coated) 인쇄용지,4810,일본,튀르키예,2024.03,6,-0.6546536707079772,,,,-0.6546536707079772,0,0.6546536707079772,7235707.0,1341.0
48,도공(coated) 인쇄용지,4810,일본,포루투갈,2024.03,6,0.39279220242478635,-0.13093073414159545,-0.6546536707079772,,-0.6546536707079772,2,0.6546536707079772,7235707.0,3.0
48,도공(coated) 인쇄용지,4810,일본,프랑스,2024.03,6,0.7142857142857143,-0.2571428571428572,0.028988551782622423,-0.057977103565244846,-0.2571428571428572,1,0.2571428571428572,7235707.0,24501.0
48,도공(coated) 인쇄용지,4810,일본,필리핀,2024.03,6,-0.7142857142857143,-0.2571428571428572,0.3714285714285715,0.028988551782622423,-0.7142857142857143,0,0.7142857142857143,7235707.0,57146.0
48,도공(coated) 인쇄용지,4810,일본,호주,2024.03,6,-0.13093073414159545,-0.6546536707079772,,-0.39279220242478635,-0.6546536707079772,1,0.6546536707079772,7235707.0,209772.0
48,도공(coated) 인쇄용지,4810,일본,홍콩,2024.03,6,0.5408987230262506,0.8451542547285166,0.2704493615131253,-0.5408987230262506,-0.5408987230262506,3,0.5408987230262506,7235707.0,45390.0
48,도공(coated) 인쇄용지,4810,중국,남아프리카공화국,2024.03,6,0.13093073414159545,-0.13093073414159545,0.39279220242478635,-0.6546536707079772,-0.6546536707079772,3,0.6546536707079772,21958040.0,1.0
48,도공(coated) 인쇄용지,4810,중국,네덜란드,2024.03,6,0.46291004988627577,-0.37032803990902063,-0.13522468075656266,-0.033806170189140665,-0.37032803990902063,1,0.37032803990902063,21958040.0,7383.0
48,도공(coated) 인쇄용지,4810,중국,뉴질랜드,2024.03,6,0.2571428571428572,-0.7142857142857143,-0.4285714285714286,0.3714285714285715,-0.7142857142857143,1,0.7142857142857143,21958040.0,550268.0
48,도공(coated) 인쇄용지,4810,중국,대만,2024.03,6,0.2571428571428572,-0.14285714285714288,-0.3142857142857143,0.7714285714285715,-0.3142857142857143,2,0.3142857142857143,21958040.0,854571.0
48,도공(coated) 인쇄용지,4810,중국,덴마크,2024.03,6,-0.3142857142857143,-0.49280538030458115,-0.15179418517972906,0.5161002296110789,-0.49280538030458115,1,0.49280538030458115,21958040.0,80.0
48,도공(coated) 인쇄용지,4810,중국,독일,2024.03,6,0.3714285714285715,0.2,-0.3714285714285715,-0.08571428571428573,-0.3714285714285715,2,0.3714285714285715,21958040.0,2899795.0
48,도공(coated) 인쇄용지,4810,중국,말레이시아,2024.03,6,0.7714285714285715,-0.7142857142857143,-0.028571428571428574,-0.2,-0.7142857142857143,1,0.7142857142857143,21958040.0,3567318.0
48,도공(coated) 인쇄용지,4810,중국,멕시코,2024.03,6,-0.033806170189140665,0.2704493615131253,-0.33806170189140666,-0.6546536707079772,-0.6546536707079772,3,0.6546536707079772,21958040.0,98.0
48,도공(coated) 인쇄용지,4810,중국,몽골,2024.03,6,0.6546536707079772,-0.39279220242478635,0.13093073414159545,-0.13093073414159545,-0.39279220242478635,1,0.39279220242478635,21958040.0,45.0
48,도공(coated) 인쇄용지,4810,중국,미국,2024.03,6,-0.2571428571428572,-0.14285714285714288,-0.5428571428571429,-0.3142857142857143,-0.5428571428571429,2,0.5428571428571429,21958040.0,18254316.0
48,도공(coated) 인쇄용지,4810,중국,미얀마,2024.03,6,-0.13093073414159545,0.39279220242478635,-0.6546536707079772,,-0.6546536707079772,2,0.6546536707079772,21958040.0,1.0
48,도공(coated) 인쇄용지,4810,중국,베트남,2024.03,6,0.48571428571428577,0.08571428571428573,-0.2571428571428572,-0.08571428571428573,-0.2571428571428572,2,0.2571428571428572,21958040.0,326994.0
48,도공(coated) 인쇄용지,4810,중국,벨기에,2024.03,6,-0.8451542547285166,0.13093073414159545,-0.13093073414159545,0.39279220242478635,-0.8451542547285166,0,0.8451542547285166,21958040.0,50652.0
48,도공(coated) 인쇄용지,4810,중국,브라질,2024.03,6,-0.30425553170226594,-0.13093073414159545,0.39279220242478635,-0.6546536707079772,-0.6546536707079772,3,0.6546536707079772,21958040.0,23278.0
48,도공(coated) 인쇄용지,4810,중국,세이쉘,2024.03,6,-0.6546536707079772,,,,-0.6546536707079772,0,0.6546536707079772,21958040.0,50.0
48,도공(coated) 인쇄용지,4810,중국,스웨덴,2024.03,6,0.5428571428571429,0.028571428571428574,-0.2,0.028571428571428574,-0.2,2,0.2,21958040.0,3028756.0
48,도공(coated) 인쇄용지,4810,중국,스위스,2024.03,6,,,,0.6546536707079772,0.6546536707079772,3,0.0,21958040.0,3.0
48,도공(coated) 인쇄용지,4810,중국,스페인,2024.03,6,0.21251185925162072,-0.8451542547285166,0.13093073414159545,0.4140393356054126,-0.8451542547285166,1,0.8451542547285166,21958040.0,138.0
48,도공(coated) 인쇄용지,4810,중국,싱가포르,2024.03,6,-0.14285714285714288,-0.5428571428571429,-0.5428571428571429,0.2,-0.5428571428571429,1,0.5428571428571429,21958040.0,668736.0
48,도공(coated) 인쇄용지,4810,중국,영국,2024.03,6,0.7142857142857143,0.08571428571428573,-0.6,0.2571428571428572,-0.6,2,0.6,21958040.0,7601319.0
48,도공(coated) 인쇄용지,4810,중국,오스트리아,2024.03,6,0.7142857142857143,-0.6571428571428573,-0.08571428571428573,-0.2571428571428572,-0.6571428571428573,1,0.6571428571428573,21958040.0,1143915.0
48,도공(coated) 인쇄용지,4810,중국,이스라엘,2024.03,6,-0.6667366910003157,0.5507824838698261,-0.23190841426097938,0.7714285714285715,-0.6667366910003157,0,0.6667366910003157,21958040.0,776.0
48,도공(coated) 인쇄용지,4810,중국,이탈리아,2024.03,6,-0.4285714285714286,0.8857142857142858,-0.7714285714285715,0.3142857142857143,-0.7714285714285715,2,0.7714285714285715,21958040.0,2389356.0
48,도공(coated) 인쇄용지,4810,중국,인도,2024.03,6,0.08571428571428573,0.14285714285714288,-0.6,0.4285714285714286,-0.6,2,0.6,21958040.0,328394.0
48,도공(coated) 인쇄용지,4810,중국,인도네시아,2024.03,6,0.2732295333235123,-0.028988551782622423,-0.21251185925162072,0.6957252427829382,-0.21251185925162072,2,0.21251185925162072,21958040.0,125708.0
48,도공(coated) 인쇄용지,4810,중국,캐나다,2024.03,6,-0.13093073414159545,0.7775419143502353,-0.8451542547285166,0.5408987230262506,-0.8451542547285166,2,0.8451542547285166,21958040.0,34.0
48,도공(coated) 인쇄용지,4810,중국,콜롬비아,2024.03,6,-0.39279220242478635,0.13093073414159545,-0.13093073414159545,0.39279220242478635,-0.39279220242478635,0,0.39279220242478635,21958040.0,10632.0
48,도공(coated) 인쇄용지,4810,중국,태국,2024.03,6,-0.14285714285714288,-0.48571428571428577,-0.3768511731740915,0.0,-0.48571428571428577,1,0.48571428571428577,21958040.0,43.0
48,도공(coated) 인쇄용지,4810,중국,튀르키예,2024.03,6,-0.6546536707079772,,,,-0.6546536707079772,0,0.6546536707079772,21958040.0,1341.0
48,도공(coated) 인쇄용지,4810,중국,포루투갈,2024.03,6,-0.13093073414159545,0.39279220242478635,-0.6546536707079772,,-0.6546536707079772,2,0.6546536707079772,21958040.0,3.0
48,도공(coated) 인쇄용지,4810,중국,프랑스,2024.03,6,0.028571428571428574,0.3142857142857143,-0.3768511731740915,0.057977103565244846,-0.3768511731740915,2,0.3768511731740915,21958040.0,24501.0
48,도공(coated) 인쇄용지,4810,중국,필리핀,2024.03,6,0.08571428571428573,-0.942857142857143,-0.08571428571428573,-0.3768511731740915,-0.942857142857143,1,0.942857142857143,21958040.0,57146.0
48,도공(coated) 인쇄용지,4810,중국,호주,2024.03,6,0.39279220242478635,-0.6546536707079772,,0.6546536707079772,-0.6546536707079772,1,0.6546536707079772,21958040.0,209772.0
48,도공(coated) 인쇄용지,4810,중국,홍콩,2024.03,6,-0.2704493615131253,0.033806170189140665,0.13522468075656266,-0.06761234037828133,-0.2704493615131253,0,0.2704493615131253,21958040.0,45390.0
48,도공(coated) 인쇄용지,4810,핀란드,남아프리카공화국,2024.03,6,0.39279220242478635,-0.6546536707079772,0.13093073414159545,-0.13093073414159545,-0.6546536707079772,1,0.6546536707079772,5638055.0,1.0
48,도공(coated) 인쇄용지,4810,핀란드,네덜란드,2024.03,6,0.6172133998483678,-0.06172133998483677,0.101418510567422,-0.33806170189140666,-0.33806170189140666,3,0.33806170189140666,5638055.0,7383.0
48,도공(coated) 인쇄용지,4810,핀란드,뉴질랜드,2024.03,6,0.3142857142857143,-0.4285714285714286,-0.14285714285714288,-0.14285714285714288,-0.4285714285714286,1,0.4285714285714286,5638055.0,550268.0
48,도공(coated) 인쇄용지,4810,핀란드,대만,2024.03,6,0.08571428571428573,0.3714285714285715,-0.8285714285714287,0.7714285714285715,-0.8285714285714287,2,0.8285714285714287,5638055.0,854571.0
48,도공(coated) 인쇄용지,4810,핀란드,덴마크,2024.03,6,-0.2571428571428572,-0.1449427589131121,-0.5768179036829705,0.5161002296110789,-0.5768179036829705,2,0.5768179036829705,5638055.0,80.0
48,도공(coated) 인쇄용지,4810,핀란드,독일,2024.03,6,0.08571428571428573,-0.08571428571428573,-0.48571428571428577,0.4285714285714286,-0.48571428571428577,2,0.48571428571428577,5638055.0,2899795.0
48,도공(coated) 인쇄용지,4810,핀란드,말레이시아,2024.03,6,0.7714285714285715,-1.0,0.028571428571428574,-0.14285714285714288,-1.0,1,1.0,5638055.0,3567318.0
48,도공(coated) 인쇄용지,4810,핀란드,멕시코,2024.03,6,-0.33806170189140666,-0.30425553170226594,-0.033806170189140665,-0.13093073414159545,-0.33806170189140666,0,0.33806170189140666,5638055.0,98.0
48,도공(coated) 인쇄용지,4810,핀란드,몽골,2024.03,6,0.6546536707079772,-0.39279220242478635,0.39279220242478635,-0.6546536707079772,-0.6546536707079772,3,0.6546536707079772,5638055.0,45.0
48,도공(coated) 인쇄용지,4810,핀란드,미국,2024.03,6,-0.08571428571428573,-0.5428571428571429,-0.028571428571428574,-0.3714285714285715,-0.5428571428571429,1,0.5428571428571429,5638055.0,18254316.0
48,도공(coated) 인쇄용지,4810,핀란드,미얀마,2024.03,6,-0.6546536707079772,0.13093073414159545,-0.13093073414159545,,-0.6546536707079772,0,0.6546536707079772,5638055.0,1.0
48,도공(coated) 인쇄용지,4810,핀란드,베트남,2024.03,6,0.3142857142857143,-0.6,-0.028571428571428574,0.2,-0.6,1,0.6,5638055.0,326994.0
48,도공(coated) 인쇄용지,4810,핀란드,벨기에,2024.03,6,-0.3718678720805473,0.39279220242478635,-0.6546536707079772,0.13093073414159545,-0.6546536707079772,2,0.6546536707079772,5638055.0,50652.0
48,도공(coated) 인쇄용지,4810,핀란드,브라질,2024.03,6,0.2704493615131253,-0.6546536707079772,0.13093073414159545,-0.13093073414159545,-0.6546536707079772,1,0.6546536707079772,5638055.0,23278.0
48,도공(coated) 인쇄용지,4810,핀란드,세이쉘,2024.03,6,-0.13093073414159545,,,,-0.13093073414159545,0,0.13093073414159545,5638055.0,50.0
48,도공(coated) 인쇄용지,4810,핀란드,스웨덴,2024.03,6,0.8285714285714287,-0.028571428571428574,-0.3714285714285715,0.48571428571428577,-0.3714285714285715,2,0.3714285714285715,5638055.0,3028756.0
48,도공(coated) 인쇄용지,4810,핀란드,스위스,2024.03,6,,,,0.6546536707079772,0.6546536707079772,3,0.0,5638055.0,3.0
48,도공(coated) 인쇄용지,4810,핀란드,스페인,2024.03,6,0.33394720739540396,-0.3718678720805473,0.39279220242478635,0.0,-0.3718678720805473,1,0.3718678720805473,5638055.0,138.0
48,도공(coated) 인쇄용지,4810,핀란드,싱가포르,2024.03,6,-0.5428571428571429,-0.028571428571428574,-0.6,-0.14285714285714288,-0.6,2,0.6,5638055.0,668736.0
48,도공(coated) 인쇄용지,4810,핀란드,영국,2024.03,6,0.4285714285714286,0.2,-0.2571428571428572,0.2571428571428572,-0.2571428571428572,2,0.2571428571428572,5638055.0,7601319.0
48,도공(coated) 인쇄용지,4810,핀란드,오스트리아,2024.03,6,0.6571428571428573,-0.8857142857142858,0.08571428571428573,-0.08571428571428573,-0.8857142857142858,1,0.8857142857142858,5638055.0,1143915.0
48,도공(coated) 인쇄용지,4810,핀란드,이스라엘,2024.03,6,0.0,0.46381682852195877,-0.6957252427829382,0.942857142857143,-0.6957252427829382,2,0.6957252427829382,5638055.0,776.0
48,도공(coated) 인쇄용지,4810,핀란드,이탈리아,2024.03,6,-0.7142857142857143,0.8285714285714287,-0.942857142857143,0.6,-0.942857142857143,2,0.942857142857143,5638055.0,2389356.0
48,도공(coated) 인쇄용지,4810,핀란드,인도,2024.03,6,-0.08571428571428573,0.2,-0.2571428571428572,-0.08571428571428573,-0.2571428571428572,2,0.2571428571428572,5638055.0,328394.0
48,도공(coated) 인쇄용지,4810,핀란드,인도네시아,2024.03,6,0.15179418517972906,0.40583972495671394,-0.5161002296110789,0.11595420713048969,-0.5161002296110789,2,0.5161002296110789,5638055.0,125708.0
48,도공(coated) 인쇄용지,4810,핀란드,캐나다,2024.03,6,-0.6546536707079772,0.5408987230262506,-0.3718678720805473,0.7775419143502353,-0.6546536707079772,0,0.6546536707079772,5638055.0,34.0
48,도공(coated) 인쇄용지,4810,핀란드,콜롬비아,2024.03,6,-0.39279220242478635,0.39279220242478635,-0.6546536707079772,0.13093073414159545,-0.6546536707079772,2,0.6546536707079772,5638055.0,10632.0
48,도공(coated) 인쇄용지,4810,핀란드,태국,2024.03,6,-0.4285714285714286,-0.3714285714285715,-0.2608969660436018,0.1765469659009499,-0.4285714285714286,0,0.4285714285714286,5638055.0,43.0
48,도공(coated) 인쇄용지,4810,핀란드,튀르키예,2024.03,6,-0.13093073414159545,,,,-0.13093073414159545,0,0.13093073414159545,5638055.0,1341.0
48,도공(coated) 인쇄용지,4810,핀란드,포루투갈,2024.03,6,-0.6546536707079772,0.13093073414159545,-0.13093073414159545,,-0.6546536707079772,0,0.6546536707079772,5638055.0,3.0
48,도공(coated) 인쇄용지,4810,핀란드,프랑스,2024.03,6,-0.028571428571428574,0.2571428571428572,-0.6957252427829382,0.5797710356524484,-0.6957252427829382,2,0.6957252427829382,5638055.0,24501.0
48,도공(coated) 인쇄용지,4810,핀란드,필리핀,2024.03,6,0.4285714285714286,-0.7714285714285715,0.08571428571428573,-0.5507824838698261,-0.7714285714285715,1,0.7714285714285715,5638055.0,57146.0
48,도공(coated) 인쇄용지,4810,핀란드,호주,2024.03,6,0.13093073414159545,-0.13093073414159545,,0.6546536707079772,-0.13093073414159545,1,0.13093073414159545,5638055.0,209772.0
48,도공(coated) 인쇄용지,4810,핀란드,홍콩,2024.03,6,-0.101418510567422,-0.06761234037828133,-0.50709255283711,0.033806170189140665,-0.50709255283711,2,0.50709255283711,5638055.0,45390.0
49,백시멘트,252321,이집트,말레이시아,2024.04,6,0.6956083436402525,0.1391216687280505,0.26568446566202863,-0.3985266984930429,-0.3985266984930429,3,0.3985266984930429,5.0,6800000.0
49,백시멘트,252321,이집트,베트남,2024.04,6,-0.20000000000000007,,,,-0.20000000000000007,0,0.20000000000000007,5.0,14.0
49,백시멘트,252321,이집트,아랍에미리트 연합,2024.04,6,-0.13093073414159545,0.13093073414159545,-0.39279220242478635,0.6546536707079772,-0.39279220242478635,2,0.39279220242478635,5.0,15645000.0
49,백시멘트,252321,이집트,오스트리아,2024.04,6,,,,-0.20000000000000007,-0.20000000000000007,3,0.20000000000000007,5.0,9.0
49,백시멘트,252321,이집트,이탈리아,2024.04,6,0.46475800154489,-0.3098386676965934,-0.3098386676965934,1.0,-0.3098386676965934,1,0.3098386676965934,5.0,180.0
49,백시멘트,252321,이집트,일본,2024.04,6,-0.20000000000000007,,-0.20000000000000007,-0.20000000000000007,-0.20000000000000007,0,0.20000000000000007,5.0,790.0
49,백시멘트,252321,이집트,중국,2024.04,6,-0.6546536707079772,0.39279220242478635,0.6546536707079772,-0.13093073414159545,-0.6546536707079772,0,0.6546536707079772,5.0,2354649.0
49,백시멘트,252321,이집트,캐나다,2024.04,6,-0.20000000000000007,-0.20000000000000007,1.0,-0.20000000000000007,-0.20000000000000007,0,0.20000000000000007,5.0,300.0
49,백시멘트,252321,이집트,튀르키예,2024.04,6,-0.3098386676965934,0.7745966692414834,0.46475800154489,-0.3098386676965934,-0.3098386676965934,0,0.3098386676965934,5.0,108003.0
49,백시멘트,252321,이집트,폴란드,2024.04,6,,,,-0.20000000000000007,-0.20000000000000007,3,0.20000000000000007,5.0,4.0
50,합판,4412,중국,네덜란드,2024.07,6,0.13093073414159545,,,0.6546536707079772,0.13093073414159545,0,0.0,39440153.0,2001.0
50,합판,4412,중국,노르웨이,2024.07,6,0.06761234037828133,0.033806170189140665,-0.6546536707079772,0.39279220242478635,-0.6546536707079772,2,0.6546536707079772,39440153.0,24385.0
50,합판,4412,중국,대만,2024.07,6,0.5408987230262506,-0.13093073414159545,-0.6546536707079772,0.39279220242478635,-0.6546536707079772,2,0.6546536707079772,39440153.0,380.0
50,합판,4412,중국,독일,2024.07,6,-0.15179418517972906,-0.3946648814672956,-0.06761234037828133,0.2732295333235123,-0.3946648814672956,1,0.3946648814672956,39440153.0,237.0
50,합판,4412,중국,라트비아,2024.07,6,0.6,-0.028571428571428574,-0.2,-0.2571428571428572,-0.2571428571428572,3,0.2571428571428572,39440153.0,9030266.0
50,합판,4412,중국,러시아 연방,2024.07,6,0.028571428571428574,0.14285714285714288,0.4285714285714286,-0.7142857142857143,-0.7142857142857143,3,0.7142857142857143,39440153.0,52024760.0
50,합판,4412,중국,루마니아,2024.07,6,0.4285714285714286,0.3142857142857143,-0.08571428571428573,-0.48571428571428577,-0.48571428571428577,3,0.48571428571428577,39440153.0,21768.0
50,합판,4412,중국,말레이시아,2024.07,6,0.48571428571428577,0.028571428571428574,-0.028571428571428574,-0.14285714285714288,-0.14285714285714288,3,0.14285714285714288,39440153.0,21531792.0
50,합판,4412,중국,미국,2024.07,6,0.3142857142857143,-0.46381682852195877,0.5217939320872036,0.40583972495671394,-0.46381682852195877,1,0.46381682852195877,39440153.0,9031.0
50,합판,4412,중국,베트남,2024.07,6,0.48571428571428577,-0.028571428571428574,-0.2571428571428572,0.08571428571428573,-0.2571428571428572,2,0.2571428571428572,39440153.0,249415766.0
50,합판,4412,중국,벨기에,2024.07,6,0.2571428571428572,0.028571428571428574,-0.20291986247835697,-0.11595420713048969,-0.20291986247835697,2,0.20291986247835697,39440153.0,408822.0
50,합판,4412,중국,스웨덴,2024.07,6,0.2704493615131253,-0.7775419143502353,0.3718678720805473,-0.39279220242478635,-0.7775419143502353,1,0.7775419143502353,39440153.0,14754.0
50,합판,4412,중국,스페인,2024.07,6,-0.08571428571428573,-0.5797710356524484,-0.030358837035945815,0.5161002296110789,-0.5797710356524484,1,0.5797710356524484,39440153.0,15113.0
50,합판,4412,중국,슬로바키아,2024.07,6,0.15179418517972906,0.5161002296110789,-0.5408987230262506,-0.33806170189140666,-0.5408987230262506,2,0.5408987230262506,39440153.0,37030.0
50,합판,4412,중국,에스토니아,2024.07,6,0.6571428571428573,0.3714285714285715,0.3142857142857143,-0.2571428571428572,-0.2571428571428572,3,0.2571428571428572,39440153.0,9155007.0
50,합판,4412,중국,오스트리아,2024.07,6,0.13093073414159545,,,,0.13093073414159545,0,0.0,39440153.0,113.0
50,합판,4412,중국,이집트,2024.07,6,-0.13093073414159545,-0.6546536707079772,0.39279220242478635,-0.39279220242478635,-0.6546536707079772,1,0.6546536707079772,39440153.0,7677.0
50,합판,4412,중국,이탈리아,2024.07,6,0.46381682852195877,-0.8116794499134279,0.8285714285714287,-0.43482827673933633,-0.8116794499134279,1,0.8116794499134279,39440153.0,61434.0
50,합판,4412,중국,인도,2024.07,6,-0.101418510567422,-0.13522468075656266,0.13093073414159545,,-0.13522468075656266,1,0.13522468075656266,39440153.0,11.0
50,합판,4412,중국,인도네시아,2024.07,6,0.6,-0.942857142857143,0.3714285714285715,0.14285714285714288,-0.942857142857143,1,0.942857142857143,39440153.0,177373083.0
50,합판,4412,중국,일본,2024.07,6,0.6,-0.4285714285714286,-0.028571428571428574,0.2,-0.4285714285714286,1,0.4285714285714286,39440153.0,375120.0
50,합판,4412,중국,체코공화국,2024.07,6,,,0.6546536707079772,-0.13093073414159545,-0.13093073414159545,3,0.13093073414159545,39440153.0,23046.0
50,합판,4412,중국,칠레,2024.07,6,0.2732295333235123,0.11595420713048969,-0.2608969660436018,-0.3188740696088466,-0.3188740696088466,3,0.3188740696088466,39440153.0,791184.0
50,합판,4412,중국,태국,2024.07,6,-0.101418510567422,0.15179418517972906,0.5161002296110789,-0.5408987230262506,-0.5408987230262506,3,0.5408987230262506,39440153.0,394856.0
50,합판,4412,중국,프랑스,2024.07,6,0.8451542547285166,-0.3718678720805473,-0.50709255283711,0.39279220242478635,-0.50709255283711,2,0.50709255283711,39440153.0,18866.0
50,합판,4412,중국,핀란드,2024.07,6,0.6,0.08571428571428573,0.2,0.3142857142857143,0.08571428571428573,1,0.0,39440153.0,7414721.0
50,합판,4412,중국,헝가리,2024.07,6,0.8285714285714287,0.2571428571428572,-0.2571428571428572,-0.2571428571428572,-0.2571428571428572,2,0.2571428571428572,39440153.0,5181.0
50,합판,4412,중국,호주,2024.07,6,0.39279220242478635,-0.39279220242478635,0.13093073414159545,,-0.39279220242478635,1,0.39279220242478635,39440153.0,200.0
50,합판,4412,중국,홍콩,2024.07,6,0.13093073414159545,,,,0.13093073414159545,0,0.0,39440153.0,6.0
51,합판,4412,말레이시아,네덜란드,2024.07,6,0.6546536707079772,,,0.39279220242478635,0.39279220242478635,3,0.0,14638120.0,2001.0
51,합판,4412,말레이시아,노르웨이,2024.07,6,0.3718678720805473,0.50709255283711,-0.6546536707079772,-0.39279220242478635,-0.6546536707079772,2,0.6546536707079772,14638120.0,24385.0
51,합판,4412,말레이시아,대만,2024.07,6,0.8451542547285166,-0.13093073414159545,-0.6546536707079772,-0.39279220242478635,-0.6546536707079772,2,0.6546536707079772,14638120.0,380.0
51,합판,4412,말레이시아,독일,2024.07,6,0.21251185925162072,0.09107651110783746,-0.7775419143502353,0.21251185925162072,-0.7775419143502353,2,0.7775419143502353,14638120.0,237.0
51,합판,4412,말레이시아,라트비아,2024.07,6,0.7142857142857143,0.08571428571428573,-0.6,-0.942857142857143,-0.942857142857143,3,0.942857142857143,14638120.0,9030266.0
51,합판,4412,말레이시아,러시아 연방,2024.07,6,0.48571428571428577,0.8285714285714287,0.3714285714285715,-0.6571428571428573,-0.6571428571428573,3,0.6571428571428573,14638120.0,52024760.0
51,합판,4412,말레이시아,루마니아,2024.07,6,0.6571428571428573,0.48571428571428577,-0.48571428571428577,-1.0,-1.0,3,1.0,14638120.0,21768.0
51,합판,4412,말레이시아,미국,2024.07,6,0.7142857142857143,0.46381682852195877,0.40583972495671394,-0.17393131069573456,-0.17393131069573456,3,0.17393131069573456,14638120.0,9031.0
51,합판,4412,말레이시아,베트남,2024.07,6,0.6,0.08571428571428573,-0.7714285714285715,-0.7142857142857143,-0.7714285714285715,2,0.7714285714285715,14638120.0,249415766.0
51,합판,4412,말레이시아,벨기에,2024.07,6,0.3714285714285715,0.8857142857142858,0.057977103565244846,-0.6957252427829382,-0.6957252427829382,3,0.6957252427829382,14638120.0,408822.0
51,합판,4412,말레이시아,스웨덴,2024.07,6,-0.4394802124588286,-0.30425553170226594,0.33806170189140666,0.13093073414159545,-0.4394802124588286,0,0.4394802124588286,14638120.0,14754.0
51,합판,4412,말레이시아,스페인,2024.07,6,0.5428571428571429,0.11595420713048969,-0.5161002296110789,0.2732295333235123,-0.5161002296110789,2,0.5161002296110789,14638120.0,15113.0
51,합판,4412,말레이시아,슬로바키아,2024.07,6,0.6982532518267538,0.8196885999705371,-0.5408987230262506,-0.8451542547285166,-0.8451542547285166,3,0.8451542547285166,14638120.0,37030.0
51,합판,4412,말레이시아,에스토니아,2024.07,6,0.5428571428571429,0.6571428571428573,0.08571428571428573,-0.7714285714285715,-0.7714285714285715,3,0.7714285714285715,14638120.0,9155007.0
51,합판,4412,말레이시아,오스트리아,2024.07,6,0.6546536707079772,,,,0.6546536707079772,0,0.0,14638120.0,113.0
51,합판,4412,말레이시아,이집트,2024.07,6,-0.13093073414159545,-0.6546536707079772,-0.39279220242478635,0.13093073414159545,-0.6546536707079772,1,0.6546536707079772,14638120.0,7677.0
51,합판,4412,말레이시아,이탈리아,2024.07,6,0.46381682852195877,-0.49280538030458115,0.2,-0.46381682852195877,-0.49280538030458115,1,0.49280538030458115,14638120.0,61434.0
51,합판,4412,말레이시아,인도,2024.07,6,-0.13522468075656266,0.6761234037828133,0.6546536707079772,,-0.13522468075656266,0,0.13522468075656266,14638120.0,11.0
51,합판,4412,말레이시아,인도네시아,2024.07,6,0.08571428571428573,-0.3142857142857143,-0.14285714285714288,-0.14285714285714288,-0.3142857142857143,1,0.3142857142857143,14638120.0,177373083.0
51,합판,4412,말레이시아,일본,2024.07,6,0.3714285714285715,0.3142857142857143,-0.08571428571428573,-0.4285714285714286,-0.4285714285714286,3,0.4285714285714286,14638120.0,375120.0
51,합판,4412,말레이시아,중국,2024.07,6,0.48571428571428577,-0.08571428571428573,-0.3714285714285715,-0.6,-0.6,3,0.6,14638120.0,58269552.0
51,합판,4412,말레이시아,체코공화국,2024.07,6,,,0.39279220242478635,-0.13093073414159545,-0.13093073414159545,3,0.13093073414159545,14638120.0,23046.0
51,합판,4412,말레이시아,칠레,2024.07,6,0.3946648814672956,0.3768511731740915,-0.6667366910003157,-0.9276336570439175,-0.9276336570439175,3,0.9276336570439175,14638120.0,791184.0
51,합판,4412,말레이시아,태국,2024.07,6,-0.13522468075656266,0.8804062740424288,0.8196885999705371,-0.5408987230262506,-0.5408987230262506,3,0.5408987230262506,14638120.0,394856.0
51,합판,4412,말레이시아,프랑스,2024.07,6,0.101418510567422,-0.033806170189140665,-0.16903085094570333,-0.39279220242478635,-0.39279220242478635,3,0.39279220242478635,14638120.0,18866.0
51,합판,4412,말레이시아,핀란드,2024.07,6,0.7714285714285715,0.6,-0.028571428571428574,-0.3142857142857143,-0.3142857142857143,3,0.3142857142857143,14638120.0,7414721.0
51,합판,4412,말레이시아,헝가리,2024.07,6,0.4285714285714286,0.5428571428571429,-0.2,-0.942857142857143,-0.942857142857143,3,0.942857142857143,14638120.0,5181.0
51,합판,4412,말레이시아,호주,2024.07,6,-0.39279220242478635,0.13093073414159545,0.6546536707079772,,-0.39279220242478635,0,0.39279220242478635,14638120.0,200.0
51,합판,4412,말레이시아,홍콩,2024.07,6,0.6546536707079772,,,,0.6546536707079772,0,0.0,14638120.0,6.0
52,합판,4412,베트남,네덜란드,2024.07,6,-0.13093073414159545,,,0.6546536707079772,-0.13093073414159545,0,0.13093073414159545,154070753.0,2001.0
52,합판,4412,베트남,노르웨이,2024.07,6,0.5408987230262506,0.13522468075656266,-0.6546536707079772,-0.39279220242478635,-0.6546536707079772,2,0.6546536707079772,154070753.0,24385.0
52,합판,4412,베트남,대만,2024.07,6,0.30425553170226594,0.39279220242478635,-0.6546536707079772,-0.39279220242478635,-0.6546536707079772,2,0.6546536707079772,154070753.0,380.0
52,합판,4412,베트남,독일,2024.07,6,0.6982532518267538,-0.3946648814672956,-0.7775419143502353,0.3946648814672956,-0.7775419143502353,2,0.7775419143502353,154070753.0,237.0
52,합판,4412,베트남,라트비아,2024.07,6,0.942857142857143,0.5428571428571429,-0.14285714285714288,-0.5428571428571429,-0.5428571428571429,3,0.5428571428571429,154070753.0,9030266.0
52,합판,4412,베트남,러시아 연방,2024.07,6,0.08571428571428573,0.3142857142857143,0.4285714285714286,-0.08571428571428573,-0.08571428571428573,3,0.08571428571428573,154070753.0,52024760.0
52,합판,4412,베트남,루마니아,2024.07,6,0.942857142857143,0.7142857142857143,0.08571428571428573,-0.6,-0.6,3,0.6,154070753.0,21768.0
52,합판,4412,베트남,말레이시아,2024.07,6,0.6,0.48571428571428577,-0.08571428571428573,-0.3142857142857143,-0.3142857142857143,3,0.3142857142857143,154070753.0,21531792.0
52,합판,4412,베트남,미국,2024.07,6,0.08571428571428573,-0.028988551782622423,0.057977103565244846,0.49280538030458115,-0.028988551782622423,1,0.028988551782622423,154070753.0,9031.0
52,합판,4412,베트남,벨기에,2024.07,6,0.08571428571428573,0.4285714285714286,-0.3188740696088466,-0.5507824838698261,-0.5507824838698261,3,0.5507824838698261,154070753.0,408822.0
52,합판,4412,베트남,스웨덴,2024.07,6,-0.101418510567422,-0.30425553170226594,-0.3718678720805473,0.13093073414159545,-0.3718678720805473,2,0.3718678720805473,154070753.0,14754.0
52,합판,4412,베트남,스페인,2024.07,6,0.6,-0.3768511731740915,-0.8804062740424288,0.5161002296110789,-0.8804062740424288,2,0.8804062740424288,154070753.0,15113.0
52,합판,4412,베트남,슬로바키아,2024.07,6,0.5161002296110789,0.5161002296110789,-0.06761234037828133,-0.8451542547285166,-0.8451542547285166,3,0.8451542547285166,154070753.0,37030.0
52,합판,4412,베트남,에스토니아,2024.07,6,0.6,0.8857142857142858,0.48571428571428577,-0.08571428571428573,-0.08571428571428573,3,0.08571428571428573,154070753.0,9155007.0
52,합판,4412,베트남,오스트리아,2024.07,6,-0.13093073414159545,,,,-0.13093073414159545,0,0.13093073414159545,154070753.0,113.0
52,합판,4412,베트남,이집트,2024.07,6,0.39279220242478635,-0.6546536707079772,-0.39279220242478635,0.13093073414159545,-0.6546536707079772,1,0.6546536707079772,154070753.0,7677.0
52,합판,4412,베트남,이탈리아,2024.07,6,0.17393131069573456,-0.11595420713048969,0.08571428571428573,0.057977103565244846,-0.11595420713048969,1,0.11595420713048969,154070753.0,61434.0
52,합판,4412,베트남,인도,2024.07,6,-0.13522468075656266,-0.033806170189140665,-0.13093073414159545,,-0.13522468075656266,0,0.13522468075656266,154070753.0,11.0
52,합판,4412,베트남,인도네시아,2024.07,6,0.48571428571428577,-0.2571428571428572,-0.6,0.2571428571428572,-0.6,2,0.6,154070753.0,177373083.0
52,합판,4412,베트남,일본,2024.07,6,0.7142857142857143,0.2571428571428572,-0.48571428571428577,0.14285714285714288,-0.48571428571428577,2,0.48571428571428577,154070753.0,375120.0
52,합판,4412,베트남,중국,2024.07,6,0.48571428571428577,0.2,-0.7714285714285715,-0.3714285714285715,-0.7714285714285715,2,0.7714285714285715,154070753.0,58269552.0
52,합판,4412,베트남,체코공화국,2024.07,6,,,0.6546536707079772,0.39279220242478635,0.39279220242478635,3,0.0,154070753.0,23046.0
52,합판,4412,베트남,칠레,2024.07,6,0.8804062740424288,0.43482827673933633,-0.11595420713048969,-0.6377481392176932,-0.6377481392176932,3,0.6377481392176932,154070753.0,791184.0
52,합판,4412,베트남,태국,2024.07,6,-0.13522468075656266,0.2732295333235123,0.5161002296110789,-0.06761234037828133,-0.13522468075656266,0,0.13522468075656266,154070753.0,394856.0
52,합판,4412,베트남,프랑스,2024.07,6,0.33806170189140666,0.4394802124588286,-0.6761234037828133,-0.39279220242478635,-0.6761234037828133,2,0.6761234037828133,154070753.0,18866.0
52,합판,4412,베트남,핀란드,2024.07,6,0.6571428571428573,0.6571428571428573,0.2571428571428572,0.48571428571428577,0.2571428571428572,2,0.0,154070753.0,7414721.0
52,합판,4412,베트남,헝가리,2024.07,6,0.48571428571428577,0.942857142857143,-0.028571428571428574,-0.48571428571428577,-0.48571428571428577,3,0.48571428571428577,154070753.0,5181.0
52,합판,4412,베트남,호주,2024.07,6,-0.39279220242478635,0.13093073414159545,-0.13093073414159545,,-0.39279220242478635,0,0.39279220242478635,154070753.0,200.0
52,합판,4412,베트남,홍콩,2024.07,6,-0.13093073414159545,,,,-0.13093073414159545,0,0.13093073414159545,154070753.0,6.0
53,PET수지,390761,중국,나이지리아,2024.11,6,,,,0.6546536707079772,0.6546536707079772,3,0.0,113996334.0,72000.0
53,PET수지,390761,중국,네덜란드,2024.11,6,-0.08571428571428573,0.2571428571428572,0.4285714285714286,0.057977103565244846,-0.08571428571428573,0,0.08571428571428573,113996334.0,387027.0
53,PET수지,390761,중국,대만,2024.11,6,0.5217939320872036,-0.028988551782622423,-0.8406680016960503,-0.46381682852195877,-0.8406680016960503,2,0.8406680016960503,113996334.0,448929.0
53,PET수지,390761,중국,독일,2024.11,6,0.33806170189140666,0.7589709258986453,-0.033806170189140665,0.09107651110783746,-0.033806170189140665,2,0.033806170189140665,113996334.0,210.0
53,PET수지,390761,중국,말레이시아,2024.11,6,-0.4394802124588286,0.5161002296110789,-0.13522468075656266,0.45538255553918716,-0.4394802124588286,0,0.4394802124588286,113996334.0,68413.0
53,PET수지,390761,중국,멕시코,2024.11,6,0.13093073414159545,-0.13093073414159545,-0.6546536707079772,0.06761234037828133,-0.6546536707079772,2,0.6546536707079772,113996334.0,43547.0
53,PET수지,390761,중국,미국,2024.11,6,-0.6546536707079772,-0.39279220242478635,0.8451542547285166,0.13093073414159545,-0.6546536707079772,0,0.6546536707079772,113996334.0,6.0
53,PET수지,390761,중국,베트남,2024.11,6,0.4285714285714286,0.5428571428571429,-0.057977103565244846,-0.08696565534786728,-0.08696565534786728,3,0.08696565534786728,113996334.0,4840047.0
53,PET수지,390761,중국,스웨덴,2024.11,6,-0.033806170189140665,-0.6761234037828133,-0.7775419143502353,0.6375355777548621,-0.7775419143502353,2,0.7775419143502353,113996334.0,2398.0
53,PET수지,390761,중국,스페인,2024.11,6,0.13093073414159545,-0.13093073414159545,-0.6546536707079772,-0.39279220242478635,-0.6546536707079772,2,0.6546536707079772,113996334.0,995.0
53,PET수지,390761,중국,싱가포르,2024.11,6,0.39279220242478635,,,,0.39279220242478635,0,0.0,113996334.0,1.0
53,PET수지,390761,중국,아일랜드,2024.11,6,0.39279220242478635,,,,0.39279220242478635,0,0.0,113996334.0,33400.0
53,PET수지,390761,중국,알바니아,2024.11,6,-0.39279220242478635,0.39279220242478635,,,-0.39279220242478635,0,0.39279220242478635,113996334.0,2850.0
53,PET수지,390761,중국,영국,2024.11,6,0.2898855178262242,-0.1449427589131121,-0.6667366910003157,-0.11595420713048969,-0.6667366910003157,2,0.6667366910003157,113996334.0,513647.0
53,PET수지,390761,중국,오만,2024.11,6,0.13093073414159545,-0.13093073414159545,-0.6546536707079772,-0.39279220242478635,-0.6546536707079772,2,0.6546536707079772,113996334.0,1.0
53,PET수지,390761,중국,우간다,2024.11,6,,0.6546536707079772,0.13093073414159545,0.50709255283711,0.13093073414159545,2,0.0,113996334.0,238400.0
53,PET수지,390761,중국,이스라엘,2024.11,6,0.8116794499134279,-0.11595420713048969,-0.4285714285714286,-0.8285714285714287,-0.8285714285714287,3,0.8285714285714287,113996334.0,468267.0
53,PET수지,390761,중국,인도,2024.11,6,0.37032803990902063,0.15430334996209194,-0.49377071987869414,-0.12344267996967354,-0.49377071987869414,2,0.49377071987869414,113996334.0,154.0
53,PET수지,390761,중국,일본,2024.11,6,0.3142857142857143,0.7714285714285715,0.5428571428571429,0.14285714285714288,0.14285714285714288,3,0.0,113996334.0,1327529.0
53,PET수지,390761,중국,콜롬비아,2024.11,6,,,0.6546536707079772,0.13093073414159545,0.13093073414159545,3,0.0,113996334.0,7.0
53,PET수지,390761,중국,태국,2024.11,6,0.09107651110783746,-0.45538255553918716,-0.030358837035945815,0.030358837035945815,-0.45538255553918716,1,0.45538255553918716,113996334.0,134331.0
53,PET수지,390761,중국,폴란드,2024.11,6,0.13093073414159545,-0.13093073414159545,-0.6546536707079772,-0.39279220242478635,-0.6546536707079772,2,0.6546536707079772,113996334.0,94555.0
53,PET수지,390761,중국,프랑스,2024.11,6,,,0.6546536707079772,0.13093073414159545,0.13093073414159545,3,0.0,113996334.0,1.0
53,PET수지,390761,중국,필리핀,2024.11,6,0.7142857142857143,0.2571428571428572,-0.3714285714285715,-0.6,-0.6,3,0.6,113996334.0,1755340.0
54,OPP필름,392020,중국,남아프리카공화국,2025.04,6,,,,0.6546536707079772,0.6546536707079772,3,0.0,14385125.0,2.0
54,OPP필름,392020,중국,네덜란드,2025.04,6,-0.2571428571428572,0.11595420713048969,-0.7714285714285715,0.7142857142857143,-0.7714285714285715,2,0.7714285714285715,14385125.0,302755.0
54,OPP필름,392020,중국,대만,2025.04,6,0.028571428571428574,-0.43482827673933633,-0.21251185925162072,-0.6761234037828133,-0.6761234037828133,3,0.6761234037828133,14385125.0,17024.0
54,OPP필름,392020,중국,독일,2025.04,6,-0.4285714285714286,-0.8285714285714287,-0.2571428571428572,0.028571428571428574,-0.8285714285714287,1,0.8285714285714287,14385125.0,359618.0
54,OPP필름,392020,중국,말레이시아,2025.04,6,-0.3142857142857143,-0.8285714285714287,0.3142857142857143,0.6,-0.8285714285714287,1,0.8285714285714287,14385125.0,974012.0
54,OPP필름,392020,중국,멕시코,2025.04,6,-0.6546536707079772,,0.6546536707079772,0.13093073414159545,-0.6546536707079772,0,0.6546536707079772,14385125.0,22.0
54,OPP필름,392020,중국,미국,2025.04,6,-0.08571428571428573,-0.6,-0.028571428571428574,0.2571428571428572,-0.6,1,0.6,14385125.0,118633.0
54,OPP필름,392020,중국,바레인,2025.04,6,-0.39279220242478635,-0.13093073414159545,0.39279220242478635,-0.6546536707079772,-0.6546536707079772,3,0.6546536707079772,14385125.0,27.0
54,OPP필름,392020,중국,베트남,2025.04,6,-0.08571428571428573,-0.6,0.2,-0.14285714285714288,-0.6,1,0.6,14385125.0,1090200.0
54,OPP필름,392020,중국,벨기에,2025.04,6,0.3188740696088466,-0.46381682852195877,0.030358837035945815,-0.5161002296110789,-0.5161002296110789,3,0.5161002296110789,14385125.0,7843.0
54,OPP필름,392020,중국,불가리아,2025.04,6,-0.6571428571428573,-0.2608969660436018,-0.15179418517972906,0.030358837035945815,-0.6571428571428573,0,0.6571428571428573,14385125.0,10589.0
54,OPP필름,392020,중국,브라질,2025.04,6,0.6546536707079772,0.13093073414159545,-0.39279220242478635,-0.13093073414159545,-0.39279220242478635,2,0.39279220242478635,14385125.0,8.0
54,OPP필름,392020,중국,스위스,2025.04,6,-0.13093073414159545,0.39279220242478635,-0.6546536707079772,0.6546536707079772,-0.6546536707079772,2,0.6546536707079772,14385125.0,6072.0
54,OPP필름,392020,중국,스페인,2025.04,6,0.33394720739540396,-0.5161002296110789,-0.3946648814672956,0.7589709258986453,-0.5161002296110789,1,0.5161002296110789,14385125.0,21019.0
54,OPP필름,392020,중국,영국,2025.04,6,0.48571428571428577,-0.3142857142857143,-0.7247137945655605,0.1449427589131121,-0.7247137945655605,2,0.7247137945655605,14385125.0,16830.0
54,OPP필름,392020,중국,오스트리아,2025.04,6,0.3142857142857143,-0.5428571428571429,0.2,-0.2571428571428572,-0.5428571428571429,1,0.5428571428571429,14385125.0,77776.0
54,OPP필름,392020,중국,이스라엘,2025.04,6,0.39279220242478635,-0.6546536707079772,0.6546536707079772,0.13093073414159545,-0.6546536707079772,1,0.6546536707079772,14385125.0,35054.0
54,OPP필름,392020,중국,이집트,2025.04,6,0.39279220242478635,-0.6546536707079772,,,-0.6546536707079772,1,0.6546536707079772,14385125.0,19.0
54,OPP필름,392020,중국,이탈리아,2025.04,6,-0.2571428571428572,-0.4285714285714286,-0.6,0.6,-0.6,2,0.6,14385125.0,100317.0
54,OPP필름,392020,중국,인도,2025.04,6,-0.14285714285714288,-0.48571428571428577,-0.5428571428571429,-0.2571428571428572,-0.5428571428571429,2,0.5428571428571429,14385125.0,1243091.0
54,OPP필름,392020,중국,인도네시아,2025.04,6,-0.08571428571428573,-0.08571428571428573,-0.08571428571428573,0.48571428571428577,-0.08571428571428573,0,0.08571428571428573,14385125.0,2509809.0
54,OPP필름,392020,중국,일본,2025.04,6,0.08571428571428573,-0.3714285714285715,-0.2571428571428572,0.08571428571428573,-0.3714285714285715,1,0.3714285714285715,14385125.0,2038289.0
54,OPP필름,392020,중국,체코공화국,2025.04,6,,,0.6546536707079772,0.13093073414159545,0.13093073414159545,3,0.0,14385125.0,6.0
54,OPP필름,392020,중국,캄보디아,2025.04,6,-0.50709255283711,-0.39279220242478635,0.50709255283711,0.8804062740424288,-0.50709255283711,0,0.50709255283711,14385125.0,28.0
54,OPP필름,392020,중국,케냐,2025.04,6,-0.6546536707079772,,,,-0.6546536707079772,0,0.6546536707079772,14385125.0,69.0
54,OPP필름,392020,중국,튀르키예,2025.04,6,-0.3946648814672956,-0.030358837035945815,-0.15179418517972906,-0.030358837035945815,-0.3946648814672956,0,0.3946648814672956,14385125.0,25162.0
54,OPP필름,392020,중국,폴란드,2025.04,6,0.2571428571428572,-0.11595420713048969,0.08571428571428573,-0.028988551782622423,-0.11595420713048969,1,0.11595420713048969,14385125.0,42923.0
54,OPP필름,392020,중국,프랑스,2025.04,6,-0.753702346348183,-0.6982532518267538,0.8196885999705371,-0.15179418517972906,-0.753702346348183,0,0.753702346348183,14385125.0,38711.0
54,OPP필름,392020,중국,핀란드,2025.04,6,-0.6761234037828133,0.39279220242478635,-0.6546536707079772,,-0.6761234037828133,0,0.6761234037828133,14385125.0,37.0
54,OPP필름,392020,중국,필리핀,2025.04,6,-0.6546536707079772,,,,-0.6546536707079772,0,0.6546536707079772,14385125.0,3292.0
54,OPP필름,392020,중국,호주,2025.04,6,0.6546536707079772,0.13093073414159545,-0.39279220242478635,-0.13093073414159545,-0.39279220242478635,2,0.39279220242478635,14385125.0,5021.0
54,OPP필름,392020,중국,홍콩,2025.04,6,,,0.6546536707079772,0.13093073414159545,0.13093073414159545,3,0.0,14385125.0,8705.0
54,OPP필름,392020,태국,남아프리카공화국,2025.04,6,,,,0.39279220242478635,0.39279220242478635,3,0.0,863478.0,2.0
54,OPP필름,392020,태국,네덜란드,2025.04,6,0.08571428571428573,-0.17393131069573456,-0.08571428571428573,-0.2571428571428572,-0.2571428571428572,3,0.2571428571428572,863478.0,302755.0
54,OPP필름,392020,태국,대만,2025.04,6,0.2571428571428572,-0.46381682852195877,-0.33394720739540396,-0.2704493615131253,-0.46381682852195877,1,0.46381682852195877,863478.0,17024.0
54,OPP필름,392020,태국,독일,2025.04,6,-0.8857142857142858,-0.2571428571428572,-0.3142857142857143,-1.0,-1.0,3,1.0,863478.0,359618.0
54,OPP필름,392020,태국,말레이시아,2025.04,6,-0.028571428571428574,0.3714285714285715,0.028571428571428574,-0.6571428571428573,-0.6571428571428573,3,0.6571428571428573,863478.0,974012.0
54,OPP필름,392020,태국,멕시코,2025.04,6,-0.39279220242478635,,0.39279220242478635,-0.13093073414159545,-0.39279220242478635,0,0.39279220242478635,863478.0,22.0
54,OPP필름,392020,태국,미국,2025.04,6,-0.08571428571428573,0.3714285714285715,0.6,-0.7714285714285715,-0.7714285714285715,3,0.7714285714285715,863478.0,118633.0
54,OPP필름,392020,태국,바레인,2025.04,6,0.6546536707079772,0.13093073414159545,-0.6546536707079772,-0.39279220242478635,-0.6546536707079772,2,0.6546536707079772,863478.0,27.0
54,OPP필름,392020,태국,베트남,2025.04,6,0.5428571428571429,0.3142857142857143,-0.08571428571428573,-0.7714285714285715,-0.7714285714285715,3,0.7714285714285715,863478.0,1090200.0
54,OPP필름,392020,태국,벨기에,2025.04,6,0.6667366910003157,0.2608969660436018,-0.09107651110783746,-0.5768179036829705,-0.5768179036829705,3,0.5768179036829705,863478.0,7843.0
54,OPP필름,392020,태국,불가리아,2025.04,6,0.4285714285714286,-0.1449427589131121,-0.8196885999705371,-0.3946648814672956,-0.8196885999705371,2,0.8196885999705371,863478.0,10589.0
54,OPP필름,392020,태국,브라질,2025.04,6,0.39279220242478635,-0.13093073414159545,0.6546536707079772,0.13093073414159545,-0.13093073414159545,1,0.13093073414159545,863478.0,8.0
54,OPP필름,392020,태국,스위스,2025.04,6,0.13093073414159545,-0.6546536707079772,-0.39279220242478635,0.39279220242478635,-0.6546536707079772,1,0.6546536707079772,863478.0,6072.0
54,OPP필름,392020,태국,스페인,2025.04,6,-0.5768179036829705,-0.5161002296110789,-0.09107651110783746,-0.5161002296110789,-0.5768179036829705,0,0.5768179036829705,863478.0,21019.0
54,OPP필름,392020,태국,영국,2025.04,6,-0.2,-0.7142857142857143,0.028988551782622423,0.0,-0.7142857142857143,1,0.7142857142857143,863478.0,16830.0
54,OPP필름,392020,태국,오스트리아,2025.04,6,0.4285714285714286,-0.4285714285714286,-0.028571428571428574,-0.2571428571428572,-0.4285714285714286,1,0.4285714285714286,863478.0,77776.0
54,OPP필름,392020,태국,이스라엘,2025.04,6,-0.6546536707079772,-0.39279220242478635,0.39279220242478635,-0.13093073414159545,-0.6546536707079772,0,0.6546536707079772,863478.0,35054.0
54,OPP필름,392020,태국,이집트,2025.04,6,-0.6546536707079772,-0.39279220242478635,,,-0.6546536707079772,0,0.6546536707079772,863478.0,19.0
54,OPP필름,392020,태국,이탈리아,2025.04,6,-0.6,-0.6,-0.3714285714285715,-0.3714285714285715,-0.6,0,0.6,863478.0,100317.0
54,OPP필름,392020,태국,인도,2025.04,6,-0.48571428571428577,-0.8285714285714287,-0.4285714285714286,-0.6,-0.8285714285714287,1,0.8285714285714287,863478.0,1243091.0
54,OPP필름,392020,태국,인도네시아,2025.04,6,-0.2571428571428572,-0.7714285714285715,0.4285714285714286,-0.14285714285714288,-0.7714285714285715,1,0.7714285714285715,863478.0,2509809.0
54,OPP필름,392020,태국,일본,2025.04,6,-0.48571428571428577,-0.6,0.7142857142857143,-0.48571428571428577,-0.6,1,0.6,863478.0,2038289.0
54,OPP필름,392020,태국,체코공화국,2025.04,6,,,0.39279220242478635,-0.13093073414159545,-0.13093073414159545,3,0.13093073414159545,863478.0,6.0
54,OPP필름,392020,태국,캄보디아,2025.04,6,-0.4394802124588286,0.6546536707079772,0.4394802124588286,-0.030358837035945815,-0.4394802124588286,0,0.4394802124588286,863478.0,28.0
54,OPP필름,392020,태국,케냐,2025.04,6,-0.39279220242478635,,,,-0.39279220242478635,0,0.39279220242478635,863478.0,69.0
54,OPP필름,392020,태국,튀르키예,2025.04,6,0.6375355777548621,-0.030358837035945815,-0.8196885999705371,-0.6375355777548621,-0.8196885999705371,2,0.8196885999705371,863478.0,25162.0
54,OPP필름,392020,태국,폴란드,2025.04,6,0.6,0.23190841426097938,0.7714285714285715,-0.46381682852195877,-0.46381682852195877,3,0.46381682852195877,863478.0,42923.0
54,OPP필름,392020,태국,프랑스,2025.04,6,-0.17393131069573456,0.3946648814672956,-0.030358837035945815,-0.6982532518267538,-0.6982532518267538,3,0.6982532518267538,863478.0,38711.0
54,OPP필름,392020,태국,핀란드,2025.04,6,-0.2704493615131253,-0.6546536707079772,-0.39279220242478635,,-0.6546536707079772,1,0.6546536707079772,863478.0,37.0
54,OPP필름,392020,태국,필리핀,2025.04,6,-0.39279220242478635,,,,-0.39279220242478635,0,0.39279220242478635,863478.0,3292.0
54,OPP필름,392020,태국,호주,2025.04,6,0.39279220242478635,-0.13093073414159545,0.6546536707079772,0.13093073414159545,-0.13093073414159545,1,0.13093073414159545,863478.0,5021.0
54,OPP필름,392020,태국,홍콩,2025.04,6,,,0.39279220242478635,-0.13093073414159545,-0.13093073414159545,3,0.13093073414159545,863478.0,8705.0
55,스테인리스강 냉간압연제품,7220,베트남,네덜란드,2025.07,6,0.49280538030458115,0.21251185925162072,-0.46381682852195877,0.030358837035945815,-0.46381682852195877,2,0.46381682852195877,98440.0,556.0
55,스테인리스강 냉간압연제품,7220,베트남,대만,2025.07,6,0.33394720739540396,0.8804062740424288,0.16903085094570333,-0.8451542547285166,-0.8451542547285166,3,0.8451542547285166,98440.0,84158.0
55,스테인리스강 냉간압연제품,7220,베트남,덴마크,2025.07,6,0.13093073414159545,,,,0.13093073414159545,0,0.0,98440.0,35.0
55,스테인리스강 냉간압연제품,7220,베트남,독일,2025.07,6,0.14285714285714288,0.6571428571428573,0.7142857142857143,0.4285714285714286,0.14285714285714288,0,0.0,98440.0,216863.0
55,스테인리스강 냉간압연제품,7220,베트남,루마니아,2025.07,6,0.39279220242478635,0.8280786712108252,0.0,-0.8280786712108252,-0.8280786712108252,3,0.8280786712108252,98440.0,6.0
55,스테인리스강 냉간압연제품,7220,베트남,말레이시아,2025.07,6,0.5161002296110789,-0.3946648814672956,0.3768511731740915,0.1449427589131121,-0.3946648814672956,1,0.3946648814672956,98440.0,149243.0
55,스테인리스강 냉간압연제품,7220,베트남,멕시코,2025.07,6,-0.13093073414159545,0.3718678720805473,0.6546536707079772,-0.6546536707079772,-0.6546536707079772,3,0.6546536707079772,98440.0,36166.0
55,스테인리스강 냉간압연제품,7220,베트남,미국,2025.07,6,0.14285714285714288,-0.08571428571428573,0.3714285714285715,0.48571428571428577,-0.08571428571428573,1,0.08571428571428573,98440.0,225050.0
55,스테인리스강 냉간압연제품,7220,베트남,벨기에,2025.07,6,0.6957252427829382,0.028571428571428574,-0.14285714285714288,-0.6377481392176932,-0.6377481392176932,3,0.6377481392176932,98440.0,1227.0
55,스테인리스강 냉간압연제품,7220,베트남,브라질,2025.07,6,,0.39279220242478635,0.6546536707079772,-0.6546536707079772,-0.6546536707079772,3,0.6546536707079772,98440.0,2.0
55,스테인리스강 냉간압연제품,7220,베트남,스웨덴,2025.07,6,0.8857142857142858,0.2571428571428572,-0.6,-0.6,-0.6,2,0.6,98440.0,262889.0
55,스테인리스강 냉간압연제품,7220,베트남,스위스,2025.07,6,0.6,-0.2571428571428572,-0.028988551782622423,-0.5507824838698261,-0.5507824838698261,3,0.5507824838698261,98440.0,128708.0
55,스테인리스강 냉간압연제품,7220,베트남,스페인,2025.07,6,0.13093073414159545,,,,0.13093073414159545,0,0.0,98440.0,3312.0
55,스테인리스강 냉간압연제품,7220,베트남,슬로베니아,2025.07,6,-0.08696565534786728,-0.028988551782622423,0.5507824838698261,-0.3188740696088466,-0.3188740696088466,3,0.3188740696088466,98440.0,2375.0
55,스테인리스강 냉간압연제품,7220,베트남,싱가포르,2025.07,6,0.15179418517972906,0.6982532518267538,-0.057977103565244846,-0.21251185925162072,-0.21251185925162072,3,0.21251185925162072,98440.0,124816.0
55,스테인리스강 냉간압연제품,7220,베트남,영국,2025.07,6,-0.39279220242478635,0.2704493615131253,0.6761234037828133,-0.33806170189140666,-0.39279220242478635,0,0.39279220242478635,98440.0,236.0
55,스테인리스강 냉간압연제품,7220,베트남,오스트리아,2025.07,6,-0.13093073414159545,0.13093073414159545,,,-0.13093073414159545,0,0.13093073414159545,98440.0,23.0
55,스테인리스강 냉간압연제품,7220,베트남,이탈리아,2025.07,6,0.2571428571428572,0.942857142857143,-0.14285714285714288,-0.6571428571428573,-0.6571428571428573,3,0.6571428571428573,98440.0,45314.0
55,스테인리스강 냉간압연제품,7220,베트남,인도,2025.07,6,0.46381682852195877,0.6377481392176932,0.40583972495671394,0.2,0.2,3,0.0,98440.0,225471.0
55,스테인리스강 냉간압연제품,7220,베트남,일본,2025.07,6,0.2571428571428572,0.7142857142857143,-0.14285714285714288,0.028571428571428574,-0.14285714285714288,2,0.14285714285714288,98440.0,2323104.0
55,스테인리스강 냉간압연제품,7220,베트남,중국,2025.07,6,0.7714285714285715,0.08571428571428573,-0.028571428571428574,0.6571428571428573,-0.028571428571428574,2,0.028571428571428574,98440.0,6461693.0
55,스테인리스강 냉간압연제품,7220,베트남,체코공화국,2025.07,6,,0.39279220242478635,0.6546536707079772,-0.6546536707079772,-0.6546536707079772,3,0.6546536707079772,98440.0,3.0
55,스테인리스강 냉간압연제품,7220,베트남,카자흐스탄,2025.07,6,-0.39279220242478635,-0.13093073414159545,0.13093073414159545,,-0.39279220242478635,0,0.39279220242478635,98440.0,19.0
55,스테인리스강 냉간압연제품,7220,베트남,크로아티아,2025.07,6,-0.39279220242478635,-0.13093073414159545,0.13093073414159545,,-0.39279220242478635,0,0.39279220242478635,98440.0,1.0
55,스테인리스강 냉간압연제품,7220,베트남,태국,2025.07,6,0.48571428571428577,0.3142857142857143,-0.2,0.057977103565244846,-0.2,2,0.2,98440.0,49562.0
55,스테인리스강 냉간압연제품,7220,베트남,포루투갈,2025.07,6,-0.13093073414159545,0.13093073414159545,,,-0.13093073414159545,0,0.13093073414159545,98440.0,300.0
55,스테인리스강 냉간압연제품,7220,베트남,폴란드,2025.07,6,-0.39279220242478635,-0.13093073414159545,0.4140393356054126,0.6546536707079772,-0.39279220242478635,0,0.39279220242478635,98440.0,2.0
55,스테인리스강 냉간압연제품,7220,베트남,프랑스,2025.07,6,0.057977103565244846,0.8116794499134279,0.2898855178262242,0.030358837035945815,0.030358837035945815,3,0.0,98440.0,2130.0
55,스테인리스강 냉간압연제품,7220,베트남,핀란드,2025.07,6,0.13093073414159545,,,0.39279220242478635,0.13093073414159545,0,0.0,98440.0,15.0
55,스테인리스강 냉간압연제품,7220,베트남,필리핀,2025.07,6,-0.39279220242478635,-0.13093073414159545,0.13093073414159545,,-0.39279220242478635,0,0.39279220242478635,98440.0,1231.0
56,석유수지,391110,대만,네덜란드,2025.08,6,0.3142857142857143,0.08571428571428573,-0.8285714285714287,-0.08571428571428573,-0.8285714285714287,2,0.8285714285714287,293000.0,885547.0
56,석유수지,391110,대만,독일,2025.08,6,0.033806170189140665,0.5768179036829705,0.33806170189140666,-0.7775419143502353,-0.7775419143502353,3,0.7775419143502353,293000.0,23900.0
56,석유수지,391110,대만,말레이시아,2025.08,6,0.6546536707079772,-0.39279220242478635,-0.6546536707079772,0.13093073414159545,-0.6546536707079772,2,0.6546536707079772,293000.0,1000.0
56,석유수지,391110,대만,미국,2025.08,6,0.48571428571428577,-0.2571428571428572,0.14285714285714288,0.5428571428571429,-0.2571428571428572,1,0.2571428571428572,293000.0,916485.0
56,석유수지,391110,대만,베트남,2025.08,6,-0.13093073414159545,0.4140393356054126,0.2070196678027063,-0.8280786712108252,-0.8280786712108252,3,0.8280786712108252,293000.0,80.0
56,석유수지,391110,대만,벨기에,2025.08,6,0.6546536707079772,-0.39279220242478635,-0.6546536707079772,0.13093073414159545,-0.6546536707079772,2,0.6546536707079772,293000.0,20.0
56,석유수지,391110,대만,스위스,2025.08,6,,,-0.13093073414159545,0.6546536707079772,-0.13093073414159545,2,0.13093073414159545,293000.0,2.0
56,석유수지,391110,대만,스페인,2025.08,6,-0.13093073414159545,0.6546536707079772,-0.39279220242478635,-0.6546536707079772,-0.6546536707079772,3,0.6546536707079772,293000.0,2.0
56,석유수지,391110,대만,싱가포르,2025.08,6,0.942857142857143,-0.3142857142857143,-0.2571428571428572,-0.2,-0.3142857142857143,1,0.3142857142857143,293000.0,1491763.0
56,석유수지,391110,대만,이집트,2025.08,6,,,-0.13093073414159545,0.6546536707079772,-0.13093073414159545,2,0.13093073414159545,293000.0,5.0
56,석유수지,391110,대만,일본,2025.08,6,1.0,-0.028571428571428574,-0.4285714285714286,0.4285714285714286,-0.4285714285714286,2,0.4285714285714286,293000.0,472757.0
56,석유수지,391110,대만,태국,2025.08,6,0.08571428571428573,-0.057977103565244846,-0.3478626213914691,-0.5507824838698261,-0.5507824838698261,3,0.5507824838698261,293000.0,992050.0
56,석유수지,391110,대만,프랑스,2025.08,6,0.6957252427829382,0.5161002296110789,-0.8804062740424288,-0.41194292043554975,-0.8804062740424288,2,0.8804062740424288,293000.0,37876.0
56,석유수지,391110,중국,네덜란드,2025.08,6,0.6,-0.08571428571428573,-0.5428571428571429,-0.14285714285714288,-0.5428571428571429,2,0.5428571428571429,8048439.0,885547.0
56,석유수지,391110,중국,독일,2025.08,6,0.4394802124588286,0.2732295333235123,0.33806170189140666,-0.7775419143502353,-0.7775419143502353,3,0.7775419143502353,8048439.0,23900.0
56,석유수지,391110,중국,말레이시아,2025.08,6,0.6546536707079772,-0.39279220242478635,-0.6546536707079772,0.39279220242478635,-0.6546536707079772,2,0.6546536707079772,8048439.0,1000.0
56,석유수지,391110,중국,미국,2025.08,6,0.3714285714285715,-0.4285714285714286,0.6,0.3142857142857143,-0.4285714285714286,1,0.4285714285714286,8048439.0,916485.0
56,석유수지,391110,중국,베트남,2025.08,6,0.13093073414159545,0.6210590034081188,0.2070196678027063,-0.8280786712108252,-0.8280786712108252,3,0.8280786712108252,8048439.0,80.0
56,석유수지,391110,중국,벨기에,2025.08,6,0.6546536707079772,-0.39279220242478635,-0.6546536707079772,0.39279220242478635,-0.6546536707079772,2,0.6546536707079772,8048439.0,20.0
56,석유수지,391110,중국,스위스,2025.08,6,,,0.13093073414159545,0.6546536707079772,0.13093073414159545,2,0.0,8048439.0,2.0
56,석유수지,391110,중국,스페인,2025.08,6,0.13093073414159545,0.6546536707079772,-0.39279220242478635,-0.6546536707079772,-0.6546536707079772,3,0.6546536707079772,8048439.0,2.0
56,석유수지,391110,중국,싱가포르,2025.08,6,0.7142857142857143,-0.6,-0.028571428571428574,0.08571428571428573,-0.6,1,0.6,8048439.0,1491763.0
56,석유수지,391110,중국,이집트,2025.08,6,,,0.13093073414159545,0.6546536707079772,0.13093073414159545,2,0.0,8048439.0,5.0
56,석유수지,391110,중국,일본,2025.08,6,0.8285714285714287,-0.3142857142857143,-0.08571428571428573,0.8285714285714287,-0.3142857142857143,1,0.3142857142857143,8048439.0,472757.0
56,석유수지,391110,중국,태국,2025.08,6,0.3714285714285715,-0.028988551782622423,-0.057977103565244846,-0.5217939320872036,-0.5217939320872036,3,0.5217939320872036,8048439.0,992050.0
56,석유수지,391110,중국,프랑스,2025.08,6,0.46381682852195877,0.2732295333235123,-0.7589709258986453,-0.029424494316824982,-0.7589709258986453,2,0.7589709258986453,8048439.0,37876.0
57,파티클보드,4410,태국,독일,2025.12,6,0.8804062740424288,0.7775419143502353,0.39279220242478635,,0.39279220242478635,2,0.0,77632241.0,213.0
57,파티클보드,4410,태국,루마니아,2025.12,6,0.6,0.49280538030458115,0.6982532518267538,0.8451542547285166,0.49280538030458115,1,0.0,77632241.0,465385.0
57,파티클보드,4410,태국,리투아니아,2025.12,6,-0.030860669992418384,0.6210590034081188,0.8280786712108252,0.39279220242478635,-0.030860669992418384,0,0.030860669992418384,77632241.0,23.0
57,파티클보드,4410,태국,말레이시아,2025.12,6,0.08571428571428573,0.3188740696088466,0.6982532518267538,0.8451542547285166,0.08571428571428573,0,0.0,77632241.0,10808760.0
57,파티클보드,4410,태국,미국,2025.12,6,0.3188740696088466,0.8804062740424288,0.7775419143502353,0.39279220242478635,0.3188740696088466,0,0.0,77632241.0,49884.0
57,파티클보드,4410,태국,베트남,2025.12,6,0.6,0.3768511731740915,0.6982532518267538,0.8451542547285166,0.3768511731740915,1,0.0,77632241.0,4311243.0
57,파티클보드,4410,태국,브라질,2025.12,6,-0.3718678720805473,-0.2704493615131253,0.5408987230262506,0.8451542547285166,-0.3718678720805473,0,0.3718678720805473,77632241.0,217172.0
57,파티클보드,4410,태국,이탈리아,2025.12,6,0.14285714285714288,0.7247137945655605,0.9411239481143202,0.7775419143502353,0.14285714285714288,0,0.0,77632241.0,37825.0
57,파티클보드,4410,태국,인도네시아,2025.12,6,0.5428571428571429,0.20291986247835697,0.7589709258986453,0.8451542547285166,0.20291986247835697,1,0.0,77632241.0,21050008.0
57,파티클보드,4410,태국,일본,2025.12,6,0.45538255553918716,-0.101418510567422,0.13093073414159545,0.6546536707079772,-0.101418510567422,1,0.101418510567422,77632241.0,7158.0
57,파티클보드,4410,태국,중국,2025.12,6,0.5428571428571429,0.20291986247835697,0.7589709258986453,0.8451542547285166,0.20291986247835697,1,0.0,77632241.0,178659618.0
57,파티클보드,4410,태국,칠레,2025.12,6,0.06761234037828133,0.3718678720805473,0.6546536707079772,0.39279220242478635,0.06761234037828133,0,0.0,77632241.0,329550.0
57,파티클보드,4410,태국,캐나다,2025.12,6,0.48571428571428577,0.49280538030458115,0.8804062740424288,0.7775419143502353,0.48571428571428577,0,0.0,77632241.0,1484352.0
57,파티클보드,4410,태국,폴란드,2025.12,6,-0.030860669992418384,0.6210590034081188,0.8280786712108252,0.39279220242478635,-0.030860669992418384,0,0.030860669992418384,77632241.0,644.0
57,파티클보드,4410,태국,프랑스,2025.12,6,0.3188740696088466,0.1765469659009499,0.7589709258986453,0.8451542547285166,0.1765469659009499,1,0.0,77632241.0,1186.0
58,차아황산소다,283210,중국,노르웨이,2025.12,6,-0.09107651110783746,0.2704493615131253,0.6546536707079772,-0.39279220242478635,-0.39279220242478635,3,0.39279220242478635,5481724.0,2068.0
58,차아황산소다,283210,중국,독일,2025.12,6,0.2571428571428572,0.2898855178262242,0.6982532518267538,-0.101418510567422,-0.101418510567422,3,0.101418510567422,5481724.0,52026.0
58,차아황산소다,283210,중국,미국,2025.12,6,0.753702346348183,0.0,0.6375355777548621,-0.101418510567422,-0.101418510567422,3,0.101418510567422,5481724.0,715.0
58,차아황산소다,283210,중국,스위스,2025.12,6,0.13522468075656266,0.6546536707079772,-0.39279220242478635,0.39279220242478635,-0.39279220242478635,2,0.39279220242478635,5481724.0,7.0
58,차아황산소다,283210,중국,스페인,2025.12,6,0.8804062740424288,-0.4394802124588286,0.7775419143502353,-0.39279220242478635,-0.4394802124588286,1,0.4394802124588286,5481724.0,75.0
58,차아황산소다,283210,중국,이탈리아,2025.12,6,0.2,0.2898855178262242,0.6982532518267538,-0.101418510567422,-0.101418510567422,3,0.101418510567422,5481724.0,34.0
58,차아황산소다,283210,중국,인도,2025.12,6,0.3714285714285715,0.46381682852195877,0.5161002296110789,-0.101418510567422,-0.101418510567422,3,0.101418510567422,5481724.0,472.0
58,차아황산소다,283210,중국,일본,2025.12,6,0.8857142857142858,-0.057977103565244846,0.6375355777548621,-0.101418510567422,-0.101418510567422,3,0.101418510567422,5481724.0,12557.0
58,차아황산소다,283210,중국,태국,2025.12,6,0.028571428571428574,0.40583972495671394,0.5161002296110789,-0.101418510567422,-0.101418510567422,3,0.101418510567422,5481724.0,1000001.0
58,차아황산소다,283210,중국,프랑스,2025.12,6,-0.13093073414159545,0.6546536707079772,-0.39279220242478635,0.39279220242478635,-0.39279220242478635,2,0.39279220242478635,5481724.0,100.0
59,탄소강과 그밖의 합금강 열간압연 후판제품,7208,중국,네덜란드,2025.11,6,0.06761234037828133,-0.033806170189140665,0.6546536707079772,0.13093073414159545,-0.033806170189140665,1,0.033806170189140665,508971919.0,23.0
59,탄소강과 그밖의 합금강 열간압연 후판제품,7208,중국,대만,2025.11,6,-0.6,0.3714285714285715,0.08696565534786728,0.2732295333235123,-0.6,0,0.6,508971919.0,104956905.0
59,탄소강과 그밖의 합금강 열간압연 후판제품,7208,중국,덴마크,2025.11,6,0.6546536707079772,0.13093073414159545,,,0.13093073414159545,1,0.0,508971919.0,69.0
59,탄소강과 그밖의 합금강 열간압연 후판제품,7208,중국,독일,2025.11,6,0.14285714285714288,-0.057977103565244846,-0.09107651110783746,0.5768179036829705,-0.09107651110783746,2,0.09107651110783746,508971919.0,3730615.0
59,탄소강과 그밖의 합금강 열간압연 후판제품,7208,중국,말레이시아,2025.11,6,-0.16903085094570333,0.4394802124588286,-0.39279220242478635,-0.13093073414159545,-0.39279220242478635,2,0.39279220242478635,508971919.0,4111.0
59,탄소강과 그밖의 합금강 열간압연 후판제품,7208,중국,멕시코,2025.11,6,-0.5217939320872036,-0.030358837035945815,0.2732295333235123,0.33394720739540396,-0.5217939320872036,0,0.5217939320872036,508971919.0,385578.0
59,탄소강과 그밖의 합금강 열간압연 후판제품,7208,중국,미국,2025.11,6,0.14285714285714288,0.6571428571428573,0.028988551782622423,0.5768179036829705,0.028988551782622423,2,0.0,508971919.0,71863.0
59,탄소강과 그밖의 합금강 열간압연 후판제품,7208,중국,베트남,2025.11,6,-0.5428571428571429,0.3142857142857143,-0.08696565534786728,0.3946648814672956,-0.5428571428571429,0,0.5428571428571429,508971919.0,59505238.0
59,탄소강과 그밖의 합금강 열간압연 후판제품,7208,중국,벨기에,2025.11,6,-0.6,0.7142857142857143,0.3768511731740915,0.33394720739540396,-0.6,0,0.6,508971919.0,915736.0
59,탄소강과 그밖의 합금강 열간압연 후판제품,7208,중국,브라질,2025.11,6,0.6546536707079772,0.13093073414159545,,,0.13093073414159545,1,0.0,508971919.0,2.0
59,탄소강과 그밖의 합금강 열간압연 후판제품,7208,중국,스웨덴,2025.11,6,-0.3478626213914691,0.5797710356524484,0.5161002296110789,0.033806170189140665,-0.3478626213914691,0,0.3478626213914691,508971919.0,422002.0
59,탄소강과 그밖의 합금강 열간압연 후판제품,7208,중국,슬로바키아,2025.11,6,0.13093073414159545,,,,0.13093073414159545,0,0.0,508971919.0,17.0
59,탄소강과 그밖의 합금강 열간압연 후판제품,7208,중국,아랍에미리트 연합,2025.11,6,0.6546536707079772,0.13093073414159545,,,0.13093073414159545,1,0.0,508971919.0,18.0
59,탄소강과 그밖의 합금강 열간압연 후판제품,7208,중국,아르헨티나,2025.11,6,-0.8116794499134279,0.6957252427829382,0.15179418517972906,-0.033806170189140665,-0.8116794499134279,0,0.8116794499134279,508971919.0,46162.0
59,탄소강과 그밖의 합금강 열간압연 후판제품,7208,중국,영국,2025.11,6,-0.39279220242478635,-0.13093073414159545,0.6546536707079772,0.13093073414159545,-0.39279220242478635,0,0.39279220242478635,508971919.0,25122.0
59,탄소강과 그밖의 합금강 열간압연 후판제품,7208,중국,오스트리아,2025.11,6,-0.06761234037828133,-0.101418510567422,-0.3718678720805473,0.50709255283711,-0.3718678720805473,2,0.3718678720805473,508971919.0,321634.0
59,탄소강과 그밖의 합금강 열간압연 후판제품,7208,중국,이탈리아,2025.11,6,-0.7775419143502353,0.13522468075656266,0.33806170189140666,0.033806170189140665,-0.7775419143502353,0,0.7775419143502353,508971919.0,41062.0
59,탄소강과 그밖의 합금강 열간압연 후판제품,7208,중국,인도,2025.11,6,0.6,0.2608969660436018,-0.33394720739540396,0.50709255283711,-0.33394720739540396,2,0.33394720739540396,508971919.0,61823.0
59,탄소강과 그밖의 합금강 열간압연 후판제품,7208,중국,인도네시아,2025.11,6,0.08571428571428573,0.8116794499134279,0.3946648814672956,0.033806170189140665,0.033806170189140665,3,0.0,508971919.0,30063911.0
59,탄소강과 그밖의 합금강 열간압연 후판제품,7208,중국,일본,2025.11,6,0.3714285714285715,0.08571428571428573,0.3768511731740915,0.5161002296110789,0.08571428571428573,1,0.0,508971919.0,1055175684.0
59,탄소강과 그밖의 합금강 열간압연 후판제품,7208,중국,캐나다,2025.11,6,-0.6546536707079772,0.39279220242478635,-0.39279220242478635,-0.13093073414159545,-0.6546536707079772,0,0.6546536707079772,508971919.0,2.0
59,탄소강과 그밖의 합금강 열간압연 후판제품,7208,중국,튀르키예,2025.11,6,0.6546536707079772,0.13093073414159545,,,0.13093073414159545,1,0.0,508971919.0,61.0
59,탄소강과 그밖의 합금강 열간압연 후판제품,7208,중국,폴란드,2025.11,6,-0.7775419143502353,0.13522468075656266,0.33806170189140666,0.033806170189140665,-0.7775419143502353,0,0.7775419143502353,508971919.0,10640.0
59,탄소강과 그밖의 합금강 열간압연 후판제품,7208,중국,프랑스,2025.11,6,0.6546536707079772,0.13093073414159545,,,0.13093073414159545,1,0.0,508971919.0,127154.0
59,탄소강과 그밖의 합금강 열간압연 후판제품,7208,중국,핀란드,2025.11,6,-0.6761234037828133,0.7775419143502353,-0.2704493615131253,-0.13093073414159545,-0.6761234037828133,0,0.6761234037828133,508971919.0,58865.0
