pair_id,사건번호,품목,hs_code,년월,규제국,중간국,수입국,flow_type,수출량,수출총달러,isr_min,isr_best_lag,isr_risk
1,9,OPP필름,392020,2013.12,중국,미국,대한민국,regulated_to_intermediary,0.0,0.0,-1.0,3,1.0
1,9,OPP필름,392020,2014.01,중국,미국,대한민국,regulated_to_intermediary,0.0,0.0,-1.0,3,1.0
1,9,OPP필름,392020,2014.02,중국,미국,대한민국,regulated_to_intermediary,0.0,0.0,-1.0,3,1.0
1,9,OPP필름,392020,2014.03,중국,미국,대한민국,regulated_to_intermediary,0.0,0.0,-1.0,3,1.0
1,9,OPP필름,392020,2014.04,중국,미국,대한민국,regulated_to_intermediary,0.0,0.0,-1.0,3,1.0
1,9,OPP필름,392020,2014.05,중국,미국,대한민국,regulated_to_intermediary,0.0,0.0,-1.0,3,1.0
1,9,OPP필름,392020,2014.06,중국,미국,대한민국,regulated_to_intermediary,0.0,0.0,-1.0,3,1.0
1,9,OPP필름,392020,2014.07,중국,미국,대한민국,regulated_to_intermediary,0.0,0.0,-1.0,3,1.0
1,9,OPP필름,392020,2014.08,중국,미국,대한민국,regulated_to_intermediary,0.0,0.0,-1.0,3,1.0
1,9,OPP필름,392020,2013.12,중국,미국,대한민국,regulated_to_importer,0.0,0.0,-1.0,3,1.0
1,9,OPP필름,392020,2014.01,중국,미국,대한민국,regulated_to_importer,0.0,0.0,-1.0,3,1.0
1,9,OPP필름,392020,2014.02,중국,미국,대한민국,regulated_to_importer,0.0,0.0,-1.0,3,1.0
1,9,OPP필름,392020,2014.03,중국,미국,대한민국,regulated_to_importer,0.0,0.0,-1.0,3,1.0
1,9,OPP필름,392020,2014.04,중국,미국,대한민국,regulated_to_importer,0.0,0.0,-1.0,3,1.0
1,9,OPP필름,392020,2014.05,중국,미국,대한민국,regulated_to_importer,0.0,0.0,-1.0,3,1.0
1,9,OPP필름,392020,2014.06,중국,미국,대한민국,regulated_to_importer,0.0,0.0,-1.0,3,1.0
1,9,OPP필름,392020,2014.07,중국,미국,대한민국,regulated_to_importer,0.0,0.0,-1.0,3,1.0
1,9,OPP필름,392020,2014.08,중국,미국,대한민국,regulated_to_importer,0.0,0.0,-1.0,3,1.0
2,48,도공(coated) 인쇄용지,4810,2024.03,핀란드,말레이시아,대한민국,regulated_to_intermediary,137572.0,216161.08,-1.0,1,1.0
2,48,도공(coated) 인쇄용지,4810,2024.04,핀란드,말레이시아,대한민국,regulated_to_intermediary,602878.0,686422.282,-1.0,1,1.0
2,48,도공(coated) 인쇄용지,4810,2024.05,핀란드,말레이시아,대한민국,regulated_to_intermediary,1191920.0,1602125.552,-1.0,1,1.0
2,48,도공(coated) 인쇄용지,4810,2024.06,핀란드,말레이시아,대한민국,regulated_to_intermediary,646596.0,755182.818,-1.0,1,1.0
2,48,도공(coated) 인쇄용지,4810,2024.07,핀란드,말레이시아,대한민국,regulated_to_intermediary,623990.0,704453.574,-1.0,1,1.0
2,48,도공(coated) 인쇄용지,4810,2024.08,핀란드,말레이시아,대한민국,regulated_to_intermediary,663116.0,712626.916,-1.0,1,1.0
2,48,도공(coated) 인쇄용지,4810,2024.09,핀란드,말레이시아,대한민국,regulated_to_intermediary,1405084.0,1327975.516,-1.0,1,1.0
2,48,도공(coated) 인쇄용지,4810,2024.1,핀란드,말레이시아,대한민국,regulated_to_intermediary,259374.0,319833.244,-1.0,1,1.0
2,48,도공(coated) 인쇄용지,4810,2024.11,핀란드,말레이시아,대한민국,regulated_to_intermediary,405772.346,773819.12,-1.0,1,1.0
2,48,도공(coated) 인쇄용지,4810,2024.03,핀란드,말레이시아,대한민국,regulated_to_importer,548534.0,394247.716,-1.0,1,1.0
2,48,도공(coated) 인쇄용지,4810,2024.04,핀란드,말레이시아,대한민국,regulated_to_importer,1453794.0,1152198.102,-1.0,1,1.0
2,48,도공(coated) 인쇄용지,4810,2024.05,핀란드,말레이시아,대한민국,regulated_to_importer,4420742.0,3446488.242,-1.0,1,1.0
2,48,도공(coated) 인쇄용지,4810,2024.06,핀란드,말레이시아,대한민국,regulated_to_importer,2231726.0,1665211.314,-1.0,1,1.0
2,48,도공(coated) 인쇄용지,4810,2024.07,핀란드,말레이시아,대한민국,regulated_to_importer,2457988.0,1970385.772,-1.0,1,1.0
2,48,도공(coated) 인쇄용지,4810,2024.08,핀란드,말레이시아,대한민국,regulated_to_importer,2828914.0,2101452.45,-1.0,1,1.0
2,48,도공(coated) 인쇄용지,4810,2024.09,핀란드,말레이시아,대한민국,regulated_to_importer,1387110.0,993051.874,-1.0,1,1.0
2,48,도공(coated) 인쇄용지,4810,2024.1,핀란드,말레이시아,대한민국,regulated_to_importer,1655526.0,1168989.702,-1.0,1,1.0
2,48,도공(coated) 인쇄용지,4810,2024.11,핀란드,말레이시아,대한민국,regulated_to_importer,1204225.062,950966.196,-1.0,1,1.0
3,51,합판,4412,2024.07,말레이시아,루마니아,대한민국,regulated_to_intermediary,0.0,0.0,-1.0,3,1.0
3,51,합판,4412,2024.08,말레이시아,루마니아,대한민국,regulated_to_intermediary,48075.0,97910.28,-1.0,3,1.0
3,51,합판,4412,2024.09,말레이시아,루마니아,대한민국,regulated_to_intermediary,0.0,0.0,-1.0,3,1.0
3,51,합판,4412,2024.1,말레이시아,루마니아,대한민국,regulated_to_intermediary,0.0,0.0,-1.0,3,1.0
3,51,합판,4412,2024.11,말레이시아,루마니아,대한민국,regulated_to_intermediary,0.0,0.0,-1.0,3,1.0
3,51,합판,4412,2024.12,말레이시아,루마니아,대한민국,regulated_to_intermediary,0.0,0.0,-1.0,3,1.0
3,51,합판,4412,2025.01,말레이시아,루마니아,대한민국,regulated_to_intermediary,0.0,0.0,-1.0,3,1.0
3,51,합판,4412,2025.02,말레이시아,루마니아,대한민국,regulated_to_intermediary,0.0,0.0,-1.0,3,1.0
3,51,합판,4412,2025.03,말레이시아,루마니아,대한민국,regulated_to_intermediary,48075.0,87192.01,-1.0,3,1.0
3,51,합판,4412,2024.07,말레이시아,루마니아,대한민국,regulated_to_importer,1692350.902,3833809.56,-1.0,3,1.0
3,51,합판,4412,2024.08,말레이시아,루마니아,대한민국,regulated_to_importer,924396.83,2533409.034,-1.0,3,1.0
3,51,합판,4412,2024.09,말레이시아,루마니아,대한민국,regulated_to_importer,754272.888,2070111.674,-1.0,3,1.0
3,51,합판,4412,2024.1,말레이시아,루마니아,대한민국,regulated_to_importer,1101287.02,3021392.36,-1.0,3,1.0
3,51,합판,4412,2024.11,말레이시아,루마니아,대한민국,regulated_to_importer,878058.49,2395238.34,-1.0,3,1.0
3,51,합판,4412,2024.12,말레이시아,루마니아,대한민국,regulated_to_importer,1822706.234,4968705.226,-1.0,3,1.0
3,51,합판,4412,2025.01,말레이시아,루마니아,대한민국,regulated_to_importer,893138.068,2466121.096,-1.0,3,1.0
3,51,합판,4412,2025.02,말레이시아,루마니아,대한민국,regulated_to_importer,983022.776,2707963.876,-1.0,3,1.0
3,51,합판,4412,2025.03,말레이시아,루마니아,대한민국,regulated_to_importer,983605.408,2725170.392,-1.0,3,1.0
4,54,OPP필름,392020,2025.04,태국,독일,대한민국,regulated_to_intermediary,0.0,0.0,-1.0,3,1.0
4,54,OPP필름,392020,2025.05,태국,독일,대한민국,regulated_to_intermediary,0.0,0.0,-1.0,3,1.0
4,54,OPP필름,392020,2025.06,태국,독일,대한민국,regulated_to_intermediary,0.0,0.0,-1.0,3,1.0
4,54,OPP필름,392020,2025.07,태국,독일,대한민국,regulated_to_intermediary,0.0,0.0,-1.0,3,1.0
4,54,OPP필름,392020,2025.08,태국,독일,대한민국,regulated_to_intermediary,0.0,0.0,-1.0,3,1.0
4,54,OPP필름,392020,2025.09,태국,독일,대한민국,regulated_to_intermediary,0.0,0.0,-1.0,3,1.0
4,54,OPP필름,392020,2025.1,태국,독일,대한민국,regulated_to_intermediary,0.0,0.0,-1.0,3,1.0
4,54,OPP필름,392020,2025.11,태국,독일,대한민국,regulated_to_intermediary,0.0,0.0,-1.0,3,1.0
4,54,OPP필름,392020,2025.12,태국,독일,대한민국,regulated_to_intermediary,0.0,0.0,-1.0,3,1.0
4,54,OPP필름,392020,2025.04,태국,독일,대한민국,regulated_to_importer,0.0,0.0,-1.0,3,1.0
4,54,OPP필름,392020,2025.05,태국,독일,대한민국,regulated_to_importer,0.0,0.0,-1.0,3,1.0
4,54,OPP필름,392020,2025.06,태국,독일,대한민국,regulated_to_importer,0.0,0.0,-1.0,3,1.0
4,54,OPP필름,392020,2025.07,태국,독일,대한민국,regulated_to_importer,0.0,0.0,-1.0,3,1.0
4,54,OPP필름,392020,2025.08,태국,독일,대한민국,regulated_to_importer,0.0,0.0,-1.0,3,1.0
4,54,OPP필름,392020,2025.09,태국,독일,대한민국,regulated_to_importer,0.0,0.0,-1.0,3,1.0
4,54,OPP필름,392020,2025.1,태국,독일,대한민국,regulated_to_importer,0.0,0.0,-1.0,3,1.0
4,54,OPP필름,392020,2025.11,태국,독일,대한민국,regulated_to_importer,0.0,0.0,-1.0,3,1.0
4,54,OPP필름,392020,2025.12,태국,독일,대한민국,regulated_to_importer,0.0,0.0,-1.0,3,1.0
5,2,크라프트지(1차재심),4804,2012.04,캐나다,보스니아-헤르체고비나,대한민국,regulated_to_intermediary,0.0,0.0,-0.9856107606091624,1,0.9856107606091624
5,2,크라프트지(1차재심),4804,2012.05,캐나다,보스니아-헤르체고비나,대한민국,regulated_to_intermediary,0.0,0.0,-0.9856107606091624,1,0.9856107606091624
5,2,크라프트지(1차재심),4804,2012.06,캐나다,보스니아-헤르체고비나,대한민국,regulated_to_intermediary,0.0,0.0,-0.9856107606091624,1,0.9856107606091624
5,2,크라프트지(1차재심),4804,2012.07,캐나다,보스니아-헤르체고비나,대한민국,regulated_to_intermediary,0.0,0.0,-0.9856107606091624,1,0.9856107606091624
5,2,크라프트지(1차재심),4804,2012.08,캐나다,보스니아-헤르체고비나,대한민국,regulated_to_intermediary,0.0,0.0,-0.9856107606091624,1,0.9856107606091624
5,2,크라프트지(1차재심),4804,2012.09,캐나다,보스니아-헤르체고비나,대한민국,regulated_to_intermediary,0.0,0.0,-0.9856107606091624,1,0.9856107606091624
5,2,크라프트지(1차재심),4804,2012.1,캐나다,보스니아-헤르체고비나,대한민국,regulated_to_intermediary,0.0,0.0,-0.9856107606091624,1,0.9856107606091624
5,2,크라프트지(1차재심),4804,2012.11,캐나다,보스니아-헤르체고비나,대한민국,regulated_to_intermediary,0.0,0.0,-0.9856107606091624,1,0.9856107606091624
5,2,크라프트지(1차재심),4804,2012.12,캐나다,보스니아-헤르체고비나,대한민국,regulated_to_intermediary,0.0,0.0,-0.9856107606091624,1,0.9856107606091624
5,2,크라프트지(1차재심),4804,2012.04,캐나다,보스니아-헤르체고비나,대한민국,regulated_to_importer,317000.0,317003.844,-0.9856107606091624,1,0.9856107606091624
5,2,크라프트지(1차재심),4804,2012.05,캐나다,보스니아-헤르체고비나,대한민국,regulated_to_importer,160000.0,161077.259,-0.9856107606091624,1,0.9856107606091624
5,2,크라프트지(1차재심),4804,2012.06,캐나다,보스니아-헤르체고비나,대한민국,regulated_to_importer,69000.0,66792.048,-0.9856107606091624,1,0.9856107606091624
5,2,크라프트지(1차재심),4804,2012.07,캐나다,보스니아-헤르체고비나,대한민국,regulated_to_importer,204000.0,207911.316,-0.9856107606091624,1,0.9856107606091624
5,2,크라프트지(1차재심),4804,2012.08,캐나다,보스니아-헤르체고비나,대한민국,regulated_to_importer,0.0,194.529,-0.9856107606091624,1,0.9856107606091624
5,2,크라프트지(1차재심),4804,2012.09,캐나다,보스니아-헤르체고비나,대한민국,regulated_to_importer,129000.0,128157.475,-0.9856107606091624,1,0.9856107606091624
5,2,크라프트지(1차재심),4804,2012.1,캐나다,보스니아-헤르체고비나,대한민국,regulated_to_importer,201000.0,209953.89,-0.9856107606091624,1,0.9856107606091624
5,2,크라프트지(1차재심),4804,2012.11,캐나다,보스니아-헤르체고비나,대한민국,regulated_to_importer,200000.0,192098.027,-0.9856107606091624,1,0.9856107606091624
5,2,크라프트지(1차재심),4804,2012.12,캐나다,보스니아-헤르체고비나,대한민국,regulated_to_importer,155000.0,162044.263,-0.9856107606091624,1,0.9856107606091624
6,26,PET필름,392062,2018.04,대만,파키스탄,대한민국,regulated_to_intermediary,0.0,0.0,-0.9856107606091624,0,0.9856107606091624
6,26,PET필름,392062,2018.05,대만,파키스탄,대한민국,regulated_to_intermediary,0.0,0.0,-0.9856107606091624,0,0.9856107606091624
6,26,PET필름,392062,2018.06,대만,파키스탄,대한민국,regulated_to_intermediary,0.0,0.0,-0.9856107606091624,0,0.9856107606091624
6,26,PET필름,392062,2018.07,대만,파키스탄,대한민국,regulated_to_intermediary,0.0,0.0,-0.9856107606091624,0,0.9856107606091624
6,26,PET필름,392062,2018.08,대만,파키스탄,대한민국,regulated_to_intermediary,0.0,0.0,-0.9856107606091624,0,0.9856107606091624
6,26,PET필름,392062,2018.09,대만,파키스탄,대한민국,regulated_to_intermediary,0.0,0.0,-0.9856107606091624,0,0.9856107606091624
6,26,PET필름,392062,2018.1,대만,파키스탄,대한민국,regulated_to_intermediary,0.0,0.0,-0.9856107606091624,0,0.9856107606091624
6,26,PET필름,392062,2018.11,대만,파키스탄,대한민국,regulated_to_intermediary,0.0,0.0,-0.9856107606091624,0,0.9856107606091624
6,26,PET필름,392062,2018.12,대만,파키스탄,대한민국,regulated_to_intermediary,0.0,0.0,-0.9856107606091624,0,0.9856107606091624
6,26,PET필름,392062,2018.04,대만,파키스탄,대한민국,regulated_to_importer,0.0,0.0,-0.9856107606091624,0,0.9856107606091624
6,26,PET필름,392062,2018.05,대만,파키스탄,대한민국,regulated_to_importer,0.0,0.0,-0.9856107606091624,0,0.9856107606091624
6,26,PET필름,392062,2018.06,대만,파키스탄,대한민국,regulated_to_importer,0.0,0.0,-0.9856107606091624,0,0.9856107606091624
6,26,PET필름,392062,2018.07,대만,파키스탄,대한민국,regulated_to_importer,0.0,0.0,-0.9856107606091624,0,0.9856107606091624
6,26,PET필름,392062,2018.08,대만,파키스탄,대한민국,regulated_to_importer,0.0,0.0,-0.9856107606091624,0,0.9856107606091624
6,26,PET필름,392062,2018.09,대만,파키스탄,대한민국,regulated_to_importer,0.0,0.0,-0.9856107606091624,0,0.9856107606091624
6,26,PET필름,392062,2018.1,대만,파키스탄,대한민국,regulated_to_importer,0.0,0.0,-0.9856107606091624,0,0.9856107606091624
6,26,PET필름,392062,2018.11,대만,파키스탄,대한민국,regulated_to_importer,0.0,0.0,-0.9856107606091624,0,0.9856107606091624
6,26,PET필름,392062,2018.12,대만,파키스탄,대한민국,regulated_to_importer,0.0,0.0,-0.9856107606091624,0,0.9856107606091624
7,2,크라프트지(1차재심),4804,2012.04,미국,스웨덴,대한민국,regulated_to_intermediary,0.0,166787.0,-0.942857142857143,3,0.942857142857143
7,2,크라프트지(1차재심),4804,2012.05,미국,스웨덴,대한민국,regulated_to_intermediary,0.0,48751.0,-0.942857142857143,3,0.942857142857143
7,2,크라프트지(1차재심),4804,2012.06,미국,스웨덴,대한민국,regulated_to_intermediary,0.0,83264.0,-0.942857142857143,3,0.942857142857143
7,2,크라프트지(1차재심),4804,2012.07,미국,스웨덴,대한민국,regulated_to_intermediary,0.0,0.0,-0.942857142857143,3,0.942857142857143
7,2,크라프트지(1차재심),4804,2012.08,미국,스웨덴,대한민국,regulated_to_intermediary,0.0,0.0,-0.942857142857143,3,0.942857142857143
7,2,크라프트지(1차재심),4804,2012.09,미국,스웨덴,대한민국,regulated_to_intermediary,0.0,20515.0,-0.942857142857143,3,0.942857142857143
7,2,크라프트지(1차재심),4804,2012.1,미국,스웨덴,대한민국,regulated_to_intermediary,0.0,19404.0,-0.942857142857143,3,0.942857142857143
7,2,크라프트지(1차재심),4804,2012.11,미국,스웨덴,대한민국,regulated_to_intermediary,0.0,54388.0,-0.942857142857143,3,0.942857142857143
7,2,크라프트지(1차재심),4804,2012.12,미국,스웨덴,대한민국,regulated_to_intermediary,0.0,0.0,-0.942857142857143,3,0.942857142857143
7,2,크라프트지(1차재심),4804,2012.04,미국,스웨덴,대한민국,regulated_to_importer,0.0,3140453.0,-0.942857142857143,3,0.942857142857143
7,2,크라프트지(1차재심),4804,2012.05,미국,스웨덴,대한민국,regulated_to_importer,0.0,5153788.0,-0.942857142857143,3,0.942857142857143
7,2,크라프트지(1차재심),4804,2012.06,미국,스웨덴,대한민국,regulated_to_importer,0.0,4853499.0,-0.942857142857143,3,0.942857142857143
7,2,크라프트지(1차재심),4804,2012.07,미국,스웨덴,대한민국,regulated_to_importer,0.0,4905678.0,-0.942857142857143,3,0.942857142857143
7,2,크라프트지(1차재심),4804,2012.08,미국,스웨덴,대한민국,regulated_to_importer,0.0,5240280.0,-0.942857142857143,3,0.942857142857143
7,2,크라프트지(1차재심),4804,2012.09,미국,스웨덴,대한민국,regulated_to_importer,0.0,4953728.0,-0.942857142857143,3,0.942857142857143
7,2,크라프트지(1차재심),4804,2012.1,미국,스웨덴,대한민국,regulated_to_importer,0.0,4950113.0,-0.942857142857143,3,0.942857142857143
7,2,크라프트지(1차재심),4804,2012.11,미국,스웨덴,대한민국,regulated_to_importer,0.0,4326817.0,-0.942857142857143,3,0.942857142857143
7,2,크라프트지(1차재심),4804,2012.12,미국,스웨덴,대한민국,regulated_to_importer,0.0,5393936.0,-0.942857142857143,3,0.942857142857143
8,2,크라프트지(1차재심),4804,2012.04,중국,독일,대한민국,regulated_to_intermediary,78.0,260.0,-0.942857142857143,3,0.942857142857143
8,2,크라프트지(1차재심),4804,2012.05,중국,독일,대한민국,regulated_to_intermediary,8427.0,21495.0,-0.942857142857143,3,0.942857142857143
8,2,크라프트지(1차재심),4804,2012.06,중국,독일,대한민국,regulated_to_intermediary,0.0,0.0,-0.942857142857143,3,0.942857142857143
8,2,크라프트지(1차재심),4804,2012.07,중국,독일,대한민국,regulated_to_intermediary,40211.0,253859.0,-0.942857142857143,3,0.942857142857143
8,2,크라프트지(1차재심),4804,2012.08,중국,독일,대한민국,regulated_to_intermediary,24100.0,74434.0,-0.942857142857143,3,0.942857142857143
8,2,크라프트지(1차재심),4804,2012.09,중국,독일,대한민국,regulated_to_intermediary,486.0,1516.0,-0.942857142857143,3,0.942857142857143
8,2,크라프트지(1차재심),4804,2012.1,중국,독일,대한민국,regulated_to_intermediary,0.0,0.0,-0.942857142857143,3,0.942857142857143
8,2,크라프트지(1차재심),4804,2012.11,중국,독일,대한민국,regulated_to_intermediary,0.0,0.0,-0.942857142857143,3,0.942857142857143
8,2,크라프트지(1차재심),4804,2012.12,중국,독일,대한민국,regulated_to_intermediary,0.0,0.0,-0.942857142857143,3,0.942857142857143
8,2,크라프트지(1차재심),4804,2012.04,중국,독일,대한민국,regulated_to_importer,565530.0,844575.0,-0.942857142857143,3,0.942857142857143
8,2,크라프트지(1차재심),4804,2012.05,중국,독일,대한민국,regulated_to_importer,763747.0,616937.0,-0.942857142857143,3,0.942857142857143
8,2,크라프트지(1차재심),4804,2012.06,중국,독일,대한민국,regulated_to_importer,276187.0,317807.0,-0.942857142857143,3,0.942857142857143
8,2,크라프트지(1차재심),4804,2012.07,중국,독일,대한민국,regulated_to_importer,1463476.0,1199109.0,-0.942857142857143,3,0.942857142857143
8,2,크라프트지(1차재심),4804,2012.08,중국,독일,대한민국,regulated_to_importer,509546.0,441572.0,-0.942857142857143,3,0.942857142857143
8,2,크라프트지(1차재심),4804,2012.09,중국,독일,대한민국,regulated_to_importer,476921.0,408944.0,-0.942857142857143,3,0.942857142857143
8,2,크라프트지(1차재심),4804,2012.1,중국,독일,대한민국,regulated_to_importer,0.0,0.0,-0.942857142857143,3,0.942857142857143
8,2,크라프트지(1차재심),4804,2012.11,중국,독일,대한민국,regulated_to_importer,0.0,0.0,-0.942857142857143,3,0.942857142857143
8,2,크라프트지(1차재심),4804,2012.12,중국,독일,대한민국,regulated_to_importer,0.0,0.0,-0.942857142857143,3,0.942857142857143
9,4,알루미늄 보틀캔,761290,2013.01,일본,스위스,대한민국,regulated_to_intermediary,0.0,0.0,-0.942857142857143,3,0.942857142857143
9,4,알루미늄 보틀캔,761290,2013.02,일본,스위스,대한민국,regulated_to_intermediary,0.0,0.0,-0.942857142857143,3,0.942857142857143
9,4,알루미늄 보틀캔,761290,2013.03,일본,스위스,대한민국,regulated_to_intermediary,0.0,0.0,-0.942857142857143,3,0.942857142857143
9,4,알루미늄 보틀캔,761290,2013.04,일본,스위스,대한민국,regulated_to_intermediary,0.0,0.0,-0.942857142857143,3,0.942857142857143
9,4,알루미늄 보틀캔,761290,2013.05,일본,스위스,대한민국,regulated_to_intermediary,0.0,0.0,-0.942857142857143,3,0.942857142857143
9,4,알루미늄 보틀캔,761290,2013.06,일본,스위스,대한민국,regulated_to_intermediary,0.0,0.0,-0.942857142857143,3,0.942857142857143
9,4,알루미늄 보틀캔,761290,2013.07,일본,스위스,대한민국,regulated_to_intermediary,0.0,0.0,-0.942857142857143,3,0.942857142857143
9,4,알루미늄 보틀캔,761290,2013.08,일본,스위스,대한민국,regulated_to_intermediary,0.0,0.0,-0.942857142857143,3,0.942857142857143
9,4,알루미늄 보틀캔,761290,2013.09,일본,스위스,대한민국,regulated_to_intermediary,0.0,0.0,-0.942857142857143,3,0.942857142857143
9,4,알루미늄 보틀캔,761290,2013.01,일본,스위스,대한민국,regulated_to_importer,30518.0,280108.384,-0.942857142857143,3,0.942857142857143
9,4,알루미늄 보틀캔,761290,2013.02,일본,스위스,대한민국,regulated_to_importer,0.0,0.0,-0.942857142857143,3,0.942857142857143
9,4,알루미늄 보틀캔,761290,2013.03,일본,스위스,대한민국,regulated_to_importer,30240.0,247313.1,-0.942857142857143,3,0.942857142857143
9,4,알루미늄 보틀캔,761290,2013.04,일본,스위스,대한민국,regulated_to_importer,30682.0,259922.748,-0.942857142857143,3,0.942857142857143
9,4,알루미늄 보틀캔,761290,2013.05,일본,스위스,대한민국,regulated_to_importer,61158.0,484648.177,-0.942857142857143,3,0.942857142857143
9,4,알루미늄 보틀캔,761290,2013.06,일본,스위스,대한민국,regulated_to_importer,121555.0,993855.39,-0.942857142857143,3,0.942857142857143
9,4,알루미늄 보틀캔,761290,2013.07,일본,스위스,대한민국,regulated_to_importer,66500.0,587174.275,-0.942857142857143,3,0.942857142857143
9,4,알루미늄 보틀캔,761290,2013.08,일본,스위스,대한민국,regulated_to_importer,81906.0,671251.074,-0.942857142857143,3,0.942857142857143
9,4,알루미늄 보틀캔,761290,2013.09,일본,스위스,대한민국,regulated_to_importer,685.0,28234.619,-0.942857142857143,3,0.942857142857143
10,6,스테인레스스틸바(2차재심),7222,2013.11,인도,대만,대한민국,regulated_to_intermediary,0.0,0.0,-0.942857142857143,1,0.942857142857143
10,6,스테인레스스틸바(2차재심),7222,2013.12,인도,대만,대한민국,regulated_to_intermediary,0.0,0.0,-0.942857142857143,1,0.942857142857143
10,6,스테인레스스틸바(2차재심),7222,2014.01,인도,대만,대한민국,regulated_to_intermediary,0.0,0.0,-0.942857142857143,1,0.942857142857143
10,6,스테인레스스틸바(2차재심),7222,2014.02,인도,대만,대한민국,regulated_to_intermediary,0.0,0.0,-0.942857142857143,1,0.942857142857143
10,6,스테인레스스틸바(2차재심),7222,2014.03,인도,대만,대한민국,regulated_to_intermediary,0.0,0.0,-0.942857142857143,1,0.942857142857143
10,6,스테인레스스틸바(2차재심),7222,2014.04,인도,대만,대한민국,regulated_to_intermediary,0.0,0.0,-0.942857142857143,1,0.942857142857143
10,6,스테인레스스틸바(2차재심),7222,2014.05,인도,대만,대한민국,regulated_to_intermediary,0.0,0.0,-0.942857142857143,1,0.942857142857143
10,6,스테인레스스틸바(2차재심),7222,2014.06,인도,대만,대한민국,regulated_to_intermediary,0.0,0.0,-0.942857142857143,1,0.942857142857143
10,6,스테인레스스틸바(2차재심),7222,2014.07,인도,대만,대한민국,regulated_to_intermediary,0.0,0.0,-0.942857142857143,1,0.942857142857143
10,6,스테인레스스틸바(2차재심),7222,2013.11,인도,대만,대한민국,regulated_to_importer,1068170.0,3021199.16,-0.942857142857143,1,0.942857142857143
10,6,스테인레스스틸바(2차재심),7222,2013.12,인도,대만,대한민국,regulated_to_importer,974000.0,2859416.067,-0.942857142857143,1,0.942857142857143
10,6,스테인레스스틸바(2차재심),7222,2014.01,인도,대만,대한민국,regulated_to_importer,878238.0,2578523.298,-0.942857142857143,1,0.942857142857143
10,6,스테인레스스틸바(2차재심),7222,2014.02,인도,대만,대한민국,regulated_to_importer,1118777.0,2995522.484,-0.942857142857143,1,0.942857142857143
10,6,스테인레스스틸바(2차재심),7222,2014.03,인도,대만,대한민국,regulated_to_importer,911345.0,2637623.065,-0.942857142857143,1,0.942857142857143
10,6,스테인레스스틸바(2차재심),7222,2014.04,인도,대만,대한민국,regulated_to_importer,992100.0,2670061.37,-0.942857142857143,1,0.942857142857143
10,6,스테인레스스틸바(2차재심),7222,2014.05,인도,대만,대한민국,regulated_to_importer,881000.0,2491398.895,-0.942857142857143,1,0.942857142857143
10,6,스테인레스스틸바(2차재심),7222,2014.06,인도,대만,대한민국,regulated_to_importer,764495.0,2093169.253,-0.942857142857143,1,0.942857142857143
10,6,스테인레스스틸바(2차재심),7222,2014.07,인도,대만,대한민국,regulated_to_importer,1710268.0,5208105.098,-0.942857142857143,1,0.942857142857143
11,6,스테인레스스틸바(2차재심),7222,2013.11,인도,스웨덴,대한민국,regulated_to_intermediary,0.0,0.0,-0.942857142857143,3,0.942857142857143
11,6,스테인레스스틸바(2차재심),7222,2013.12,인도,스웨덴,대한민국,regulated_to_intermediary,0.0,0.0,-0.942857142857143,3,0.942857142857143
11,6,스테인레스스틸바(2차재심),7222,2014.01,인도,스웨덴,대한민국,regulated_to_intermediary,20100.0,67106.679,-0.942857142857143,3,0.942857142857143
11,6,스테인레스스틸바(2차재심),7222,2014.02,인도,스웨덴,대한민국,regulated_to_intermediary,0.0,0.0,-0.942857142857143,3,0.942857142857143
11,6,스테인레스스틸바(2차재심),7222,2014.03,인도,스웨덴,대한민국,regulated_to_intermediary,0.0,0.0,-0.942857142857143,3,0.942857142857143
11,6,스테인레스스틸바(2차재심),7222,2014.04,인도,스웨덴,대한민국,regulated_to_intermediary,0.0,0.0,-0.942857142857143,3,0.942857142857143
11,6,스테인레스스틸바(2차재심),7222,2014.05,인도,스웨덴,대한민국,regulated_to_intermediary,0.0,0.0,-0.942857142857143,3,0.942857142857143
11,6,스테인레스스틸바(2차재심),7222,2014.06,인도,스웨덴,대한민국,regulated_to_intermediary,6383.0,21861.285,-0.942857142857143,3,0.942857142857143
11,6,스테인레스스틸바(2차재심),7222,2014.07,인도,스웨덴,대한민국,regulated_to_intermediary,0.0,0.0,-0.942857142857143,3,0.942857142857143
11,6,스테인레스스틸바(2차재심),7222,2013.11,인도,스웨덴,대한민국,regulated_to_importer,1068170.0,3021199.16,-0.942857142857143,3,0.942857142857143
11,6,스테인레스스틸바(2차재심),7222,2013.12,인도,스웨덴,대한민국,regulated_to_importer,974000.0,2859416.067,-0.942857142857143,3,0.942857142857143
11,6,스테인레스스틸바(2차재심),7222,2014.01,인도,스웨덴,대한민국,regulated_to_importer,878238.0,2578523.298,-0.942857142857143,3,0.942857142857143
11,6,스테인레스스틸바(2차재심),7222,2014.02,인도,스웨덴,대한민국,regulated_to_importer,1118777.0,2995522.484,-0.942857142857143,3,0.942857142857143
11,6,스테인레스스틸바(2차재심),7222,2014.03,인도,스웨덴,대한민국,regulated_to_importer,911345.0,2637623.065,-0.942857142857143,3,0.942857142857143
11,6,스테인레스스틸바(2차재심),7222,2014.04,인도,스웨덴,대한민국,regulated_to_importer,992100.0,2670061.37,-0.942857142857143,3,0.942857142857143
11,6,스테인레스스틸바(2차재심),7222,2014.05,인도,스웨덴,대한민국,regulated_to_importer,881000.0,2491398.895,-0.942857142857143,3,0.942857142857143
11,6,스테인레스스틸바(2차재심),7222,2014.06,인도,스웨덴,대한민국,regulated_to_importer,764495.0,2093169.253,-0.942857142857143,3,0.942857142857143
11,6,스테인레스스틸바(2차재심),7222,2014.07,인도,스웨덴,대한민국,regulated_to_importer,1710268.0,5208105.098,-0.942857142857143,3,0.942857142857143
12,9,OPP필름,392020,2013.12,중국,필리핀,대한민국,regulated_to_intermediary,0.0,0.0,-0.942857142857143,2,0.942857142857143
12,9,OPP필름,392020,2014.01,중국,필리핀,대한민국,regulated_to_intermediary,0.0,0.0,-0.942857142857143,2,0.942857142857143
12,9,OPP필름,392020,2014.02,중국,필리핀,대한민국,regulated_to_intermediary,0.0,0.0,-0.942857142857143,2,0.942857142857143
12,9,OPP필름,392020,2014.03,중국,필리핀,대한민국,regulated_to_intermediary,0.0,0.0,-0.942857142857143,2,0.942857142857143
12,9,OPP필름,392020,2014.04,중국,필리핀,대한민국,regulated_to_intermediary,0.0,0.0,-0.942857142857143,2,0.942857142857143
12,9,OPP필름,392020,2014.05,중국,필리핀,대한민국,regulated_to_intermediary,0.0,0.0,-0.942857142857143,2,0.942857142857143
12,9,OPP필름,392020,2014.06,중국,필리핀,대한민국,regulated_to_intermediary,0.0,0.0,-0.942857142857143,2,0.942857142857143
12,9,OPP필름,392020,2014.07,중국,필리핀,대한민국,regulated_to_intermediary,0.0,0.0,-0.942857142857143,2,0.942857142857143
12,9,OPP필름,392020,2014.08,중국,필리핀,대한민국,regulated_to_intermediary,0.0,0.0,-0.942857142857143,2,0.942857142857143
12,9,OPP필름,392020,2013.12,중국,필리핀,대한민국,regulated_to_importer,0.0,0.0,-0.942857142857143,2,0.942857142857143
12,9,OPP필름,392020,2014.01,중국,필리핀,대한민국,regulated_to_importer,0.0,0.0,-0.942857142857143,2,0.942857142857143
12,9,OPP필름,392020,2014.02,중국,필리핀,대한민국,regulated_to_importer,0.0,0.0,-0.942857142857143,2,0.942857142857143
12,9,OPP필름,392020,2014.03,중국,필리핀,대한민국,regulated_to_importer,0.0,0.0,-0.942857142857143,2,0.942857142857143
12,9,OPP필름,392020,2014.04,중국,필리핀,대한민국,regulated_to_importer,0.0,0.0,-0.942857142857143,2,0.942857142857143
12,9,OPP필름,392020,2014.05,중국,필리핀,대한민국,regulated_to_importer,0.0,0.0,-0.942857142857143,2,0.942857142857143
12,9,OPP필름,392020,2014.06,중국,필리핀,대한민국,regulated_to_importer,0.0,0.0,-0.942857142857143,2,0.942857142857143
12,9,OPP필름,392020,2014.07,중국,필리핀,대한민국,regulated_to_importer,0.0,0.0,-0.942857142857143,2,0.942857142857143
12,9,OPP필름,392020,2014.08,중국,필리핀,대한민국,regulated_to_importer,0.0,0.0,-0.942857142857143,2,0.942857142857143
13,9,OPP필름,392020,2013.12,중국,홍콩,대한민국,regulated_to_intermediary,0.0,0.0,-0.942857142857143,2,0.942857142857143
13,9,OPP필름,392020,2014.01,중국,홍콩,대한민국,regulated_to_intermediary,0.0,0.0,-0.942857142857143,2,0.942857142857143
13,9,OPP필름,392020,2014.02,중국,홍콩,대한민국,regulated_to_intermediary,0.0,0.0,-0.942857142857143,2,0.942857142857143
13,9,OPP필름,392020,2014.03,중국,홍콩,대한민국,regulated_to_intermediary,0.0,0.0,-0.942857142857143,2,0.942857142857143
13,9,OPP필름,392020,2014.04,중국,홍콩,대한민국,regulated_to_intermediary,0.0,0.0,-0.942857142857143,2,0.942857142857143
13,9,OPP필름,392020,2014.05,중국,홍콩,대한민국,regulated_to_intermediary,0.0,0.0,-0.942857142857143,2,0.942857142857143
13,9,OPP필름,392020,2014.06,중국,홍콩,대한민국,regulated_to_intermediary,0.0,0.0,-0.942857142857143,2,0.942857142857143
13,9,OPP필름,392020,2014.07,중국,홍콩,대한민국,regulated_to_intermediary,0.0,0.0,-0.942857142857143,2,0.942857142857143
13,9,OPP필름,392020,2014.08,중국,홍콩,대한민국,regulated_to_intermediary,0.0,0.0,-0.942857142857143,2,0.942857142857143
13,9,OPP필름,392020,2013.12,중국,홍콩,대한민국,regulated_to_importer,0.0,0.0,-0.942857142857143,2,0.942857142857143
13,9,OPP필름,392020,2014.01,중국,홍콩,대한민국,regulated_to_importer,0.0,0.0,-0.942857142857143,2,0.942857142857143
13,9,OPP필름,392020,2014.02,중국,홍콩,대한민국,regulated_to_importer,0.0,0.0,-0.942857142857143,2,0.942857142857143
13,9,OPP필름,392020,2014.03,중국,홍콩,대한민국,regulated_to_importer,0.0,0.0,-0.942857142857143,2,0.942857142857143
13,9,OPP필름,392020,2014.04,중국,홍콩,대한민국,regulated_to_importer,0.0,0.0,-0.942857142857143,2,0.942857142857143
13,9,OPP필름,392020,2014.05,중국,홍콩,대한민국,regulated_to_importer,0.0,0.0,-0.942857142857143,2,0.942857142857143
13,9,OPP필름,392020,2014.06,중국,홍콩,대한민국,regulated_to_importer,0.0,0.0,-0.942857142857143,2,0.942857142857143
13,9,OPP필름,392020,2014.07,중국,홍콩,대한민국,regulated_to_importer,0.0,0.0,-0.942857142857143,2,0.942857142857143
13,9,OPP필름,392020,2014.08,중국,홍콩,대한민국,regulated_to_importer,0.0,0.0,-0.942857142857143,2,0.942857142857143
14,9,OPP필름,392020,2013.12,태국,영국,대한민국,regulated_to_intermediary,0.0,0.0,-0.942857142857143,3,0.942857142857143
14,9,OPP필름,392020,2014.01,태국,영국,대한민국,regulated_to_intermediary,102291.0,227912.384,-0.942857142857143,3,0.942857142857143
14,9,OPP필름,392020,2014.02,태국,영국,대한민국,regulated_to_intermediary,31220.0,66479.149,-0.942857142857143,3,0.942857142857143
14,9,OPP필름,392020,2014.03,태국,영국,대한민국,regulated_to_intermediary,0.0,0.0,-0.942857142857143,3,0.942857142857143
14,9,OPP필름,392020,2014.04,태국,영국,대한민국,regulated_to_intermediary,11453.0,25285.91,-0.942857142857143,3,0.942857142857143
14,9,OPP필름,392020,2014.05,태국,영국,대한민국,regulated_to_intermediary,0.0,0.0,-0.942857142857143,3,0.942857142857143
14,9,OPP필름,392020,2014.06,태국,영국,대한민국,regulated_to_intermediary,0.0,0.0,-0.942857142857143,3,0.942857142857143
14,9,OPP필름,392020,2014.07,태국,영국,대한민국,regulated_to_intermediary,535.0,99.225,-0.942857142857143,3,0.942857142857143
14,9,OPP필름,392020,2014.08,태국,영국,대한민국,regulated_to_intermediary,0.0,0.0,-0.942857142857143,3,0.942857142857143
14,9,OPP필름,392020,2013.12,태국,영국,대한민국,regulated_to_importer,164737.0,371566.0,-0.942857142857143,3,0.942857142857143
14,9,OPP필름,392020,2014.01,태국,영국,대한민국,regulated_to_importer,33840.0,76941.61,-0.942857142857143,3,0.942857142857143
14,9,OPP필름,392020,2014.02,태국,영국,대한민국,regulated_to_importer,97498.0,218593.285,-0.942857142857143,3,0.942857142857143
14,9,OPP필름,392020,2014.03,태국,영국,대한민국,regulated_to_importer,290626.0,673277.588,-0.942857142857143,3,0.942857142857143
14,9,OPP필름,392020,2014.04,태국,영국,대한민국,regulated_to_importer,191669.0,435755.887,-0.942857142857143,3,0.942857142857143
14,9,OPP필름,392020,2014.05,태국,영국,대한민국,regulated_to_importer,183669.0,429951.402,-0.942857142857143,3,0.942857142857143
14,9,OPP필름,392020,2014.06,태국,영국,대한민국,regulated_to_importer,160189.0,366739.157,-0.942857142857143,3,0.942857142857143
14,9,OPP필름,392020,2014.07,태국,영국,대한민국,regulated_to_importer,163447.0,359356.873,-0.942857142857143,3,0.942857142857143
14,9,OPP필름,392020,2014.08,태국,영국,대한민국,regulated_to_importer,133614.0,323846.231,-0.942857142857143,3,0.942857142857143
15,10,합판(1차재심),4412,2014.09,말레이시아,라트비아,대한민국,regulated_to_intermediary,0.0,0.0,-0.942857142857143,1,0.942857142857143
15,10,합판(1차재심),4412,2014.1,말레이시아,라트비아,대한민국,regulated_to_intermediary,0.0,0.0,-0.942857142857143,1,0.942857142857143
15,10,합판(1차재심),4412,2014.11,말레이시아,라트비아,대한민국,regulated_to_intermediary,0.0,0.0,-0.942857142857143,1,0.942857142857143
15,10,합판(1차재심),4412,2014.12,말레이시아,라트비아,대한민국,regulated_to_intermediary,0.0,0.0,-0.942857142857143,1,0.942857142857143
15,10,합판(1차재심),4412,2015.01,말레이시아,라트비아,대한민국,regulated_to_intermediary,0.0,0.0,-0.942857142857143,1,0.942857142857143
15,10,합판(1차재심),4412,2015.02,말레이시아,라트비아,대한민국,regulated_to_intermediary,0.0,0.0,-0.942857142857143,1,0.942857142857143
15,10,합판(1차재심),4412,2015.03,말레이시아,라트비아,대한민국,regulated_to_intermediary,0.0,0.0,-0.942857142857143,1,0.942857142857143
15,10,합판(1차재심),4412,2015.04,말레이시아,라트비아,대한민국,regulated_to_intermediary,0.0,0.0,-0.942857142857143,1,0.942857142857143
15,10,합판(1차재심),4412,2015.05,말레이시아,라트비아,대한민국,regulated_to_intermediary,0.0,0.0,-0.942857142857143,1,0.942857142857143
15,10,합판(1차재심),4412,2014.09,말레이시아,라트비아,대한민국,regulated_to_importer,0.0,14729113.264,-0.942857142857143,1,0.942857142857143
15,10,합판(1차재심),4412,2014.1,말레이시아,라트비아,대한민국,regulated_to_importer,0.0,8597137.739,-0.942857142857143,1,0.942857142857143
15,10,합판(1차재심),4412,2014.11,말레이시아,라트비아,대한민국,regulated_to_importer,0.0,16213813.54,-0.942857142857143,1,0.942857142857143
15,10,합판(1차재심),4412,2014.12,말레이시아,라트비아,대한민국,regulated_to_importer,0.0,15571208.438,-0.942857142857143,1,0.942857142857143
15,10,합판(1차재심),4412,2015.01,말레이시아,라트비아,대한민국,regulated_to_importer,0.0,10378556.989,-0.942857142857143,1,0.942857142857143
15,10,합판(1차재심),4412,2015.02,말레이시아,라트비아,대한민국,regulated_to_importer,0.0,8378851.218,-0.942857142857143,1,0.942857142857143
15,10,합판(1차재심),4412,2015.03,말레이시아,라트비아,대한민국,regulated_to_importer,0.0,11763214.259,-0.942857142857143,1,0.942857142857143
15,10,합판(1차재심),4412,2015.04,말레이시아,라트비아,대한민국,regulated_to_importer,0.0,10925996.287,-0.942857142857143,1,0.942857142857143
15,10,합판(1차재심),4412,2015.05,말레이시아,라트비아,대한민국,regulated_to_importer,0.0,11396025.628,-0.942857142857143,1,0.942857142857143
16,10,합판(1차재심),4412,2014.09,말레이시아,이탈리아,대한민국,regulated_to_intermediary,0.0,28446.199,-0.942857142857143,1,0.942857142857143
16,10,합판(1차재심),4412,2014.1,말레이시아,이탈리아,대한민국,regulated_to_intermediary,0.0,0.0,-0.942857142857143,1,0.942857142857143
16,10,합판(1차재심),4412,2014.11,말레이시아,이탈리아,대한민국,regulated_to_intermediary,0.0,16487.216,-0.942857142857143,1,0.942857142857143
16,10,합판(1차재심),4412,2014.12,말레이시아,이탈리아,대한민국,regulated_to_intermediary,0.0,0.0,-0.942857142857143,1,0.942857142857143
16,10,합판(1차재심),4412,2015.01,말레이시아,이탈리아,대한민국,regulated_to_intermediary,0.0,75858.583,-0.942857142857143,1,0.942857142857143
16,10,합판(1차재심),4412,2015.02,말레이시아,이탈리아,대한민국,regulated_to_intermediary,0.0,0.0,-0.942857142857143,1,0.942857142857143
16,10,합판(1차재심),4412,2015.03,말레이시아,이탈리아,대한민국,regulated_to_intermediary,0.0,0.0,-0.942857142857143,1,0.942857142857143
16,10,합판(1차재심),4412,2015.04,말레이시아,이탈리아,대한민국,regulated_to_intermediary,0.0,29946.613,-0.942857142857143,1,0.942857142857143
16,10,합판(1차재심),4412,2015.05,말레이시아,이탈리아,대한민국,regulated_to_intermediary,0.0,86540.526,-0.942857142857143,1,0.942857142857143
16,10,합판(1차재심),4412,2014.09,말레이시아,이탈리아,대한민국,regulated_to_importer,0.0,14729113.264,-0.942857142857143,1,0.942857142857143
16,10,합판(1차재심),4412,2014.1,말레이시아,이탈리아,대한민국,regulated_to_importer,0.0,8597137.739,-0.942857142857143,1,0.942857142857143
16,10,합판(1차재심),4412,2014.11,말레이시아,이탈리아,대한민국,regulated_to_importer,0.0,16213813.54,-0.942857142857143,1,0.942857142857143
16,10,합판(1차재심),4412,2014.12,말레이시아,이탈리아,대한민국,regulated_to_importer,0.0,15571208.438,-0.942857142857143,1,0.942857142857143
16,10,합판(1차재심),4412,2015.01,말레이시아,이탈리아,대한민국,regulated_to_importer,0.0,10378556.989,-0.942857142857143,1,0.942857142857143
16,10,합판(1차재심),4412,2015.02,말레이시아,이탈리아,대한민국,regulated_to_importer,0.0,8378851.218,-0.942857142857143,1,0.942857142857143
16,10,합판(1차재심),4412,2015.03,말레이시아,이탈리아,대한민국,regulated_to_importer,0.0,11763214.259,-0.942857142857143,1,0.942857142857143
16,10,합판(1차재심),4412,2015.04,말레이시아,이탈리아,대한민국,regulated_to_importer,0.0,10925996.287,-0.942857142857143,1,0.942857142857143
16,10,합판(1차재심),4412,2015.05,말레이시아,이탈리아,대한민국,regulated_to_importer,0.0,11396025.628,-0.942857142857143,1,0.942857142857143
17,13,공기압 전송용 밸브,848120,2015.08,일본,폴란드,대한민국,regulated_to_intermediary,812.0,86132.61,-0.942857142857143,1,0.942857142857143
17,13,공기압 전송용 밸브,848120,2015.09,일본,폴란드,대한민국,regulated_to_intermediary,942.0,104282.502,-0.942857142857143,1,0.942857142857143
17,13,공기압 전송용 밸브,848120,2015.1,일본,폴란드,대한민국,regulated_to_intermediary,1375.0,146940.218,-0.942857142857143,1,0.942857142857143
17,13,공기압 전송용 밸브,848120,2015.11,일본,폴란드,대한민국,regulated_to_intermediary,250.0,26449.801,-0.942857142857143,1,0.942857142857143
17,13,공기압 전송용 밸브,848120,2015.12,일본,폴란드,대한민국,regulated_to_intermediary,1224.0,126622.476,-0.942857142857143,1,0.942857142857143
17,13,공기압 전송용 밸브,848120,2016.01,일본,폴란드,대한민국,regulated_to_intermediary,475.0,48993.588,-0.942857142857143,1,0.942857142857143
17,13,공기압 전송용 밸브,848120,2016.02,일본,폴란드,대한민국,regulated_to_intermediary,750.0,78374.78,-0.942857142857143,1,0.942857142857143
17,13,공기압 전송용 밸브,848120,2016.03,일본,폴란드,대한민국,regulated_to_intermediary,65.0,5775.132,-0.942857142857143,1,0.942857142857143
17,13,공기압 전송용 밸브,848120,2016.04,일본,폴란드,대한민국,regulated_to_intermediary,0.0,0.0,-0.942857142857143,1,0.942857142857143
17,13,공기압 전송용 밸브,848120,2015.08,일본,폴란드,대한민국,regulated_to_importer,179381.0,6781429.59,-0.942857142857143,1,0.942857142857143
17,13,공기압 전송용 밸브,848120,2015.09,일본,폴란드,대한민국,regulated_to_importer,172366.0,7957928.008,-0.942857142857143,1,0.942857142857143
17,13,공기압 전송용 밸브,848120,2015.1,일본,폴란드,대한민국,regulated_to_importer,227326.0,9390980.816,-0.942857142857143,1,0.942857142857143
17,13,공기압 전송용 밸브,848120,2015.11,일본,폴란드,대한민국,regulated_to_importer,166823.0,7981196.848,-0.942857142857143,1,0.942857142857143
17,13,공기압 전송용 밸브,848120,2015.12,일본,폴란드,대한민국,regulated_to_importer,172597.0,9256096.434,-0.942857142857143,1,0.942857142857143
17,13,공기압 전송용 밸브,848120,2016.01,일본,폴란드,대한민국,regulated_to_importer,185693.0,8916824.563,-0.942857142857143,1,0.942857142857143
17,13,공기압 전송용 밸브,848120,2016.02,일본,폴란드,대한민국,regulated_to_importer,193606.0,9383068.631,-0.942857142857143,1,0.942857142857143
17,13,공기압 전송용 밸브,848120,2016.03,일본,폴란드,대한민국,regulated_to_importer,268817.0,10048703.148,-0.942857142857143,1,0.942857142857143
17,13,공기압 전송용 밸브,848120,2016.04,일본,폴란드,대한민국,regulated_to_importer,247078.0,9585976.306,-0.942857142857143,1,0.942857142857143
18,19,PET필름(2차재심),392062,2016.01,중국,이탈리아,대한민국,regulated_to_intermediary,558125.12,1297735.0,-0.942857142857143,0,0.942857142857143
18,19,PET필름(2차재심),392062,2016.02,중국,이탈리아,대한민국,regulated_to_intermediary,625915.904,1455360.0,-0.942857142857143,0,0.942857142857143
18,19,PET필름(2차재심),392062,2016.03,중국,이탈리아,대한민국,regulated_to_intermediary,452483.748,1052101.0,-0.942857142857143,0,0.942857142857143
18,19,PET필름(2차재심),392062,2016.04,중국,이탈리아,대한민국,regulated_to_intermediary,460509.403,1070762.0,-0.942857142857143,0,0.942857142857143
18,19,PET필름(2차재심),392062,2016.05,중국,이탈리아,대한민국,regulated_to_intermediary,497438.338,1156628.0,-0.942857142857143,0,0.942857142857143
18,19,PET필름(2차재심),392062,2016.06,중국,이탈리아,대한민국,regulated_to_intermediary,868037.701,2018334.0,-0.942857142857143,0,0.942857142857143
18,19,PET필름(2차재심),392062,2016.07,중국,이탈리아,대한민국,regulated_to_intermediary,395676.255,920014.0,-0.942857142857143,0,0.942857142857143
18,19,PET필름(2차재심),392062,2016.08,중국,이탈리아,대한민국,regulated_to_intermediary,442042.355,1027823.0,-0.942857142857143,0,0.942857142857143
18,19,PET필름(2차재심),392062,2016.09,중국,이탈리아,대한민국,regulated_to_intermediary,193897.338,450844.0,-0.942857142857143,0,0.942857142857143
18,19,PET필름(2차재심),392062,2016.01,중국,이탈리아,대한민국,regulated_to_importer,1188131.48,2762606.0,-0.942857142857143,0,0.942857142857143
18,19,PET필름(2차재심),392062,2016.02,중국,이탈리아,대한민국,regulated_to_importer,644081.468,1497598.0,-0.942857142857143,0,0.942857142857143
18,19,PET필름(2차재심),392062,2016.03,중국,이탈리아,대한민국,regulated_to_importer,1118397.612,2600463.0,-0.942857142857143,0,0.942857142857143
18,19,PET필름(2차재심),392062,2016.04,중국,이탈리아,대한민국,regulated_to_importer,934044.098,2171810.0,-0.942857142857143,0,0.942857142857143
18,19,PET필름(2차재심),392062,2016.05,중국,이탈리아,대한민국,regulated_to_importer,1285800.957,2989704.0,-0.942857142857143,0,0.942857142857143
18,19,PET필름(2차재심),392062,2016.06,중국,이탈리아,대한민국,regulated_to_importer,1280847.337,2978186.0,-0.942857142857143,0,0.942857142857143
18,19,PET필름(2차재심),392062,2016.07,중국,이탈리아,대한민국,regulated_to_importer,1727454.523,4016623.0,-0.942857142857143,0,0.942857142857143
18,19,PET필름(2차재심),392062,2016.08,중국,이탈리아,대한민국,regulated_to_importer,1206908.183,2806265.0,-0.942857142857143,0,0.942857142857143
18,19,PET필름(2차재심),392062,2016.09,중국,이탈리아,대한민국,regulated_to_importer,1043343.699,2425950.0,-0.942857142857143,0,0.942857142857143
19,19,PET필름(2차재심),392062,2016.01,중국,인도네시아,대한민국,regulated_to_intermediary,1247969.291,2901739.0,-0.942857142857143,0,0.942857142857143
19,19,PET필름(2차재심),392062,2016.02,중국,인도네시아,대한민국,regulated_to_intermediary,1024050.475,2381090.0,-0.942857142857143,0,0.942857142857143
19,19,PET필름(2차재심),392062,2016.03,중국,인도네시아,대한민국,regulated_to_intermediary,2039647.799,4742525.0,-0.942857142857143,0,0.942857142857143
19,19,PET필름(2차재심),392062,2016.04,중국,인도네시아,대한민국,regulated_to_intermediary,2328004.954,5413004.0,-0.942857142857143,0,0.942857142857143
19,19,PET필름(2차재심),392062,2016.05,중국,인도네시아,대한민국,regulated_to_intermediary,2755544.274,6407105.0,-0.942857142857143,0,0.942857142857143
19,19,PET필름(2차재심),392062,2016.06,중국,인도네시아,대한민국,regulated_to_intermediary,1329979.259,3092426.0,-0.942857142857143,0,0.942857142857143
19,19,PET필름(2차재심),392062,2016.07,중국,인도네시아,대한민국,regulated_to_intermediary,2264692.125,5265791.0,-0.942857142857143,0,0.942857142857143
19,19,PET필름(2차재심),392062,2016.08,중국,인도네시아,대한민국,regulated_to_intermediary,2392124.605,5562093.0,-0.942857142857143,0,0.942857142857143
19,19,PET필름(2차재심),392062,2016.09,중국,인도네시아,대한민국,regulated_to_intermediary,1796660.687,4177539.0,-0.942857142857143,0,0.942857142857143
19,19,PET필름(2차재심),392062,2016.01,중국,인도네시아,대한민국,regulated_to_importer,1188131.48,2762606.0,-0.942857142857143,0,0.942857142857143
19,19,PET필름(2차재심),392062,2016.02,중국,인도네시아,대한민국,regulated_to_importer,644081.468,1497598.0,-0.942857142857143,0,0.942857142857143
19,19,PET필름(2차재심),392062,2016.03,중국,인도네시아,대한민국,regulated_to_importer,1118397.612,2600463.0,-0.942857142857143,0,0.942857142857143
19,19,PET필름(2차재심),392062,2016.04,중국,인도네시아,대한민국,regulated_to_importer,934044.098,2171810.0,-0.942857142857143,0,0.942857142857143
19,19,PET필름(2차재심),392062,2016.05,중국,인도네시아,대한민국,regulated_to_importer,1285800.957,2989704.0,-0.942857142857143,0,0.942857142857143
19,19,PET필름(2차재심),392062,2016.06,중국,인도네시아,대한민국,regulated_to_importer,1280847.337,2978186.0,-0.942857142857143,0,0.942857142857143
19,19,PET필름(2차재심),392062,2016.07,중국,인도네시아,대한민국,regulated_to_importer,1727454.523,4016623.0,-0.942857142857143,0,0.942857142857143
19,19,PET필름(2차재심),392062,2016.08,중국,인도네시아,대한민국,regulated_to_importer,1206908.183,2806265.0,-0.942857142857143,0,0.942857142857143
19,19,PET필름(2차재심),392062,2016.09,중국,인도네시아,대한민국,regulated_to_importer,1043343.699,2425950.0,-0.942857142857143,0,0.942857142857143
20,22,합판(2차재심),4412,2017.05,말레이시아,미국,대한민국,regulated_to_intermediary,2229305.254,3337354.784,-0.942857142857143,1,0.942857142857143
20,22,합판(2차재심),4412,2017.06,말레이시아,미국,대한민국,regulated_to_intermediary,9725001.558,13965422.396,-0.942857142857143,1,0.942857142857143
20,22,합판(2차재심),4412,2017.07,말레이시아,미국,대한민국,regulated_to_intermediary,2708168.248,4685373.048,-0.942857142857143,1,0.942857142857143
20,22,합판(2차재심),4412,2017.08,말레이시아,미국,대한민국,regulated_to_intermediary,2400946.312,3764859.582,-0.942857142857143,1,0.942857142857143
20,22,합판(2차재심),4412,2017.09,말레이시아,미국,대한민국,regulated_to_intermediary,2923506.48,4472609.162,-0.942857142857143,1,0.942857142857143
20,22,합판(2차재심),4412,2017.1,말레이시아,미국,대한민국,regulated_to_intermediary,10948177.778,15469306.096,-0.942857142857143,1,0.942857142857143
20,22,합판(2차재심),4412,2017.11,말레이시아,미국,대한민국,regulated_to_intermediary,4994299.726,7821554.972,-0.942857142857143,1,0.942857142857143
20,22,합판(2차재심),4412,2017.12,말레이시아,미국,대한민국,regulated_to_intermediary,9556667.796,12236588.178,-0.942857142857143,1,0.942857142857143
20,22,합판(2차재심),4412,2018.01,말레이시아,미국,대한민국,regulated_to_intermediary,5535733.768,11667541.162,-0.942857142857143,1,0.942857142857143
20,22,합판(2차재심),4412,2017.05,말레이시아,미국,대한민국,regulated_to_importer,13674705.638,21816556.59,-0.942857142857143,1,0.942857142857143
20,22,합판(2차재심),4412,2017.06,말레이시아,미국,대한민국,regulated_to_importer,12362807.662,20018074.826,-0.942857142857143,1,0.942857142857143
20,22,합판(2차재심),4412,2017.07,말레이시아,미국,대한민국,regulated_to_importer,12918685.218,20134209.792,-0.942857142857143,1,0.942857142857143
20,22,합판(2차재심),4412,2017.08,말레이시아,미국,대한민국,regulated_to_importer,14534814.144,24299544.508,-0.942857142857143,1,0.942857142857143
20,22,합판(2차재심),4412,2017.09,말레이시아,미국,대한민국,regulated_to_importer,12857998.666,20475993.002,-0.942857142857143,1,0.942857142857143
20,22,합판(2차재심),4412,2017.1,말레이시아,미국,대한민국,regulated_to_importer,13785207.95,23162782.064,-0.942857142857143,1,0.942857142857143
20,22,합판(2차재심),4412,2017.11,말레이시아,미국,대한민국,regulated_to_importer,18771690.656,30563242.204,-0.942857142857143,1,0.942857142857143
20,22,합판(2차재심),4412,2017.12,말레이시아,미국,대한민국,regulated_to_importer,11085271.07,18459015.59,-0.942857142857143,1,0.942857142857143
20,22,합판(2차재심),4412,2018.01,말레이시아,미국,대한민국,regulated_to_importer,13398846.854,27800247.158,-0.942857142857143,1,0.942857142857143
21,22,합판(2차재심),4412,2017.05,말레이시아,베트남,대한민국,regulated_to_intermediary,1463574.352,1469619.474,-0.942857142857143,1,0.942857142857143
21,22,합판(2차재심),4412,2017.06,말레이시아,베트남,대한민국,regulated_to_intermediary,403907.482,451877.04,-0.942857142857143,1,0.942857142857143
21,22,합판(2차재심),4412,2017.07,말레이시아,베트남,대한민국,regulated_to_intermediary,700114.7,815938.276,-0.942857142857143,1,0.942857142857143
21,22,합판(2차재심),4412,2017.08,말레이시아,베트남,대한민국,regulated_to_intermediary,631994.59,860903.836,-0.942857142857143,1,0.942857142857143
21,22,합판(2차재심),4412,2017.09,말레이시아,베트남,대한민국,regulated_to_intermediary,418170.822,472956.992,-0.942857142857143,1,0.942857142857143
21,22,합판(2차재심),4412,2017.1,말레이시아,베트남,대한민국,regulated_to_intermediary,575268.522,832560.134,-0.942857142857143,1,0.942857142857143
21,22,합판(2차재심),4412,2017.11,말레이시아,베트남,대한민국,regulated_to_intermediary,987325.584,1204487.63,-0.942857142857143,1,0.942857142857143
21,22,합판(2차재심),4412,2017.12,말레이시아,베트남,대한민국,regulated_to_intermediary,606304.954,631109.938,-0.942857142857143,1,0.942857142857143
21,22,합판(2차재심),4412,2018.01,말레이시아,베트남,대한민국,regulated_to_intermediary,973349.702,1356591.2,-0.942857142857143,1,0.942857142857143
21,22,합판(2차재심),4412,2017.05,말레이시아,베트남,대한민국,regulated_to_importer,13674705.638,21816556.59,-0.942857142857143,1,0.942857142857143
21,22,합판(2차재심),4412,2017.06,말레이시아,베트남,대한민국,regulated_to_importer,12362807.662,20018074.826,-0.942857142857143,1,0.942857142857143
21,22,합판(2차재심),4412,2017.07,말레이시아,베트남,대한민국,regulated_to_importer,12918685.218,20134209.792,-0.942857142857143,1,0.942857142857143
21,22,합판(2차재심),4412,2017.08,말레이시아,베트남,대한민국,regulated_to_importer,14534814.144,24299544.508,-0.942857142857143,1,0.942857142857143
21,22,합판(2차재심),4412,2017.09,말레이시아,베트남,대한민국,regulated_to_importer,12857998.666,20475993.002,-0.942857142857143,1,0.942857142857143
21,22,합판(2차재심),4412,2017.1,말레이시아,베트남,대한민국,regulated_to_importer,13785207.95,23162782.064,-0.942857142857143,1,0.942857142857143
21,22,합판(2차재심),4412,2017.11,말레이시아,베트남,대한민국,regulated_to_importer,18771690.656,30563242.204,-0.942857142857143,1,0.942857142857143
21,22,합판(2차재심),4412,2017.12,말레이시아,베트남,대한민국,regulated_to_importer,11085271.07,18459015.59,-0.942857142857143,1,0.942857142857143
21,22,합판(2차재심),4412,2018.01,말레이시아,베트남,대한민국,regulated_to_importer,13398846.854,27800247.158,-0.942857142857143,1,0.942857142857143
22,31,OPP필름(1차재심),392020,2019.08,중국,베트남,대한민국,regulated_to_intermediary,5429171.0,9454968.0,-0.942857142857143,2,0.942857142857143
22,31,OPP필름(1차재심),392020,2019.09,중국,베트남,대한민국,regulated_to_intermediary,4119284.0,7590060.0,-0.942857142857143,2,0.942857142857143
22,31,OPP필름(1차재심),392020,2019.1,중국,베트남,대한민국,regulated_to_intermediary,5094432.0,8930198.0,-0.942857142857143,2,0.942857142857143
22,31,OPP필름(1차재심),392020,2019.11,중국,베트남,대한민국,regulated_to_intermediary,4577378.0,9003159.0,-0.942857142857143,2,0.942857142857143
22,31,OPP필름(1차재심),392020,2019.12,중국,베트남,대한민국,regulated_to_intermediary,5005503.0,10003725.0,-0.942857142857143,2,0.942857142857143
22,31,OPP필름(1차재심),392020,2020.01,중국,베트남,대한민국,regulated_to_intermediary,2243103.0,4711291.0,-0.942857142857143,2,0.942857142857143
22,31,OPP필름(1차재심),392020,2020.02,중국,베트남,대한민국,regulated_to_intermediary,2904719.0,4630722.0,-0.942857142857143,2,0.942857142857143
22,31,OPP필름(1차재심),392020,2020.03,중국,베트남,대한민국,regulated_to_intermediary,6306129.0,12501943.0,-0.942857142857143,2,0.942857142857143
22,31,OPP필름(1차재심),392020,2020.04,중국,베트남,대한민국,regulated_to_intermediary,2344722.0,5137584.0,-0.942857142857143,2,0.942857142857143
22,31,OPP필름(1차재심),392020,2019.08,중국,베트남,대한민국,regulated_to_importer,847609.0,5562251.0,-0.942857142857143,2,0.942857142857143
22,31,OPP필름(1차재심),392020,2019.09,중국,베트남,대한민국,regulated_to_importer,762184.0,4003762.0,-0.942857142857143,2,0.942857142857143
22,31,OPP필름(1차재심),392020,2019.1,중국,베트남,대한민국,regulated_to_importer,857197.0,3870405.0,-0.942857142857143,2,0.942857142857143
22,31,OPP필름(1차재심),392020,2019.11,중국,베트남,대한민국,regulated_to_importer,884896.0,3936892.0,-0.942857142857143,2,0.942857142857143
22,31,OPP필름(1차재심),392020,2019.12,중국,베트남,대한민국,regulated_to_importer,1060923.0,4517187.0,-0.942857142857143,2,0.942857142857143
22,31,OPP필름(1차재심),392020,2020.01,중국,베트남,대한민국,regulated_to_importer,1011170.0,4374612.0,-0.942857142857143,2,0.942857142857143
22,31,OPP필름(1차재심),392020,2020.02,중국,베트남,대한민국,regulated_to_importer,527039.0,2570480.0,-0.942857142857143,2,0.942857142857143
22,31,OPP필름(1차재심),392020,2020.03,중국,베트남,대한민국,regulated_to_importer,1417994.0,5075264.0,-0.942857142857143,2,0.942857142857143
22,31,OPP필름(1차재심),392020,2020.04,중국,베트남,대한민국,regulated_to_importer,1246076.0,6138968.0,-0.942857142857143,2,0.942857142857143
23,34,합판,4412,2020.11,말레이시아,스페인,대한민국,regulated_to_intermediary,0.0,0.0,-0.942857142857143,1,0.942857142857143
23,34,합판,4412,2020.12,말레이시아,스페인,대한민국,regulated_to_intermediary,0.0,0.0,-0.942857142857143,1,0.942857142857143
23,34,합판,4412,2021.01,말레이시아,스페인,대한민국,regulated_to_intermediary,0.0,0.0,-0.942857142857143,1,0.942857142857143
23,34,합판,4412,2021.02,말레이시아,스페인,대한민국,regulated_to_intermediary,0.0,0.0,-0.942857142857143,1,0.942857142857143
23,34,합판,4412,2021.03,말레이시아,스페인,대한민국,regulated_to_intermediary,0.0,0.0,-0.942857142857143,1,0.942857142857143
23,34,합판,4412,2021.04,말레이시아,스페인,대한민국,regulated_to_intermediary,0.0,0.0,-0.942857142857143,1,0.942857142857143
23,34,합판,4412,2021.05,말레이시아,스페인,대한민국,regulated_to_intermediary,0.0,0.0,-0.942857142857143,1,0.942857142857143
23,34,합판,4412,2021.06,말레이시아,스페인,대한민국,regulated_to_intermediary,0.0,0.0,-0.942857142857143,1,0.942857142857143
23,34,합판,4412,2021.07,말레이시아,스페인,대한민국,regulated_to_intermediary,0.0,0.0,-0.942857142857143,1,0.942857142857143
23,34,합판,4412,2020.11,말레이시아,스페인,대한민국,regulated_to_importer,3868271.4,5190414.982,-0.942857142857143,1,0.942857142857143
23,34,합판,4412,2020.12,말레이시아,스페인,대한민국,regulated_to_importer,6600180.234,8130293.766,-0.942857142857143,1,0.942857142857143
23,34,합판,4412,2021.01,말레이시아,스페인,대한민국,regulated_to_importer,2992000.17,7056242.774,-0.942857142857143,1,0.942857142857143
23,34,합판,4412,2021.02,말레이시아,스페인,대한민국,regulated_to_importer,3102395.236,7234058.218,-0.942857142857143,1,0.942857142857143
23,34,합판,4412,2021.03,말레이시아,스페인,대한민국,regulated_to_importer,3213741.564,7349408.93,-0.942857142857143,1,0.942857142857143
23,34,합판,4412,2021.04,말레이시아,스페인,대한민국,regulated_to_importer,2792278.466,5300236.23,-0.942857142857143,1,0.942857142857143
23,34,합판,4412,2021.05,말레이시아,스페인,대한민국,regulated_to_importer,6497086.35,11888652.574,-0.942857142857143,1,0.942857142857143
23,34,합판,4412,2021.06,말레이시아,스페인,대한민국,regulated_to_importer,4172556.766,7633256.18,-0.942857142857143,1,0.942857142857143
23,34,합판,4412,2021.07,말레이시아,스페인,대한민국,regulated_to_importer,3913231.44,9225470.162,-0.942857142857143,1,0.942857142857143
24,35,합판,4412,2020.11,중국,일본,대한민국,regulated_to_intermediary,28202987.0,21693865.0,-0.942857142857143,1,0.942857142857143
24,35,합판,4412,2020.12,중국,일본,대한민국,regulated_to_intermediary,25429516.0,20227105.0,-0.942857142857143,1,0.942857142857143
24,35,합판,4412,2021.01,중국,일본,대한민국,regulated_to_intermediary,28864435.0,23817992.0,-0.942857142857143,1,0.942857142857143
24,35,합판,4412,2021.02,중국,일본,대한민국,regulated_to_intermediary,16556599.0,14960441.0,-0.942857142857143,1,0.942857142857143
24,35,합판,4412,2021.03,중국,일본,대한민국,regulated_to_intermediary,26846786.0,21163778.0,-0.942857142857143,1,0.942857142857143
24,35,합판,4412,2021.04,중국,일본,대한민국,regulated_to_intermediary,29530446.0,24255862.0,-0.942857142857143,1,0.942857142857143
24,35,합판,4412,2021.05,중국,일본,대한민국,regulated_to_intermediary,34272386.0,28495191.0,-0.942857142857143,1,0.942857142857143
24,35,합판,4412,2021.06,중국,일본,대한민국,regulated_to_intermediary,35345481.0,29492477.0,-0.942857142857143,1,0.942857142857143
24,35,합판,4412,2021.07,중국,일본,대한민국,regulated_to_intermediary,39888470.0,33965927.0,-0.942857142857143,1,0.942857142857143
24,35,합판,4412,2020.11,중국,일본,대한민국,regulated_to_importer,8087374.0,6308305.0,-0.942857142857143,1,0.942857142857143
24,35,합판,4412,2020.12,중국,일본,대한민국,regulated_to_importer,11381266.0,8900921.0,-0.942857142857143,1,0.942857142857143
24,35,합판,4412,2021.01,중국,일본,대한민국,regulated_to_importer,12100956.0,10039479.0,-0.942857142857143,1,0.942857142857143
24,35,합판,4412,2021.02,중국,일본,대한민국,regulated_to_importer,5934479.0,6453874.0,-0.942857142857143,1,0.942857142857143
24,35,합판,4412,2021.03,중국,일본,대한민국,regulated_to_importer,7276379.0,7124003.0,-0.942857142857143,1,0.942857142857143
24,35,합판,4412,2021.04,중국,일본,대한민국,regulated_to_importer,10593224.0,10377480.0,-0.942857142857143,1,0.942857142857143
24,35,합판,4412,2021.05,중국,일본,대한민국,regulated_to_importer,11858062.0,12183732.0,-0.942857142857143,1,0.942857142857143
24,35,합판,4412,2021.06,중국,일본,대한민국,regulated_to_importer,12346346.0,12368872.0,-0.942857142857143,1,0.942857142857143
24,35,합판,4412,2021.07,중국,일본,대한민국,regulated_to_importer,12544204.0,11374833.0,-0.942857142857143,1,0.942857142857143
25,36,합판,4412,2020.11,베트남,벨기에,대한민국,regulated_to_intermediary,0.0,0.0,-0.942857142857143,1,0.942857142857143
25,36,합판,4412,2020.12,베트남,벨기에,대한민국,regulated_to_intermediary,0.0,0.0,-0.942857142857143,1,0.942857142857143
25,36,합판,4412,2021.01,베트남,벨기에,대한민국,regulated_to_intermediary,54623.79,60118.98,-0.942857142857143,1,0.942857142857143
25,36,합판,4412,2021.02,베트남,벨기에,대한민국,regulated_to_intermediary,29416.664,32376.0,-0.942857142857143,1,0.942857142857143
25,36,합판,4412,2021.03,베트남,벨기에,대한민국,regulated_to_intermediary,0.0,0.0,-0.942857142857143,1,0.942857142857143
25,36,합판,4412,2021.04,베트남,벨기에,대한민국,regulated_to_intermediary,26401.178,29057.154,-0.942857142857143,1,0.942857142857143
25,36,합판,4412,2021.05,베트남,벨기에,대한민국,regulated_to_intermediary,27854.936,30657.161,-0.942857142857143,1,0.942857142857143
25,36,합판,4412,2021.06,베트남,벨기에,대한민국,regulated_to_intermediary,9532.336,17060.54,-0.942857142857143,1,0.942857142857143
25,36,합판,4412,2021.07,베트남,벨기에,대한민국,regulated_to_intermediary,48038.068,52870.731,-0.942857142857143,1,0.942857142857143
25,36,합판,4412,2020.11,베트남,벨기에,대한민국,regulated_to_importer,13505268.107,15316015.604,-0.942857142857143,1,0.942857142857143
25,36,합판,4412,2020.12,베트남,벨기에,대한민국,regulated_to_importer,23056690.996,27510001.5,-0.942857142857143,1,0.942857142857143
25,36,합판,4412,2021.01,베트남,벨기에,대한민국,regulated_to_importer,25458123.178,28962167.521,-0.942857142857143,1,0.942857142857143
25,36,합판,4412,2021.02,베트남,벨기에,대한민국,regulated_to_importer,11912669.68,13692870.176,-0.942857142857143,1,0.942857142857143
25,36,합판,4412,2021.03,베트남,벨기에,대한민국,regulated_to_importer,18047862.413,20976511.173,-0.942857142857143,1,0.942857142857143
25,36,합판,4412,2021.04,베트남,벨기에,대한민국,regulated_to_importer,16384830.967,19604240.007,-0.942857142857143,1,0.942857142857143
25,36,합판,4412,2021.05,베트남,벨기에,대한민국,regulated_to_importer,16731388.237,19762615.652,-0.942857142857143,1,0.942857142857143
25,36,합판,4412,2021.06,베트남,벨기에,대한민국,regulated_to_importer,17903009.734,21350851.69,-0.942857142857143,1,0.942857142857143
25,36,합판,4412,2021.07,베트남,벨기에,대한민국,regulated_to_importer,21672706.161,25731390.29,-0.942857142857143,1,0.942857142857143
26,41,"인쇄제판용 평면모양 사진 플레이트(옵셋 인쇄판, 더블레이어 제품)",370130,2022.11,중국,미국,대한민국,regulated_to_intermediary,728013.0,3663087.0,-0.942857142857143,1,0.942857142857143
26,41,"인쇄제판용 평면모양 사진 플레이트(옵셋 인쇄판, 더블레이어 제품)",370130,2022.12,중국,미국,대한민국,regulated_to_intermediary,245388.0,1220352.0,-0.942857142857143,1,0.942857142857143
26,41,"인쇄제판용 평면모양 사진 플레이트(옵셋 인쇄판, 더블레이어 제품)",370130,2023.01,중국,미국,대한민국,regulated_to_intermediary,746981.0,3812671.0,-0.942857142857143,1,0.942857142857143
26,41,"인쇄제판용 평면모양 사진 플레이트(옵셋 인쇄판, 더블레이어 제품)",370130,2023.02,중국,미국,대한민국,regulated_to_intermediary,787816.0,4123831.0,-0.942857142857143,1,0.942857142857143
26,41,"인쇄제판용 평면모양 사진 플레이트(옵셋 인쇄판, 더블레이어 제품)",370130,2023.03,중국,미국,대한민국,regulated_to_intermediary,635685.0,3306355.0,-0.942857142857143,1,0.942857142857143
26,41,"인쇄제판용 평면모양 사진 플레이트(옵셋 인쇄판, 더블레이어 제품)",370130,2023.04,중국,미국,대한민국,regulated_to_intermediary,301363.0,1529033.0,-0.942857142857143,1,0.942857142857143
26,41,"인쇄제판용 평면모양 사진 플레이트(옵셋 인쇄판, 더블레이어 제품)",370130,2023.05,중국,미국,대한민국,regulated_to_intermediary,386148.0,2100884.0,-0.942857142857143,1,0.942857142857143
26,41,"인쇄제판용 평면모양 사진 플레이트(옵셋 인쇄판, 더블레이어 제품)",370130,2023.06,중국,미국,대한민국,regulated_to_intermediary,333016.0,1664597.0,-0.942857142857143,1,0.942857142857143
26,41,"인쇄제판용 평면모양 사진 플레이트(옵셋 인쇄판, 더블레이어 제품)",370130,2023.07,중국,미국,대한민국,regulated_to_intermediary,361762.0,1907354.0,-0.942857142857143,1,0.942857142857143
26,41,"인쇄제판용 평면모양 사진 플레이트(옵셋 인쇄판, 더블레이어 제품)",370130,2022.11,중국,미국,대한민국,regulated_to_importer,1610499.529,6839025.0,-0.942857142857143,1,0.942857142857143
26,41,"인쇄제판용 평면모양 사진 플레이트(옵셋 인쇄판, 더블레이어 제품)",370130,2022.12,중국,미국,대한민국,regulated_to_importer,2051852.509,8646236.0,-0.942857142857143,1,0.942857142857143
26,41,"인쇄제판용 평면모양 사진 플레이트(옵셋 인쇄판, 더블레이어 제품)",370130,2023.01,중국,미국,대한민국,regulated_to_importer,2155258.875,8967500.0,-0.942857142857143,1,0.942857142857143
26,41,"인쇄제판용 평면모양 사진 플레이트(옵셋 인쇄판, 더블레이어 제품)",370130,2023.02,중국,미국,대한민국,regulated_to_importer,1978286.033,8377583.0,-0.942857142857143,1,0.942857142857143
26,41,"인쇄제판용 평면모양 사진 플레이트(옵셋 인쇄판, 더블레이어 제품)",370130,2023.03,중국,미국,대한민국,regulated_to_importer,1668965.0,7356877.0,-0.942857142857143,1,0.942857142857143
26,41,"인쇄제판용 평면모양 사진 플레이트(옵셋 인쇄판, 더블레이어 제품)",370130,2023.04,중국,미국,대한민국,regulated_to_importer,2027654.0,8593971.0,-0.942857142857143,1,0.942857142857143
26,41,"인쇄제판용 평면모양 사진 플레이트(옵셋 인쇄판, 더블레이어 제품)",370130,2023.05,중국,미국,대한민국,regulated_to_importer,1582628.919,6501070.0,-0.942857142857143,1,0.942857142857143
26,41,"인쇄제판용 평면모양 사진 플레이트(옵셋 인쇄판, 더블레이어 제품)",370130,2023.06,중국,미국,대한민국,regulated_to_importer,1715334.0,7379770.0,-0.942857142857143,1,0.942857142857143
26,41,"인쇄제판용 평면모양 사진 플레이트(옵셋 인쇄판, 더블레이어 제품)",370130,2023.07,중국,미국,대한민국,regulated_to_importer,2035607.0,8061009.0,-0.942857142857143,1,0.942857142857143
27,48,도공(coated) 인쇄용지,4810,2024.03,중국,필리핀,대한민국,regulated_to_intermediary,10638052.0,9127702.0,-0.942857142857143,1,0.942857142857143
27,48,도공(coated) 인쇄용지,4810,2024.04,중국,필리핀,대한민국,regulated_to_intermediary,9008250.0,6794967.0,-0.942857142857143,1,0.942857142857143
27,48,도공(coated) 인쇄용지,4810,2024.05,중국,필리핀,대한민국,regulated_to_intermediary,7224836.0,5736827.0,-0.942857142857143,1,0.942857142857143
27,48,도공(coated) 인쇄용지,4810,2024.06,중국,필리핀,대한민국,regulated_to_intermediary,7222932.0,5452674.0,-0.942857142857143,1,0.942857142857143
27,48,도공(coated) 인쇄용지,4810,2024.07,중국,필리핀,대한민국,regulated_to_intermediary,8185691.0,6442819.0,-0.942857142857143,1,0.942857142857143
27,48,도공(coated) 인쇄용지,4810,2024.08,중국,필리핀,대한민국,regulated_to_intermediary,9732605.0,7694573.0,-0.942857142857143,1,0.942857142857143
27,48,도공(coated) 인쇄용지,4810,2024.09,중국,필리핀,대한민국,regulated_to_intermediary,9024248.0,7253659.0,-0.942857142857143,1,0.942857142857143
27,48,도공(coated) 인쇄용지,4810,2024.1,중국,필리핀,대한민국,regulated_to_intermediary,8422050.0,6003362.0,-0.942857142857143,1,0.942857142857143
27,48,도공(coated) 인쇄용지,4810,2024.11,중국,필리핀,대한민국,regulated_to_intermediary,9239102.0,6903838.0,-0.942857142857143,1,0.942857142857143
27,48,도공(coated) 인쇄용지,4810,2024.03,중국,필리핀,대한민국,regulated_to_importer,6911651.0,6161747.0,-0.942857142857143,1,0.942857142857143
27,48,도공(coated) 인쇄용지,4810,2024.04,중국,필리핀,대한민국,regulated_to_importer,10149718.0,8691870.0,-0.942857142857143,1,0.942857142857143
27,48,도공(coated) 인쇄용지,4810,2024.05,중국,필리핀,대한민국,regulated_to_importer,6624347.0,5624941.0,-0.942857142857143,1,0.942857142857143
27,48,도공(coated) 인쇄용지,4810,2024.06,중국,필리핀,대한민국,regulated_to_importer,6699007.0,5785014.0,-0.942857142857143,1,0.942857142857143
27,48,도공(coated) 인쇄용지,4810,2024.07,중국,필리핀,대한민국,regulated_to_importer,6671405.0,5669346.0,-0.942857142857143,1,0.942857142857143
27,48,도공(coated) 인쇄용지,4810,2024.08,중국,필리핀,대한민국,regulated_to_importer,8069252.0,6983977.0,-0.942857142857143,1,0.942857142857143
27,48,도공(coated) 인쇄용지,4810,2024.09,중국,필리핀,대한민국,regulated_to_importer,6979895.0,5880876.0,-0.942857142857143,1,0.942857142857143
27,48,도공(coated) 인쇄용지,4810,2024.1,중국,필리핀,대한민국,regulated_to_importer,6297062.0,5198232.0,-0.942857142857143,1,0.942857142857143
27,48,도공(coated) 인쇄용지,4810,2024.11,중국,필리핀,대한민국,regulated_to_importer,6319457.0,5492533.0,-0.942857142857143,1,0.942857142857143
28,48,도공(coated) 인쇄용지,4810,2024.03,핀란드,이탈리아,대한민국,regulated_to_intermediary,10937730.0,12147983.088,-0.942857142857143,2,0.942857142857143
28,48,도공(coated) 인쇄용지,4810,2024.04,핀란드,이탈리아,대한민국,regulated_to_intermediary,17376082.0,17252236.498,-0.942857142857143,2,0.942857142857143
28,48,도공(coated) 인쇄용지,4810,2024.05,핀란드,이탈리아,대한민국,regulated_to_intermediary,24050770.0,25399359.72,-0.942857142857143,2,0.942857142857143
28,48,도공(coated) 인쇄용지,4810,2024.06,핀란드,이탈리아,대한민국,regulated_to_intermediary,15170672.0,15862985.68,-0.942857142857143,2,0.942857142857143
28,48,도공(coated) 인쇄용지,4810,2024.07,핀란드,이탈리아,대한민국,regulated_to_intermediary,25697964.0,26539768.396,-0.942857142857143,2,0.942857142857143
28,48,도공(coated) 인쇄용지,4810,2024.08,핀란드,이탈리아,대한민국,regulated_to_intermediary,23617288.0,25735724.35,-0.942857142857143,2,0.942857142857143
28,48,도공(coated) 인쇄용지,4810,2024.09,핀란드,이탈리아,대한민국,regulated_to_intermediary,16489686.0,18033314.191,-0.942857142857143,2,0.942857142857143
28,48,도공(coated) 인쇄용지,4810,2024.1,핀란드,이탈리아,대한민국,regulated_to_intermediary,17150744.0,17925031.438,-0.942857142857143,2,0.942857142857143
28,48,도공(coated) 인쇄용지,4810,2024.11,핀란드,이탈리아,대한민국,regulated_to_intermediary,20330964.0,20719506.85,-0.942857142857143,2,0.942857142857143
28,48,도공(coated) 인쇄용지,4810,2024.03,핀란드,이탈리아,대한민국,regulated_to_importer,548534.0,394247.716,-0.942857142857143,2,0.942857142857143
28,48,도공(coated) 인쇄용지,4810,2024.04,핀란드,이탈리아,대한민국,regulated_to_importer,1453794.0,1152198.102,-0.942857142857143,2,0.942857142857143
28,48,도공(coated) 인쇄용지,4810,2024.05,핀란드,이탈리아,대한민국,regulated_to_importer,4420742.0,3446488.242,-0.942857142857143,2,0.942857142857143
28,48,도공(coated) 인쇄용지,4810,2024.06,핀란드,이탈리아,대한민국,regulated_to_importer,2231726.0,1665211.314,-0.942857142857143,2,0.942857142857143
28,48,도공(coated) 인쇄용지,4810,2024.07,핀란드,이탈리아,대한민국,regulated_to_importer,2457988.0,1970385.772,-0.942857142857143,2,0.942857142857143
28,48,도공(coated) 인쇄용지,4810,2024.08,핀란드,이탈리아,대한민국,regulated_to_importer,2828914.0,2101452.45,-0.942857142857143,2,0.942857142857143
28,48,도공(coated) 인쇄용지,4810,2024.09,핀란드,이탈리아,대한민국,regulated_to_importer,1387110.0,993051.874,-0.942857142857143,2,0.942857142857143
28,48,도공(coated) 인쇄용지,4810,2024.1,핀란드,이탈리아,대한민국,regulated_to_importer,1655526.0,1168989.702,-0.942857142857143,2,0.942857142857143
28,48,도공(coated) 인쇄용지,4810,2024.11,핀란드,이탈리아,대한민국,regulated_to_importer,1204225.062,950966.196,-0.942857142857143,2,0.942857142857143
29,50,합판,4412,2024.07,중국,인도네시아,대한민국,regulated_to_intermediary,2198692.0,2023386.0,-0.942857142857143,1,0.942857142857143
29,50,합판,4412,2024.08,중국,인도네시아,대한민국,regulated_to_intermediary,3854950.0,2858450.0,-0.942857142857143,1,0.942857142857143
29,50,합판,4412,2024.09,중국,인도네시아,대한민국,regulated_to_intermediary,4462431.0,3231678.0,-0.942857142857143,1,0.942857142857143
29,50,합판,4412,2024.1,중국,인도네시아,대한민국,regulated_to_intermediary,3104296.0,2462239.0,-0.942857142857143,1,0.942857142857143
29,50,합판,4412,2024.11,중국,인도네시아,대한민국,regulated_to_intermediary,2745554.0,2082069.0,-0.942857142857143,1,0.942857142857143
29,50,합판,4412,2024.12,중국,인도네시아,대한민국,regulated_to_intermediary,3931178.0,2727023.0,-0.942857142857143,1,0.942857142857143
29,50,합판,4412,2025.01,중국,인도네시아,대한민국,regulated_to_intermediary,0.0,0.0,-0.942857142857143,1,0.942857142857143
29,50,합판,4412,2025.02,중국,인도네시아,대한민국,regulated_to_intermediary,0.0,0.0,-0.942857142857143,1,0.942857142857143
29,50,합판,4412,2025.03,중국,인도네시아,대한민국,regulated_to_intermediary,0.0,0.0,-0.942857142857143,1,0.942857142857143
29,50,합판,4412,2024.07,중국,인도네시아,대한민국,regulated_to_importer,8269694.0,5978786.0,-0.942857142857143,1,0.942857142857143
29,50,합판,4412,2024.08,중국,인도네시아,대한민국,regulated_to_importer,7703687.0,7314073.0,-0.942857142857143,1,0.942857142857143
29,50,합판,4412,2024.09,중국,인도네시아,대한민국,regulated_to_importer,8017925.0,7640503.0,-0.942857142857143,1,0.942857142857143
29,50,합판,4412,2024.1,중국,인도네시아,대한민국,regulated_to_importer,8463159.0,6557136.0,-0.942857142857143,1,0.942857142857143
29,50,합판,4412,2024.11,중국,인도네시아,대한민국,regulated_to_importer,9419777.0,7481556.0,-0.942857142857143,1,0.942857142857143
29,50,합판,4412,2024.12,중국,인도네시아,대한민국,regulated_to_importer,10047191.0,8650517.0,-0.942857142857143,1,0.942857142857143
29,50,합판,4412,2025.01,중국,인도네시아,대한민국,regulated_to_importer,0.0,0.0,-0.942857142857143,1,0.942857142857143
29,50,합판,4412,2025.02,중국,인도네시아,대한민국,regulated_to_importer,0.0,0.0,-0.942857142857143,1,0.942857142857143
29,50,합판,4412,2025.03,중국,인도네시아,대한민국,regulated_to_importer,0.0,0.0,-0.942857142857143,1,0.942857142857143
30,51,합판,4412,2024.07,말레이시아,라트비아,대한민국,regulated_to_intermediary,30134.582,67779.328,-0.942857142857143,3,0.942857142857143
30,51,합판,4412,2024.08,말레이시아,라트비아,대한민국,regulated_to_intermediary,0.0,0.0,-0.942857142857143,3,0.942857142857143
30,51,합판,4412,2024.09,말레이시아,라트비아,대한민국,regulated_to_intermediary,26803.592,73066.712,-0.942857142857143,3,0.942857142857143
30,51,합판,4412,2024.1,말레이시아,라트비아,대한민국,regulated_to_intermediary,23140.182,63080.238,-0.942857142857143,3,0.942857142857143
30,51,합판,4412,2024.11,말레이시아,라트비아,대한민국,regulated_to_intermediary,0.0,0.0,-0.942857142857143,3,0.942857142857143
30,51,합판,4412,2024.12,말레이시아,라트비아,대한민국,regulated_to_intermediary,0.0,0.0,-0.942857142857143,3,0.942857142857143
30,51,합판,4412,2025.01,말레이시아,라트비아,대한민국,regulated_to_intermediary,0.0,0.0,-0.942857142857143,3,0.942857142857143
30,51,합판,4412,2025.02,말레이시아,라트비아,대한민국,regulated_to_intermediary,0.0,0.0,-0.942857142857143,3,0.942857142857143
30,51,합판,4412,2025.03,말레이시아,라트비아,대한민국,regulated_to_intermediary,0.0,0.0,-0.942857142857143,3,0.942857142857143
30,51,합판,4412,2024.07,말레이시아,라트비아,대한민국,regulated_to_importer,1692350.902,3833809.56,-0.942857142857143,3,0.942857142857143
30,51,합판,4412,2024.08,말레이시아,라트비아,대한민국,regulated_to_importer,924396.83,2533409.034,-0.942857142857143,3,0.942857142857143
30,51,합판,4412,2024.09,말레이시아,라트비아,대한민국,regulated_to_importer,754272.888,2070111.674,-0.942857142857143,3,0.942857142857143
30,51,합판,4412,2024.1,말레이시아,라트비아,대한민국,regulated_to_importer,1101287.02,3021392.36,-0.942857142857143,3,0.942857142857143
30,51,합판,4412,2024.11,말레이시아,라트비아,대한민국,regulated_to_importer,878058.49,2395238.34,-0.942857142857143,3,0.942857142857143
30,51,합판,4412,2024.12,말레이시아,라트비아,대한민국,regulated_to_importer,1822706.234,4968705.226,-0.942857142857143,3,0.942857142857143
30,51,합판,4412,2025.01,말레이시아,라트비아,대한민국,regulated_to_importer,893138.068,2466121.096,-0.942857142857143,3,0.942857142857143
30,51,합판,4412,2025.02,말레이시아,라트비아,대한민국,regulated_to_importer,983022.776,2707963.876,-0.942857142857143,3,0.942857142857143
30,51,합판,4412,2025.03,말레이시아,라트비아,대한민국,regulated_to_importer,983605.408,2725170.392,-0.942857142857143,3,0.942857142857143
31,51,합판,4412,2024.07,말레이시아,헝가리,대한민국,regulated_to_intermediary,0.0,0.0,-0.942857142857143,3,0.942857142857143
31,51,합판,4412,2024.08,말레이시아,헝가리,대한민국,regulated_to_intermediary,0.0,0.0,-0.942857142857143,3,0.942857142857143
31,51,합판,4412,2024.09,말레이시아,헝가리,대한민국,regulated_to_intermediary,0.0,0.0,-0.942857142857143,3,0.942857142857143
31,51,합판,4412,2024.1,말레이시아,헝가리,대한민국,regulated_to_intermediary,0.0,0.0,-0.942857142857143,3,0.942857142857143
31,51,합판,4412,2024.11,말레이시아,헝가리,대한민국,regulated_to_intermediary,0.0,0.0,-0.942857142857143,3,0.942857142857143
31,51,합판,4412,2024.12,말레이시아,헝가리,대한민국,regulated_to_intermediary,0.0,0.0,-0.942857142857143,3,0.942857142857143
31,51,합판,4412,2025.01,말레이시아,헝가리,대한민국,regulated_to_intermediary,0.0,0.0,-0.942857142857143,3,0.942857142857143
31,51,합판,4412,2025.02,말레이시아,헝가리,대한민국,regulated_to_intermediary,0.0,0.0,-0.942857142857143,3,0.942857142857143
31,51,합판,4412,2025.03,말레이시아,헝가리,대한민국,regulated_to_intermediary,0.0,0.0,-0.942857142857143,3,0.942857142857143
31,51,합판,4412,2024.07,말레이시아,헝가리,대한민국,regulated_to_importer,1692350.902,3833809.56,-0.942857142857143,3,0.942857142857143
31,51,합판,4412,2024.08,말레이시아,헝가리,대한민국,regulated_to_importer,924396.83,2533409.034,-0.942857142857143,3,0.942857142857143
31,51,합판,4412,2024.09,말레이시아,헝가리,대한민국,regulated_to_importer,754272.888,2070111.674,-0.942857142857143,3,0.942857142857143
31,51,합판,4412,2024.1,말레이시아,헝가리,대한민국,regulated_to_importer,1101287.02,3021392.36,-0.942857142857143,3,0.942857142857143
31,51,합판,4412,2024.11,말레이시아,헝가리,대한민국,regulated_to_importer,878058.49,2395238.34,-0.942857142857143,3,0.942857142857143
31,51,합판,4412,2024.12,말레이시아,헝가리,대한민국,regulated_to_importer,1822706.234,4968705.226,-0.942857142857143,3,0.942857142857143
31,51,합판,4412,2025.01,말레이시아,헝가리,대한민국,regulated_to_importer,893138.068,2466121.096,-0.942857142857143,3,0.942857142857143
31,51,합판,4412,2025.02,말레이시아,헝가리,대한민국,regulated_to_importer,983022.776,2707963.876,-0.942857142857143,3,0.942857142857143
31,51,합판,4412,2025.03,말레이시아,헝가리,대한민국,regulated_to_importer,983605.408,2725170.392,-0.942857142857143,3,0.942857142857143
32,10,합판(1차재심),4412,2014.09,말레이시아,스위스,대한민국,regulated_to_intermediary,0.0,0.0,-0.9411239481143202,3,0.9411239481143202
32,10,합판(1차재심),4412,2014.1,말레이시아,스위스,대한민국,regulated_to_intermediary,0.0,0.0,-0.9411239481143202,3,0.9411239481143202
32,10,합판(1차재심),4412,2014.11,말레이시아,스위스,대한민국,regulated_to_intermediary,0.0,0.0,-0.9411239481143202,3,0.9411239481143202
32,10,합판(1차재심),4412,2014.12,말레이시아,스위스,대한민국,regulated_to_intermediary,0.0,0.0,-0.9411239481143202,3,0.9411239481143202
32,10,합판(1차재심),4412,2015.01,말레이시아,스위스,대한민국,regulated_to_intermediary,0.0,0.0,-0.9411239481143202,3,0.9411239481143202
32,10,합판(1차재심),4412,2015.02,말레이시아,스위스,대한민국,regulated_to_intermediary,0.0,0.0,-0.9411239481143202,3,0.9411239481143202
32,10,합판(1차재심),4412,2015.03,말레이시아,스위스,대한민국,regulated_to_intermediary,0.0,0.0,-0.9411239481143202,3,0.9411239481143202
32,10,합판(1차재심),4412,2015.04,말레이시아,스위스,대한민국,regulated_to_intermediary,0.0,0.0,-0.9411239481143202,3,0.9411239481143202
32,10,합판(1차재심),4412,2015.05,말레이시아,스위스,대한민국,regulated_to_intermediary,0.0,0.0,-0.9411239481143202,3,0.9411239481143202
32,10,합판(1차재심),4412,2014.09,말레이시아,스위스,대한민국,regulated_to_importer,0.0,14729113.264,-0.9411239481143202,3,0.9411239481143202
32,10,합판(1차재심),4412,2014.1,말레이시아,스위스,대한민국,regulated_to_importer,0.0,8597137.739,-0.9411239481143202,3,0.9411239481143202
32,10,합판(1차재심),4412,2014.11,말레이시아,스위스,대한민국,regulated_to_importer,0.0,16213813.54,-0.9411239481143202,3,0.9411239481143202
32,10,합판(1차재심),4412,2014.12,말레이시아,스위스,대한민국,regulated_to_importer,0.0,15571208.438,-0.9411239481143202,3,0.9411239481143202
32,10,합판(1차재심),4412,2015.01,말레이시아,스위스,대한민국,regulated_to_importer,0.0,10378556.989,-0.9411239481143202,3,0.9411239481143202
32,10,합판(1차재심),4412,2015.02,말레이시아,스위스,대한민국,regulated_to_importer,0.0,8378851.218,-0.9411239481143202,3,0.9411239481143202
32,10,합판(1차재심),4412,2015.03,말레이시아,스위스,대한민국,regulated_to_importer,0.0,11763214.259,-0.9411239481143202,3,0.9411239481143202
32,10,합판(1차재심),4412,2015.04,말레이시아,스위스,대한민국,regulated_to_importer,0.0,10925996.287,-0.9411239481143202,3,0.9411239481143202
32,10,합판(1차재심),4412,2015.05,말레이시아,스위스,대한민국,regulated_to_importer,0.0,11396025.628,-0.9411239481143202,3,0.9411239481143202
33,10,합판(1차재심),4412,2014.09,말레이시아,영국,대한민국,regulated_to_intermediary,0.0,6734684.646,-0.9411239481143202,2,0.9411239481143202
33,10,합판(1차재심),4412,2014.1,말레이시아,영국,대한민국,regulated_to_intermediary,0.0,5379897.782,-0.9411239481143202,2,0.9411239481143202
33,10,합판(1차재심),4412,2014.11,말레이시아,영국,대한민국,regulated_to_intermediary,0.0,5329828.615,-0.9411239481143202,2,0.9411239481143202
33,10,합판(1차재심),4412,2014.12,말레이시아,영국,대한민국,regulated_to_intermediary,0.0,5466119.612,-0.9411239481143202,2,0.9411239481143202
33,10,합판(1차재심),4412,2015.01,말레이시아,영국,대한민국,regulated_to_intermediary,0.0,2750086.555,-0.9411239481143202,2,0.9411239481143202
33,10,합판(1차재심),4412,2015.02,말레이시아,영국,대한민국,regulated_to_intermediary,0.0,2066803.299,-0.9411239481143202,2,0.9411239481143202
33,10,합판(1차재심),4412,2015.03,말레이시아,영국,대한민국,regulated_to_intermediary,0.0,2951273.715,-0.9411239481143202,2,0.9411239481143202
33,10,합판(1차재심),4412,2015.04,말레이시아,영국,대한민국,regulated_to_intermediary,0.0,2953514.46,-0.9411239481143202,2,0.9411239481143202
33,10,합판(1차재심),4412,2015.05,말레이시아,영국,대한민국,regulated_to_intermediary,0.0,3313009.495,-0.9411239481143202,2,0.9411239481143202
33,10,합판(1차재심),4412,2014.09,말레이시아,영국,대한민국,regulated_to_importer,0.0,14729113.264,-0.9411239481143202,2,0.9411239481143202
33,10,합판(1차재심),4412,2014.1,말레이시아,영국,대한민국,regulated_to_importer,0.0,8597137.739,-0.9411239481143202,2,0.9411239481143202
33,10,합판(1차재심),4412,2014.11,말레이시아,영국,대한민국,regulated_to_importer,0.0,16213813.54,-0.9411239481143202,2,0.9411239481143202
33,10,합판(1차재심),4412,2014.12,말레이시아,영국,대한민국,regulated_to_importer,0.0,15571208.438,-0.9411239481143202,2,0.9411239481143202
33,10,합판(1차재심),4412,2015.01,말레이시아,영국,대한민국,regulated_to_importer,0.0,10378556.989,-0.9411239481143202,2,0.9411239481143202
33,10,합판(1차재심),4412,2015.02,말레이시아,영국,대한민국,regulated_to_importer,0.0,8378851.218,-0.9411239481143202,2,0.9411239481143202
33,10,합판(1차재심),4412,2015.03,말레이시아,영국,대한민국,regulated_to_importer,0.0,11763214.259,-0.9411239481143202,2,0.9411239481143202
33,10,합판(1차재심),4412,2015.04,말레이시아,영국,대한민국,regulated_to_importer,0.0,10925996.287,-0.9411239481143202,2,0.9411239481143202
33,10,합판(1차재심),4412,2015.05,말레이시아,영국,대한민국,regulated_to_importer,0.0,11396025.628,-0.9411239481143202,2,0.9411239481143202
34,35,합판,4412,2020.11,중국,노르웨이,대한민국,regulated_to_intermediary,964944.0,871447.0,-0.9411239481143202,3,0.9411239481143202
34,35,합판,4412,2020.12,중국,노르웨이,대한민국,regulated_to_intermediary,992644.0,888352.0,-0.9411239481143202,3,0.9411239481143202
34,35,합판,4412,2021.01,중국,노르웨이,대한민국,regulated_to_intermediary,1203091.0,924063.0,-0.9411239481143202,3,0.9411239481143202
34,35,합판,4412,2021.02,중국,노르웨이,대한민국,regulated_to_intermediary,1108843.0,830707.0,-0.9411239481143202,3,0.9411239481143202
34,35,합판,4412,2021.03,중국,노르웨이,대한민국,regulated_to_intermediary,382099.0,425651.0,-0.9411239481143202,3,0.9411239481143202
34,35,합판,4412,2021.04,중국,노르웨이,대한민국,regulated_to_intermediary,584833.0,519322.0,-0.9411239481143202,3,0.9411239481143202
34,35,합판,4412,2021.05,중국,노르웨이,대한민국,regulated_to_intermediary,456967.0,400017.0,-0.9411239481143202,3,0.9411239481143202
34,35,합판,4412,2021.06,중국,노르웨이,대한민국,regulated_to_intermediary,1138113.0,1024206.0,-0.9411239481143202,3,0.9411239481143202
34,35,합판,4412,2021.07,중국,노르웨이,대한민국,regulated_to_intermediary,490676.0,490498.0,-0.9411239481143202,3,0.9411239481143202
34,35,합판,4412,2020.11,중국,노르웨이,대한민국,regulated_to_importer,8087374.0,6308305.0,-0.9411239481143202,3,0.9411239481143202
34,35,합판,4412,2020.12,중국,노르웨이,대한민국,regulated_to_importer,11381266.0,8900921.0,-0.9411239481143202,3,0.9411239481143202
34,35,합판,4412,2021.01,중국,노르웨이,대한민국,regulated_to_importer,12100956.0,10039479.0,-0.9411239481143202,3,0.9411239481143202
34,35,합판,4412,2021.02,중국,노르웨이,대한민국,regulated_to_importer,5934479.0,6453874.0,-0.9411239481143202,3,0.9411239481143202
34,35,합판,4412,2021.03,중국,노르웨이,대한민국,regulated_to_importer,7276379.0,7124003.0,-0.9411239481143202,3,0.9411239481143202
34,35,합판,4412,2021.04,중국,노르웨이,대한민국,regulated_to_importer,10593224.0,10377480.0,-0.9411239481143202,3,0.9411239481143202
34,35,합판,4412,2021.05,중국,노르웨이,대한민국,regulated_to_importer,11858062.0,12183732.0,-0.9411239481143202,3,0.9411239481143202
34,35,합판,4412,2021.06,중국,노르웨이,대한민국,regulated_to_importer,12346346.0,12368872.0,-0.9411239481143202,3,0.9411239481143202
34,35,합판,4412,2021.07,중국,노르웨이,대한민국,regulated_to_importer,12544204.0,11374833.0,-0.9411239481143202,3,0.9411239481143202
35,1,PET필름(1차재심),392062,2012.05,인도,이탈리아,대한민국,regulated_to_intermediary,1376788.0,2787382.799,-0.9276336570439176,3,0.9276336570439176
35,1,PET필름(1차재심),392062,2012.06,인도,이탈리아,대한민국,regulated_to_intermediary,1491397.0,2980643.986,-0.9276336570439176,3,0.9276336570439176
35,1,PET필름(1차재심),392062,2012.07,인도,이탈리아,대한민국,regulated_to_intermediary,374352.0,776145.457,-0.9276336570439176,3,0.9276336570439176
35,1,PET필름(1차재심),392062,2012.08,인도,이탈리아,대한민국,regulated_to_intermediary,1150744.0,2266371.497,-0.9276336570439176,3,0.9276336570439176
35,1,PET필름(1차재심),392062,2012.09,인도,이탈리아,대한민국,regulated_to_intermediary,454648.0,1076202.745,-0.9276336570439176,3,0.9276336570439176
35,1,PET필름(1차재심),392062,2012.1,인도,이탈리아,대한민국,regulated_to_intermediary,667422.0,1348770.126,-0.9276336570439176,3,0.9276336570439176
35,1,PET필름(1차재심),392062,2012.11,인도,이탈리아,대한민국,regulated_to_intermediary,420744.0,872813.883,-0.9276336570439176,3,0.9276336570439176
35,1,PET필름(1차재심),392062,2012.12,인도,이탈리아,대한민국,regulated_to_intermediary,2164421.0,4128895.158,-0.9276336570439176,3,0.9276336570439176
35,1,PET필름(1차재심),392062,2013.01,인도,이탈리아,대한민국,regulated_to_intermediary,1857065.0,3680721.468,-0.9276336570439176,3,0.9276336570439176
35,1,PET필름(1차재심),392062,2012.05,인도,이탈리아,대한민국,regulated_to_importer,121227.0,319691.095,-0.9276336570439176,3,0.9276336570439176
35,1,PET필름(1차재심),392062,2012.06,인도,이탈리아,대한민국,regulated_to_importer,104226.0,287113.744,-0.9276336570439176,3,0.9276336570439176
35,1,PET필름(1차재심),392062,2012.07,인도,이탈리아,대한민국,regulated_to_importer,82765.0,255364.664,-0.9276336570439176,3,0.9276336570439176
35,1,PET필름(1차재심),392062,2012.08,인도,이탈리아,대한민국,regulated_to_importer,144207.0,413411.975,-0.9276336570439176,3,0.9276336570439176
35,1,PET필름(1차재심),392062,2012.09,인도,이탈리아,대한민국,regulated_to_importer,31083.0,91389.58,-0.9276336570439176,3,0.9276336570439176
35,1,PET필름(1차재심),392062,2012.1,인도,이탈리아,대한민국,regulated_to_importer,169886.0,531078.53,-0.9276336570439176,3,0.9276336570439176
35,1,PET필름(1차재심),392062,2012.11,인도,이탈리아,대한민국,regulated_to_importer,79198.0,285030.417,-0.9276336570439176,3,0.9276336570439176
35,1,PET필름(1차재심),392062,2012.12,인도,이탈리아,대한민국,regulated_to_importer,86774.0,243164.651,-0.9276336570439176,3,0.9276336570439176
35,1,PET필름(1차재심),392062,2013.01,인도,이탈리아,대한민국,regulated_to_importer,67508.0,193672.066,-0.9276336570439176,3,0.9276336570439176
36,2,크라프트지(1차재심),4804,2012.04,미국,체코공화국,대한민국,regulated_to_intermediary,0.0,0.0,-0.9276336570439176,1,0.9276336570439176
36,2,크라프트지(1차재심),4804,2012.05,미국,체코공화국,대한민국,regulated_to_intermediary,0.0,53548.0,-0.9276336570439176,1,0.9276336570439176
36,2,크라프트지(1차재심),4804,2012.06,미국,체코공화국,대한민국,regulated_to_intermediary,0.0,26274.0,-0.9276336570439176,1,0.9276336570439176
36,2,크라프트지(1차재심),4804,2012.07,미국,체코공화국,대한민국,regulated_to_intermediary,0.0,0.0,-0.9276336570439176,1,0.9276336570439176
36,2,크라프트지(1차재심),4804,2012.08,미국,체코공화국,대한민국,regulated_to_intermediary,0.0,9088.0,-0.9276336570439176,1,0.9276336570439176
36,2,크라프트지(1차재심),4804,2012.09,미국,체코공화국,대한민국,regulated_to_intermediary,0.0,0.0,-0.9276336570439176,1,0.9276336570439176
36,2,크라프트지(1차재심),4804,2012.1,미국,체코공화국,대한민국,regulated_to_intermediary,0.0,0.0,-0.9276336570439176,1,0.9276336570439176
36,2,크라프트지(1차재심),4804,2012.11,미국,체코공화국,대한민국,regulated_to_intermediary,0.0,3063.0,-0.9276336570439176,1,0.9276336570439176
36,2,크라프트지(1차재심),4804,2012.12,미국,체코공화국,대한민국,regulated_to_intermediary,0.0,0.0,-0.9276336570439176,1,0.9276336570439176
36,2,크라프트지(1차재심),4804,2012.04,미국,체코공화국,대한민국,regulated_to_importer,0.0,3140453.0,-0.9276336570439176,1,0.9276336570439176
36,2,크라프트지(1차재심),4804,2012.05,미국,체코공화국,대한민국,regulated_to_importer,0.0,5153788.0,-0.9276336570439176,1,0.9276336570439176
36,2,크라프트지(1차재심),4804,2012.06,미국,체코공화국,대한민국,regulated_to_importer,0.0,4853499.0,-0.9276336570439176,1,0.9276336570439176
36,2,크라프트지(1차재심),4804,2012.07,미국,체코공화국,대한민국,regulated_to_importer,0.0,4905678.0,-0.9276336570439176,1,0.9276336570439176
36,2,크라프트지(1차재심),4804,2012.08,미국,체코공화국,대한민국,regulated_to_importer,0.0,5240280.0,-0.9276336570439176,1,0.9276336570439176
36,2,크라프트지(1차재심),4804,2012.09,미국,체코공화국,대한민국,regulated_to_importer,0.0,4953728.0,-0.9276336570439176,1,0.9276336570439176
36,2,크라프트지(1차재심),4804,2012.1,미국,체코공화국,대한민국,regulated_to_importer,0.0,4950113.0,-0.9276336570439176,1,0.9276336570439176
36,2,크라프트지(1차재심),4804,2012.11,미국,체코공화국,대한민국,regulated_to_importer,0.0,4326817.0,-0.9276336570439176,1,0.9276336570439176
36,2,크라프트지(1차재심),4804,2012.12,미국,체코공화국,대한민국,regulated_to_importer,0.0,5393936.0,-0.9276336570439176,1,0.9276336570439176
37,2,크라프트지(1차재심),4804,2012.04,중국,에스토니아,대한민국,regulated_to_intermediary,0.0,0.0,-0.9276336570439176,3,0.9276336570439176
37,2,크라프트지(1차재심),4804,2012.05,중국,에스토니아,대한민국,regulated_to_intermediary,28205.0,275011.0,-0.9276336570439176,3,0.9276336570439176
37,2,크라프트지(1차재심),4804,2012.06,중국,에스토니아,대한민국,regulated_to_intermediary,0.0,0.0,-0.9276336570439176,3,0.9276336570439176
37,2,크라프트지(1차재심),4804,2012.07,중국,에스토니아,대한민국,regulated_to_intermediary,0.0,0.0,-0.9276336570439176,3,0.9276336570439176
37,2,크라프트지(1차재심),4804,2012.08,중국,에스토니아,대한민국,regulated_to_intermediary,0.0,0.0,-0.9276336570439176,3,0.9276336570439176
37,2,크라프트지(1차재심),4804,2012.09,중국,에스토니아,대한민국,regulated_to_intermediary,0.0,0.0,-0.9276336570439176,3,0.9276336570439176
37,2,크라프트지(1차재심),4804,2012.1,중국,에스토니아,대한민국,regulated_to_intermediary,0.0,0.0,-0.9276336570439176,3,0.9276336570439176
37,2,크라프트지(1차재심),4804,2012.11,중국,에스토니아,대한민국,regulated_to_intermediary,0.0,0.0,-0.9276336570439176,3,0.9276336570439176
37,2,크라프트지(1차재심),4804,2012.12,중국,에스토니아,대한민국,regulated_to_intermediary,0.0,0.0,-0.9276336570439176,3,0.9276336570439176
37,2,크라프트지(1차재심),4804,2012.04,중국,에스토니아,대한민국,regulated_to_importer,565530.0,844575.0,-0.9276336570439176,3,0.9276336570439176
37,2,크라프트지(1차재심),4804,2012.05,중국,에스토니아,대한민국,regulated_to_importer,763747.0,616937.0,-0.9276336570439176,3,0.9276336570439176
37,2,크라프트지(1차재심),4804,2012.06,중국,에스토니아,대한민국,regulated_to_importer,276187.0,317807.0,-0.9276336570439176,3,0.9276336570439176
37,2,크라프트지(1차재심),4804,2012.07,중국,에스토니아,대한민국,regulated_to_importer,1463476.0,1199109.0,-0.9276336570439176,3,0.9276336570439176
37,2,크라프트지(1차재심),4804,2012.08,중국,에스토니아,대한민국,regulated_to_importer,509546.0,441572.0,-0.9276336570439176,3,0.9276336570439176
37,2,크라프트지(1차재심),4804,2012.09,중국,에스토니아,대한민국,regulated_to_importer,476921.0,408944.0,-0.9276336570439176,3,0.9276336570439176
37,2,크라프트지(1차재심),4804,2012.1,중국,에스토니아,대한민국,regulated_to_importer,0.0,0.0,-0.9276336570439176,3,0.9276336570439176
37,2,크라프트지(1차재심),4804,2012.11,중국,에스토니아,대한민국,regulated_to_importer,0.0,0.0,-0.9276336570439176,3,0.9276336570439176
37,2,크라프트지(1차재심),4804,2012.12,중국,에스토니아,대한민국,regulated_to_importer,0.0,0.0,-0.9276336570439176,3,0.9276336570439176
38,14,합판(신규공급자조사),4412,2014.02,중국,프랑스,대한민국,regulated_to_intermediary,0.0,0.0,-0.9276336570439176,2,0.9276336570439176
38,14,합판(신규공급자조사),4412,2014.03,중국,프랑스,대한민국,regulated_to_intermediary,0.0,0.0,-0.9276336570439176,2,0.9276336570439176
38,14,합판(신규공급자조사),4412,2014.04,중국,프랑스,대한민국,regulated_to_intermediary,0.0,0.0,-0.9276336570439176,2,0.9276336570439176
38,14,합판(신규공급자조사),4412,2014.05,중국,프랑스,대한민국,regulated_to_intermediary,0.0,0.0,-0.9276336570439176,2,0.9276336570439176
38,14,합판(신규공급자조사),4412,2014.06,중국,프랑스,대한민국,regulated_to_intermediary,0.0,0.0,-0.9276336570439176,2,0.9276336570439176
38,14,합판(신규공급자조사),4412,2014.07,중국,프랑스,대한민국,regulated_to_intermediary,0.0,0.0,-0.9276336570439176,2,0.9276336570439176
38,14,합판(신규공급자조사),4412,2014.08,중국,프랑스,대한민국,regulated_to_intermediary,0.0,0.0,-0.9276336570439176,2,0.9276336570439176
38,14,합판(신규공급자조사),4412,2014.09,중국,프랑스,대한민국,regulated_to_intermediary,0.0,0.0,-0.9276336570439176,2,0.9276336570439176
38,14,합판(신규공급자조사),4412,2014.1,중국,프랑스,대한민국,regulated_to_intermediary,0.0,0.0,-0.9276336570439176,2,0.9276336570439176
38,14,합판(신규공급자조사),4412,2014.02,중국,프랑스,대한민국,regulated_to_importer,0.0,0.0,-0.9276336570439176,2,0.9276336570439176
38,14,합판(신규공급자조사),4412,2014.03,중국,프랑스,대한민국,regulated_to_importer,0.0,0.0,-0.9276336570439176,2,0.9276336570439176
38,14,합판(신규공급자조사),4412,2014.04,중국,프랑스,대한민국,regulated_to_importer,0.0,0.0,-0.9276336570439176,2,0.9276336570439176
38,14,합판(신규공급자조사),4412,2014.05,중국,프랑스,대한민국,regulated_to_importer,0.0,0.0,-0.9276336570439176,2,0.9276336570439176
38,14,합판(신규공급자조사),4412,2014.06,중국,프랑스,대한민국,regulated_to_importer,0.0,0.0,-0.9276336570439176,2,0.9276336570439176
38,14,합판(신규공급자조사),4412,2014.07,중국,프랑스,대한민국,regulated_to_importer,0.0,0.0,-0.9276336570439176,2,0.9276336570439176
38,14,합판(신규공급자조사),4412,2014.08,중국,프랑스,대한민국,regulated_to_importer,0.0,0.0,-0.9276336570439176,2,0.9276336570439176
38,14,합판(신규공급자조사),4412,2014.09,중국,프랑스,대한민국,regulated_to_importer,0.0,0.0,-0.9276336570439176,2,0.9276336570439176
38,14,합판(신규공급자조사),4412,2014.1,중국,프랑스,대한민국,regulated_to_importer,0.0,0.0,-0.9276336570439176,2,0.9276336570439176
39,15,합판(신규공급자조사),4412,2014.02,중국,프랑스,대한민국,regulated_to_intermediary,0.0,0.0,-0.9276336570439176,2,0.9276336570439176
39,15,합판(신규공급자조사),4412,2014.03,중국,프랑스,대한민국,regulated_to_intermediary,0.0,0.0,-0.9276336570439176,2,0.9276336570439176
39,15,합판(신규공급자조사),4412,2014.04,중국,프랑스,대한민국,regulated_to_intermediary,0.0,0.0,-0.9276336570439176,2,0.9276336570439176
39,15,합판(신규공급자조사),4412,2014.05,중국,프랑스,대한민국,regulated_to_intermediary,0.0,0.0,-0.9276336570439176,2,0.9276336570439176
39,15,합판(신규공급자조사),4412,2014.06,중국,프랑스,대한민국,regulated_to_intermediary,0.0,0.0,-0.9276336570439176,2,0.9276336570439176
39,15,합판(신규공급자조사),4412,2014.07,중국,프랑스,대한민국,regulated_to_intermediary,0.0,0.0,-0.9276336570439176,2,0.9276336570439176
39,15,합판(신규공급자조사),4412,2014.08,중국,프랑스,대한민국,regulated_to_intermediary,0.0,0.0,-0.9276336570439176,2,0.9276336570439176
39,15,합판(신규공급자조사),4412,2014.09,중국,프랑스,대한민국,regulated_to_intermediary,0.0,0.0,-0.9276336570439176,2,0.9276336570439176
39,15,합판(신규공급자조사),4412,2014.1,중국,프랑스,대한민국,regulated_to_intermediary,0.0,0.0,-0.9276336570439176,2,0.9276336570439176
39,15,합판(신규공급자조사),4412,2014.02,중국,프랑스,대한민국,regulated_to_importer,0.0,0.0,-0.9276336570439176,2,0.9276336570439176
39,15,합판(신규공급자조사),4412,2014.03,중국,프랑스,대한민국,regulated_to_importer,0.0,0.0,-0.9276336570439176,2,0.9276336570439176
39,15,합판(신규공급자조사),4412,2014.04,중국,프랑스,대한민국,regulated_to_importer,0.0,0.0,-0.9276336570439176,2,0.9276336570439176
39,15,합판(신규공급자조사),4412,2014.05,중국,프랑스,대한민국,regulated_to_importer,0.0,0.0,-0.9276336570439176,2,0.9276336570439176
39,15,합판(신규공급자조사),4412,2014.06,중국,프랑스,대한민국,regulated_to_importer,0.0,0.0,-0.9276336570439176,2,0.9276336570439176
39,15,합판(신규공급자조사),4412,2014.07,중국,프랑스,대한민국,regulated_to_importer,0.0,0.0,-0.9276336570439176,2,0.9276336570439176
39,15,합판(신규공급자조사),4412,2014.08,중국,프랑스,대한민국,regulated_to_importer,0.0,0.0,-0.9276336570439176,2,0.9276336570439176
39,15,합판(신규공급자조사),4412,2014.09,중국,프랑스,대한민국,regulated_to_importer,0.0,0.0,-0.9276336570439176,2,0.9276336570439176
39,15,합판(신규공급자조사),4412,2014.1,중국,프랑스,대한민국,regulated_to_importer,0.0,0.0,-0.9276336570439176,2,0.9276336570439176
40,16,합판(신규공급자조사),4412,2014.02,중국,프랑스,대한민국,regulated_to_intermediary,0.0,0.0,-0.9276336570439176,2,0.9276336570439176
40,16,합판(신규공급자조사),4412,2014.03,중국,프랑스,대한민국,regulated_to_intermediary,0.0,0.0,-0.9276336570439176,2,0.9276336570439176
40,16,합판(신규공급자조사),4412,2014.04,중국,프랑스,대한민국,regulated_to_intermediary,0.0,0.0,-0.9276336570439176,2,0.9276336570439176
40,16,합판(신규공급자조사),4412,2014.05,중국,프랑스,대한민국,regulated_to_intermediary,0.0,0.0,-0.9276336570439176,2,0.9276336570439176
40,16,합판(신규공급자조사),4412,2014.06,중국,프랑스,대한민국,regulated_to_intermediary,0.0,0.0,-0.9276336570439176,2,0.9276336570439176
40,16,합판(신규공급자조사),4412,2014.07,중국,프랑스,대한민국,regulated_to_intermediary,0.0,0.0,-0.9276336570439176,2,0.9276336570439176
40,16,합판(신규공급자조사),4412,2014.08,중국,프랑스,대한민국,regulated_to_intermediary,0.0,0.0,-0.9276336570439176,2,0.9276336570439176
40,16,합판(신규공급자조사),4412,2014.09,중국,프랑스,대한민국,regulated_to_intermediary,0.0,0.0,-0.9276336570439176,2,0.9276336570439176
40,16,합판(신규공급자조사),4412,2014.1,중국,프랑스,대한민국,regulated_to_intermediary,0.0,0.0,-0.9276336570439176,2,0.9276336570439176
40,16,합판(신규공급자조사),4412,2014.02,중국,프랑스,대한민국,regulated_to_importer,0.0,0.0,-0.9276336570439176,2,0.9276336570439176
40,16,합판(신규공급자조사),4412,2014.03,중국,프랑스,대한민국,regulated_to_importer,0.0,0.0,-0.9276336570439176,2,0.9276336570439176
40,16,합판(신규공급자조사),4412,2014.04,중국,프랑스,대한민국,regulated_to_importer,0.0,0.0,-0.9276336570439176,2,0.9276336570439176
40,16,합판(신규공급자조사),4412,2014.05,중국,프랑스,대한민국,regulated_to_importer,0.0,0.0,-0.9276336570439176,2,0.9276336570439176
40,16,합판(신규공급자조사),4412,2014.06,중국,프랑스,대한민국,regulated_to_importer,0.0,0.0,-0.9276336570439176,2,0.9276336570439176
40,16,합판(신규공급자조사),4412,2014.07,중국,프랑스,대한민국,regulated_to_importer,0.0,0.0,-0.9276336570439176,2,0.9276336570439176
40,16,합판(신규공급자조사),4412,2014.08,중국,프랑스,대한민국,regulated_to_importer,0.0,0.0,-0.9276336570439176,2,0.9276336570439176
40,16,합판(신규공급자조사),4412,2014.09,중국,프랑스,대한민국,regulated_to_importer,0.0,0.0,-0.9276336570439176,2,0.9276336570439176
40,16,합판(신규공급자조사),4412,2014.1,중국,프랑스,대한민국,regulated_to_importer,0.0,0.0,-0.9276336570439176,2,0.9276336570439176
41,51,합판,4412,2024.07,말레이시아,칠레,대한민국,regulated_to_intermediary,0.0,0.0,-0.9276336570439176,3,0.9276336570439176
41,51,합판,4412,2024.08,말레이시아,칠레,대한민국,regulated_to_intermediary,0.0,0.0,-0.9276336570439176,3,0.9276336570439176
41,51,합판,4412,2024.09,말레이시아,칠레,대한민국,regulated_to_intermediary,0.0,0.0,-0.9276336570439176,3,0.9276336570439176
41,51,합판,4412,2024.1,말레이시아,칠레,대한민국,regulated_to_intermediary,0.0,0.0,-0.9276336570439176,3,0.9276336570439176
41,51,합판,4412,2024.11,말레이시아,칠레,대한민국,regulated_to_intermediary,0.0,0.0,-0.9276336570439176,3,0.9276336570439176
41,51,합판,4412,2024.12,말레이시아,칠레,대한민국,regulated_to_intermediary,0.0,0.0,-0.9276336570439176,3,0.9276336570439176
41,51,합판,4412,2025.01,말레이시아,칠레,대한민국,regulated_to_intermediary,0.0,0.0,-0.9276336570439176,3,0.9276336570439176
41,51,합판,4412,2025.02,말레이시아,칠레,대한민국,regulated_to_intermediary,0.0,0.0,-0.9276336570439176,3,0.9276336570439176
41,51,합판,4412,2025.03,말레이시아,칠레,대한민국,regulated_to_intermediary,0.0,0.0,-0.9276336570439176,3,0.9276336570439176
41,51,합판,4412,2024.07,말레이시아,칠레,대한민국,regulated_to_importer,1692350.902,3833809.56,-0.9276336570439176,3,0.9276336570439176
41,51,합판,4412,2024.08,말레이시아,칠레,대한민국,regulated_to_importer,924396.83,2533409.034,-0.9276336570439176,3,0.9276336570439176
41,51,합판,4412,2024.09,말레이시아,칠레,대한민국,regulated_to_importer,754272.888,2070111.674,-0.9276336570439176,3,0.9276336570439176
41,51,합판,4412,2024.1,말레이시아,칠레,대한민국,regulated_to_importer,1101287.02,3021392.36,-0.9276336570439176,3,0.9276336570439176
41,51,합판,4412,2024.11,말레이시아,칠레,대한민국,regulated_to_importer,878058.49,2395238.34,-0.9276336570439176,3,0.9276336570439176
41,51,합판,4412,2024.12,말레이시아,칠레,대한민국,regulated_to_importer,1822706.234,4968705.226,-0.9276336570439176,3,0.9276336570439176
41,51,합판,4412,2025.01,말레이시아,칠레,대한민국,regulated_to_importer,893138.068,2466121.096,-0.9276336570439176,3,0.9276336570439176
41,51,합판,4412,2025.02,말레이시아,칠레,대한민국,regulated_to_importer,983022.776,2707963.876,-0.9276336570439176,3,0.9276336570439176
41,51,합판,4412,2025.03,말레이시아,칠레,대한민국,regulated_to_importer,983605.408,2725170.392,-0.9276336570439176,3,0.9276336570439176
42,6,스테인레스스틸바(2차재심),7222,2013.11,스페인,중국,대한민국,regulated_to_intermediary,784.0,18052.148,-0.9276336570439174,1,0.9276336570439174
42,6,스테인레스스틸바(2차재심),7222,2013.12,스페인,중국,대한민국,regulated_to_intermediary,112.0,4816.24,-0.9276336570439174,1,0.9276336570439174
42,6,스테인레스스틸바(2차재심),7222,2014.01,스페인,중국,대한민국,regulated_to_intermediary,0.0,0.0,-0.9276336570439174,1,0.9276336570439174
42,6,스테인레스스틸바(2차재심),7222,2014.02,스페인,중국,대한민국,regulated_to_intermediary,0.0,0.0,-0.9276336570439174,1,0.9276336570439174
42,6,스테인레스스틸바(2차재심),7222,2014.03,스페인,중국,대한민국,regulated_to_intermediary,0.0,0.0,-0.9276336570439174,1,0.9276336570439174
42,6,스테인레스스틸바(2차재심),7222,2014.04,스페인,중국,대한민국,regulated_to_intermediary,124288.0,437761.488,-0.9276336570439174,1,0.9276336570439174
42,6,스테인레스스틸바(2차재심),7222,2014.05,스페인,중국,대한민국,regulated_to_intermediary,1271504.0,3816334.712,-0.9276336570439174,1,0.9276336570439174
42,6,스테인레스스틸바(2차재심),7222,2014.06,스페인,중국,대한민국,regulated_to_intermediary,5346168.0,16823082.632,-0.9276336570439174,1,0.9276336570439174
42,6,스테인레스스틸바(2차재심),7222,2014.07,스페인,중국,대한민국,regulated_to_intermediary,2221256.0,6443936.872,-0.9276336570439174,1,0.9276336570439174
42,6,스테인레스스틸바(2차재심),7222,2013.11,스페인,중국,대한민국,regulated_to_importer,0.0,0.0,-0.9276336570439174,1,0.9276336570439174
42,6,스테인레스스틸바(2차재심),7222,2013.12,스페인,중국,대한민국,regulated_to_importer,0.0,0.0,-0.9276336570439174,1,0.9276336570439174
42,6,스테인레스스틸바(2차재심),7222,2014.01,스페인,중국,대한민국,regulated_to_importer,0.0,0.0,-0.9276336570439174,1,0.9276336570439174
42,6,스테인레스스틸바(2차재심),7222,2014.02,스페인,중국,대한민국,regulated_to_importer,0.0,0.0,-0.9276336570439174,1,0.9276336570439174
42,6,스테인레스스틸바(2차재심),7222,2014.03,스페인,중국,대한민국,regulated_to_importer,0.0,0.0,-0.9276336570439174,1,0.9276336570439174
42,6,스테인레스스틸바(2차재심),7222,2014.04,스페인,중국,대한민국,regulated_to_importer,0.0,0.0,-0.9276336570439174,1,0.9276336570439174
42,6,스테인레스스틸바(2차재심),7222,2014.05,스페인,중국,대한민국,regulated_to_importer,0.0,0.0,-0.9276336570439174,1,0.9276336570439174
42,6,스테인레스스틸바(2차재심),7222,2014.06,스페인,중국,대한민국,regulated_to_importer,0.0,0.0,-0.9276336570439174,1,0.9276336570439174
42,6,스테인레스스틸바(2차재심),7222,2014.07,스페인,중국,대한민국,regulated_to_importer,0.0,0.0,-0.9276336570439174,1,0.9276336570439174
43,4,알루미늄 보틀캔,761290,2013.01,일본,체코공화국,대한민국,regulated_to_intermediary,0.0,0.0,-0.9258200997725516,3,0.9258200997725516
43,4,알루미늄 보틀캔,761290,2013.02,일본,체코공화국,대한민국,regulated_to_intermediary,0.0,0.0,-0.9258200997725516,3,0.9258200997725516
43,4,알루미늄 보틀캔,761290,2013.03,일본,체코공화국,대한민국,regulated_to_intermediary,0.0,0.0,-0.9258200997725516,3,0.9258200997725516
43,4,알루미늄 보틀캔,761290,2013.04,일본,체코공화국,대한민국,regulated_to_intermediary,0.0,0.0,-0.9258200997725516,3,0.9258200997725516
43,4,알루미늄 보틀캔,761290,2013.05,일본,체코공화국,대한민국,regulated_to_intermediary,0.0,0.0,-0.9258200997725516,3,0.9258200997725516
43,4,알루미늄 보틀캔,761290,2013.06,일본,체코공화국,대한민국,regulated_to_intermediary,0.0,0.0,-0.9258200997725516,3,0.9258200997725516
43,4,알루미늄 보틀캔,761290,2013.07,일본,체코공화국,대한민국,regulated_to_intermediary,0.0,0.0,-0.9258200997725516,3,0.9258200997725516
43,4,알루미늄 보틀캔,761290,2013.08,일본,체코공화국,대한민국,regulated_to_intermediary,0.0,0.0,-0.9258200997725516,3,0.9258200997725516
43,4,알루미늄 보틀캔,761290,2013.09,일본,체코공화국,대한민국,regulated_to_intermediary,0.0,0.0,-0.9258200997725516,3,0.9258200997725516
43,4,알루미늄 보틀캔,761290,2013.01,일본,체코공화국,대한민국,regulated_to_importer,30518.0,280108.384,-0.9258200997725516,3,0.9258200997725516
43,4,알루미늄 보틀캔,761290,2013.02,일본,체코공화국,대한민국,regulated_to_importer,0.0,0.0,-0.9258200997725516,3,0.9258200997725516
43,4,알루미늄 보틀캔,761290,2013.03,일본,체코공화국,대한민국,regulated_to_importer,30240.0,247313.1,-0.9258200997725516,3,0.9258200997725516
43,4,알루미늄 보틀캔,761290,2013.04,일본,체코공화국,대한민국,regulated_to_importer,30682.0,259922.748,-0.9258200997725516,3,0.9258200997725516
43,4,알루미늄 보틀캔,761290,2013.05,일본,체코공화국,대한민국,regulated_to_importer,61158.0,484648.177,-0.9258200997725516,3,0.9258200997725516
43,4,알루미늄 보틀캔,761290,2013.06,일본,체코공화국,대한민국,regulated_to_importer,121555.0,993855.39,-0.9258200997725516,3,0.9258200997725516
43,4,알루미늄 보틀캔,761290,2013.07,일본,체코공화국,대한민국,regulated_to_importer,66500.0,587174.275,-0.9258200997725516,3,0.9258200997725516
43,4,알루미늄 보틀캔,761290,2013.08,일본,체코공화국,대한민국,regulated_to_importer,81906.0,671251.074,-0.9258200997725516,3,0.9258200997725516
43,4,알루미늄 보틀캔,761290,2013.09,일본,체코공화국,대한민국,regulated_to_importer,685.0,28234.619,-0.9258200997725516,3,0.9258200997725516
44,26,PET필름,392062,2018.04,태국,바레인,대한민국,regulated_to_intermediary,0.0,0.0,-0.8986451052612952,2,0.8986451052612952
44,26,PET필름,392062,2018.05,태국,바레인,대한민국,regulated_to_intermediary,41560.0,57674.08,-0.8986451052612952,2,0.8986451052612952
44,26,PET필름,392062,2018.06,태국,바레인,대한민국,regulated_to_intermediary,0.0,0.0,-0.8986451052612952,2,0.8986451052612952
44,26,PET필름,392062,2018.07,태국,바레인,대한민국,regulated_to_intermediary,18970.0,27512.6,-0.8986451052612952,2,0.8986451052612952
44,26,PET필름,392062,2018.08,태국,바레인,대한민국,regulated_to_intermediary,0.0,0.0,-0.8986451052612952,2,0.8986451052612952
44,26,PET필름,392062,2018.09,태국,바레인,대한민국,regulated_to_intermediary,0.0,0.0,-0.8986451052612952,2,0.8986451052612952
44,26,PET필름,392062,2018.1,태국,바레인,대한민국,regulated_to_intermediary,41600.0,58035.98,-0.8986451052612952,2,0.8986451052612952
44,26,PET필름,392062,2018.11,태국,바레인,대한민국,regulated_to_intermediary,0.0,0.0,-0.8986451052612952,2,0.8986451052612952
44,26,PET필름,392062,2018.12,태국,바레인,대한민국,regulated_to_intermediary,44224.0,61038.46,-0.8986451052612952,2,0.8986451052612952
44,26,PET필름,392062,2018.04,태국,바레인,대한민국,regulated_to_importer,3970630.0,7226154.279999999,-0.8986451052612952,2,0.8986451052612952
44,26,PET필름,392062,2018.05,태국,바레인,대한민국,regulated_to_importer,4407338.0,8452180.98,-0.8986451052612952,2,0.8986451052612952
44,26,PET필름,392062,2018.06,태국,바레인,대한민국,regulated_to_importer,4510624.0,8696469.34,-0.8986451052612952,2,0.8986451052612952
44,26,PET필름,392062,2018.07,태국,바레인,대한민국,regulated_to_importer,4892974.0,9845679.24,-0.8986451052612952,2,0.8986451052612952
44,26,PET필름,392062,2018.08,태국,바레인,대한민국,regulated_to_importer,4781818.0,9906137.86,-0.8986451052612952,2,0.8986451052612952
44,26,PET필름,392062,2018.09,태국,바레인,대한민국,regulated_to_importer,4114242.0,8363031.4,-0.8986451052612952,2,0.8986451052612952
44,26,PET필름,392062,2018.1,태국,바레인,대한민국,regulated_to_importer,3212276.0,6683885.1,-0.8986451052612952,2,0.8986451052612952
44,26,PET필름,392062,2018.11,태국,바레인,대한민국,regulated_to_importer,2968428.0,6241507.66,-0.8986451052612952,2,0.8986451052612952
44,26,PET필름,392062,2018.12,태국,바레인,대한민국,regulated_to_importer,4879972.0,9939406.08,-0.8986451052612952,2,0.8986451052612952
45,2,크라프트지(1차재심),4804,2012.04,중국,대만,대한민국,regulated_to_intermediary,0.0,0.0,-0.8857142857142858,2,0.8857142857142858
45,2,크라프트지(1차재심),4804,2012.05,중국,대만,대한민국,regulated_to_intermediary,0.0,0.0,-0.8857142857142858,2,0.8857142857142858
45,2,크라프트지(1차재심),4804,2012.06,중국,대만,대한민국,regulated_to_intermediary,0.0,0.0,-0.8857142857142858,2,0.8857142857142858
45,2,크라프트지(1차재심),4804,2012.07,중국,대만,대한민국,regulated_to_intermediary,0.0,0.0,-0.8857142857142858,2,0.8857142857142858
45,2,크라프트지(1차재심),4804,2012.08,중국,대만,대한민국,regulated_to_intermediary,0.0,0.0,-0.8857142857142858,2,0.8857142857142858
45,2,크라프트지(1차재심),4804,2012.09,중국,대만,대한민국,regulated_to_intermediary,0.0,0.0,-0.8857142857142858,2,0.8857142857142858
45,2,크라프트지(1차재심),4804,2012.1,중국,대만,대한민국,regulated_to_intermediary,0.0,0.0,-0.8857142857142858,2,0.8857142857142858
45,2,크라프트지(1차재심),4804,2012.11,중국,대만,대한민국,regulated_to_intermediary,0.0,0.0,-0.8857142857142858,2,0.8857142857142858
45,2,크라프트지(1차재심),4804,2012.12,중국,대만,대한민국,regulated_to_intermediary,0.0,0.0,-0.8857142857142858,2,0.8857142857142858
45,2,크라프트지(1차재심),4804,2012.04,중국,대만,대한민국,regulated_to_importer,565530.0,844575.0,-0.8857142857142858,2,0.8857142857142858
45,2,크라프트지(1차재심),4804,2012.05,중국,대만,대한민국,regulated_to_importer,763747.0,616937.0,-0.8857142857142858,2,0.8857142857142858
45,2,크라프트지(1차재심),4804,2012.06,중국,대만,대한민국,regulated_to_importer,276187.0,317807.0,-0.8857142857142858,2,0.8857142857142858
45,2,크라프트지(1차재심),4804,2012.07,중국,대만,대한민국,regulated_to_importer,1463476.0,1199109.0,-0.8857142857142858,2,0.8857142857142858
45,2,크라프트지(1차재심),4804,2012.08,중국,대만,대한민국,regulated_to_importer,509546.0,441572.0,-0.8857142857142858,2,0.8857142857142858
45,2,크라프트지(1차재심),4804,2012.09,중국,대만,대한민국,regulated_to_importer,476921.0,408944.0,-0.8857142857142858,2,0.8857142857142858
45,2,크라프트지(1차재심),4804,2012.1,중국,대만,대한민국,regulated_to_importer,0.0,0.0,-0.8857142857142858,2,0.8857142857142858
45,2,크라프트지(1차재심),4804,2012.11,중국,대만,대한민국,regulated_to_importer,0.0,0.0,-0.8857142857142858,2,0.8857142857142858
45,2,크라프트지(1차재심),4804,2012.12,중국,대만,대한민국,regulated_to_importer,0.0,0.0,-0.8857142857142858,2,0.8857142857142858
46,2,크라프트지(1차재심),4804,2012.04,중국,러시아 연방,대한민국,regulated_to_intermediary,0.0,0.0,-0.8857142857142858,0,0.8857142857142858
46,2,크라프트지(1차재심),4804,2012.05,중국,러시아 연방,대한민국,regulated_to_intermediary,23471.0,16970.0,-0.8857142857142858,0,0.8857142857142858
46,2,크라프트지(1차재심),4804,2012.06,중국,러시아 연방,대한민국,regulated_to_intermediary,0.0,0.0,-0.8857142857142858,0,0.8857142857142858
46,2,크라프트지(1차재심),4804,2012.07,중국,러시아 연방,대한민국,regulated_to_intermediary,4451.0,7179.0,-0.8857142857142858,0,0.8857142857142858
46,2,크라프트지(1차재심),4804,2012.08,중국,러시아 연방,대한민국,regulated_to_intermediary,2000.0,1393.0,-0.8857142857142858,0,0.8857142857142858
46,2,크라프트지(1차재심),4804,2012.09,중국,러시아 연방,대한민국,regulated_to_intermediary,0.0,0.0,-0.8857142857142858,0,0.8857142857142858
46,2,크라프트지(1차재심),4804,2012.1,중국,러시아 연방,대한민국,regulated_to_intermediary,0.0,0.0,-0.8857142857142858,0,0.8857142857142858
46,2,크라프트지(1차재심),4804,2012.11,중국,러시아 연방,대한민국,regulated_to_intermediary,0.0,0.0,-0.8857142857142858,0,0.8857142857142858
46,2,크라프트지(1차재심),4804,2012.12,중국,러시아 연방,대한민국,regulated_to_intermediary,0.0,0.0,-0.8857142857142858,0,0.8857142857142858
46,2,크라프트지(1차재심),4804,2012.04,중국,러시아 연방,대한민국,regulated_to_importer,565530.0,844575.0,-0.8857142857142858,0,0.8857142857142858
46,2,크라프트지(1차재심),4804,2012.05,중국,러시아 연방,대한민국,regulated_to_importer,763747.0,616937.0,-0.8857142857142858,0,0.8857142857142858
46,2,크라프트지(1차재심),4804,2012.06,중국,러시아 연방,대한민국,regulated_to_importer,276187.0,317807.0,-0.8857142857142858,0,0.8857142857142858
46,2,크라프트지(1차재심),4804,2012.07,중국,러시아 연방,대한민국,regulated_to_importer,1463476.0,1199109.0,-0.8857142857142858,0,0.8857142857142858
46,2,크라프트지(1차재심),4804,2012.08,중국,러시아 연방,대한민국,regulated_to_importer,509546.0,441572.0,-0.8857142857142858,0,0.8857142857142858
46,2,크라프트지(1차재심),4804,2012.09,중국,러시아 연방,대한민국,regulated_to_importer,476921.0,408944.0,-0.8857142857142858,0,0.8857142857142858
46,2,크라프트지(1차재심),4804,2012.1,중국,러시아 연방,대한민국,regulated_to_importer,0.0,0.0,-0.8857142857142858,0,0.8857142857142858
46,2,크라프트지(1차재심),4804,2012.11,중국,러시아 연방,대한민국,regulated_to_importer,0.0,0.0,-0.8857142857142858,0,0.8857142857142858
46,2,크라프트지(1차재심),4804,2012.12,중국,러시아 연방,대한민국,regulated_to_importer,0.0,0.0,-0.8857142857142858,0,0.8857142857142858
47,2,크라프트지(1차재심),4804,2012.04,캐나다,오스트리아,대한민국,regulated_to_intermediary,0.0,0.0,-0.8857142857142858,3,0.8857142857142858
47,2,크라프트지(1차재심),4804,2012.05,캐나다,오스트리아,대한민국,regulated_to_intermediary,0.0,0.0,-0.8857142857142858,3,0.8857142857142858
47,2,크라프트지(1차재심),4804,2012.06,캐나다,오스트리아,대한민국,regulated_to_intermediary,0.0,0.0,-0.8857142857142858,3,0.8857142857142858
47,2,크라프트지(1차재심),4804,2012.07,캐나다,오스트리아,대한민국,regulated_to_intermediary,0.0,0.0,-0.8857142857142858,3,0.8857142857142858
47,2,크라프트지(1차재심),4804,2012.08,캐나다,오스트리아,대한민국,regulated_to_intermediary,0.0,0.0,-0.8857142857142858,3,0.8857142857142858
47,2,크라프트지(1차재심),4804,2012.09,캐나다,오스트리아,대한민국,regulated_to_intermediary,0.0,0.0,-0.8857142857142858,3,0.8857142857142858
47,2,크라프트지(1차재심),4804,2012.1,캐나다,오스트리아,대한민국,regulated_to_intermediary,0.0,0.0,-0.8857142857142858,3,0.8857142857142858
47,2,크라프트지(1차재심),4804,2012.11,캐나다,오스트리아,대한민국,regulated_to_intermediary,0.0,0.0,-0.8857142857142858,3,0.8857142857142858
47,2,크라프트지(1차재심),4804,2012.12,캐나다,오스트리아,대한민국,regulated_to_intermediary,0.0,0.0,-0.8857142857142858,3,0.8857142857142858
47,2,크라프트지(1차재심),4804,2012.04,캐나다,오스트리아,대한민국,regulated_to_importer,317000.0,317003.844,-0.8857142857142858,3,0.8857142857142858
47,2,크라프트지(1차재심),4804,2012.05,캐나다,오스트리아,대한민국,regulated_to_importer,160000.0,161077.259,-0.8857142857142858,3,0.8857142857142858
47,2,크라프트지(1차재심),4804,2012.06,캐나다,오스트리아,대한민국,regulated_to_importer,69000.0,66792.048,-0.8857142857142858,3,0.8857142857142858
47,2,크라프트지(1차재심),4804,2012.07,캐나다,오스트리아,대한민국,regulated_to_importer,204000.0,207911.316,-0.8857142857142858,3,0.8857142857142858
47,2,크라프트지(1차재심),4804,2012.08,캐나다,오스트리아,대한민국,regulated_to_importer,0.0,194.529,-0.8857142857142858,3,0.8857142857142858
47,2,크라프트지(1차재심),4804,2012.09,캐나다,오스트리아,대한민국,regulated_to_importer,129000.0,128157.475,-0.8857142857142858,3,0.8857142857142858
47,2,크라프트지(1차재심),4804,2012.1,캐나다,오스트리아,대한민국,regulated_to_importer,201000.0,209953.89,-0.8857142857142858,3,0.8857142857142858
47,2,크라프트지(1차재심),4804,2012.11,캐나다,오스트리아,대한민국,regulated_to_importer,200000.0,192098.027,-0.8857142857142858,3,0.8857142857142858
47,2,크라프트지(1차재심),4804,2012.12,캐나다,오스트리아,대한민국,regulated_to_importer,155000.0,162044.263,-0.8857142857142858,3,0.8857142857142858
48,4,알루미늄 보틀캔,761290,2013.01,일본,중국,대한민국,regulated_to_intermediary,4529.0,137250.192,-0.8857142857142858,2,0.8857142857142858
48,4,알루미늄 보틀캔,761290,2013.02,일본,중국,대한민국,regulated_to_intermediary,6928.0,174277.224,-0.8857142857142858,2,0.8857142857142858
48,4,알루미늄 보틀캔,761290,2013.03,일본,중국,대한민국,regulated_to_intermediary,2988.0,95308.7,-0.8857142857142858,2,0.8857142857142858
48,4,알루미늄 보틀캔,761290,2013.04,일본,중국,대한민국,regulated_to_intermediary,4992.0,131481.42,-0.8857142857142858,2,0.8857142857142858
48,4,알루미늄 보틀캔,761290,2013.05,일본,중국,대한민국,regulated_to_intermediary,4913.0,128331.996,-0.8857142857142858,2,0.8857142857142858
48,4,알루미늄 보틀캔,761290,2013.06,일본,중국,대한민국,regulated_to_intermediary,3517.0,92291.342,-0.8857142857142858,2,0.8857142857142858
48,4,알루미늄 보틀캔,761290,2013.07,일본,중국,대한민국,regulated_to_intermediary,4692.0,118034.35,-0.8857142857142858,2,0.8857142857142858
48,4,알루미늄 보틀캔,761290,2013.08,일본,중국,대한민국,regulated_to_intermediary,3837.0,110722.248,-0.8857142857142858,2,0.8857142857142858
48,4,알루미늄 보틀캔,761290,2013.09,일본,중국,대한민국,regulated_to_intermediary,22921.0,297626.931,-0.8857142857142858,2,0.8857142857142858
48,4,알루미늄 보틀캔,761290,2013.01,일본,중국,대한민국,regulated_to_importer,30518.0,280108.384,-0.8857142857142858,2,0.8857142857142858
48,4,알루미늄 보틀캔,761290,2013.02,일본,중국,대한민국,regulated_to_importer,0.0,0.0,-0.8857142857142858,2,0.8857142857142858
48,4,알루미늄 보틀캔,761290,2013.03,일본,중국,대한민국,regulated_to_importer,30240.0,247313.1,-0.8857142857142858,2,0.8857142857142858
48,4,알루미늄 보틀캔,761290,2013.04,일본,중국,대한민국,regulated_to_importer,30682.0,259922.748,-0.8857142857142858,2,0.8857142857142858
48,4,알루미늄 보틀캔,761290,2013.05,일본,중국,대한민국,regulated_to_importer,61158.0,484648.177,-0.8857142857142858,2,0.8857142857142858
48,4,알루미늄 보틀캔,761290,2013.06,일본,중국,대한민국,regulated_to_importer,121555.0,993855.39,-0.8857142857142858,2,0.8857142857142858
48,4,알루미늄 보틀캔,761290,2013.07,일본,중국,대한민국,regulated_to_importer,66500.0,587174.275,-0.8857142857142858,2,0.8857142857142858
48,4,알루미늄 보틀캔,761290,2013.08,일본,중국,대한민국,regulated_to_importer,81906.0,671251.074,-0.8857142857142858,2,0.8857142857142858
48,4,알루미늄 보틀캔,761290,2013.09,일본,중국,대한민국,regulated_to_importer,685.0,28234.619,-0.8857142857142858,2,0.8857142857142858
49,6,스테인레스스틸바(2차재심),7222,2013.11,인도,미국,대한민국,regulated_to_intermediary,1742416.0,5681306.49,-0.8857142857142858,2,0.8857142857142858
49,6,스테인레스스틸바(2차재심),7222,2013.12,인도,미국,대한민국,regulated_to_intermediary,2072730.0,6836372.555,-0.8857142857142858,2,0.8857142857142858
49,6,스테인레스스틸바(2차재심),7222,2014.01,인도,미국,대한민국,regulated_to_intermediary,1736031.0,6042126.25,-0.8857142857142858,2,0.8857142857142858
49,6,스테인레스스틸바(2차재심),7222,2014.02,인도,미국,대한민국,regulated_to_intermediary,1900712.0,6700244.634,-0.8857142857142858,2,0.8857142857142858
49,6,스테인레스스틸바(2차재심),7222,2014.03,인도,미국,대한민국,regulated_to_intermediary,1952365.0,6785517.037,-0.8857142857142858,2,0.8857142857142858
49,6,스테인레스스틸바(2차재심),7222,2014.04,인도,미국,대한민국,regulated_to_intermediary,1335242.0,4212308.164,-0.8857142857142858,2,0.8857142857142858
49,6,스테인레스스틸바(2차재심),7222,2014.05,인도,미국,대한민국,regulated_to_intermediary,2048930.0,6904978.832,-0.8857142857142858,2,0.8857142857142858
49,6,스테인레스스틸바(2차재심),7222,2014.06,인도,미국,대한민국,regulated_to_intermediary,1831211.0,5785247.589,-0.8857142857142858,2,0.8857142857142858
49,6,스테인레스스틸바(2차재심),7222,2014.07,인도,미국,대한민국,regulated_to_intermediary,2404771.0,9104342.028,-0.8857142857142858,2,0.8857142857142858
49,6,스테인레스스틸바(2차재심),7222,2013.11,인도,미국,대한민국,regulated_to_importer,1068170.0,3021199.16,-0.8857142857142858,2,0.8857142857142858
49,6,스테인레스스틸바(2차재심),7222,2013.12,인도,미국,대한민국,regulated_to_importer,974000.0,2859416.067,-0.8857142857142858,2,0.8857142857142858
49,6,스테인레스스틸바(2차재심),7222,2014.01,인도,미국,대한민국,regulated_to_importer,878238.0,2578523.298,-0.8857142857142858,2,0.8857142857142858
49,6,스테인레스스틸바(2차재심),7222,2014.02,인도,미국,대한민국,regulated_to_importer,1118777.0,2995522.484,-0.8857142857142858,2,0.8857142857142858
49,6,스테인레스스틸바(2차재심),7222,2014.03,인도,미국,대한민국,regulated_to_importer,911345.0,2637623.065,-0.8857142857142858,2,0.8857142857142858
49,6,스테인레스스틸바(2차재심),7222,2014.04,인도,미국,대한민국,regulated_to_importer,992100.0,2670061.37,-0.8857142857142858,2,0.8857142857142858
49,6,스테인레스스틸바(2차재심),7222,2014.05,인도,미국,대한민국,regulated_to_importer,881000.0,2491398.895,-0.8857142857142858,2,0.8857142857142858
49,6,스테인레스스틸바(2차재심),7222,2014.06,인도,미국,대한민국,regulated_to_importer,764495.0,2093169.253,-0.8857142857142858,2,0.8857142857142858
49,6,스테인레스스틸바(2차재심),7222,2014.07,인도,미국,대한민국,regulated_to_importer,1710268.0,5208105.098,-0.8857142857142858,2,0.8857142857142858
50,6,스테인레스스틸바(2차재심),7222,2013.11,인도,중국,대한민국,regulated_to_intermediary,31701.0,134585.652,-0.8857142857142858,3,0.8857142857142858
50,6,스테인레스스틸바(2차재심),7222,2013.12,인도,중국,대한민국,regulated_to_intermediary,16001.0,48488.482,-0.8857142857142858,3,0.8857142857142858
50,6,스테인레스스틸바(2차재심),7222,2014.01,인도,중국,대한민국,regulated_to_intermediary,41094.0,209675.066,-0.8857142857142858,3,0.8857142857142858
50,6,스테인레스스틸바(2차재심),7222,2014.02,인도,중국,대한민국,regulated_to_intermediary,9823.0,59979.122,-0.8857142857142858,3,0.8857142857142858
50,6,스테인레스스틸바(2차재심),7222,2014.03,인도,중국,대한민국,regulated_to_intermediary,25972.0,137135.556,-0.8857142857142858,3,0.8857142857142858
50,6,스테인레스스틸바(2차재심),7222,2014.04,인도,중국,대한민국,regulated_to_intermediary,15728.0,94938.202,-0.8857142857142858,3,0.8857142857142858
50,6,스테인레스스틸바(2차재심),7222,2014.05,인도,중국,대한민국,regulated_to_intermediary,37718.0,119328.951,-0.8857142857142858,3,0.8857142857142858
50,6,스테인레스스틸바(2차재심),7222,2014.06,인도,중국,대한민국,regulated_to_intermediary,88704.0,363324.604,-0.8857142857142858,3,0.8857142857142858
50,6,스테인레스스틸바(2차재심),7222,2014.07,인도,중국,대한민국,regulated_to_intermediary,95753.0,324756.868,-0.8857142857142858,3,0.8857142857142858
50,6,스테인레스스틸바(2차재심),7222,2013.11,인도,중국,대한민국,regulated_to_importer,1068170.0,3021199.16,-0.8857142857142858,3,0.8857142857142858
50,6,스테인레스스틸바(2차재심),7222,2013.12,인도,중국,대한민국,regulated_to_importer,974000.0,2859416.067,-0.8857142857142858,3,0.8857142857142858
50,6,스테인레스스틸바(2차재심),7222,2014.01,인도,중국,대한민국,regulated_to_importer,878238.0,2578523.298,-0.8857142857142858,3,0.8857142857142858
50,6,스테인레스스틸바(2차재심),7222,2014.02,인도,중국,대한민국,regulated_to_importer,1118777.0,2995522.484,-0.8857142857142858,3,0.8857142857142858
50,6,스테인레스스틸바(2차재심),7222,2014.03,인도,중국,대한민국,regulated_to_importer,911345.0,2637623.065,-0.8857142857142858,3,0.8857142857142858
50,6,스테인레스스틸바(2차재심),7222,2014.04,인도,중국,대한민국,regulated_to_importer,992100.0,2670061.37,-0.8857142857142858,3,0.8857142857142858
50,6,스테인레스스틸바(2차재심),7222,2014.05,인도,중국,대한민국,regulated_to_importer,881000.0,2491398.895,-0.8857142857142858,3,0.8857142857142858
50,6,스테인레스스틸바(2차재심),7222,2014.06,인도,중국,대한민국,regulated_to_importer,764495.0,2093169.253,-0.8857142857142858,3,0.8857142857142858
50,6,스테인레스스틸바(2차재심),7222,2014.07,인도,중국,대한민국,regulated_to_importer,1710268.0,5208105.098,-0.8857142857142858,3,0.8857142857142858
51,9,OPP필름,392020,2013.12,중국,베트남,대한민국,regulated_to_intermediary,0.0,0.0,-0.8857142857142858,3,0.8857142857142858
51,9,OPP필름,392020,2014.01,중국,베트남,대한민국,regulated_to_intermediary,0.0,0.0,-0.8857142857142858,3,0.8857142857142858
51,9,OPP필름,392020,2014.02,중국,베트남,대한민국,regulated_to_intermediary,0.0,0.0,-0.8857142857142858,3,0.8857142857142858
51,9,OPP필름,392020,2014.03,중국,베트남,대한민국,regulated_to_intermediary,0.0,0.0,-0.8857142857142858,3,0.8857142857142858
51,9,OPP필름,392020,2014.04,중국,베트남,대한민국,regulated_to_intermediary,0.0,0.0,-0.8857142857142858,3,0.8857142857142858
51,9,OPP필름,392020,2014.05,중국,베트남,대한민국,regulated_to_intermediary,0.0,0.0,-0.8857142857142858,3,0.8857142857142858
51,9,OPP필름,392020,2014.06,중국,베트남,대한민국,regulated_to_intermediary,0.0,0.0,-0.8857142857142858,3,0.8857142857142858
51,9,OPP필름,392020,2014.07,중국,베트남,대한민국,regulated_to_intermediary,0.0,0.0,-0.8857142857142858,3,0.8857142857142858
51,9,OPP필름,392020,2014.08,중국,베트남,대한민국,regulated_to_intermediary,0.0,0.0,-0.8857142857142858,3,0.8857142857142858
51,9,OPP필름,392020,2013.12,중국,베트남,대한민국,regulated_to_importer,0.0,0.0,-0.8857142857142858,3,0.8857142857142858
51,9,OPP필름,392020,2014.01,중국,베트남,대한민국,regulated_to_importer,0.0,0.0,-0.8857142857142858,3,0.8857142857142858
51,9,OPP필름,392020,2014.02,중국,베트남,대한민국,regulated_to_importer,0.0,0.0,-0.8857142857142858,3,0.8857142857142858
51,9,OPP필름,392020,2014.03,중국,베트남,대한민국,regulated_to_importer,0.0,0.0,-0.8857142857142858,3,0.8857142857142858
51,9,OPP필름,392020,2014.04,중국,베트남,대한민국,regulated_to_importer,0.0,0.0,-0.8857142857142858,3,0.8857142857142858
51,9,OPP필름,392020,2014.05,중국,베트남,대한민국,regulated_to_importer,0.0,0.0,-0.8857142857142858,3,0.8857142857142858
51,9,OPP필름,392020,2014.06,중국,베트남,대한민국,regulated_to_importer,0.0,0.0,-0.8857142857142858,3,0.8857142857142858
51,9,OPP필름,392020,2014.07,중국,베트남,대한민국,regulated_to_importer,0.0,0.0,-0.8857142857142858,3,0.8857142857142858
51,9,OPP필름,392020,2014.08,중국,베트남,대한민국,regulated_to_importer,0.0,0.0,-0.8857142857142858,3,0.8857142857142858
52,11,두꺼운 PET필름,392062,2014.12,일본,말레이시아,대한민국,regulated_to_intermediary,173686.0,1676334.096,-0.8857142857142858,0,0.8857142857142858
52,11,두꺼운 PET필름,392062,2015.01,일본,말레이시아,대한민국,regulated_to_intermediary,215313.0,1954113.822,-0.8857142857142858,0,0.8857142857142858
52,11,두꺼운 PET필름,392062,2015.02,일본,말레이시아,대한민국,regulated_to_intermediary,202741.0,1922445.96,-0.8857142857142858,0,0.8857142857142858
52,11,두꺼운 PET필름,392062,2015.03,일본,말레이시아,대한민국,regulated_to_intermediary,230717.0,1854537.75,-0.8857142857142858,0,0.8857142857142858
52,11,두꺼운 PET필름,392062,2015.04,일본,말레이시아,대한민국,regulated_to_intermediary,232939.0,2392891.9,-0.8857142857142858,0,0.8857142857142858
52,11,두꺼운 PET필름,392062,2015.05,일본,말레이시아,대한민국,regulated_to_intermediary,217477.0,1792800.39,-0.8857142857142858,0,0.8857142857142858
52,11,두꺼운 PET필름,392062,2015.06,일본,말레이시아,대한민국,regulated_to_intermediary,328703.0,2721325.236,-0.8857142857142858,0,0.8857142857142858
52,11,두꺼운 PET필름,392062,2015.07,일본,말레이시아,대한민국,regulated_to_intermediary,269683.0,2180848.464,-0.8857142857142858,0,0.8857142857142858
52,11,두꺼운 PET필름,392062,2015.08,일본,말레이시아,대한민국,regulated_to_intermediary,255557.0,1846584.48,-0.8857142857142858,0,0.8857142857142858
52,11,두꺼운 PET필름,392062,2014.12,일본,말레이시아,대한민국,regulated_to_importer,2689010.0,26485560.771,-0.8857142857142858,0,0.8857142857142858
52,11,두꺼운 PET필름,392062,2015.01,일본,말레이시아,대한민국,regulated_to_importer,2562440.0,23553718.149,-0.8857142857142858,0,0.8857142857142858
52,11,두꺼운 PET필름,392062,2015.02,일본,말레이시아,대한민국,regulated_to_importer,2163300.0,20610081.46,-0.8857142857142858,0,0.8857142857142858
52,11,두꺼운 PET필름,392062,2015.03,일본,말레이시아,대한민국,regulated_to_importer,2404080.0,22347042.822,-0.8857142857142858,0,0.8857142857142858
52,11,두꺼운 PET필름,392062,2015.04,일본,말레이시아,대한민국,regulated_to_importer,2705700.0,24556486.395,-0.8857142857142858,0,0.8857142857142858
52,11,두꺼운 PET필름,392062,2015.05,일본,말레이시아,대한민국,regulated_to_importer,2024570.0,18982405.686,-0.8857142857142858,0,0.8857142857142858
52,11,두꺼운 PET필름,392062,2015.06,일본,말레이시아,대한민국,regulated_to_importer,2196650.0,19850402.749,-0.8857142857142858,0,0.8857142857142858
52,11,두꺼운 PET필름,392062,2015.07,일본,말레이시아,대한민국,regulated_to_importer,2115610.0,21930908.672,-0.8857142857142858,0,0.8857142857142858
52,11,두꺼운 PET필름,392062,2015.08,일본,말레이시아,대한민국,regulated_to_importer,1879290.0,20006501.895,-0.8857142857142858,0,0.8857142857142858
53,20,침엽수 합판,441232,2016.03,중국,핀란드,대한민국,regulated_to_intermediary,23040.81,21775.0,-0.8857142857142858,2,0.8857142857142858
53,20,침엽수 합판,441232,2016.04,중국,핀란드,대한민국,regulated_to_intermediary,209368.213,197866.0,-0.8857142857142858,2,0.8857142857142858
53,20,침엽수 합판,441232,2016.05,중국,핀란드,대한민국,regulated_to_intermediary,83415.667,78833.0,-0.8857142857142858,2,0.8857142857142858
53,20,침엽수 합판,441232,2016.06,중국,핀란드,대한민국,regulated_to_intermediary,21228.231,20062.0,-0.8857142857142858,2,0.8857142857142858
53,20,침엽수 합판,441232,2016.07,중국,핀란드,대한민국,regulated_to_intermediary,158404.376,149702.0,-0.8857142857142858,2,0.8857142857142858
53,20,침엽수 합판,441232,2016.08,중국,핀란드,대한민국,regulated_to_intermediary,77664.723,73398.0,-0.8857142857142858,2,0.8857142857142858
53,20,침엽수 합판,441232,2016.09,중국,핀란드,대한민국,regulated_to_intermediary,25271.35,23883.0,-0.8857142857142858,2,0.8857142857142858
53,20,침엽수 합판,441232,2016.1,중국,핀란드,대한민국,regulated_to_intermediary,0.0,0.0,-0.8857142857142858,2,0.8857142857142858
53,20,침엽수 합판,441232,2016.11,중국,핀란드,대한민국,regulated_to_intermediary,0.0,0.0,-0.8857142857142858,2,0.8857142857142858
53,20,침엽수 합판,441232,2016.03,중국,핀란드,대한민국,regulated_to_importer,7402833.835,6996139.0,-0.8857142857142858,2,0.8857142857142858
53,20,침엽수 합판,441232,2016.04,중국,핀란드,대한민국,regulated_to_importer,8308249.299,7851813.0,-0.8857142857142858,2,0.8857142857142858
53,20,침엽수 합판,441232,2016.05,중국,핀란드,대한민국,regulated_to_importer,12717827.484,12019139.0,-0.8857142857142858,2,0.8857142857142858
53,20,침엽수 합판,441232,2016.06,중국,핀란드,대한민국,regulated_to_importer,11583384.786,10947020.0,-0.8857142857142858,2,0.8857142857142858
53,20,침엽수 합판,441232,2016.07,중국,핀란드,대한민국,regulated_to_importer,8767809.49,8286126.0,-0.8857142857142858,2,0.8857142857142858
53,20,침엽수 합판,441232,2016.08,중국,핀란드,대한민국,regulated_to_importer,7733478.712,7308619.0,-0.8857142857142858,2,0.8857142857142858
53,20,침엽수 합판,441232,2016.09,중국,핀란드,대한민국,regulated_to_importer,8173087.836,7724077.0,-0.8857142857142858,2,0.8857142857142858
53,20,침엽수 합판,441232,2016.1,중국,핀란드,대한민국,regulated_to_importer,9437082.844,8918631.0,-0.8857142857142858,2,0.8857142857142858
53,20,침엽수 합판,441232,2016.11,중국,핀란드,대한민국,regulated_to_importer,9448300.094,8929232.0,-0.8857142857142858,2,0.8857142857142858
54,24,옵셋인쇄판,370130,2017.09,중국,일본,대한민국,regulated_to_intermediary,36041.367,427311.0,-0.8857142857142858,3,0.8857142857142858
54,24,옵셋인쇄판,370130,2017.1,중국,일본,대한민국,regulated_to_intermediary,117925.109,1398135.0,-0.8857142857142858,3,0.8857142857142858
54,24,옵셋인쇄판,370130,2017.11,중국,일본,대한민국,regulated_to_intermediary,40873.13,484597.0,-0.8857142857142858,3,0.8857142857142858
54,24,옵셋인쇄판,370130,2017.12,중국,일본,대한민국,regulated_to_intermediary,79224.104,939291.0,-0.8857142857142858,3,0.8857142857142858
54,24,옵셋인쇄판,370130,2018.01,중국,일본,대한민국,regulated_to_intermediary,148201.0,1149890.0,-0.8857142857142858,3,0.8857142857142858
54,24,옵셋인쇄판,370130,2018.02,중국,일본,대한민국,regulated_to_intermediary,86210.0,713075.0,-0.8857142857142858,3,0.8857142857142858
54,24,옵셋인쇄판,370130,2018.03,중국,일본,대한민국,regulated_to_intermediary,159902.0,1237282.0,-0.8857142857142858,3,0.8857142857142858
54,24,옵셋인쇄판,370130,2018.04,중국,일본,대한민국,regulated_to_intermediary,220825.0,1646076.0,-0.8857142857142858,3,0.8857142857142858
54,24,옵셋인쇄판,370130,2018.05,중국,일본,대한민국,regulated_to_intermediary,236256.0,1920741.0,-0.8857142857142858,3,0.8857142857142858
54,24,옵셋인쇄판,370130,2017.09,중국,일본,대한민국,regulated_to_importer,601088.899,7126586.0,-0.8857142857142858,3,0.8857142857142858
54,24,옵셋인쇄판,370130,2017.1,중국,일본,대한민국,regulated_to_importer,613095.94,7268943.0,-0.8857142857142858,3,0.8857142857142858
54,24,옵셋인쇄판,370130,2017.11,중국,일본,대한민국,regulated_to_importer,876534.426,10392303.0,-0.8857142857142858,3,0.8857142857142858
54,24,옵셋인쇄판,370130,2017.12,중국,일본,대한민국,regulated_to_importer,902823.957,10703995.0,-0.8857142857142858,3,0.8857142857142858
54,24,옵셋인쇄판,370130,2018.01,중국,일본,대한민국,regulated_to_importer,1765493.0,7410573.0,-0.8857142857142858,3,0.8857142857142858
54,24,옵셋인쇄판,370130,2018.02,중국,일본,대한민국,regulated_to_importer,2384483.0,9695602.0,-0.8857142857142858,3,0.8857142857142858
54,24,옵셋인쇄판,370130,2018.03,중국,일본,대한민국,regulated_to_importer,2185176.0,9295111.0,-0.8857142857142858,3,0.8857142857142858
54,24,옵셋인쇄판,370130,2018.04,중국,일본,대한민국,regulated_to_importer,1892980.0,8059149.0,-0.8857142857142858,3,0.8857142857142858
54,24,옵셋인쇄판,370130,2018.05,중국,일본,대한민국,regulated_to_importer,1542986.0,6813561.0,-0.8857142857142858,3,0.8857142857142858
55,26,PET필름,392062,2018.04,태국,홍콩,대한민국,regulated_to_intermediary,0.0,0.0,-0.8857142857142858,0,0.8857142857142858
55,26,PET필름,392062,2018.05,태국,홍콩,대한민국,regulated_to_intermediary,2.0,357.98,-0.8857142857142858,0,0.8857142857142858
55,26,PET필름,392062,2018.06,태국,홍콩,대한민국,regulated_to_intermediary,54.0,175.02,-0.8857142857142858,0,0.8857142857142858
55,26,PET필름,392062,2018.07,태국,홍콩,대한민국,regulated_to_intermediary,2538.0,14037.58,-0.8857142857142858,0,0.8857142857142858
55,26,PET필름,392062,2018.08,태국,홍콩,대한민국,regulated_to_intermediary,16864.0,34632.0,-0.8857142857142858,0,0.8857142857142858
55,26,PET필름,392062,2018.09,태국,홍콩,대한민국,regulated_to_intermediary,6676.0,276986.08,-0.8857142857142858,0,0.8857142857142858
55,26,PET필름,392062,2018.1,태국,홍콩,대한민국,regulated_to_intermediary,0.464,0.98,-0.8857142857142858,0,0.8857142857142858
55,26,PET필름,392062,2018.11,태국,홍콩,대한민국,regulated_to_intermediary,0.0,0.0,-0.8857142857142858,0,0.8857142857142858
55,26,PET필름,392062,2018.12,태국,홍콩,대한민국,regulated_to_intermediary,1906.0,10819.98,-0.8857142857142858,0,0.8857142857142858
55,26,PET필름,392062,2018.04,태국,홍콩,대한민국,regulated_to_importer,3970630.0,7226154.279999999,-0.8857142857142858,0,0.8857142857142858
55,26,PET필름,392062,2018.05,태국,홍콩,대한민국,regulated_to_importer,4407338.0,8452180.98,-0.8857142857142858,0,0.8857142857142858
55,26,PET필름,392062,2018.06,태국,홍콩,대한민국,regulated_to_importer,4510624.0,8696469.34,-0.8857142857142858,0,0.8857142857142858
55,26,PET필름,392062,2018.07,태국,홍콩,대한민국,regulated_to_importer,4892974.0,9845679.24,-0.8857142857142858,0,0.8857142857142858
55,26,PET필름,392062,2018.08,태국,홍콩,대한민국,regulated_to_importer,4781818.0,9906137.86,-0.8857142857142858,0,0.8857142857142858
55,26,PET필름,392062,2018.09,태국,홍콩,대한민국,regulated_to_importer,4114242.0,8363031.4,-0.8857142857142858,0,0.8857142857142858
55,26,PET필름,392062,2018.1,태국,홍콩,대한민국,regulated_to_importer,3212276.0,6683885.1,-0.8857142857142858,0,0.8857142857142858
55,26,PET필름,392062,2018.11,태국,홍콩,대한민국,regulated_to_importer,2968428.0,6241507.66,-0.8857142857142858,0,0.8857142857142858
55,26,PET필름,392062,2018.12,태국,홍콩,대한민국,regulated_to_importer,4879972.0,9939406.08,-0.8857142857142858,0,0.8857142857142858
56,31,OPP필름(1차재심),392020,2019.08,중국,대만,대한민국,regulated_to_intermediary,0.0,0.0,-0.8857142857142858,2,0.8857142857142858
56,31,OPP필름(1차재심),392020,2019.09,중국,대만,대한민국,regulated_to_intermediary,0.0,0.0,-0.8857142857142858,2,0.8857142857142858
56,31,OPP필름(1차재심),392020,2019.1,중국,대만,대한민국,regulated_to_intermediary,0.0,0.0,-0.8857142857142858,2,0.8857142857142858
56,31,OPP필름(1차재심),392020,2019.11,중국,대만,대한민국,regulated_to_intermediary,0.0,0.0,-0.8857142857142858,2,0.8857142857142858
56,31,OPP필름(1차재심),392020,2019.12,중국,대만,대한민국,regulated_to_intermediary,0.0,0.0,-0.8857142857142858,2,0.8857142857142858
56,31,OPP필름(1차재심),392020,2020.01,중국,대만,대한민국,regulated_to_intermediary,0.0,0.0,-0.8857142857142858,2,0.8857142857142858
56,31,OPP필름(1차재심),392020,2020.02,중국,대만,대한민국,regulated_to_intermediary,0.0,0.0,-0.8857142857142858,2,0.8857142857142858
56,31,OPP필름(1차재심),392020,2020.03,중국,대만,대한민국,regulated_to_intermediary,0.0,0.0,-0.8857142857142858,2,0.8857142857142858
56,31,OPP필름(1차재심),392020,2020.04,중국,대만,대한민국,regulated_to_intermediary,0.0,0.0,-0.8857142857142858,2,0.8857142857142858
56,31,OPP필름(1차재심),392020,2019.08,중국,대만,대한민국,regulated_to_importer,847609.0,5562251.0,-0.8857142857142858,2,0.8857142857142858
56,31,OPP필름(1차재심),392020,2019.09,중국,대만,대한민국,regulated_to_importer,762184.0,4003762.0,-0.8857142857142858,2,0.8857142857142858
56,31,OPP필름(1차재심),392020,2019.1,중국,대만,대한민국,regulated_to_importer,857197.0,3870405.0,-0.8857142857142858,2,0.8857142857142858
56,31,OPP필름(1차재심),392020,2019.11,중국,대만,대한민국,regulated_to_importer,884896.0,3936892.0,-0.8857142857142858,2,0.8857142857142858
56,31,OPP필름(1차재심),392020,2019.12,중국,대만,대한민국,regulated_to_importer,1060923.0,4517187.0,-0.8857142857142858,2,0.8857142857142858
56,31,OPP필름(1차재심),392020,2020.01,중국,대만,대한민국,regulated_to_importer,1011170.0,4374612.0,-0.8857142857142858,2,0.8857142857142858
56,31,OPP필름(1차재심),392020,2020.02,중국,대만,대한민국,regulated_to_importer,527039.0,2570480.0,-0.8857142857142858,2,0.8857142857142858
56,31,OPP필름(1차재심),392020,2020.03,중국,대만,대한민국,regulated_to_importer,1417994.0,5075264.0,-0.8857142857142858,2,0.8857142857142858
56,31,OPP필름(1차재심),392020,2020.04,중국,대만,대한민국,regulated_to_importer,1246076.0,6138968.0,-0.8857142857142858,2,0.8857142857142858
57,32,PET필름(3차재심),392062,2019.09,중국,미국,대한민국,regulated_to_intermediary,764912.0,3582661.0,-0.8857142857142858,1,0.8857142857142858
57,32,PET필름(3차재심),392062,2019.1,중국,미국,대한민국,regulated_to_intermediary,537549.0,2576143.0,-0.8857142857142858,1,0.8857142857142858
57,32,PET필름(3차재심),392062,2019.11,중국,미국,대한민국,regulated_to_intermediary,687311.0,3079583.0,-0.8857142857142858,1,0.8857142857142858
57,32,PET필름(3차재심),392062,2019.12,중국,미국,대한민국,regulated_to_intermediary,719871.0,4250015.0,-0.8857142857142858,1,0.8857142857142858
57,32,PET필름(3차재심),392062,2020.01,중국,미국,대한민국,regulated_to_intermediary,715656.0,3085059.0,-0.8857142857142858,1,0.8857142857142858
57,32,PET필름(3차재심),392062,2020.02,중국,미국,대한민국,regulated_to_intermediary,184617.0,831322.0,-0.8857142857142858,1,0.8857142857142858
57,32,PET필름(3차재심),392062,2020.03,중국,미국,대한민국,regulated_to_intermediary,780426.0,2908713.0,-0.8857142857142858,1,0.8857142857142858
57,32,PET필름(3차재심),392062,2020.04,중국,미국,대한민국,regulated_to_intermediary,1312695.0,4755498.0,-0.8857142857142858,1,0.8857142857142858
57,32,PET필름(3차재심),392062,2020.05,중국,미국,대한민국,regulated_to_intermediary,824580.0,3162389.0,-0.8857142857142858,1,0.8857142857142858
57,32,PET필름(3차재심),392062,2019.09,중국,미국,대한민국,regulated_to_importer,2340450.0,6591620.0,-0.8857142857142858,1,0.8857142857142858
57,32,PET필름(3차재심),392062,2019.1,중국,미국,대한민국,regulated_to_importer,1908910.0,5335839.0,-0.8857142857142858,1,0.8857142857142858
57,32,PET필름(3차재심),392062,2019.11,중국,미국,대한민국,regulated_to_importer,1952780.0,4991314.0,-0.8857142857142858,1,0.8857142857142858
57,32,PET필름(3차재심),392062,2019.12,중국,미국,대한민국,regulated_to_importer,2063880.0,5465726.0,-0.8857142857142858,1,0.8857142857142858
57,32,PET필름(3차재심),392062,2020.01,중국,미국,대한민국,regulated_to_importer,2099990.0,6017450.0,-0.8857142857142858,1,0.8857142857142858
57,32,PET필름(3차재심),392062,2020.02,중국,미국,대한민국,regulated_to_importer,1951030.0,4712448.0,-0.8857142857142858,1,0.8857142857142858
57,32,PET필름(3차재심),392062,2020.03,중국,미국,대한민국,regulated_to_importer,3520990.0,9120371.0,-0.8857142857142858,1,0.8857142857142858
57,32,PET필름(3차재심),392062,2020.04,중국,미국,대한민국,regulated_to_importer,3086180.0,6995021.0,-0.8857142857142858,1,0.8857142857142858
57,32,PET필름(3차재심),392062,2020.05,중국,미국,대한민국,regulated_to_importer,3118550.0,6914468.0,-0.8857142857142858,1,0.8857142857142858
58,35,합판,4412,2020.11,중국,미국,대한민국,regulated_to_intermediary,28677577.0,34917707.0,-0.8857142857142858,3,0.8857142857142858
58,35,합판,4412,2020.12,중국,미국,대한민국,regulated_to_intermediary,20315109.0,27200666.0,-0.8857142857142858,3,0.8857142857142858
58,35,합판,4412,2021.01,중국,미국,대한민국,regulated_to_intermediary,22186047.0,28390879.0,-0.8857142857142858,3,0.8857142857142858
58,35,합판,4412,2021.02,중국,미국,대한민국,regulated_to_intermediary,23399358.0,28097156.0,-0.8857142857142858,3,0.8857142857142858
58,35,합판,4412,2021.03,중국,미국,대한민국,regulated_to_intermediary,14399384.0,22532803.0,-0.8857142857142858,3,0.8857142857142858
58,35,합판,4412,2021.04,중국,미국,대한민국,regulated_to_intermediary,25301445.0,30047318.0,-0.8857142857142858,3,0.8857142857142858
58,35,합판,4412,2021.05,중국,미국,대한민국,regulated_to_intermediary,30612000.0,34226929.0,-0.8857142857142858,3,0.8857142857142858
58,35,합판,4412,2021.06,중국,미국,대한민국,regulated_to_intermediary,35731874.0,43241439.0,-0.8857142857142858,3,0.8857142857142858
58,35,합판,4412,2021.07,중국,미국,대한민국,regulated_to_intermediary,42934945.0,54612448.0,-0.8857142857142858,3,0.8857142857142858
58,35,합판,4412,2020.11,중국,미국,대한민국,regulated_to_importer,8087374.0,6308305.0,-0.8857142857142858,3,0.8857142857142858
58,35,합판,4412,2020.12,중국,미국,대한민국,regulated_to_importer,11381266.0,8900921.0,-0.8857142857142858,3,0.8857142857142858
58,35,합판,4412,2021.01,중국,미국,대한민국,regulated_to_importer,12100956.0,10039479.0,-0.8857142857142858,3,0.8857142857142858
58,35,합판,4412,2021.02,중국,미국,대한민국,regulated_to_importer,5934479.0,6453874.0,-0.8857142857142858,3,0.8857142857142858
58,35,합판,4412,2021.03,중국,미국,대한민국,regulated_to_importer,7276379.0,7124003.0,-0.8857142857142858,3,0.8857142857142858
58,35,합판,4412,2021.04,중국,미국,대한민국,regulated_to_importer,10593224.0,10377480.0,-0.8857142857142858,3,0.8857142857142858
58,35,합판,4412,2021.05,중국,미국,대한민국,regulated_to_importer,11858062.0,12183732.0,-0.8857142857142858,3,0.8857142857142858
58,35,합판,4412,2021.06,중국,미국,대한민국,regulated_to_importer,12346346.0,12368872.0,-0.8857142857142858,3,0.8857142857142858
58,35,합판,4412,2021.07,중국,미국,대한민국,regulated_to_importer,12544204.0,11374833.0,-0.8857142857142858,3,0.8857142857142858
59,37,스테인리스스틸바,7222,2021.01,인도,독일,대한민국,regulated_to_intermediary,3099027.0,8203691.995,-0.8857142857142858,1,0.8857142857142858
59,37,스테인리스스틸바,7222,2021.02,인도,독일,대한민국,regulated_to_intermediary,2511798.0,6787055.926,-0.8857142857142858,1,0.8857142857142858
59,37,스테인리스스틸바,7222,2021.03,인도,독일,대한민국,regulated_to_intermediary,3779772.0,10098110.108,-0.8857142857142858,1,0.8857142857142858
59,37,스테인리스스틸바,7222,2021.04,인도,독일,대한민국,regulated_to_intermediary,3117847.0,8625133.771,-0.8857142857142858,1,0.8857142857142858
59,37,스테인리스스틸바,7222,2021.05,인도,독일,대한민국,regulated_to_intermediary,2314028.0,6889430.072,-0.8857142857142858,1,0.8857142857142858
59,37,스테인리스스틸바,7222,2021.06,인도,독일,대한민국,regulated_to_intermediary,2806164.0,8338472.551,-0.8857142857142858,1,0.8857142857142858
59,37,스테인리스스틸바,7222,2021.07,인도,독일,대한민국,regulated_to_intermediary,3443401.0,10812880.591,-0.8857142857142858,1,0.8857142857142858
59,37,스테인리스스틸바,7222,2021.08,인도,독일,대한민국,regulated_to_intermediary,4206283.0,13335141.879,-0.8857142857142858,1,0.8857142857142858
59,37,스테인리스스틸바,7222,2021.09,인도,독일,대한민국,regulated_to_intermediary,3929781.0,12904496.651,-0.8857142857142858,1,0.8857142857142858
59,37,스테인리스스틸바,7222,2021.01,인도,독일,대한민국,regulated_to_importer,835086.0,1940024.928,-0.8857142857142858,1,0.8857142857142858
59,37,스테인리스스틸바,7222,2021.02,인도,독일,대한민국,regulated_to_importer,1122300.0,2761715.606,-0.8857142857142858,1,0.8857142857142858
59,37,스테인리스스틸바,7222,2021.03,인도,독일,대한민국,regulated_to_importer,1542140.0,4220924.862,-0.8857142857142858,1,0.8857142857142858
59,37,스테인리스스틸바,7222,2021.04,인도,독일,대한민국,regulated_to_importer,1151328.0,3265821.393,-0.8857142857142858,1,0.8857142857142858
59,37,스테인리스스틸바,7222,2021.05,인도,독일,대한민국,regulated_to_importer,1364358.0,4023610.751,-0.8857142857142858,1,0.8857142857142858
59,37,스테인리스스틸바,7222,2021.06,인도,독일,대한민국,regulated_to_importer,1825371.0,5196294.874,-0.8857142857142858,1,0.8857142857142858
59,37,스테인리스스틸바,7222,2021.07,인도,독일,대한민국,regulated_to_importer,1366513.0,4214831.442,-0.8857142857142858,1,0.8857142857142858
59,37,스테인리스스틸바,7222,2021.08,인도,독일,대한민국,regulated_to_importer,1563479.0,4984740.316,-0.8857142857142858,1,0.8857142857142858
59,37,스테인리스스틸바,7222,2021.09,인도,독일,대한민국,regulated_to_importer,1282115.0,4212802.413,-0.8857142857142858,1,0.8857142857142858
60,37,스테인리스스틸바,7222,2021.01,인도,슬로베니아,대한민국,regulated_to_intermediary,181984.0,386926.292,-0.8857142857142858,0,0.8857142857142858
60,37,스테인리스스틸바,7222,2021.02,인도,슬로베니아,대한민국,regulated_to_intermediary,237406.0,559885.879,-0.8857142857142858,0,0.8857142857142858
60,37,스테인리스스틸바,7222,2021.03,인도,슬로베니아,대한민국,regulated_to_intermediary,166820.0,433316.901,-0.8857142857142858,0,0.8857142857142858
60,37,스테인리스스틸바,7222,2021.04,인도,슬로베니아,대한민국,regulated_to_intermediary,82324.0,209397.547,-0.8857142857142858,0,0.8857142857142858
60,37,스테인리스스틸바,7222,2021.05,인도,슬로베니아,대한민국,regulated_to_intermediary,93753.0,263558.051,-0.8857142857142858,0,0.8857142857142858
60,37,스테인리스스틸바,7222,2021.06,인도,슬로베니아,대한민국,regulated_to_intermediary,185722.0,436589.768,-0.8857142857142858,0,0.8857142857142858
60,37,스테인리스스틸바,7222,2021.07,인도,슬로베니아,대한민국,regulated_to_intermediary,213174.0,560917.16,-0.8857142857142858,0,0.8857142857142858
60,37,스테인리스스틸바,7222,2021.08,인도,슬로베니아,대한민국,regulated_to_intermediary,168544.0,451742.891,-0.8857142857142858,0,0.8857142857142858
60,37,스테인리스스틸바,7222,2021.09,인도,슬로베니아,대한민국,regulated_to_intermediary,170967.0,527476.657,-0.8857142857142858,0,0.8857142857142858
60,37,스테인리스스틸바,7222,2021.01,인도,슬로베니아,대한민국,regulated_to_importer,835086.0,1940024.928,-0.8857142857142858,0,0.8857142857142858
60,37,스테인리스스틸바,7222,2021.02,인도,슬로베니아,대한민국,regulated_to_importer,1122300.0,2761715.606,-0.8857142857142858,0,0.8857142857142858
60,37,스테인리스스틸바,7222,2021.03,인도,슬로베니아,대한민국,regulated_to_importer,1542140.0,4220924.862,-0.8857142857142858,0,0.8857142857142858
60,37,스테인리스스틸바,7222,2021.04,인도,슬로베니아,대한민국,regulated_to_importer,1151328.0,3265821.393,-0.8857142857142858,0,0.8857142857142858
60,37,스테인리스스틸바,7222,2021.05,인도,슬로베니아,대한민국,regulated_to_importer,1364358.0,4023610.751,-0.8857142857142858,0,0.8857142857142858
60,37,스테인리스스틸바,7222,2021.06,인도,슬로베니아,대한민국,regulated_to_importer,1825371.0,5196294.874,-0.8857142857142858,0,0.8857142857142858
60,37,스테인리스스틸바,7222,2021.07,인도,슬로베니아,대한민국,regulated_to_importer,1366513.0,4214831.442,-0.8857142857142858,0,0.8857142857142858
60,37,스테인리스스틸바,7222,2021.08,인도,슬로베니아,대한민국,regulated_to_importer,1563479.0,4984740.316,-0.8857142857142858,0,0.8857142857142858
60,37,스테인리스스틸바,7222,2021.09,인도,슬로베니아,대한민국,regulated_to_importer,1282115.0,4212802.413,-0.8857142857142858,0,0.8857142857142858
61,37,스테인리스스틸바,7222,2021.01,일본,대만,대한민국,regulated_to_intermediary,0.0,0.0,-0.8857142857142858,1,0.8857142857142858
61,37,스테인리스스틸바,7222,2021.02,일본,대만,대한민국,regulated_to_intermediary,0.0,0.0,-0.8857142857142858,1,0.8857142857142858
61,37,스테인리스스틸바,7222,2021.03,일본,대만,대한민국,regulated_to_intermediary,0.0,0.0,-0.8857142857142858,1,0.8857142857142858
61,37,스테인리스스틸바,7222,2021.04,일본,대만,대한민국,regulated_to_intermediary,0.0,0.0,-0.8857142857142858,1,0.8857142857142858
61,37,스테인리스스틸바,7222,2021.05,일본,대만,대한민국,regulated_to_intermediary,0.0,0.0,-0.8857142857142858,1,0.8857142857142858
61,37,스테인리스스틸바,7222,2021.06,일본,대만,대한민국,regulated_to_intermediary,0.0,0.0,-0.8857142857142858,1,0.8857142857142858
61,37,스테인리스스틸바,7222,2021.07,일본,대만,대한민국,regulated_to_intermediary,0.0,0.0,-0.8857142857142858,1,0.8857142857142858
61,37,스테인리스스틸바,7222,2021.08,일본,대만,대한민국,regulated_to_intermediary,0.0,0.0,-0.8857142857142858,1,0.8857142857142858
61,37,스테인리스스틸바,7222,2021.09,일본,대만,대한민국,regulated_to_intermediary,0.0,0.0,-0.8857142857142858,1,0.8857142857142858
61,37,스테인리스스틸바,7222,2021.01,일본,대만,대한민국,regulated_to_importer,343125.0,2348621.533,-0.8857142857142858,1,0.8857142857142858
61,37,스테인리스스틸바,7222,2021.02,일본,대만,대한민국,regulated_to_importer,485987.0,2596205.034,-0.8857142857142858,1,0.8857142857142858
61,37,스테인리스스틸바,7222,2021.03,일본,대만,대한민국,regulated_to_importer,687248.0,3154268.569,-0.8857142857142858,1,0.8857142857142858
61,37,스테인리스스틸바,7222,2021.04,일본,대만,대한민국,regulated_to_importer,650247.0,3493832.037,-0.8857142857142858,1,0.8857142857142858
61,37,스테인리스스틸바,7222,2021.05,일본,대만,대한민국,regulated_to_importer,601071.0,3311968.567,-0.8857142857142858,1,0.8857142857142858
61,37,스테인리스스틸바,7222,2021.06,일본,대만,대한민국,regulated_to_importer,731827.0,3761185.839,-0.8857142857142858,1,0.8857142857142858
61,37,스테인리스스틸바,7222,2021.07,일본,대만,대한민국,regulated_to_importer,891152.0,4167987.001,-0.8857142857142858,1,0.8857142857142858
61,37,스테인리스스틸바,7222,2021.08,일본,대만,대한민국,regulated_to_importer,542738.0,3078276.973,-0.8857142857142858,1,0.8857142857142858
61,37,스테인리스스틸바,7222,2021.09,일본,대만,대한민국,regulated_to_importer,663971.0,3886032.958,-0.8857142857142858,1,0.8857142857142858
62,39,PET필름,392062,2021.12,대만,필리핀,대한민국,regulated_to_intermediary,0.0,0.0,-0.8857142857142858,3,0.8857142857142858
62,39,PET필름,392062,2022.01,대만,필리핀,대한민국,regulated_to_intermediary,0.0,0.0,-0.8857142857142858,3,0.8857142857142858
62,39,PET필름,392062,2022.02,대만,필리핀,대한민국,regulated_to_intermediary,0.0,0.0,-0.8857142857142858,3,0.8857142857142858
62,39,PET필름,392062,2022.03,대만,필리핀,대한민국,regulated_to_intermediary,0.0,0.0,-0.8857142857142858,3,0.8857142857142858
62,39,PET필름,392062,2022.04,대만,필리핀,대한민국,regulated_to_intermediary,0.0,0.0,-0.8857142857142858,3,0.8857142857142858
62,39,PET필름,392062,2022.05,대만,필리핀,대한민국,regulated_to_intermediary,0.0,0.0,-0.8857142857142858,3,0.8857142857142858
62,39,PET필름,392062,2022.06,대만,필리핀,대한민국,regulated_to_intermediary,0.0,0.0,-0.8857142857142858,3,0.8857142857142858
62,39,PET필름,392062,2022.07,대만,필리핀,대한민국,regulated_to_intermediary,0.0,0.0,-0.8857142857142858,3,0.8857142857142858
62,39,PET필름,392062,2022.08,대만,필리핀,대한민국,regulated_to_intermediary,0.0,0.0,-0.8857142857142858,3,0.8857142857142858
62,39,PET필름,392062,2021.12,대만,필리핀,대한민국,regulated_to_importer,0.0,0.0,-0.8857142857142858,3,0.8857142857142858
62,39,PET필름,392062,2022.01,대만,필리핀,대한민국,regulated_to_importer,0.0,0.0,-0.8857142857142858,3,0.8857142857142858
62,39,PET필름,392062,2022.02,대만,필리핀,대한민국,regulated_to_importer,0.0,0.0,-0.8857142857142858,3,0.8857142857142858
62,39,PET필름,392062,2022.03,대만,필리핀,대한민국,regulated_to_importer,0.0,0.0,-0.8857142857142858,3,0.8857142857142858
62,39,PET필름,392062,2022.04,대만,필리핀,대한민국,regulated_to_importer,0.0,0.0,-0.8857142857142858,3,0.8857142857142858
62,39,PET필름,392062,2022.05,대만,필리핀,대한민국,regulated_to_importer,0.0,0.0,-0.8857142857142858,3,0.8857142857142858
62,39,PET필름,392062,2022.06,대만,필리핀,대한민국,regulated_to_importer,0.0,0.0,-0.8857142857142858,3,0.8857142857142858
62,39,PET필름,392062,2022.07,대만,필리핀,대한민국,regulated_to_importer,0.0,0.0,-0.8857142857142858,3,0.8857142857142858
62,39,PET필름,392062,2022.08,대만,필리핀,대한민국,regulated_to_importer,0.0,0.0,-0.8857142857142858,3,0.8857142857142858
63,39,PET필름,392062,2021.12,태국,필리핀,대한민국,regulated_to_intermediary,2034796.0,4221978.468,-0.8857142857142858,3,0.8857142857142858
63,39,PET필름,392062,2022.01,태국,필리핀,대한민국,regulated_to_intermediary,2537728.0,4675994.093,-0.8857142857142858,3,0.8857142857142858
63,39,PET필름,392062,2022.02,태국,필리핀,대한민국,regulated_to_intermediary,3634848.0,6352173.02,-0.8857142857142858,3,0.8857142857142858
63,39,PET필름,392062,2022.03,태국,필리핀,대한민국,regulated_to_intermediary,4693156.0,9467270.904,-0.8857142857142858,3,0.8857142857142858
63,39,PET필름,392062,2022.04,태국,필리핀,대한민국,regulated_to_intermediary,2597660.0,5277530.652,-0.8857142857142858,3,0.8857142857142858
63,39,PET필름,392062,2022.05,태국,필리핀,대한민국,regulated_to_intermediary,1278988.0,2827193.504,-0.8857142857142858,3,0.8857142857142858
63,39,PET필름,392062,2022.06,태국,필리핀,대한민국,regulated_to_intermediary,4142976.0,7673361.896,-0.8857142857142858,3,0.8857142857142858
63,39,PET필름,392062,2022.07,태국,필리핀,대한민국,regulated_to_intermediary,2592736.0,5032901.772,-0.8857142857142858,3,0.8857142857142858
63,39,PET필름,392062,2022.08,태국,필리핀,대한민국,regulated_to_intermediary,2081984.0,3822229.82,-0.8857142857142858,3,0.8857142857142858
63,39,PET필름,392062,2021.12,태국,필리핀,대한민국,regulated_to_importer,14597060.0,27940291.212,-0.8857142857142858,3,0.8857142857142858
63,39,PET필름,392062,2022.01,태국,필리핀,대한민국,regulated_to_importer,17201992.0,32363092.428,-0.8857142857142858,3,0.8857142857142858
63,39,PET필름,392062,2022.02,태국,필리핀,대한민국,regulated_to_importer,12313412.0,23284244.889,-0.8857142857142858,3,0.8857142857142858
63,39,PET필름,392062,2022.03,태국,필리핀,대한민국,regulated_to_importer,17341100.0,33409399.912,-0.8857142857142858,3,0.8857142857142858
63,39,PET필름,392062,2022.04,태국,필리핀,대한민국,regulated_to_importer,17702828.0,33907017.158,-0.8857142857142858,3,0.8857142857142858
63,39,PET필름,392062,2022.05,태국,필리핀,대한민국,regulated_to_importer,14403888.0,27917543.008,-0.8857142857142858,3,0.8857142857142858
63,39,PET필름,392062,2022.06,태국,필리핀,대한민국,regulated_to_importer,18428888.0,33494498.843,-0.8857142857142858,3,0.8857142857142858
63,39,PET필름,392062,2022.07,태국,필리핀,대한민국,regulated_to_importer,9154208.0,16732222.504,-0.8857142857142858,3,0.8857142857142858
63,39,PET필름,392062,2022.08,태국,필리핀,대한민국,regulated_to_importer,11392068.0,20146646.436,-0.8857142857142858,3,0.8857142857142858
64,44,이음매없는동관,7411,2023.03,중국,독일,대한민국,regulated_to_intermediary,69387.0,963513.0,-0.8857142857142858,3,0.8857142857142858
64,44,이음매없는동관,7411,2023.04,중국,독일,대한민국,regulated_to_intermediary,175184.0,2229167.0,-0.8857142857142858,3,0.8857142857142858
64,44,이음매없는동관,7411,2023.05,중국,독일,대한민국,regulated_to_intermediary,95812.0,1295971.0,-0.8857142857142858,3,0.8857142857142858
64,44,이음매없는동관,7411,2023.06,중국,독일,대한민국,regulated_to_intermediary,213417.0,2669950.0,-0.8857142857142858,3,0.8857142857142858
64,44,이음매없는동관,7411,2023.07,중국,독일,대한민국,regulated_to_intermediary,217123.144,2683089.0,-0.8857142857142858,3,0.8857142857142858
64,44,이음매없는동관,7411,2023.08,중국,독일,대한민국,regulated_to_intermediary,77701.894,1054508.0,-0.8857142857142858,3,0.8857142857142858
64,44,이음매없는동관,7411,2023.09,중국,독일,대한민국,regulated_to_intermediary,141341.567,1971459.0,-0.8857142857142858,3,0.8857142857142858
64,44,이음매없는동관,7411,2023.1,중국,독일,대한민국,regulated_to_intermediary,82583.0,1102324.0,-0.8857142857142858,3,0.8857142857142858
64,44,이음매없는동관,7411,2023.11,중국,독일,대한민국,regulated_to_intermediary,34646.0,576696.0,-0.8857142857142858,3,0.8857142857142858
64,44,이음매없는동관,7411,2023.03,중국,독일,대한민국,regulated_to_importer,802677.5,8633435.0,-0.8857142857142858,3,0.8857142857142858
64,44,이음매없는동관,7411,2023.04,중국,독일,대한민국,regulated_to_importer,592473.0,6590211.0,-0.8857142857142858,3,0.8857142857142858
64,44,이음매없는동관,7411,2023.05,중국,독일,대한민국,regulated_to_importer,406476.007,4661238.0,-0.8857142857142858,3,0.8857142857142858
64,44,이음매없는동관,7411,2023.06,중국,독일,대한민국,regulated_to_importer,642389.549,6570044.0,-0.8857142857142858,3,0.8857142857142858
64,44,이음매없는동관,7411,2023.07,중국,독일,대한민국,regulated_to_importer,538010.0,5212689.0,-0.8857142857142858,3,0.8857142857142858
64,44,이음매없는동관,7411,2023.08,중국,독일,대한민국,regulated_to_importer,574313.0,6150407.0,-0.8857142857142858,3,0.8857142857142858
64,44,이음매없는동관,7411,2023.09,중국,독일,대한민국,regulated_to_importer,574686.0,5648981.0,-0.8857142857142858,3,0.8857142857142858
64,44,이음매없는동관,7411,2023.1,중국,독일,대한민국,regulated_to_importer,428969.0,4343846.0,-0.8857142857142858,3,0.8857142857142858
64,44,이음매없는동관,7411,2023.11,중국,독일,대한민국,regulated_to_importer,503242.0,4897619.0,-0.8857142857142858,3,0.8857142857142858
65,48,도공(coated) 인쇄용지,4810,2024.03,일본,뉴질랜드,대한민국,regulated_to_intermediary,425054.0,394492.598,-0.8857142857142858,0,0.8857142857142858
65,48,도공(coated) 인쇄용지,4810,2024.04,일본,뉴질랜드,대한민국,regulated_to_intermediary,22885.0,27823.122,-0.8857142857142858,0,0.8857142857142858
65,48,도공(coated) 인쇄용지,4810,2024.05,일본,뉴질랜드,대한민국,regulated_to_intermediary,169398.0,146146.94,-0.8857142857142858,0,0.8857142857142858
65,48,도공(coated) 인쇄용지,4810,2024.06,일본,뉴질랜드,대한민국,regulated_to_intermediary,172297.0,156772.487,-0.8857142857142858,0,0.8857142857142858
65,48,도공(coated) 인쇄용지,4810,2024.07,일본,뉴질랜드,대한민국,regulated_to_intermediary,104455.0,111542.447,-0.8857142857142858,0,0.8857142857142858
65,48,도공(coated) 인쇄용지,4810,2024.08,일본,뉴질랜드,대한민국,regulated_to_intermediary,175444.0,233497.168,-0.8857142857142858,0,0.8857142857142858
65,48,도공(coated) 인쇄용지,4810,2024.09,일본,뉴질랜드,대한민국,regulated_to_intermediary,96581.0,91404.373,-0.8857142857142858,0,0.8857142857142858
65,48,도공(coated) 인쇄용지,4810,2024.1,일본,뉴질랜드,대한민국,regulated_to_intermediary,223914.0,184740.055,-0.8857142857142858,0,0.8857142857142858
65,48,도공(coated) 인쇄용지,4810,2024.11,일본,뉴질랜드,대한민국,regulated_to_intermediary,37299.0,35491.764,-0.8857142857142858,0,0.8857142857142858
65,48,도공(coated) 인쇄용지,4810,2024.03,일본,뉴질랜드,대한민국,regulated_to_importer,955216.0,828858.181,-0.8857142857142858,0,0.8857142857142858
65,48,도공(coated) 인쇄용지,4810,2024.04,일본,뉴질랜드,대한민국,regulated_to_importer,1352721.0,1063939.505,-0.8857142857142858,0,0.8857142857142858
65,48,도공(coated) 인쇄용지,4810,2024.05,일본,뉴질랜드,대한민국,regulated_to_importer,1675650.0,1378645.97,-0.8857142857142858,0,0.8857142857142858
65,48,도공(coated) 인쇄용지,4810,2024.06,일본,뉴질랜드,대한민국,regulated_to_importer,1949778.0,1559367.305,-0.8857142857142858,0,0.8857142857142858
65,48,도공(coated) 인쇄용지,4810,2024.07,일본,뉴질랜드,대한민국,regulated_to_importer,734986.0,603013.872,-0.8857142857142858,0,0.8857142857142858
65,48,도공(coated) 인쇄용지,4810,2024.08,일본,뉴질랜드,대한민국,regulated_to_importer,1735621.0,1449542.486,-0.8857142857142858,0,0.8857142857142858
65,48,도공(coated) 인쇄용지,4810,2024.09,일본,뉴질랜드,대한민국,regulated_to_importer,2538909.0,2075572.601,-0.8857142857142858,0,0.8857142857142858
65,48,도공(coated) 인쇄용지,4810,2024.1,일본,뉴질랜드,대한민국,regulated_to_importer,1977447.0,1632799.466,-0.8857142857142858,0,0.8857142857142858
65,48,도공(coated) 인쇄용지,4810,2024.11,일본,뉴질랜드,대한민국,regulated_to_importer,1615703.0,1346038.296,-0.8857142857142858,0,0.8857142857142858
66,48,도공(coated) 인쇄용지,4810,2024.03,핀란드,오스트리아,대한민국,regulated_to_intermediary,5729640.0,5977589.922,-0.8857142857142858,1,0.8857142857142858
66,48,도공(coated) 인쇄용지,4810,2024.04,핀란드,오스트리아,대한민국,regulated_to_intermediary,7575762.0,8247473.31,-0.8857142857142858,1,0.8857142857142858
66,48,도공(coated) 인쇄용지,4810,2024.05,핀란드,오스트리아,대한민국,regulated_to_intermediary,5637020.0,6318300.122,-0.8857142857142858,1,0.8857142857142858
66,48,도공(coated) 인쇄용지,4810,2024.06,핀란드,오스트리아,대한민국,regulated_to_intermediary,3956578.0,4213258.828,-0.8857142857142858,1,0.8857142857142858
66,48,도공(coated) 인쇄용지,4810,2024.07,핀란드,오스트리아,대한민국,regulated_to_intermediary,4151316.0,4599951.054,-0.8857142857142858,1,0.8857142857142858
66,48,도공(coated) 인쇄용지,4810,2024.08,핀란드,오스트리아,대한민국,regulated_to_intermediary,4555566.0,5044728.936,-0.8857142857142858,1,0.8857142857142858
66,48,도공(coated) 인쇄용지,4810,2024.09,핀란드,오스트리아,대한민국,regulated_to_intermediary,2778606.0,3042279.908,-0.8857142857142858,1,0.8857142857142858
66,48,도공(coated) 인쇄용지,4810,2024.1,핀란드,오스트리아,대한민국,regulated_to_intermediary,5331260.0,6022314.268,-0.8857142857142858,1,0.8857142857142858
66,48,도공(coated) 인쇄용지,4810,2024.11,핀란드,오스트리아,대한민국,regulated_to_intermediary,4502664.0,4793654.392,-0.8857142857142858,1,0.8857142857142858
66,48,도공(coated) 인쇄용지,4810,2024.03,핀란드,오스트리아,대한민국,regulated_to_importer,548534.0,394247.716,-0.8857142857142858,1,0.8857142857142858
66,48,도공(coated) 인쇄용지,4810,2024.04,핀란드,오스트리아,대한민국,regulated_to_importer,1453794.0,1152198.102,-0.8857142857142858,1,0.8857142857142858
66,48,도공(coated) 인쇄용지,4810,2024.05,핀란드,오스트리아,대한민국,regulated_to_importer,4420742.0,3446488.242,-0.8857142857142858,1,0.8857142857142858
66,48,도공(coated) 인쇄용지,4810,2024.06,핀란드,오스트리아,대한민국,regulated_to_importer,2231726.0,1665211.314,-0.8857142857142858,1,0.8857142857142858
66,48,도공(coated) 인쇄용지,4810,2024.07,핀란드,오스트리아,대한민국,regulated_to_importer,2457988.0,1970385.772,-0.8857142857142858,1,0.8857142857142858
66,48,도공(coated) 인쇄용지,4810,2024.08,핀란드,오스트리아,대한민국,regulated_to_importer,2828914.0,2101452.45,-0.8857142857142858,1,0.8857142857142858
66,48,도공(coated) 인쇄용지,4810,2024.09,핀란드,오스트리아,대한민국,regulated_to_importer,1387110.0,993051.874,-0.8857142857142858,1,0.8857142857142858
66,48,도공(coated) 인쇄용지,4810,2024.1,핀란드,오스트리아,대한민국,regulated_to_importer,1655526.0,1168989.702,-0.8857142857142858,1,0.8857142857142858
66,48,도공(coated) 인쇄용지,4810,2024.11,핀란드,오스트리아,대한민국,regulated_to_importer,1204225.062,950966.196,-0.8857142857142858,1,0.8857142857142858
67,48,도공(coated) 인쇄용지,4810,2024.03,일본,태국,대한민국,regulated_to_intermediary,6252348.0,5482167.91,-0.8827348295047495,3,0.8827348295047495
67,48,도공(coated) 인쇄용지,4810,2024.04,일본,태국,대한민국,regulated_to_intermediary,7407727.0,6113252.855,-0.8827348295047495,3,0.8827348295047495
67,48,도공(coated) 인쇄용지,4810,2024.05,일본,태국,대한민국,regulated_to_intermediary,4459751.0,3765958.226,-0.8827348295047495,3,0.8827348295047495
67,48,도공(coated) 인쇄용지,4810,2024.06,일본,태국,대한민국,regulated_to_intermediary,6838677.0,5608009.5,-0.8827348295047495,3,0.8827348295047495
67,48,도공(coated) 인쇄용지,4810,2024.07,일본,태국,대한민국,regulated_to_intermediary,5954558.0,4932585.136,-0.8827348295047495,3,0.8827348295047495
67,48,도공(coated) 인쇄용지,4810,2024.08,일본,태국,대한민국,regulated_to_intermediary,5221870.0,4580038.915,-0.8827348295047495,3,0.8827348295047495
67,48,도공(coated) 인쇄용지,4810,2024.09,일본,태국,대한민국,regulated_to_intermediary,9057647.0,7559485.865,-0.8827348295047495,3,0.8827348295047495
67,48,도공(coated) 인쇄용지,4810,2024.1,일본,태국,대한민국,regulated_to_intermediary,5956406.0,4943991.939,-0.8827348295047495,3,0.8827348295047495
67,48,도공(coated) 인쇄용지,4810,2024.11,일본,태국,대한민국,regulated_to_intermediary,5343492.0,4324275.756,-0.8827348295047495,3,0.8827348295047495
67,48,도공(coated) 인쇄용지,4810,2024.03,일본,태국,대한민국,regulated_to_importer,955216.0,828858.181,-0.8827348295047495,3,0.8827348295047495
67,48,도공(coated) 인쇄용지,4810,2024.04,일본,태국,대한민국,regulated_to_importer,1352721.0,1063939.505,-0.8827348295047495,3,0.8827348295047495
67,48,도공(coated) 인쇄용지,4810,2024.05,일본,태국,대한민국,regulated_to_importer,1675650.0,1378645.97,-0.8827348295047495,3,0.8827348295047495
67,48,도공(coated) 인쇄용지,4810,2024.06,일본,태국,대한민국,regulated_to_importer,1949778.0,1559367.305,-0.8827348295047495,3,0.8827348295047495
67,48,도공(coated) 인쇄용지,4810,2024.07,일본,태국,대한민국,regulated_to_importer,734986.0,603013.872,-0.8827348295047495,3,0.8827348295047495
67,48,도공(coated) 인쇄용지,4810,2024.08,일본,태국,대한민국,regulated_to_importer,1735621.0,1449542.486,-0.8827348295047495,3,0.8827348295047495
67,48,도공(coated) 인쇄용지,4810,2024.09,일본,태국,대한민국,regulated_to_importer,2538909.0,2075572.601,-0.8827348295047495,3,0.8827348295047495
67,48,도공(coated) 인쇄용지,4810,2024.1,일본,태국,대한민국,regulated_to_importer,1977447.0,1632799.466,-0.8827348295047495,3,0.8827348295047495
67,48,도공(coated) 인쇄용지,4810,2024.11,일본,태국,대한민국,regulated_to_importer,1615703.0,1346038.296,-0.8827348295047495,3,0.8827348295047495
68,40,플로트판유리,7005,2022.04,중국,라트비아,대한민국,regulated_to_intermediary,0.0,0.0,-0.8804062740424288,3,0.8804062740424288
68,40,플로트판유리,7005,2022.05,중국,라트비아,대한민국,regulated_to_intermediary,0.0,0.0,-0.8804062740424288,3,0.8804062740424288
68,40,플로트판유리,7005,2022.06,중국,라트비아,대한민국,regulated_to_intermediary,0.0,0.0,-0.8804062740424288,3,0.8804062740424288
68,40,플로트판유리,7005,2022.07,중국,라트비아,대한민국,regulated_to_intermediary,0.0,0.0,-0.8804062740424288,3,0.8804062740424288
68,40,플로트판유리,7005,2022.08,중국,라트비아,대한민국,regulated_to_intermediary,0.0,0.0,-0.8804062740424288,3,0.8804062740424288
68,40,플로트판유리,7005,2022.09,중국,라트비아,대한민국,regulated_to_intermediary,0.0,0.0,-0.8804062740424288,3,0.8804062740424288
68,40,플로트판유리,7005,2022.1,중국,라트비아,대한민국,regulated_to_intermediary,4.0,4.0,-0.8804062740424288,3,0.8804062740424288
68,40,플로트판유리,7005,2022.11,중국,라트비아,대한민국,regulated_to_intermediary,0.0,0.0,-0.8804062740424288,3,0.8804062740424288
68,40,플로트판유리,7005,2022.12,중국,라트비아,대한민국,regulated_to_intermediary,0.0,0.0,-0.8804062740424288,3,0.8804062740424288
68,40,플로트판유리,7005,2022.04,중국,라트비아,대한민국,regulated_to_importer,6969555.0,11987842.0,-0.8804062740424288,3,0.8804062740424288
68,40,플로트판유리,7005,2022.05,중국,라트비아,대한민국,regulated_to_importer,11480575.0,22359887.0,-0.8804062740424288,3,0.8804062740424288
68,40,플로트판유리,7005,2022.06,중국,라트비아,대한민국,regulated_to_importer,9299268.0,11008712.0,-0.8804062740424288,3,0.8804062740424288
68,40,플로트판유리,7005,2022.07,중국,라트비아,대한민국,regulated_to_importer,11921001.0,8185663.0,-0.8804062740424288,3,0.8804062740424288
68,40,플로트판유리,7005,2022.08,중국,라트비아,대한민국,regulated_to_importer,8512381.0,7253688.0,-0.8804062740424288,3,0.8804062740424288
68,40,플로트판유리,7005,2022.09,중국,라트비아,대한민국,regulated_to_importer,8059393.0,5545854.0,-0.8804062740424288,3,0.8804062740424288
68,40,플로트판유리,7005,2022.1,중국,라트비아,대한민국,regulated_to_importer,7498510.0,4931361.0,-0.8804062740424288,3,0.8804062740424288
68,40,플로트판유리,7005,2022.11,중국,라트비아,대한민국,regulated_to_importer,5881422.0,2820734.0,-0.8804062740424288,3,0.8804062740424288
68,40,플로트판유리,7005,2022.12,중국,라트비아,대한민국,regulated_to_importer,8250906.0,9108478.0,-0.8804062740424288,3,0.8804062740424288
69,52,합판,4412,2024.07,베트남,스페인,대한민국,regulated_to_intermediary,0.0,0.0,-0.8804062740424288,2,0.8804062740424288
69,52,합판,4412,2024.08,베트남,스페인,대한민국,regulated_to_intermediary,0.0,0.0,-0.8804062740424288,2,0.8804062740424288
69,52,합판,4412,2024.09,베트남,스페인,대한민국,regulated_to_intermediary,0.0,0.0,-0.8804062740424288,2,0.8804062740424288
69,52,합판,4412,2024.1,베트남,스페인,대한민국,regulated_to_intermediary,0.0,0.0,-0.8804062740424288,2,0.8804062740424288
69,52,합판,4412,2024.11,베트남,스페인,대한민국,regulated_to_intermediary,0.0,0.0,-0.8804062740424288,2,0.8804062740424288
69,52,합판,4412,2024.12,베트남,스페인,대한민국,regulated_to_intermediary,0.0,0.0,-0.8804062740424288,2,0.8804062740424288
69,52,합판,4412,2025.01,베트남,스페인,대한민국,regulated_to_intermediary,0.0,0.0,-0.8804062740424288,2,0.8804062740424288
69,52,합판,4412,2025.02,베트남,스페인,대한민국,regulated_to_intermediary,0.0,0.0,-0.8804062740424288,2,0.8804062740424288
69,52,합판,4412,2025.03,베트남,스페인,대한민국,regulated_to_intermediary,0.0,0.0,-0.8804062740424288,2,0.8804062740424288
69,52,합판,4412,2024.07,베트남,스페인,대한민국,regulated_to_importer,0.0,0.0,-0.8804062740424288,2,0.8804062740424288
69,52,합판,4412,2024.08,베트남,스페인,대한민국,regulated_to_importer,0.0,0.0,-0.8804062740424288,2,0.8804062740424288
69,52,합판,4412,2024.09,베트남,스페인,대한민국,regulated_to_importer,0.0,0.0,-0.8804062740424288,2,0.8804062740424288
69,52,합판,4412,2024.1,베트남,스페인,대한민국,regulated_to_importer,0.0,0.0,-0.8804062740424288,2,0.8804062740424288
69,52,합판,4412,2024.11,베트남,스페인,대한민국,regulated_to_importer,0.0,0.0,-0.8804062740424288,2,0.8804062740424288
69,52,합판,4412,2024.12,베트남,스페인,대한민국,regulated_to_importer,0.0,0.0,-0.8804062740424288,2,0.8804062740424288
69,52,합판,4412,2025.01,베트남,스페인,대한민국,regulated_to_importer,0.0,0.0,-0.8804062740424288,2,0.8804062740424288
69,52,합판,4412,2025.02,베트남,스페인,대한민국,regulated_to_importer,0.0,0.0,-0.8804062740424288,2,0.8804062740424288
69,52,합판,4412,2025.03,베트남,스페인,대한민국,regulated_to_importer,0.0,0.0,-0.8804062740424288,2,0.8804062740424288
70,56,석유수지,391110,2025.08,대만,프랑스,대한민국,regulated_to_intermediary,0.0,0.0,-0.8804062740424288,2,0.8804062740424288
70,56,석유수지,391110,2025.09,대만,프랑스,대한민국,regulated_to_intermediary,0.0,0.0,-0.8804062740424288,2,0.8804062740424288
70,56,석유수지,391110,2025.1,대만,프랑스,대한민국,regulated_to_intermediary,0.0,0.0,-0.8804062740424288,2,0.8804062740424288
70,56,석유수지,391110,2025.11,대만,프랑스,대한민국,regulated_to_intermediary,0.0,0.0,-0.8804062740424288,2,0.8804062740424288
70,56,석유수지,391110,2025.12,대만,프랑스,대한민국,regulated_to_intermediary,0.0,0.0,-0.8804062740424288,2,0.8804062740424288
70,56,석유수지,391110,2026.01,대만,프랑스,대한민국,regulated_to_intermediary,0.0,0.0,-0.8804062740424288,2,0.8804062740424288
70,56,석유수지,391110,2026.02,대만,프랑스,대한민국,regulated_to_intermediary,0.0,0.0,-0.8804062740424288,2,0.8804062740424288
70,56,석유수지,391110,2026.03,대만,프랑스,대한민국,regulated_to_intermediary,0.0,0.0,-0.8804062740424288,2,0.8804062740424288
70,56,석유수지,391110,2026.04,대만,프랑스,대한민국,regulated_to_intermediary,0.0,0.0,-0.8804062740424288,2,0.8804062740424288
70,56,석유수지,391110,2025.08,대만,프랑스,대한민국,regulated_to_importer,0.0,0.0,-0.8804062740424288,2,0.8804062740424288
70,56,석유수지,391110,2025.09,대만,프랑스,대한민국,regulated_to_importer,0.0,0.0,-0.8804062740424288,2,0.8804062740424288
70,56,석유수지,391110,2025.1,대만,프랑스,대한민국,regulated_to_importer,0.0,0.0,-0.8804062740424288,2,0.8804062740424288
70,56,석유수지,391110,2025.11,대만,프랑스,대한민국,regulated_to_importer,0.0,0.0,-0.8804062740424288,2,0.8804062740424288
70,56,석유수지,391110,2025.12,대만,프랑스,대한민국,regulated_to_importer,0.0,0.0,-0.8804062740424288,2,0.8804062740424288
70,56,석유수지,391110,2026.01,대만,프랑스,대한민국,regulated_to_importer,0.0,0.0,-0.8804062740424288,2,0.8804062740424288
70,56,석유수지,391110,2026.02,대만,프랑스,대한민국,regulated_to_importer,0.0,0.0,-0.8804062740424288,2,0.8804062740424288
70,56,석유수지,391110,2026.03,대만,프랑스,대한민국,regulated_to_importer,0.0,0.0,-0.8804062740424288,2,0.8804062740424288
70,56,석유수지,391110,2026.04,대만,프랑스,대한민국,regulated_to_importer,0.0,0.0,-0.8804062740424288,2,0.8804062740424288
71,36,합판,4412,2020.11,베트남,필리핀,대한민국,regulated_to_intermediary,597808.68,638634.26,-0.8696565534786727,1,0.8696565534786727
71,36,합판,4412,2020.12,베트남,필리핀,대한민국,regulated_to_intermediary,280273.368,395971.09,-0.8696565534786727,1,0.8696565534786727
71,36,합판,4412,2021.01,베트남,필리핀,대한민국,regulated_to_intermediary,628437.398,777538.33,-0.8696565534786727,1,0.8696565534786727
71,36,합판,4412,2021.02,베트남,필리핀,대한민국,regulated_to_intermediary,400453.466,504355.83,-0.8696565534786727,1,0.8696565534786727
71,36,합판,4412,2021.03,베트남,필리핀,대한민국,regulated_to_intermediary,705098.1,910671.66,-0.8696565534786727,1,0.8696565534786727
71,36,합판,4412,2021.04,베트남,필리핀,대한민국,regulated_to_intermediary,833910.406,1267168.45,-0.8696565534786727,1,0.8696565534786727
71,36,합판,4412,2021.05,베트남,필리핀,대한민국,regulated_to_intermediary,653067.12,765229.44,-0.8696565534786727,1,0.8696565534786727
71,36,합판,4412,2021.06,베트남,필리핀,대한민국,regulated_to_intermediary,819414.195,994112.566,-0.8696565534786727,1,0.8696565534786727
71,36,합판,4412,2021.07,베트남,필리핀,대한민국,regulated_to_intermediary,1278038.575,1703196.11,-0.8696565534786727,1,0.8696565534786727
71,36,합판,4412,2020.11,베트남,필리핀,대한민국,regulated_to_importer,13505268.107,15316015.604,-0.8696565534786727,1,0.8696565534786727
71,36,합판,4412,2020.12,베트남,필리핀,대한민국,regulated_to_importer,23056690.996,27510001.5,-0.8696565534786727,1,0.8696565534786727
71,36,합판,4412,2021.01,베트남,필리핀,대한민국,regulated_to_importer,25458123.178,28962167.521,-0.8696565534786727,1,0.8696565534786727
71,36,합판,4412,2021.02,베트남,필리핀,대한민국,regulated_to_importer,11912669.68,13692870.176,-0.8696565534786727,1,0.8696565534786727
71,36,합판,4412,2021.03,베트남,필리핀,대한민국,regulated_to_importer,18047862.413,20976511.173,-0.8696565534786727,1,0.8696565534786727
71,36,합판,4412,2021.04,베트남,필리핀,대한민국,regulated_to_importer,16384830.967,19604240.007,-0.8696565534786727,1,0.8696565534786727
71,36,합판,4412,2021.05,베트남,필리핀,대한민국,regulated_to_importer,16731388.237,19762615.652,-0.8696565534786727,1,0.8696565534786727
71,36,합판,4412,2021.06,베트남,필리핀,대한민국,regulated_to_importer,17903009.734,21350851.69,-0.8696565534786727,1,0.8696565534786727
71,36,합판,4412,2021.07,베트남,필리핀,대한민국,regulated_to_importer,21672706.161,25731390.29,-0.8696565534786727,1,0.8696565534786727
72,44,이음매없는동관,7411,2023.03,베트남,체코공화국,대한민국,regulated_to_intermediary,44769.032,472002.048,-0.8696565534786727,3,0.8696565534786727
72,44,이음매없는동관,7411,2023.04,베트남,체코공화국,대한민국,regulated_to_intermediary,0.0,0.0,-0.8696565534786727,3,0.8696565534786727
72,44,이음매없는동관,7411,2023.05,베트남,체코공화국,대한민국,regulated_to_intermediary,38475.77,405651.88,-0.8696565534786727,3,0.8696565534786727
72,44,이음매없는동관,7411,2023.06,베트남,체코공화국,대한민국,regulated_to_intermediary,36458.148,384380.0,-0.8696565534786727,3,0.8696565534786727
72,44,이음매없는동관,7411,2023.07,베트남,체코공화국,대한민국,regulated_to_intermediary,198.142,2089.02,-0.8696565534786727,3,0.8696565534786727
72,44,이음매없는동관,7411,2023.08,베트남,체코공화국,대한민국,regulated_to_intermediary,0.0,0.0,-0.8696565534786727,3,0.8696565534786727
72,44,이음매없는동관,7411,2023.09,베트남,체코공화국,대한민국,regulated_to_intermediary,188.626,1988.7,-0.8696565534786727,3,0.8696565534786727
72,44,이음매없는동관,7411,2023.1,베트남,체코공화국,대한민국,regulated_to_intermediary,0.0,0.0,-0.8696565534786727,3,0.8696565534786727
72,44,이음매없는동관,7411,2023.11,베트남,체코공화국,대한민국,regulated_to_intermediary,35812.014,377567.78,-0.8696565534786727,3,0.8696565534786727
72,44,이음매없는동관,7411,2023.03,베트남,체코공화국,대한민국,regulated_to_importer,1738972.276,18334067.98,-0.8696565534786727,3,0.8696565534786727
72,44,이음매없는동관,7411,2023.04,베트남,체코공화국,대한민국,regulated_to_importer,1121455.43,11823558.3,-0.8696565534786727,3,0.8696565534786727
72,44,이음매없는동관,7411,2023.05,베트남,체코공화국,대한민국,regulated_to_importer,1137827.692,11996171.86,-0.8696565534786727,3,0.8696565534786727
72,44,이음매없는동관,7411,2023.06,베트남,체코공화국,대한민국,regulated_to_importer,1084986.95,11439069.38,-0.8696565534786727,3,0.8696565534786727
72,44,이음매없는동관,7411,2023.07,베트남,체코공화국,대한민국,regulated_to_importer,1130086.4,11914555.04,-0.8696565534786727,3,0.8696565534786727
72,44,이음매없는동관,7411,2023.08,베트남,체코공화국,대한민국,regulated_to_importer,1294068.978,13643431.22,-0.8696565534786727,3,0.8696565534786727
72,44,이음매없는동관,7411,2023.09,베트남,체코공화국,대한민국,regulated_to_importer,1449643.292,15285306.358,-0.8696565534786727,3,0.8696565534786727
72,44,이음매없는동관,7411,2023.1,베트남,체코공화국,대한민국,regulated_to_importer,1313357.332,13846789.26,-0.8696565534786727,3,0.8696565534786727
72,44,이음매없는동관,7411,2023.11,베트남,체코공화국,대한민국,regulated_to_importer,1191246.724,12559371.26,-0.8696565534786727,3,0.8696565534786727
73,1,PET필름(1차재심),392062,2012.05,인도,벨기에,대한민국,regulated_to_intermediary,71096.0,139521.7,-0.8451542547285166,3,0.8451542547285166
73,1,PET필름(1차재심),392062,2012.06,인도,벨기에,대한민국,regulated_to_intermediary,6018.0,21476.177,-0.8451542547285166,3,0.8451542547285166
73,1,PET필름(1차재심),392062,2012.07,인도,벨기에,대한민국,regulated_to_intermediary,20287.0,45202.197,-0.8451542547285166,3,0.8451542547285166
73,1,PET필름(1차재심),392062,2012.08,인도,벨기에,대한민국,regulated_to_intermediary,67902.0,132973.12,-0.8451542547285166,3,0.8451542547285166
73,1,PET필름(1차재심),392062,2012.09,인도,벨기에,대한민국,regulated_to_intermediary,39238.0,92762.341,-0.8451542547285166,3,0.8451542547285166
73,1,PET필름(1차재심),392062,2012.1,인도,벨기에,대한민국,regulated_to_intermediary,58289.0,133787.217,-0.8451542547285166,3,0.8451542547285166
73,1,PET필름(1차재심),392062,2012.11,인도,벨기에,대한민국,regulated_to_intermediary,62010.0,148955.925,-0.8451542547285166,3,0.8451542547285166
73,1,PET필름(1차재심),392062,2012.12,인도,벨기에,대한민국,regulated_to_intermediary,70871.0,182214.69,-0.8451542547285166,3,0.8451542547285166
73,1,PET필름(1차재심),392062,2013.01,인도,벨기에,대한민국,regulated_to_intermediary,83509.0,212233.87,-0.8451542547285166,3,0.8451542547285166
73,1,PET필름(1차재심),392062,2012.05,인도,벨기에,대한민국,regulated_to_importer,121227.0,319691.095,-0.8451542547285166,3,0.8451542547285166
73,1,PET필름(1차재심),392062,2012.06,인도,벨기에,대한민국,regulated_to_importer,104226.0,287113.744,-0.8451542547285166,3,0.8451542547285166
73,1,PET필름(1차재심),392062,2012.07,인도,벨기에,대한민국,regulated_to_importer,82765.0,255364.664,-0.8451542547285166,3,0.8451542547285166
73,1,PET필름(1차재심),392062,2012.08,인도,벨기에,대한민국,regulated_to_importer,144207.0,413411.975,-0.8451542547285166,3,0.8451542547285166
73,1,PET필름(1차재심),392062,2012.09,인도,벨기에,대한민국,regulated_to_importer,31083.0,91389.58,-0.8451542547285166,3,0.8451542547285166
73,1,PET필름(1차재심),392062,2012.1,인도,벨기에,대한민국,regulated_to_importer,169886.0,531078.53,-0.8451542547285166,3,0.8451542547285166
73,1,PET필름(1차재심),392062,2012.11,인도,벨기에,대한민국,regulated_to_importer,79198.0,285030.417,-0.8451542547285166,3,0.8451542547285166
73,1,PET필름(1차재심),392062,2012.12,인도,벨기에,대한민국,regulated_to_importer,86774.0,243164.651,-0.8451542547285166,3,0.8451542547285166
73,1,PET필름(1차재심),392062,2013.01,인도,벨기에,대한민국,regulated_to_importer,67508.0,193672.066,-0.8451542547285166,3,0.8451542547285166
74,1,PET필름(1차재심),392062,2012.05,인도,스위스,대한민국,regulated_to_intermediary,0.0,0.0,-0.8451542547285166,3,0.8451542547285166
74,1,PET필름(1차재심),392062,2012.06,인도,스위스,대한민국,regulated_to_intermediary,2632.0,19554.483,-0.8451542547285166,3,0.8451542547285166
74,1,PET필름(1차재심),392062,2012.07,인도,스위스,대한민국,regulated_to_intermediary,0.0,0.0,-0.8451542547285166,3,0.8451542547285166
74,1,PET필름(1차재심),392062,2012.08,인도,스위스,대한민국,regulated_to_intermediary,0.0,0.0,-0.8451542547285166,3,0.8451542547285166
74,1,PET필름(1차재심),392062,2012.09,인도,스위스,대한민국,regulated_to_intermediary,0.0,0.0,-0.8451542547285166,3,0.8451542547285166
74,1,PET필름(1차재심),392062,2012.1,인도,스위스,대한민국,regulated_to_intermediary,19580.0,49320.849,-0.8451542547285166,3,0.8451542547285166
74,1,PET필름(1차재심),392062,2012.11,인도,스위스,대한민국,regulated_to_intermediary,0.0,0.0,-0.8451542547285166,3,0.8451542547285166
74,1,PET필름(1차재심),392062,2012.12,인도,스위스,대한민국,regulated_to_intermediary,11358.0,27858.233,-0.8451542547285166,3,0.8451542547285166
74,1,PET필름(1차재심),392062,2013.01,인도,스위스,대한민국,regulated_to_intermediary,18070.0,40515.136,-0.8451542547285166,3,0.8451542547285166
74,1,PET필름(1차재심),392062,2012.05,인도,스위스,대한민국,regulated_to_importer,121227.0,319691.095,-0.8451542547285166,3,0.8451542547285166
74,1,PET필름(1차재심),392062,2012.06,인도,스위스,대한민국,regulated_to_importer,104226.0,287113.744,-0.8451542547285166,3,0.8451542547285166
74,1,PET필름(1차재심),392062,2012.07,인도,스위스,대한민국,regulated_to_importer,82765.0,255364.664,-0.8451542547285166,3,0.8451542547285166
74,1,PET필름(1차재심),392062,2012.08,인도,스위스,대한민국,regulated_to_importer,144207.0,413411.975,-0.8451542547285166,3,0.8451542547285166
74,1,PET필름(1차재심),392062,2012.09,인도,스위스,대한민국,regulated_to_importer,31083.0,91389.58,-0.8451542547285166,3,0.8451542547285166
74,1,PET필름(1차재심),392062,2012.1,인도,스위스,대한민국,regulated_to_importer,169886.0,531078.53,-0.8451542547285166,3,0.8451542547285166
74,1,PET필름(1차재심),392062,2012.11,인도,스위스,대한민국,regulated_to_importer,79198.0,285030.417,-0.8451542547285166,3,0.8451542547285166
74,1,PET필름(1차재심),392062,2012.12,인도,스위스,대한민국,regulated_to_importer,86774.0,243164.651,-0.8451542547285166,3,0.8451542547285166
74,1,PET필름(1차재심),392062,2013.01,인도,스위스,대한민국,regulated_to_importer,67508.0,193672.066,-0.8451542547285166,3,0.8451542547285166
75,1,PET필름(1차재심),392062,2012.05,중국,벨기에,대한민국,regulated_to_intermediary,413026.0,1045638.0,-0.8451542547285166,3,0.8451542547285166
75,1,PET필름(1차재심),392062,2012.06,중국,벨기에,대한민국,regulated_to_intermediary,361367.0,731183.0,-0.8451542547285166,3,0.8451542547285166
75,1,PET필름(1차재심),392062,2012.07,중국,벨기에,대한민국,regulated_to_intermediary,426014.0,836261.0,-0.8451542547285166,3,0.8451542547285166
75,1,PET필름(1차재심),392062,2012.08,중국,벨기에,대한민국,regulated_to_intermediary,254277.0,498880.0,-0.8451542547285166,3,0.8451542547285166
75,1,PET필름(1차재심),392062,2012.09,중국,벨기에,대한민국,regulated_to_intermediary,392103.0,784953.0,-0.8451542547285166,3,0.8451542547285166
75,1,PET필름(1차재심),392062,2012.1,중국,벨기에,대한민국,regulated_to_intermediary,0.0,0.0,-0.8451542547285166,3,0.8451542547285166
75,1,PET필름(1차재심),392062,2012.11,중국,벨기에,대한민국,regulated_to_intermediary,0.0,0.0,-0.8451542547285166,3,0.8451542547285166
75,1,PET필름(1차재심),392062,2012.12,중국,벨기에,대한민국,regulated_to_intermediary,0.0,0.0,-0.8451542547285166,3,0.8451542547285166
75,1,PET필름(1차재심),392062,2013.01,중국,벨기에,대한민국,regulated_to_intermediary,0.0,0.0,-0.8451542547285166,3,0.8451542547285166
75,1,PET필름(1차재심),392062,2012.05,중국,벨기에,대한민국,regulated_to_importer,271655.0,899617.0,-0.8451542547285166,3,0.8451542547285166
75,1,PET필름(1차재심),392062,2012.06,중국,벨기에,대한민국,regulated_to_importer,332298.0,981323.0,-0.8451542547285166,3,0.8451542547285166
75,1,PET필름(1차재심),392062,2012.07,중국,벨기에,대한민국,regulated_to_importer,348524.0,1319108.0,-0.8451542547285166,3,0.8451542547285166
75,1,PET필름(1차재심),392062,2012.08,중국,벨기에,대한민국,regulated_to_importer,384398.0,1495263.0,-0.8451542547285166,3,0.8451542547285166
75,1,PET필름(1차재심),392062,2012.09,중국,벨기에,대한민국,regulated_to_importer,689144.0,2012228.0,-0.8451542547285166,3,0.8451542547285166
75,1,PET필름(1차재심),392062,2012.1,중국,벨기에,대한민국,regulated_to_importer,0.0,0.0,-0.8451542547285166,3,0.8451542547285166
75,1,PET필름(1차재심),392062,2012.11,중국,벨기에,대한민국,regulated_to_importer,0.0,0.0,-0.8451542547285166,3,0.8451542547285166
75,1,PET필름(1차재심),392062,2012.12,중국,벨기에,대한민국,regulated_to_importer,0.0,0.0,-0.8451542547285166,3,0.8451542547285166
75,1,PET필름(1차재심),392062,2013.01,중국,벨기에,대한민국,regulated_to_importer,0.0,0.0,-0.8451542547285166,3,0.8451542547285166
76,1,PET필름(1차재심),392062,2012.05,중국,스위스,대한민국,regulated_to_intermediary,4215.0,63608.0,-0.8451542547285166,3,0.8451542547285166
76,1,PET필름(1차재심),392062,2012.06,중국,스위스,대한민국,regulated_to_intermediary,1152.0,9440.0,-0.8451542547285166,3,0.8451542547285166
76,1,PET필름(1차재심),392062,2012.07,중국,스위스,대한민국,regulated_to_intermediary,11195.0,125783.0,-0.8451542547285166,3,0.8451542547285166
76,1,PET필름(1차재심),392062,2012.08,중국,스위스,대한민국,regulated_to_intermediary,4858.0,44486.0,-0.8451542547285166,3,0.8451542547285166
76,1,PET필름(1차재심),392062,2012.09,중국,스위스,대한민국,regulated_to_intermediary,11484.0,91391.0,-0.8451542547285166,3,0.8451542547285166
76,1,PET필름(1차재심),392062,2012.1,중국,스위스,대한민국,regulated_to_intermediary,0.0,0.0,-0.8451542547285166,3,0.8451542547285166
76,1,PET필름(1차재심),392062,2012.11,중국,스위스,대한민국,regulated_to_intermediary,0.0,0.0,-0.8451542547285166,3,0.8451542547285166
76,1,PET필름(1차재심),392062,2012.12,중국,스위스,대한민국,regulated_to_intermediary,0.0,0.0,-0.8451542547285166,3,0.8451542547285166
76,1,PET필름(1차재심),392062,2013.01,중국,스위스,대한민국,regulated_to_intermediary,0.0,0.0,-0.8451542547285166,3,0.8451542547285166
76,1,PET필름(1차재심),392062,2012.05,중국,스위스,대한민국,regulated_to_importer,271655.0,899617.0,-0.8451542547285166,3,0.8451542547285166
76,1,PET필름(1차재심),392062,2012.06,중국,스위스,대한민국,regulated_to_importer,332298.0,981323.0,-0.8451542547285166,3,0.8451542547285166
76,1,PET필름(1차재심),392062,2012.07,중국,스위스,대한민국,regulated_to_importer,348524.0,1319108.0,-0.8451542547285166,3,0.8451542547285166
76,1,PET필름(1차재심),392062,2012.08,중국,스위스,대한민국,regulated_to_importer,384398.0,1495263.0,-0.8451542547285166,3,0.8451542547285166
76,1,PET필름(1차재심),392062,2012.09,중국,스위스,대한민국,regulated_to_importer,689144.0,2012228.0,-0.8451542547285166,3,0.8451542547285166
76,1,PET필름(1차재심),392062,2012.1,중국,스위스,대한민국,regulated_to_importer,0.0,0.0,-0.8451542547285166,3,0.8451542547285166
76,1,PET필름(1차재심),392062,2012.11,중국,스위스,대한민국,regulated_to_importer,0.0,0.0,-0.8451542547285166,3,0.8451542547285166
76,1,PET필름(1차재심),392062,2012.12,중국,스위스,대한민국,regulated_to_importer,0.0,0.0,-0.8451542547285166,3,0.8451542547285166
76,1,PET필름(1차재심),392062,2013.01,중국,스위스,대한민국,regulated_to_importer,0.0,0.0,-0.8451542547285166,3,0.8451542547285166
77,2,크라프트지(1차재심),4804,2012.04,중국,브라질,대한민국,regulated_to_intermediary,0.0,0.0,-0.8451542547285166,3,0.8451542547285166
77,2,크라프트지(1차재심),4804,2012.05,중국,브라질,대한민국,regulated_to_intermediary,0.0,0.0,-0.8451542547285166,3,0.8451542547285166
77,2,크라프트지(1차재심),4804,2012.06,중국,브라질,대한민국,regulated_to_intermediary,90873.0,1133392.0,-0.8451542547285166,3,0.8451542547285166
77,2,크라프트지(1차재심),4804,2012.07,중국,브라질,대한민국,regulated_to_intermediary,1386182.0,12194478.0,-0.8451542547285166,3,0.8451542547285166
77,2,크라프트지(1차재심),4804,2012.08,중국,브라질,대한민국,regulated_to_intermediary,491692.0,3431239.0,-0.8451542547285166,3,0.8451542547285166
77,2,크라프트지(1차재심),4804,2012.09,중국,브라질,대한민국,regulated_to_intermediary,44984.0,115421.0,-0.8451542547285166,3,0.8451542547285166
77,2,크라프트지(1차재심),4804,2012.1,중국,브라질,대한민국,regulated_to_intermediary,0.0,0.0,-0.8451542547285166,3,0.8451542547285166
77,2,크라프트지(1차재심),4804,2012.11,중국,브라질,대한민국,regulated_to_intermediary,0.0,0.0,-0.8451542547285166,3,0.8451542547285166
77,2,크라프트지(1차재심),4804,2012.12,중국,브라질,대한민국,regulated_to_intermediary,0.0,0.0,-0.8451542547285166,3,0.8451542547285166
77,2,크라프트지(1차재심),4804,2012.04,중국,브라질,대한민국,regulated_to_importer,565530.0,844575.0,-0.8451542547285166,3,0.8451542547285166
77,2,크라프트지(1차재심),4804,2012.05,중국,브라질,대한민국,regulated_to_importer,763747.0,616937.0,-0.8451542547285166,3,0.8451542547285166
77,2,크라프트지(1차재심),4804,2012.06,중국,브라질,대한민국,regulated_to_importer,276187.0,317807.0,-0.8451542547285166,3,0.8451542547285166
77,2,크라프트지(1차재심),4804,2012.07,중국,브라질,대한민국,regulated_to_importer,1463476.0,1199109.0,-0.8451542547285166,3,0.8451542547285166
77,2,크라프트지(1차재심),4804,2012.08,중국,브라질,대한민국,regulated_to_importer,509546.0,441572.0,-0.8451542547285166,3,0.8451542547285166
77,2,크라프트지(1차재심),4804,2012.09,중국,브라질,대한민국,regulated_to_importer,476921.0,408944.0,-0.8451542547285166,3,0.8451542547285166
77,2,크라프트지(1차재심),4804,2012.1,중국,브라질,대한민국,regulated_to_importer,0.0,0.0,-0.8451542547285166,3,0.8451542547285166
77,2,크라프트지(1차재심),4804,2012.11,중국,브라질,대한민국,regulated_to_importer,0.0,0.0,-0.8451542547285166,3,0.8451542547285166
77,2,크라프트지(1차재심),4804,2012.12,중국,브라질,대한민국,regulated_to_importer,0.0,0.0,-0.8451542547285166,3,0.8451542547285166
78,6,스테인레스스틸바(2차재심),7222,2013.11,일본,필리핀,대한민국,regulated_to_intermediary,191954.0,965413.119,-0.8451542547285166,3,0.8451542547285166
78,6,스테인레스스틸바(2차재심),7222,2013.12,일본,필리핀,대한민국,regulated_to_intermediary,182883.0,841512.41,-0.8451542547285166,3,0.8451542547285166
78,6,스테인레스스틸바(2차재심),7222,2014.01,일본,필리핀,대한민국,regulated_to_intermediary,138627.0,562895.847,-0.8451542547285166,3,0.8451542547285166
78,6,스테인레스스틸바(2차재심),7222,2014.02,일본,필리핀,대한민국,regulated_to_intermediary,151453.0,852977.31,-0.8451542547285166,3,0.8451542547285166
78,6,스테인레스스틸바(2차재심),7222,2014.03,일본,필리핀,대한민국,regulated_to_intermediary,138842.0,697523.408,-0.8451542547285166,3,0.8451542547285166
78,6,스테인레스스틸바(2차재심),7222,2014.04,일본,필리핀,대한민국,regulated_to_intermediary,150686.0,731796.0,-0.8451542547285166,3,0.8451542547285166
78,6,스테인레스스틸바(2차재심),7222,2014.05,일본,필리핀,대한민국,regulated_to_intermediary,207302.0,1016459.808,-0.8451542547285166,3,0.8451542547285166
78,6,스테인레스스틸바(2차재심),7222,2014.06,일본,필리핀,대한민국,regulated_to_intermediary,176119.0,881714.02,-0.8451542547285166,3,0.8451542547285166
78,6,스테인레스스틸바(2차재심),7222,2014.07,일본,필리핀,대한민국,regulated_to_intermediary,132859.0,687278.55,-0.8451542547285166,3,0.8451542547285166
78,6,스테인레스스틸바(2차재심),7222,2013.11,일본,필리핀,대한민국,regulated_to_importer,424466.0,2010934.112,-0.8451542547285166,3,0.8451542547285166
78,6,스테인레스스틸바(2차재심),7222,2013.12,일본,필리핀,대한민국,regulated_to_importer,453200.0,2331582.05,-0.8451542547285166,3,0.8451542547285166
78,6,스테인레스스틸바(2차재심),7222,2014.01,일본,필리핀,대한민국,regulated_to_importer,438493.0,2186978.373,-0.8451542547285166,3,0.8451542547285166
78,6,스테인레스스틸바(2차재심),7222,2014.02,일본,필리핀,대한민국,regulated_to_importer,737230.0,3813371.574,-0.8451542547285166,3,0.8451542547285166
78,6,스테인레스스틸바(2차재심),7222,2014.03,일본,필리핀,대한민국,regulated_to_importer,497383.0,2655763.468,-0.8451542547285166,3,0.8451542547285166
78,6,스테인레스스틸바(2차재심),7222,2014.04,일본,필리핀,대한민국,regulated_to_importer,599529.0,2928900.0,-0.8451542547285166,3,0.8451542547285166
78,6,스테인레스스틸바(2차재심),7222,2014.05,일본,필리핀,대한민국,regulated_to_importer,404053.0,2099781.76,-0.8451542547285166,3,0.8451542547285166
78,6,스테인레스스틸바(2차재심),7222,2014.06,일본,필리핀,대한민국,regulated_to_importer,654005.0,2788756.204,-0.8451542547285166,3,0.8451542547285166
78,6,스테인레스스틸바(2차재심),7222,2014.07,일본,필리핀,대한민국,regulated_to_importer,537030.0,2563757.7,-0.8451542547285166,3,0.8451542547285166
79,7,합판,4412,2013.11,중국,우루과이,대한민국,regulated_to_intermediary,0.0,0.0,-0.8451542547285166,0,0.8451542547285166
79,7,합판,4412,2013.12,중국,우루과이,대한민국,regulated_to_intermediary,0.0,0.0,-0.8451542547285166,0,0.8451542547285166
79,7,합판,4412,2014.01,중국,우루과이,대한민국,regulated_to_intermediary,0.0,0.0,-0.8451542547285166,0,0.8451542547285166
79,7,합판,4412,2014.02,중국,우루과이,대한민국,regulated_to_intermediary,0.0,0.0,-0.8451542547285166,0,0.8451542547285166
79,7,합판,4412,2014.03,중국,우루과이,대한민국,regulated_to_intermediary,0.0,0.0,-0.8451542547285166,0,0.8451542547285166
79,7,합판,4412,2014.04,중국,우루과이,대한민국,regulated_to_intermediary,0.0,0.0,-0.8451542547285166,0,0.8451542547285166
79,7,합판,4412,2014.05,중국,우루과이,대한민국,regulated_to_intermediary,0.0,0.0,-0.8451542547285166,0,0.8451542547285166
79,7,합판,4412,2014.06,중국,우루과이,대한민국,regulated_to_intermediary,0.0,0.0,-0.8451542547285166,0,0.8451542547285166
79,7,합판,4412,2014.07,중국,우루과이,대한민국,regulated_to_intermediary,0.0,0.0,-0.8451542547285166,0,0.8451542547285166
79,7,합판,4412,2013.11,중국,우루과이,대한민국,regulated_to_importer,0.0,0.0,-0.8451542547285166,0,0.8451542547285166
79,7,합판,4412,2013.12,중국,우루과이,대한민국,regulated_to_importer,0.0,0.0,-0.8451542547285166,0,0.8451542547285166
79,7,합판,4412,2014.01,중국,우루과이,대한민국,regulated_to_importer,0.0,0.0,-0.8451542547285166,0,0.8451542547285166
79,7,합판,4412,2014.02,중국,우루과이,대한민국,regulated_to_importer,0.0,0.0,-0.8451542547285166,0,0.8451542547285166
79,7,합판,4412,2014.03,중국,우루과이,대한민국,regulated_to_importer,0.0,0.0,-0.8451542547285166,0,0.8451542547285166
79,7,합판,4412,2014.04,중국,우루과이,대한민국,regulated_to_importer,0.0,0.0,-0.8451542547285166,0,0.8451542547285166
79,7,합판,4412,2014.05,중국,우루과이,대한민국,regulated_to_importer,0.0,0.0,-0.8451542547285166,0,0.8451542547285166
79,7,합판,4412,2014.06,중국,우루과이,대한민국,regulated_to_importer,0.0,0.0,-0.8451542547285166,0,0.8451542547285166
79,7,합판,4412,2014.07,중국,우루과이,대한민국,regulated_to_importer,0.0,0.0,-0.8451542547285166,0,0.8451542547285166
80,7,합판,4412,2013.11,중국,인도,대한민국,regulated_to_intermediary,0.0,0.0,-0.8451542547285166,3,0.8451542547285166
80,7,합판,4412,2013.12,중국,인도,대한민국,regulated_to_intermediary,0.0,0.0,-0.8451542547285166,3,0.8451542547285166
80,7,합판,4412,2014.01,중국,인도,대한민국,regulated_to_intermediary,0.0,0.0,-0.8451542547285166,3,0.8451542547285166
80,7,합판,4412,2014.02,중국,인도,대한민국,regulated_to_intermediary,0.0,0.0,-0.8451542547285166,3,0.8451542547285166
80,7,합판,4412,2014.03,중국,인도,대한민국,regulated_to_intermediary,0.0,0.0,-0.8451542547285166,3,0.8451542547285166
80,7,합판,4412,2014.04,중국,인도,대한민국,regulated_to_intermediary,0.0,0.0,-0.8451542547285166,3,0.8451542547285166
80,7,합판,4412,2014.05,중국,인도,대한민국,regulated_to_intermediary,0.0,0.0,-0.8451542547285166,3,0.8451542547285166
80,7,합판,4412,2014.06,중국,인도,대한민국,regulated_to_intermediary,0.0,0.0,-0.8451542547285166,3,0.8451542547285166
80,7,합판,4412,2014.07,중국,인도,대한민국,regulated_to_intermediary,0.0,0.0,-0.8451542547285166,3,0.8451542547285166
80,7,합판,4412,2013.11,중국,인도,대한민국,regulated_to_importer,0.0,0.0,-0.8451542547285166,3,0.8451542547285166
80,7,합판,4412,2013.12,중국,인도,대한민국,regulated_to_importer,0.0,0.0,-0.8451542547285166,3,0.8451542547285166
80,7,합판,4412,2014.01,중국,인도,대한민국,regulated_to_importer,0.0,0.0,-0.8451542547285166,3,0.8451542547285166
80,7,합판,4412,2014.02,중국,인도,대한민국,regulated_to_importer,0.0,0.0,-0.8451542547285166,3,0.8451542547285166
80,7,합판,4412,2014.03,중국,인도,대한민국,regulated_to_importer,0.0,0.0,-0.8451542547285166,3,0.8451542547285166
80,7,합판,4412,2014.04,중국,인도,대한민국,regulated_to_importer,0.0,0.0,-0.8451542547285166,3,0.8451542547285166
80,7,합판,4412,2014.05,중국,인도,대한민국,regulated_to_importer,0.0,0.0,-0.8451542547285166,3,0.8451542547285166
80,7,합판,4412,2014.06,중국,인도,대한민국,regulated_to_importer,0.0,0.0,-0.8451542547285166,3,0.8451542547285166
80,7,합판,4412,2014.07,중국,인도,대한민국,regulated_to_importer,0.0,0.0,-0.8451542547285166,3,0.8451542547285166
81,7,합판,4412,2013.11,중국,필리핀,대한민국,regulated_to_intermediary,0.0,0.0,-0.8451542547285166,0,0.8451542547285166
81,7,합판,4412,2013.12,중국,필리핀,대한민국,regulated_to_intermediary,0.0,0.0,-0.8451542547285166,0,0.8451542547285166
81,7,합판,4412,2014.01,중국,필리핀,대한민국,regulated_to_intermediary,0.0,0.0,-0.8451542547285166,0,0.8451542547285166
81,7,합판,4412,2014.02,중국,필리핀,대한민국,regulated_to_intermediary,0.0,0.0,-0.8451542547285166,0,0.8451542547285166
81,7,합판,4412,2014.03,중국,필리핀,대한민국,regulated_to_intermediary,0.0,0.0,-0.8451542547285166,0,0.8451542547285166
81,7,합판,4412,2014.04,중국,필리핀,대한민국,regulated_to_intermediary,0.0,0.0,-0.8451542547285166,0,0.8451542547285166
81,7,합판,4412,2014.05,중국,필리핀,대한민국,regulated_to_intermediary,0.0,0.0,-0.8451542547285166,0,0.8451542547285166
81,7,합판,4412,2014.06,중국,필리핀,대한민국,regulated_to_intermediary,0.0,0.0,-0.8451542547285166,0,0.8451542547285166
81,7,합판,4412,2014.07,중국,필리핀,대한민국,regulated_to_intermediary,0.0,0.0,-0.8451542547285166,0,0.8451542547285166
81,7,합판,4412,2013.11,중국,필리핀,대한민국,regulated_to_importer,0.0,0.0,-0.8451542547285166,0,0.8451542547285166
81,7,합판,4412,2013.12,중국,필리핀,대한민국,regulated_to_importer,0.0,0.0,-0.8451542547285166,0,0.8451542547285166
81,7,합판,4412,2014.01,중국,필리핀,대한민국,regulated_to_importer,0.0,0.0,-0.8451542547285166,0,0.8451542547285166
81,7,합판,4412,2014.02,중국,필리핀,대한민국,regulated_to_importer,0.0,0.0,-0.8451542547285166,0,0.8451542547285166
81,7,합판,4412,2014.03,중국,필리핀,대한민국,regulated_to_importer,0.0,0.0,-0.8451542547285166,0,0.8451542547285166
81,7,합판,4412,2014.04,중국,필리핀,대한민국,regulated_to_importer,0.0,0.0,-0.8451542547285166,0,0.8451542547285166
81,7,합판,4412,2014.05,중국,필리핀,대한민국,regulated_to_importer,0.0,0.0,-0.8451542547285166,0,0.8451542547285166
81,7,합판,4412,2014.06,중국,필리핀,대한민국,regulated_to_importer,0.0,0.0,-0.8451542547285166,0,0.8451542547285166
81,7,합판,4412,2014.07,중국,필리핀,대한민국,regulated_to_importer,0.0,0.0,-0.8451542547285166,0,0.8451542547285166
82,8,폴리에스테르 장섬유 연신가공사(2차재심),5402,2013.12,말레이시아,벨라루스,대한민국,regulated_to_intermediary,0.0,0.0,-0.8451542547285166,2,0.8451542547285166
82,8,폴리에스테르 장섬유 연신가공사(2차재심),5402,2014.01,말레이시아,벨라루스,대한민국,regulated_to_intermediary,0.0,0.0,-0.8451542547285166,2,0.8451542547285166
82,8,폴리에스테르 장섬유 연신가공사(2차재심),5402,2014.02,말레이시아,벨라루스,대한민국,regulated_to_intermediary,0.0,0.0,-0.8451542547285166,2,0.8451542547285166
82,8,폴리에스테르 장섬유 연신가공사(2차재심),5402,2014.03,말레이시아,벨라루스,대한민국,regulated_to_intermediary,0.0,0.0,-0.8451542547285166,2,0.8451542547285166
82,8,폴리에스테르 장섬유 연신가공사(2차재심),5402,2014.04,말레이시아,벨라루스,대한민국,regulated_to_intermediary,0.0,0.0,-0.8451542547285166,2,0.8451542547285166
82,8,폴리에스테르 장섬유 연신가공사(2차재심),5402,2014.05,말레이시아,벨라루스,대한민국,regulated_to_intermediary,0.0,0.0,-0.8451542547285166,2,0.8451542547285166
82,8,폴리에스테르 장섬유 연신가공사(2차재심),5402,2014.06,말레이시아,벨라루스,대한민국,regulated_to_intermediary,0.0,0.0,-0.8451542547285166,2,0.8451542547285166
82,8,폴리에스테르 장섬유 연신가공사(2차재심),5402,2014.07,말레이시아,벨라루스,대한민국,regulated_to_intermediary,0.0,0.0,-0.8451542547285166,2,0.8451542547285166
82,8,폴리에스테르 장섬유 연신가공사(2차재심),5402,2014.08,말레이시아,벨라루스,대한민국,regulated_to_intermediary,0.0,0.0,-0.8451542547285166,2,0.8451542547285166
82,8,폴리에스테르 장섬유 연신가공사(2차재심),5402,2013.12,말레이시아,벨라루스,대한민국,regulated_to_importer,5378977.43,8437787.571,-0.8451542547285166,2,0.8451542547285166
82,8,폴리에스테르 장섬유 연신가공사(2차재심),5402,2014.01,말레이시아,벨라루스,대한민국,regulated_to_importer,7107936.14,11312080.581,-0.8451542547285166,2,0.8451542547285166
82,8,폴리에스테르 장섬유 연신가공사(2차재심),5402,2014.02,말레이시아,벨라루스,대한민국,regulated_to_importer,6176366.73,9753736.624,-0.8451542547285166,2,0.8451542547285166
82,8,폴리에스테르 장섬유 연신가공사(2차재심),5402,2014.03,말레이시아,벨라루스,대한민국,regulated_to_importer,5521932.34,8564983.225,-0.8451542547285166,2,0.8451542547285166
82,8,폴리에스테르 장섬유 연신가공사(2차재심),5402,2014.04,말레이시아,벨라루스,대한민국,regulated_to_importer,6166526.82,9796524.429,-0.8451542547285166,2,0.8451542547285166
82,8,폴리에스테르 장섬유 연신가공사(2차재심),5402,2014.05,말레이시아,벨라루스,대한민국,regulated_to_importer,6850185.95,10691252.582,-0.8451542547285166,2,0.8451542547285166
82,8,폴리에스테르 장섬유 연신가공사(2차재심),5402,2014.06,말레이시아,벨라루스,대한민국,regulated_to_importer,5722928.27,9022473.699,-0.8451542547285166,2,0.8451542547285166
82,8,폴리에스테르 장섬유 연신가공사(2차재심),5402,2014.07,말레이시아,벨라루스,대한민국,regulated_to_importer,0.0,0.0,-0.8451542547285166,2,0.8451542547285166
82,8,폴리에스테르 장섬유 연신가공사(2차재심),5402,2014.08,말레이시아,벨라루스,대한민국,regulated_to_importer,4809233.57,8033061.53,-0.8451542547285166,2,0.8451542547285166
83,9,OPP필름,392020,2013.12,중국,튀르키예,대한민국,regulated_to_intermediary,0.0,0.0,-0.8451542547285166,2,0.8451542547285166
83,9,OPP필름,392020,2014.01,중국,튀르키예,대한민국,regulated_to_intermediary,0.0,0.0,-0.8451542547285166,2,0.8451542547285166
83,9,OPP필름,392020,2014.02,중국,튀르키예,대한민국,regulated_to_intermediary,0.0,0.0,-0.8451542547285166,2,0.8451542547285166
83,9,OPP필름,392020,2014.03,중국,튀르키예,대한민국,regulated_to_intermediary,0.0,0.0,-0.8451542547285166,2,0.8451542547285166
83,9,OPP필름,392020,2014.04,중국,튀르키예,대한민국,regulated_to_intermediary,0.0,0.0,-0.8451542547285166,2,0.8451542547285166
83,9,OPP필름,392020,2014.05,중국,튀르키예,대한민국,regulated_to_intermediary,0.0,0.0,-0.8451542547285166,2,0.8451542547285166
83,9,OPP필름,392020,2014.06,중국,튀르키예,대한민국,regulated_to_intermediary,0.0,0.0,-0.8451542547285166,2,0.8451542547285166
83,9,OPP필름,392020,2014.07,중국,튀르키예,대한민국,regulated_to_intermediary,0.0,0.0,-0.8451542547285166,2,0.8451542547285166
83,9,OPP필름,392020,2014.08,중국,튀르키예,대한민국,regulated_to_intermediary,0.0,0.0,-0.8451542547285166,2,0.8451542547285166
83,9,OPP필름,392020,2013.12,중국,튀르키예,대한민국,regulated_to_importer,0.0,0.0,-0.8451542547285166,2,0.8451542547285166
83,9,OPP필름,392020,2014.01,중국,튀르키예,대한민국,regulated_to_importer,0.0,0.0,-0.8451542547285166,2,0.8451542547285166
83,9,OPP필름,392020,2014.02,중국,튀르키예,대한민국,regulated_to_importer,0.0,0.0,-0.8451542547285166,2,0.8451542547285166
83,9,OPP필름,392020,2014.03,중국,튀르키예,대한민국,regulated_to_importer,0.0,0.0,-0.8451542547285166,2,0.8451542547285166
83,9,OPP필름,392020,2014.04,중국,튀르키예,대한민국,regulated_to_importer,0.0,0.0,-0.8451542547285166,2,0.8451542547285166
83,9,OPP필름,392020,2014.05,중국,튀르키예,대한민국,regulated_to_importer,0.0,0.0,-0.8451542547285166,2,0.8451542547285166
83,9,OPP필름,392020,2014.06,중국,튀르키예,대한민국,regulated_to_importer,0.0,0.0,-0.8451542547285166,2,0.8451542547285166
83,9,OPP필름,392020,2014.07,중국,튀르키예,대한민국,regulated_to_importer,0.0,0.0,-0.8451542547285166,2,0.8451542547285166
83,9,OPP필름,392020,2014.08,중국,튀르키예,대한민국,regulated_to_importer,0.0,0.0,-0.8451542547285166,2,0.8451542547285166
84,9,OPP필름,392020,2013.12,태국,스위스,대한민국,regulated_to_intermediary,0.0,0.0,-0.8451542547285166,0,0.8451542547285166
84,9,OPP필름,392020,2014.01,태국,스위스,대한민국,regulated_to_intermediary,0.0,0.0,-0.8451542547285166,0,0.8451542547285166
84,9,OPP필름,392020,2014.02,태국,스위스,대한민국,regulated_to_intermediary,0.0,0.0,-0.8451542547285166,0,0.8451542547285166
84,9,OPP필름,392020,2014.03,태국,스위스,대한민국,regulated_to_intermediary,0.0,0.0,-0.8451542547285166,0,0.8451542547285166
84,9,OPP필름,392020,2014.04,태국,스위스,대한민국,regulated_to_intermediary,0.0,0.0,-0.8451542547285166,0,0.8451542547285166
84,9,OPP필름,392020,2014.05,태국,스위스,대한민국,regulated_to_intermediary,0.0,0.0,-0.8451542547285166,0,0.8451542547285166
84,9,OPP필름,392020,2014.06,태국,스위스,대한민국,regulated_to_intermediary,0.0,0.0,-0.8451542547285166,0,0.8451542547285166
84,9,OPP필름,392020,2014.07,태국,스위스,대한민국,regulated_to_intermediary,0.0,0.0,-0.8451542547285166,0,0.8451542547285166
84,9,OPP필름,392020,2014.08,태국,스위스,대한민국,regulated_to_intermediary,0.0,0.0,-0.8451542547285166,0,0.8451542547285166
84,9,OPP필름,392020,2013.12,태국,스위스,대한민국,regulated_to_importer,164737.0,371566.0,-0.8451542547285166,0,0.8451542547285166
84,9,OPP필름,392020,2014.01,태국,스위스,대한민국,regulated_to_importer,33840.0,76941.61,-0.8451542547285166,0,0.8451542547285166
84,9,OPP필름,392020,2014.02,태국,스위스,대한민국,regulated_to_importer,97498.0,218593.285,-0.8451542547285166,0,0.8451542547285166
84,9,OPP필름,392020,2014.03,태국,스위스,대한민국,regulated_to_importer,290626.0,673277.588,-0.8451542547285166,0,0.8451542547285166
84,9,OPP필름,392020,2014.04,태국,스위스,대한민국,regulated_to_importer,191669.0,435755.887,-0.8451542547285166,0,0.8451542547285166
84,9,OPP필름,392020,2014.05,태국,스위스,대한민국,regulated_to_importer,183669.0,429951.402,-0.8451542547285166,0,0.8451542547285166
84,9,OPP필름,392020,2014.06,태국,스위스,대한민국,regulated_to_importer,160189.0,366739.157,-0.8451542547285166,0,0.8451542547285166
84,9,OPP필름,392020,2014.07,태국,스위스,대한민국,regulated_to_importer,163447.0,359356.873,-0.8451542547285166,0,0.8451542547285166
84,9,OPP필름,392020,2014.08,태국,스위스,대한민국,regulated_to_importer,133614.0,323846.231,-0.8451542547285166,0,0.8451542547285166
85,10,합판(1차재심),4412,2014.09,말레이시아,싱가포르,대한민국,regulated_to_intermediary,0.0,1508947.457,-0.8451542547285166,2,0.8451542547285166
85,10,합판(1차재심),4412,2014.1,말레이시아,싱가포르,대한민국,regulated_to_intermediary,0.0,1489301.052,-0.8451542547285166,2,0.8451542547285166
85,10,합판(1차재심),4412,2014.11,말레이시아,싱가포르,대한민국,regulated_to_intermediary,0.0,1205937.566,-0.8451542547285166,2,0.8451542547285166
85,10,합판(1차재심),4412,2014.12,말레이시아,싱가포르,대한민국,regulated_to_intermediary,0.0,1541925.042,-0.8451542547285166,2,0.8451542547285166
85,10,합판(1차재심),4412,2015.01,말레이시아,싱가포르,대한민국,regulated_to_intermediary,0.0,1178261.497,-0.8451542547285166,2,0.8451542547285166
85,10,합판(1차재심),4412,2015.02,말레이시아,싱가포르,대한민국,regulated_to_intermediary,0.0,655289.239,-0.8451542547285166,2,0.8451542547285166
85,10,합판(1차재심),4412,2015.03,말레이시아,싱가포르,대한민국,regulated_to_intermediary,0.0,1192028.941,-0.8451542547285166,2,0.8451542547285166
85,10,합판(1차재심),4412,2015.04,말레이시아,싱가포르,대한민국,regulated_to_intermediary,0.0,1632616.458,-0.8451542547285166,2,0.8451542547285166
85,10,합판(1차재심),4412,2015.05,말레이시아,싱가포르,대한민국,regulated_to_intermediary,0.0,1643498.555,-0.8451542547285166,2,0.8451542547285166
85,10,합판(1차재심),4412,2014.09,말레이시아,싱가포르,대한민국,regulated_to_importer,0.0,14729113.264,-0.8451542547285166,2,0.8451542547285166
85,10,합판(1차재심),4412,2014.1,말레이시아,싱가포르,대한민국,regulated_to_importer,0.0,8597137.739,-0.8451542547285166,2,0.8451542547285166
85,10,합판(1차재심),4412,2014.11,말레이시아,싱가포르,대한민국,regulated_to_importer,0.0,16213813.54,-0.8451542547285166,2,0.8451542547285166
85,10,합판(1차재심),4412,2014.12,말레이시아,싱가포르,대한민국,regulated_to_importer,0.0,15571208.438,-0.8451542547285166,2,0.8451542547285166
85,10,합판(1차재심),4412,2015.01,말레이시아,싱가포르,대한민국,regulated_to_importer,0.0,10378556.989,-0.8451542547285166,2,0.8451542547285166
85,10,합판(1차재심),4412,2015.02,말레이시아,싱가포르,대한민국,regulated_to_importer,0.0,8378851.218,-0.8451542547285166,2,0.8451542547285166
85,10,합판(1차재심),4412,2015.03,말레이시아,싱가포르,대한민국,regulated_to_importer,0.0,11763214.259,-0.8451542547285166,2,0.8451542547285166
85,10,합판(1차재심),4412,2015.04,말레이시아,싱가포르,대한민국,regulated_to_importer,0.0,10925996.287,-0.8451542547285166,2,0.8451542547285166
85,10,합판(1차재심),4412,2015.05,말레이시아,싱가포르,대한민국,regulated_to_importer,0.0,11396025.628,-0.8451542547285166,2,0.8451542547285166
86,10,합판(1차재심),4412,2014.09,말레이시아,캐나다,대한민국,regulated_to_intermediary,0.0,185041.061,-0.8451542547285166,1,0.8451542547285166
86,10,합판(1차재심),4412,2014.1,말레이시아,캐나다,대한민국,regulated_to_intermediary,0.0,81387.409,-0.8451542547285166,1,0.8451542547285166
86,10,합판(1차재심),4412,2014.11,말레이시아,캐나다,대한민국,regulated_to_intermediary,0.0,74804.307,-0.8451542547285166,1,0.8451542547285166
86,10,합판(1차재심),4412,2014.12,말레이시아,캐나다,대한민국,regulated_to_intermediary,0.0,283541.191,-0.8451542547285166,1,0.8451542547285166
86,10,합판(1차재심),4412,2015.01,말레이시아,캐나다,대한민국,regulated_to_intermediary,0.0,229262.643,-0.8451542547285166,1,0.8451542547285166
86,10,합판(1차재심),4412,2015.02,말레이시아,캐나다,대한민국,regulated_to_intermediary,0.0,109940.385,-0.8451542547285166,1,0.8451542547285166
86,10,합판(1차재심),4412,2015.03,말레이시아,캐나다,대한민국,regulated_to_intermediary,0.0,0.0,-0.8451542547285166,1,0.8451542547285166
86,10,합판(1차재심),4412,2015.04,말레이시아,캐나다,대한민국,regulated_to_intermediary,0.0,285689.727,-0.8451542547285166,1,0.8451542547285166
86,10,합판(1차재심),4412,2015.05,말레이시아,캐나다,대한민국,regulated_to_intermediary,0.0,253276.587,-0.8451542547285166,1,0.8451542547285166
86,10,합판(1차재심),4412,2014.09,말레이시아,캐나다,대한민국,regulated_to_importer,0.0,14729113.264,-0.8451542547285166,1,0.8451542547285166
86,10,합판(1차재심),4412,2014.1,말레이시아,캐나다,대한민국,regulated_to_importer,0.0,8597137.739,-0.8451542547285166,1,0.8451542547285166
86,10,합판(1차재심),4412,2014.11,말레이시아,캐나다,대한민국,regulated_to_importer,0.0,16213813.54,-0.8451542547285166,1,0.8451542547285166
86,10,합판(1차재심),4412,2014.12,말레이시아,캐나다,대한민국,regulated_to_importer,0.0,15571208.438,-0.8451542547285166,1,0.8451542547285166
86,10,합판(1차재심),4412,2015.01,말레이시아,캐나다,대한민국,regulated_to_importer,0.0,10378556.989,-0.8451542547285166,1,0.8451542547285166
86,10,합판(1차재심),4412,2015.02,말레이시아,캐나다,대한민국,regulated_to_importer,0.0,8378851.218,-0.8451542547285166,1,0.8451542547285166
86,10,합판(1차재심),4412,2015.03,말레이시아,캐나다,대한민국,regulated_to_importer,0.0,11763214.259,-0.8451542547285166,1,0.8451542547285166
86,10,합판(1차재심),4412,2015.04,말레이시아,캐나다,대한민국,regulated_to_importer,0.0,10925996.287,-0.8451542547285166,1,0.8451542547285166
86,10,합판(1차재심),4412,2015.05,말레이시아,캐나다,대한민국,regulated_to_importer,0.0,11396025.628,-0.8451542547285166,1,0.8451542547285166
87,14,합판(신규공급자조사),4412,2014.02,중국,인도,대한민국,regulated_to_intermediary,0.0,0.0,-0.8451542547285166,1,0.8451542547285166
87,14,합판(신규공급자조사),4412,2014.03,중국,인도,대한민국,regulated_to_intermediary,0.0,0.0,-0.8451542547285166,1,0.8451542547285166
87,14,합판(신규공급자조사),4412,2014.04,중국,인도,대한민국,regulated_to_intermediary,0.0,0.0,-0.8451542547285166,1,0.8451542547285166
87,14,합판(신규공급자조사),4412,2014.05,중국,인도,대한민국,regulated_to_intermediary,0.0,0.0,-0.8451542547285166,1,0.8451542547285166
87,14,합판(신규공급자조사),4412,2014.06,중국,인도,대한민국,regulated_to_intermediary,0.0,0.0,-0.8451542547285166,1,0.8451542547285166
87,14,합판(신규공급자조사),4412,2014.07,중국,인도,대한민국,regulated_to_intermediary,0.0,0.0,-0.8451542547285166,1,0.8451542547285166
87,14,합판(신규공급자조사),4412,2014.08,중국,인도,대한민국,regulated_to_intermediary,0.0,0.0,-0.8451542547285166,1,0.8451542547285166
87,14,합판(신규공급자조사),4412,2014.09,중국,인도,대한민국,regulated_to_intermediary,0.0,0.0,-0.8451542547285166,1,0.8451542547285166
87,14,합판(신규공급자조사),4412,2014.1,중국,인도,대한민국,regulated_to_intermediary,0.0,0.0,-0.8451542547285166,1,0.8451542547285166
87,14,합판(신규공급자조사),4412,2014.02,중국,인도,대한민국,regulated_to_importer,0.0,0.0,-0.8451542547285166,1,0.8451542547285166
87,14,합판(신규공급자조사),4412,2014.03,중국,인도,대한민국,regulated_to_importer,0.0,0.0,-0.8451542547285166,1,0.8451542547285166
87,14,합판(신규공급자조사),4412,2014.04,중국,인도,대한민국,regulated_to_importer,0.0,0.0,-0.8451542547285166,1,0.8451542547285166
87,14,합판(신규공급자조사),4412,2014.05,중국,인도,대한민국,regulated_to_importer,0.0,0.0,-0.8451542547285166,1,0.8451542547285166
87,14,합판(신규공급자조사),4412,2014.06,중국,인도,대한민국,regulated_to_importer,0.0,0.0,-0.8451542547285166,1,0.8451542547285166
87,14,합판(신규공급자조사),4412,2014.07,중국,인도,대한민국,regulated_to_importer,0.0,0.0,-0.8451542547285166,1,0.8451542547285166
87,14,합판(신규공급자조사),4412,2014.08,중국,인도,대한민국,regulated_to_importer,0.0,0.0,-0.8451542547285166,1,0.8451542547285166
87,14,합판(신규공급자조사),4412,2014.09,중국,인도,대한민국,regulated_to_importer,0.0,0.0,-0.8451542547285166,1,0.8451542547285166
87,14,합판(신규공급자조사),4412,2014.1,중국,인도,대한민국,regulated_to_importer,0.0,0.0,-0.8451542547285166,1,0.8451542547285166
88,15,합판(신규공급자조사),4412,2014.02,중국,인도,대한민국,regulated_to_intermediary,0.0,0.0,-0.8451542547285166,1,0.8451542547285166
88,15,합판(신규공급자조사),4412,2014.03,중국,인도,대한민국,regulated_to_intermediary,0.0,0.0,-0.8451542547285166,1,0.8451542547285166
88,15,합판(신규공급자조사),4412,2014.04,중국,인도,대한민국,regulated_to_intermediary,0.0,0.0,-0.8451542547285166,1,0.8451542547285166
88,15,합판(신규공급자조사),4412,2014.05,중국,인도,대한민국,regulated_to_intermediary,0.0,0.0,-0.8451542547285166,1,0.8451542547285166
88,15,합판(신규공급자조사),4412,2014.06,중국,인도,대한민국,regulated_to_intermediary,0.0,0.0,-0.8451542547285166,1,0.8451542547285166
88,15,합판(신규공급자조사),4412,2014.07,중국,인도,대한민국,regulated_to_intermediary,0.0,0.0,-0.8451542547285166,1,0.8451542547285166
88,15,합판(신규공급자조사),4412,2014.08,중국,인도,대한민국,regulated_to_intermediary,0.0,0.0,-0.8451542547285166,1,0.8451542547285166
88,15,합판(신규공급자조사),4412,2014.09,중국,인도,대한민국,regulated_to_intermediary,0.0,0.0,-0.8451542547285166,1,0.8451542547285166
88,15,합판(신규공급자조사),4412,2014.1,중국,인도,대한민국,regulated_to_intermediary,0.0,0.0,-0.8451542547285166,1,0.8451542547285166
88,15,합판(신규공급자조사),4412,2014.02,중국,인도,대한민국,regulated_to_importer,0.0,0.0,-0.8451542547285166,1,0.8451542547285166
88,15,합판(신규공급자조사),4412,2014.03,중국,인도,대한민국,regulated_to_importer,0.0,0.0,-0.8451542547285166,1,0.8451542547285166
88,15,합판(신규공급자조사),4412,2014.04,중국,인도,대한민국,regulated_to_importer,0.0,0.0,-0.8451542547285166,1,0.8451542547285166
88,15,합판(신규공급자조사),4412,2014.05,중국,인도,대한민국,regulated_to_importer,0.0,0.0,-0.8451542547285166,1,0.8451542547285166
88,15,합판(신규공급자조사),4412,2014.06,중국,인도,대한민국,regulated_to_importer,0.0,0.0,-0.8451542547285166,1,0.8451542547285166
88,15,합판(신규공급자조사),4412,2014.07,중국,인도,대한민국,regulated_to_importer,0.0,0.0,-0.8451542547285166,1,0.8451542547285166
88,15,합판(신규공급자조사),4412,2014.08,중국,인도,대한민국,regulated_to_importer,0.0,0.0,-0.8451542547285166,1,0.8451542547285166
88,15,합판(신규공급자조사),4412,2014.09,중국,인도,대한민국,regulated_to_importer,0.0,0.0,-0.8451542547285166,1,0.8451542547285166
88,15,합판(신규공급자조사),4412,2014.1,중국,인도,대한민국,regulated_to_importer,0.0,0.0,-0.8451542547285166,1,0.8451542547285166
89,16,합판(신규공급자조사),4412,2014.02,중국,인도,대한민국,regulated_to_intermediary,0.0,0.0,-0.8451542547285166,1,0.8451542547285166
89,16,합판(신규공급자조사),4412,2014.03,중국,인도,대한민국,regulated_to_intermediary,0.0,0.0,-0.8451542547285166,1,0.8451542547285166
89,16,합판(신규공급자조사),4412,2014.04,중국,인도,대한민국,regulated_to_intermediary,0.0,0.0,-0.8451542547285166,1,0.8451542547285166
89,16,합판(신규공급자조사),4412,2014.05,중국,인도,대한민국,regulated_to_intermediary,0.0,0.0,-0.8451542547285166,1,0.8451542547285166
89,16,합판(신규공급자조사),4412,2014.06,중국,인도,대한민국,regulated_to_intermediary,0.0,0.0,-0.8451542547285166,1,0.8451542547285166
89,16,합판(신규공급자조사),4412,2014.07,중국,인도,대한민국,regulated_to_intermediary,0.0,0.0,-0.8451542547285166,1,0.8451542547285166
89,16,합판(신규공급자조사),4412,2014.08,중국,인도,대한민국,regulated_to_intermediary,0.0,0.0,-0.8451542547285166,1,0.8451542547285166
89,16,합판(신규공급자조사),4412,2014.09,중국,인도,대한민국,regulated_to_intermediary,0.0,0.0,-0.8451542547285166,1,0.8451542547285166
89,16,합판(신규공급자조사),4412,2014.1,중국,인도,대한민국,regulated_to_intermediary,0.0,0.0,-0.8451542547285166,1,0.8451542547285166
89,16,합판(신규공급자조사),4412,2014.02,중국,인도,대한민국,regulated_to_importer,0.0,0.0,-0.8451542547285166,1,0.8451542547285166
89,16,합판(신규공급자조사),4412,2014.03,중국,인도,대한민국,regulated_to_importer,0.0,0.0,-0.8451542547285166,1,0.8451542547285166
89,16,합판(신규공급자조사),4412,2014.04,중국,인도,대한민국,regulated_to_importer,0.0,0.0,-0.8451542547285166,1,0.8451542547285166
89,16,합판(신규공급자조사),4412,2014.05,중국,인도,대한민국,regulated_to_importer,0.0,0.0,-0.8451542547285166,1,0.8451542547285166
89,16,합판(신규공급자조사),4412,2014.06,중국,인도,대한민국,regulated_to_importer,0.0,0.0,-0.8451542547285166,1,0.8451542547285166
89,16,합판(신규공급자조사),4412,2014.07,중국,인도,대한민국,regulated_to_importer,0.0,0.0,-0.8451542547285166,1,0.8451542547285166
89,16,합판(신규공급자조사),4412,2014.08,중국,인도,대한민국,regulated_to_importer,0.0,0.0,-0.8451542547285166,1,0.8451542547285166
89,16,합판(신규공급자조사),4412,2014.09,중국,인도,대한민국,regulated_to_importer,0.0,0.0,-0.8451542547285166,1,0.8451542547285166
89,16,합판(신규공급자조사),4412,2014.1,중국,인도,대한민국,regulated_to_importer,0.0,0.0,-0.8451542547285166,1,0.8451542547285166
90,29,초산에틸(3차재심),291531,2019.07,일본,영국,대한민국,regulated_to_intermediary,0.0,0.0,-0.8451542547285166,3,0.8451542547285166
90,29,초산에틸(3차재심),291531,2019.08,일본,영국,대한민국,regulated_to_intermediary,0.0,0.0,-0.8451542547285166,3,0.8451542547285166
90,29,초산에틸(3차재심),291531,2019.09,일본,영국,대한민국,regulated_to_intermediary,0.0,0.0,-0.8451542547285166,3,0.8451542547285166
90,29,초산에틸(3차재심),291531,2019.1,일본,영국,대한민국,regulated_to_intermediary,0.0,0.0,-0.8451542547285166,3,0.8451542547285166
90,29,초산에틸(3차재심),291531,2019.11,일본,영국,대한민국,regulated_to_intermediary,0.0,0.0,-0.8451542547285166,3,0.8451542547285166
90,29,초산에틸(3차재심),291531,2019.12,일본,영국,대한민국,regulated_to_intermediary,0.0,0.0,-0.8451542547285166,3,0.8451542547285166
90,29,초산에틸(3차재심),291531,2020.01,일본,영국,대한민국,regulated_to_intermediary,0.0,0.0,-0.8451542547285166,3,0.8451542547285166
90,29,초산에틸(3차재심),291531,2020.02,일본,영국,대한민국,regulated_to_intermediary,0.0,0.0,-0.8451542547285166,3,0.8451542547285166
90,29,초산에틸(3차재심),291531,2020.03,일본,영국,대한민국,regulated_to_intermediary,0.0,0.0,-0.8451542547285166,3,0.8451542547285166
90,29,초산에틸(3차재심),291531,2019.07,일본,영국,대한민국,regulated_to_importer,0.0,0.0,-0.8451542547285166,3,0.8451542547285166
90,29,초산에틸(3차재심),291531,2019.08,일본,영국,대한민국,regulated_to_importer,0.0,0.0,-0.8451542547285166,3,0.8451542547285166
90,29,초산에틸(3차재심),291531,2019.09,일본,영국,대한민국,regulated_to_importer,0.0,0.0,-0.8451542547285166,3,0.8451542547285166
90,29,초산에틸(3차재심),291531,2019.1,일본,영국,대한민국,regulated_to_importer,0.0,0.0,-0.8451542547285166,3,0.8451542547285166
90,29,초산에틸(3차재심),291531,2019.11,일본,영국,대한민국,regulated_to_importer,0.0,0.0,-0.8451542547285166,3,0.8451542547285166
90,29,초산에틸(3차재심),291531,2019.12,일본,영국,대한민국,regulated_to_importer,0.0,0.0,-0.8451542547285166,3,0.8451542547285166
90,29,초산에틸(3차재심),291531,2020.01,일본,영국,대한민국,regulated_to_importer,0.0,0.0,-0.8451542547285166,3,0.8451542547285166
90,29,초산에틸(3차재심),291531,2020.02,일본,영국,대한민국,regulated_to_importer,0.0,0.0,-0.8451542547285166,3,0.8451542547285166
90,29,초산에틸(3차재심),291531,2020.03,일본,영국,대한민국,regulated_to_importer,0.0,0.0,-0.8451542547285166,3,0.8451542547285166
91,29,초산에틸(3차재심),291531,2019.07,중국,남아프리카공화국,대한민국,regulated_to_intermediary,0.0,0.0,-0.8451542547285166,3,0.8451542547285166
91,29,초산에틸(3차재심),291531,2019.08,중국,남아프리카공화국,대한민국,regulated_to_intermediary,0.0,0.0,-0.8451542547285166,3,0.8451542547285166
91,29,초산에틸(3차재심),291531,2019.09,중국,남아프리카공화국,대한민국,regulated_to_intermediary,16000.0,14430.0,-0.8451542547285166,3,0.8451542547285166
91,29,초산에틸(3차재심),291531,2019.1,중국,남아프리카공화국,대한민국,regulated_to_intermediary,0.0,0.0,-0.8451542547285166,3,0.8451542547285166
91,29,초산에틸(3차재심),291531,2019.11,중국,남아프리카공화국,대한민국,regulated_to_intermediary,0.0,0.0,-0.8451542547285166,3,0.8451542547285166
91,29,초산에틸(3차재심),291531,2019.12,중국,남아프리카공화국,대한민국,regulated_to_intermediary,0.0,0.0,-0.8451542547285166,3,0.8451542547285166
91,29,초산에틸(3차재심),291531,2020.01,중국,남아프리카공화국,대한민국,regulated_to_intermediary,0.0,0.0,-0.8451542547285166,3,0.8451542547285166
91,29,초산에틸(3차재심),291531,2020.02,중국,남아프리카공화국,대한민국,regulated_to_intermediary,0.0,0.0,-0.8451542547285166,3,0.8451542547285166
91,29,초산에틸(3차재심),291531,2020.03,중국,남아프리카공화국,대한민국,regulated_to_intermediary,0.0,0.0,-0.8451542547285166,3,0.8451542547285166
91,29,초산에틸(3차재심),291531,2019.07,중국,남아프리카공화국,대한민국,regulated_to_importer,0.0,0.0,-0.8451542547285166,3,0.8451542547285166
91,29,초산에틸(3차재심),291531,2019.08,중국,남아프리카공화국,대한민국,regulated_to_importer,4014120.0,2643392.0,-0.8451542547285166,3,0.8451542547285166
91,29,초산에틸(3차재심),291531,2019.09,중국,남아프리카공화국,대한민국,regulated_to_importer,1999440.0,1393610.0,-0.8451542547285166,3,0.8451542547285166
91,29,초산에틸(3차재심),291531,2019.1,중국,남아프리카공화국,대한민국,regulated_to_importer,0.0,0.0,-0.8451542547285166,3,0.8451542547285166
91,29,초산에틸(3차재심),291531,2019.11,중국,남아프리카공화국,대한민국,regulated_to_importer,3010650.0,2261640.0,-0.8451542547285166,3,0.8451542547285166
91,29,초산에틸(3차재심),291531,2019.12,중국,남아프리카공화국,대한민국,regulated_to_importer,2996990.0,2157795.0,-0.8451542547285166,3,0.8451542547285166
91,29,초산에틸(3차재심),291531,2020.01,중국,남아프리카공화국,대한민국,regulated_to_importer,0.0,0.0,-0.8451542547285166,3,0.8451542547285166
91,29,초산에틸(3차재심),291531,2020.02,중국,남아프리카공화국,대한민국,regulated_to_importer,3008600.0,2134002.0,-0.8451542547285166,3,0.8451542547285166
91,29,초산에틸(3차재심),291531,2020.03,중국,남아프리카공화국,대한민국,regulated_to_importer,1999440.0,1483584.0,-0.8451542547285166,3,0.8451542547285166
92,32,PET필름(3차재심),392062,2019.09,인도,아랍에미리트 연합,대한민국,regulated_to_intermediary,728735.0,1196161.936,-0.8451542547285166,1,0.8451542547285166
92,32,PET필름(3차재심),392062,2019.1,인도,아랍에미리트 연합,대한민국,regulated_to_intermediary,311476.0,499203.99,-0.8451542547285166,1,0.8451542547285166
92,32,PET필름(3차재심),392062,2019.11,인도,아랍에미리트 연합,대한민국,regulated_to_intermediary,900696.0,1512953.961,-0.8451542547285166,1,0.8451542547285166
92,32,PET필름(3차재심),392062,2019.12,인도,아랍에미리트 연합,대한민국,regulated_to_intermediary,668725.0,1077937.458,-0.8451542547285166,1,0.8451542547285166
92,32,PET필름(3차재심),392062,2020.01,인도,아랍에미리트 연합,대한민국,regulated_to_intermediary,1208857.0,1897863.738,-0.8451542547285166,1,0.8451542547285166
92,32,PET필름(3차재심),392062,2020.02,인도,아랍에미리트 연합,대한민국,regulated_to_intermediary,147052.0,390735.426,-0.8451542547285166,1,0.8451542547285166
92,32,PET필름(3차재심),392062,2020.03,인도,아랍에미리트 연합,대한민국,regulated_to_intermediary,153623.0,344796.868,-0.8451542547285166,1,0.8451542547285166
92,32,PET필름(3차재심),392062,2020.04,인도,아랍에미리트 연합,대한민국,regulated_to_intermediary,889780.0,1360637.87,-0.8451542547285166,1,0.8451542547285166
92,32,PET필름(3차재심),392062,2020.05,인도,아랍에미리트 연합,대한민국,regulated_to_intermediary,655524.0,1115628.71,-0.8451542547285166,1,0.8451542547285166
92,32,PET필름(3차재심),392062,2019.09,인도,아랍에미리트 연합,대한민국,regulated_to_importer,56189.0,104322.986,-0.8451542547285166,1,0.8451542547285166
92,32,PET필름(3차재심),392062,2019.1,인도,아랍에미리트 연합,대한민국,regulated_to_importer,89208.0,199721.816,-0.8451542547285166,1,0.8451542547285166
92,32,PET필름(3차재심),392062,2019.11,인도,아랍에미리트 연합,대한민국,regulated_to_importer,169947.0,323783.835,-0.8451542547285166,1,0.8451542547285166
92,32,PET필름(3차재심),392062,2019.12,인도,아랍에미리트 연합,대한민국,regulated_to_importer,133902.0,337984.932,-0.8451542547285166,1,0.8451542547285166
92,32,PET필름(3차재심),392062,2020.01,인도,아랍에미리트 연합,대한민국,regulated_to_importer,45606.0,88782.852,-0.8451542547285166,1,0.8451542547285166
92,32,PET필름(3차재심),392062,2020.02,인도,아랍에미리트 연합,대한민국,regulated_to_importer,55019.0,114535.559,-0.8451542547285166,1,0.8451542547285166
92,32,PET필름(3차재심),392062,2020.03,인도,아랍에미리트 연합,대한민국,regulated_to_importer,30387.0,99020.402,-0.8451542547285166,1,0.8451542547285166
92,32,PET필름(3차재심),392062,2020.04,인도,아랍에미리트 연합,대한민국,regulated_to_importer,92905.0,233382.078,-0.8451542547285166,1,0.8451542547285166
92,32,PET필름(3차재심),392062,2020.05,인도,아랍에미리트 연합,대한민국,regulated_to_importer,67241.0,153002.847,-0.8451542547285166,1,0.8451542547285166
93,36,합판,4412,2020.11,베트남,라오스,대한민국,regulated_to_intermediary,85828.753,107163.01,-0.8451542547285166,3,0.8451542547285166
93,36,합판,4412,2020.12,베트남,라오스,대한민국,regulated_to_intermediary,135370.147,166067.708,-0.8451542547285166,3,0.8451542547285166
93,36,합판,4412,2021.01,베트남,라오스,대한민국,regulated_to_intermediary,50708.455,80344.248,-0.8451542547285166,3,0.8451542547285166
93,36,합판,4412,2021.02,베트남,라오스,대한민국,regulated_to_intermediary,58010.829,93661.534,-0.8451542547285166,3,0.8451542547285166
93,36,합판,4412,2021.03,베트남,라오스,대한민국,regulated_to_intermediary,94750.2,150922.14,-0.8451542547285166,3,0.8451542547285166
93,36,합판,4412,2021.04,베트남,라오스,대한민국,regulated_to_intermediary,56708.005,91399.76,-0.8451542547285166,3,0.8451542547285166
93,36,합판,4412,2021.05,베트남,라오스,대한민국,regulated_to_intermediary,73435.302,115226.099,-0.8451542547285166,3,0.8451542547285166
93,36,합판,4412,2021.06,베트남,라오스,대한민국,regulated_to_intermediary,46348.691,73132.003,-0.8451542547285166,3,0.8451542547285166
93,36,합판,4412,2021.07,베트남,라오스,대한민국,regulated_to_intermediary,63246.793,99664.675,-0.8451542547285166,3,0.8451542547285166
93,36,합판,4412,2020.11,베트남,라오스,대한민국,regulated_to_importer,13505268.107,15316015.604,-0.8451542547285166,3,0.8451542547285166
93,36,합판,4412,2020.12,베트남,라오스,대한민국,regulated_to_importer,23056690.996,27510001.5,-0.8451542547285166,3,0.8451542547285166
93,36,합판,4412,2021.01,베트남,라오스,대한민국,regulated_to_importer,25458123.178,28962167.521,-0.8451542547285166,3,0.8451542547285166
93,36,합판,4412,2021.02,베트남,라오스,대한민국,regulated_to_importer,11912669.68,13692870.176,-0.8451542547285166,3,0.8451542547285166
93,36,합판,4412,2021.03,베트남,라오스,대한민국,regulated_to_importer,18047862.413,20976511.173,-0.8451542547285166,3,0.8451542547285166
93,36,합판,4412,2021.04,베트남,라오스,대한민국,regulated_to_importer,16384830.967,19604240.007,-0.8451542547285166,3,0.8451542547285166
93,36,합판,4412,2021.05,베트남,라오스,대한민국,regulated_to_importer,16731388.237,19762615.652,-0.8451542547285166,3,0.8451542547285166
93,36,합판,4412,2021.06,베트남,라오스,대한민국,regulated_to_importer,17903009.734,21350851.69,-0.8451542547285166,3,0.8451542547285166
93,36,합판,4412,2021.07,베트남,라오스,대한민국,regulated_to_importer,21672706.161,25731390.29,-0.8451542547285166,3,0.8451542547285166
94,37,스테인리스스틸바,7222,2021.01,인도,아일랜드,대한민국,regulated_to_intermediary,43490.0,108829.664,-0.8451542547285166,3,0.8451542547285166
94,37,스테인리스스틸바,7222,2021.02,인도,아일랜드,대한민국,regulated_to_intermediary,24000.0,60990.046,-0.8451542547285166,3,0.8451542547285166
94,37,스테인리스스틸바,7222,2021.03,인도,아일랜드,대한민국,regulated_to_intermediary,95960.0,252394.08,-0.8451542547285166,3,0.8451542547285166
94,37,스테인리스스틸바,7222,2021.04,인도,아일랜드,대한민국,regulated_to_intermediary,0.0,0.0,-0.8451542547285166,3,0.8451542547285166
94,37,스테인리스스틸바,7222,2021.05,인도,아일랜드,대한민국,regulated_to_intermediary,25274.0,69784.721,-0.8451542547285166,3,0.8451542547285166
94,37,스테인리스스틸바,7222,2021.06,인도,아일랜드,대한민국,regulated_to_intermediary,67412.0,179193.779,-0.8451542547285166,3,0.8451542547285166
94,37,스테인리스스틸바,7222,2021.07,인도,아일랜드,대한민국,regulated_to_intermediary,27217.0,84302.757,-0.8451542547285166,3,0.8451542547285166
94,37,스테인리스스틸바,7222,2021.08,인도,아일랜드,대한민국,regulated_to_intermediary,74740.0,221169.941,-0.8451542547285166,3,0.8451542547285166
94,37,스테인리스스틸바,7222,2021.09,인도,아일랜드,대한민국,regulated_to_intermediary,48198.0,150692.062,-0.8451542547285166,3,0.8451542547285166
94,37,스테인리스스틸바,7222,2021.01,인도,아일랜드,대한민국,regulated_to_importer,835086.0,1940024.928,-0.8451542547285166,3,0.8451542547285166
94,37,스테인리스스틸바,7222,2021.02,인도,아일랜드,대한민국,regulated_to_importer,1122300.0,2761715.606,-0.8451542547285166,3,0.8451542547285166
94,37,스테인리스스틸바,7222,2021.03,인도,아일랜드,대한민국,regulated_to_importer,1542140.0,4220924.862,-0.8451542547285166,3,0.8451542547285166
94,37,스테인리스스틸바,7222,2021.04,인도,아일랜드,대한민국,regulated_to_importer,1151328.0,3265821.393,-0.8451542547285166,3,0.8451542547285166
94,37,스테인리스스틸바,7222,2021.05,인도,아일랜드,대한민국,regulated_to_importer,1364358.0,4023610.751,-0.8451542547285166,3,0.8451542547285166
94,37,스테인리스스틸바,7222,2021.06,인도,아일랜드,대한민국,regulated_to_importer,1825371.0,5196294.874,-0.8451542547285166,3,0.8451542547285166
94,37,스테인리스스틸바,7222,2021.07,인도,아일랜드,대한민국,regulated_to_importer,1366513.0,4214831.442,-0.8451542547285166,3,0.8451542547285166
94,37,스테인리스스틸바,7222,2021.08,인도,아일랜드,대한민국,regulated_to_importer,1563479.0,4984740.316,-0.8451542547285166,3,0.8451542547285166
94,37,스테인리스스틸바,7222,2021.09,인도,아일랜드,대한민국,regulated_to_importer,1282115.0,4212802.413,-0.8451542547285166,3,0.8451542547285166
95,39,PET필름,392062,2021.12,대만,룩셈부르그,대한민국,regulated_to_intermediary,0.0,0.0,-0.8451542547285166,2,0.8451542547285166
95,39,PET필름,392062,2022.01,대만,룩셈부르그,대한민국,regulated_to_intermediary,0.0,0.0,-0.8451542547285166,2,0.8451542547285166
95,39,PET필름,392062,2022.02,대만,룩셈부르그,대한민국,regulated_to_intermediary,0.0,0.0,-0.8451542547285166,2,0.8451542547285166
95,39,PET필름,392062,2022.03,대만,룩셈부르그,대한민국,regulated_to_intermediary,0.0,0.0,-0.8451542547285166,2,0.8451542547285166
95,39,PET필름,392062,2022.04,대만,룩셈부르그,대한민국,regulated_to_intermediary,0.0,0.0,-0.8451542547285166,2,0.8451542547285166
95,39,PET필름,392062,2022.05,대만,룩셈부르그,대한민국,regulated_to_intermediary,0.0,0.0,-0.8451542547285166,2,0.8451542547285166
95,39,PET필름,392062,2022.06,대만,룩셈부르그,대한민국,regulated_to_intermediary,0.0,0.0,-0.8451542547285166,2,0.8451542547285166
95,39,PET필름,392062,2022.07,대만,룩셈부르그,대한민국,regulated_to_intermediary,0.0,0.0,-0.8451542547285166,2,0.8451542547285166
95,39,PET필름,392062,2022.08,대만,룩셈부르그,대한민국,regulated_to_intermediary,0.0,0.0,-0.8451542547285166,2,0.8451542547285166
95,39,PET필름,392062,2021.12,대만,룩셈부르그,대한민국,regulated_to_importer,0.0,0.0,-0.8451542547285166,2,0.8451542547285166
95,39,PET필름,392062,2022.01,대만,룩셈부르그,대한민국,regulated_to_importer,0.0,0.0,-0.8451542547285166,2,0.8451542547285166
95,39,PET필름,392062,2022.02,대만,룩셈부르그,대한민국,regulated_to_importer,0.0,0.0,-0.8451542547285166,2,0.8451542547285166
95,39,PET필름,392062,2022.03,대만,룩셈부르그,대한민국,regulated_to_importer,0.0,0.0,-0.8451542547285166,2,0.8451542547285166
95,39,PET필름,392062,2022.04,대만,룩셈부르그,대한민국,regulated_to_importer,0.0,0.0,-0.8451542547285166,2,0.8451542547285166
95,39,PET필름,392062,2022.05,대만,룩셈부르그,대한민국,regulated_to_importer,0.0,0.0,-0.8451542547285166,2,0.8451542547285166
95,39,PET필름,392062,2022.06,대만,룩셈부르그,대한민국,regulated_to_importer,0.0,0.0,-0.8451542547285166,2,0.8451542547285166
95,39,PET필름,392062,2022.07,대만,룩셈부르그,대한민국,regulated_to_importer,0.0,0.0,-0.8451542547285166,2,0.8451542547285166
95,39,PET필름,392062,2022.08,대만,룩셈부르그,대한민국,regulated_to_importer,0.0,0.0,-0.8451542547285166,2,0.8451542547285166
96,39,PET필름,392062,2021.12,대만,튀르키예,대한민국,regulated_to_intermediary,0.0,0.0,-0.8451542547285166,1,0.8451542547285166
96,39,PET필름,392062,2022.01,대만,튀르키예,대한민국,regulated_to_intermediary,0.0,0.0,-0.8451542547285166,1,0.8451542547285166
96,39,PET필름,392062,2022.02,대만,튀르키예,대한민국,regulated_to_intermediary,0.0,0.0,-0.8451542547285166,1,0.8451542547285166
96,39,PET필름,392062,2022.03,대만,튀르키예,대한민국,regulated_to_intermediary,0.0,0.0,-0.8451542547285166,1,0.8451542547285166
96,39,PET필름,392062,2022.04,대만,튀르키예,대한민국,regulated_to_intermediary,0.0,0.0,-0.8451542547285166,1,0.8451542547285166
96,39,PET필름,392062,2022.05,대만,튀르키예,대한민국,regulated_to_intermediary,0.0,0.0,-0.8451542547285166,1,0.8451542547285166
96,39,PET필름,392062,2022.06,대만,튀르키예,대한민국,regulated_to_intermediary,0.0,0.0,-0.8451542547285166,1,0.8451542547285166
96,39,PET필름,392062,2022.07,대만,튀르키예,대한민국,regulated_to_intermediary,0.0,0.0,-0.8451542547285166,1,0.8451542547285166
96,39,PET필름,392062,2022.08,대만,튀르키예,대한민국,regulated_to_intermediary,0.0,0.0,-0.8451542547285166,1,0.8451542547285166
96,39,PET필름,392062,2021.12,대만,튀르키예,대한민국,regulated_to_importer,0.0,0.0,-0.8451542547285166,1,0.8451542547285166
96,39,PET필름,392062,2022.01,대만,튀르키예,대한민국,regulated_to_importer,0.0,0.0,-0.8451542547285166,1,0.8451542547285166
96,39,PET필름,392062,2022.02,대만,튀르키예,대한민국,regulated_to_importer,0.0,0.0,-0.8451542547285166,1,0.8451542547285166
96,39,PET필름,392062,2022.03,대만,튀르키예,대한민국,regulated_to_importer,0.0,0.0,-0.8451542547285166,1,0.8451542547285166
96,39,PET필름,392062,2022.04,대만,튀르키예,대한민국,regulated_to_importer,0.0,0.0,-0.8451542547285166,1,0.8451542547285166
96,39,PET필름,392062,2022.05,대만,튀르키예,대한민국,regulated_to_importer,0.0,0.0,-0.8451542547285166,1,0.8451542547285166
96,39,PET필름,392062,2022.06,대만,튀르키예,대한민국,regulated_to_importer,0.0,0.0,-0.8451542547285166,1,0.8451542547285166
96,39,PET필름,392062,2022.07,대만,튀르키예,대한민국,regulated_to_importer,0.0,0.0,-0.8451542547285166,1,0.8451542547285166
96,39,PET필름,392062,2022.08,대만,튀르키예,대한민국,regulated_to_importer,0.0,0.0,-0.8451542547285166,1,0.8451542547285166
97,39,PET필름,392062,2021.12,태국,룩셈부르그,대한민국,regulated_to_intermediary,0.0,0.0,-0.8451542547285166,2,0.8451542547285166
97,39,PET필름,392062,2022.01,태국,룩셈부르그,대한민국,regulated_to_intermediary,0.0,0.0,-0.8451542547285166,2,0.8451542547285166
97,39,PET필름,392062,2022.02,태국,룩셈부르그,대한민국,regulated_to_intermediary,0.0,0.0,-0.8451542547285166,2,0.8451542547285166
97,39,PET필름,392062,2022.03,태국,룩셈부르그,대한민국,regulated_to_intermediary,0.0,0.0,-0.8451542547285166,2,0.8451542547285166
97,39,PET필름,392062,2022.04,태국,룩셈부르그,대한민국,regulated_to_intermediary,0.0,0.0,-0.8451542547285166,2,0.8451542547285166
97,39,PET필름,392062,2022.05,태국,룩셈부르그,대한민국,regulated_to_intermediary,0.0,0.0,-0.8451542547285166,2,0.8451542547285166
97,39,PET필름,392062,2022.06,태국,룩셈부르그,대한민국,regulated_to_intermediary,0.0,0.0,-0.8451542547285166,2,0.8451542547285166
97,39,PET필름,392062,2022.07,태국,룩셈부르그,대한민국,regulated_to_intermediary,0.0,0.0,-0.8451542547285166,2,0.8451542547285166
97,39,PET필름,392062,2022.08,태국,룩셈부르그,대한민국,regulated_to_intermediary,0.0,0.0,-0.8451542547285166,2,0.8451542547285166
97,39,PET필름,392062,2021.12,태국,룩셈부르그,대한민국,regulated_to_importer,14597060.0,27940291.212,-0.8451542547285166,2,0.8451542547285166
97,39,PET필름,392062,2022.01,태국,룩셈부르그,대한민국,regulated_to_importer,17201992.0,32363092.428,-0.8451542547285166,2,0.8451542547285166
97,39,PET필름,392062,2022.02,태국,룩셈부르그,대한민국,regulated_to_importer,12313412.0,23284244.889,-0.8451542547285166,2,0.8451542547285166
97,39,PET필름,392062,2022.03,태국,룩셈부르그,대한민국,regulated_to_importer,17341100.0,33409399.912,-0.8451542547285166,2,0.8451542547285166
97,39,PET필름,392062,2022.04,태국,룩셈부르그,대한민국,regulated_to_importer,17702828.0,33907017.158,-0.8451542547285166,2,0.8451542547285166
97,39,PET필름,392062,2022.05,태국,룩셈부르그,대한민국,regulated_to_importer,14403888.0,27917543.008,-0.8451542547285166,2,0.8451542547285166
97,39,PET필름,392062,2022.06,태국,룩셈부르그,대한민국,regulated_to_importer,18428888.0,33494498.843,-0.8451542547285166,2,0.8451542547285166
97,39,PET필름,392062,2022.07,태국,룩셈부르그,대한민국,regulated_to_importer,9154208.0,16732222.504,-0.8451542547285166,2,0.8451542547285166
97,39,PET필름,392062,2022.08,태국,룩셈부르그,대한민국,regulated_to_importer,11392068.0,20146646.436,-0.8451542547285166,2,0.8451542547285166
98,39,PET필름,392062,2021.12,태국,튀르키예,대한민국,regulated_to_intermediary,18324.0,23172.352,-0.8451542547285166,1,0.8451542547285166
98,39,PET필름,392062,2022.01,태국,튀르키예,대한민국,regulated_to_intermediary,0.0,0.0,-0.8451542547285166,1,0.8451542547285166
98,39,PET필름,392062,2022.02,태국,튀르키예,대한민국,regulated_to_intermediary,95144.0,179510.852,-0.8451542547285166,1,0.8451542547285166
98,39,PET필름,392062,2022.03,태국,튀르키예,대한민국,regulated_to_intermediary,30952.0,109124.428,-0.8451542547285166,1,0.8451542547285166
98,39,PET필름,392062,2022.04,태국,튀르키예,대한민국,regulated_to_intermediary,22992.0,63760.018,-0.8451542547285166,1,0.8451542547285166
98,39,PET필름,392062,2022.05,태국,튀르키예,대한민국,regulated_to_intermediary,246616.0,601205.624,-0.8451542547285166,1,0.8451542547285166
98,39,PET필름,392062,2022.06,태국,튀르키예,대한민국,regulated_to_intermediary,246592.0,584200.088,-0.8451542547285166,1,0.8451542547285166
98,39,PET필름,392062,2022.07,태국,튀르키예,대한민국,regulated_to_intermediary,0.0,0.0,-0.8451542547285166,1,0.8451542547285166
98,39,PET필름,392062,2022.08,태국,튀르키예,대한민국,regulated_to_intermediary,0.0,0.0,-0.8451542547285166,1,0.8451542547285166
98,39,PET필름,392062,2021.12,태국,튀르키예,대한민국,regulated_to_importer,14597060.0,27940291.212,-0.8451542547285166,1,0.8451542547285166
98,39,PET필름,392062,2022.01,태국,튀르키예,대한민국,regulated_to_importer,17201992.0,32363092.428,-0.8451542547285166,1,0.8451542547285166
98,39,PET필름,392062,2022.02,태국,튀르키예,대한민국,regulated_to_importer,12313412.0,23284244.889,-0.8451542547285166,1,0.8451542547285166
98,39,PET필름,392062,2022.03,태국,튀르키예,대한민국,regulated_to_importer,17341100.0,33409399.912,-0.8451542547285166,1,0.8451542547285166
98,39,PET필름,392062,2022.04,태국,튀르키예,대한민국,regulated_to_importer,17702828.0,33907017.158,-0.8451542547285166,1,0.8451542547285166
98,39,PET필름,392062,2022.05,태국,튀르키예,대한민국,regulated_to_importer,14403888.0,27917543.008,-0.8451542547285166,1,0.8451542547285166
98,39,PET필름,392062,2022.06,태국,튀르키예,대한민국,regulated_to_importer,18428888.0,33494498.843,-0.8451542547285166,1,0.8451542547285166
98,39,PET필름,392062,2022.07,태국,튀르키예,대한민국,regulated_to_importer,9154208.0,16732222.504,-0.8451542547285166,1,0.8451542547285166
98,39,PET필름,392062,2022.08,태국,튀르키예,대한민국,regulated_to_importer,11392068.0,20146646.436,-0.8451542547285166,1,0.8451542547285166
99,48,도공(coated) 인쇄용지,4810,2024.03,중국,벨기에,대한민국,regulated_to_intermediary,119247.0,99456.0,-0.8451542547285166,0,0.8451542547285166
99,48,도공(coated) 인쇄용지,4810,2024.04,중국,벨기에,대한민국,regulated_to_intermediary,168009.0,154501.0,-0.8451542547285166,0,0.8451542547285166
99,48,도공(coated) 인쇄용지,4810,2024.05,중국,벨기에,대한민국,regulated_to_intermediary,23837.0,24797.0,-0.8451542547285166,0,0.8451542547285166
99,48,도공(coated) 인쇄용지,4810,2024.06,중국,벨기에,대한민국,regulated_to_intermediary,49039.0,50655.0,-0.8451542547285166,0,0.8451542547285166
99,48,도공(coated) 인쇄용지,4810,2024.07,중국,벨기에,대한민국,regulated_to_intermediary,22706.0,23393.0,-0.8451542547285166,0,0.8451542547285166
99,48,도공(coated) 인쇄용지,4810,2024.08,중국,벨기에,대한민국,regulated_to_intermediary,496038.0,471804.0,-0.8451542547285166,0,0.8451542547285166
99,48,도공(coated) 인쇄용지,4810,2024.09,중국,벨기에,대한민국,regulated_to_intermediary,378977.0,312658.0,-0.8451542547285166,0,0.8451542547285166
99,48,도공(coated) 인쇄용지,4810,2024.1,중국,벨기에,대한민국,regulated_to_intermediary,158615.0,158105.0,-0.8451542547285166,0,0.8451542547285166
99,48,도공(coated) 인쇄용지,4810,2024.11,중국,벨기에,대한민국,regulated_to_intermediary,0.0,0.0,-0.8451542547285166,0,0.8451542547285166
99,48,도공(coated) 인쇄용지,4810,2024.03,중국,벨기에,대한민국,regulated_to_importer,6911651.0,6161747.0,-0.8451542547285166,0,0.8451542547285166
99,48,도공(coated) 인쇄용지,4810,2024.04,중국,벨기에,대한민국,regulated_to_importer,10149718.0,8691870.0,-0.8451542547285166,0,0.8451542547285166
99,48,도공(coated) 인쇄용지,4810,2024.05,중국,벨기에,대한민국,regulated_to_importer,6624347.0,5624941.0,-0.8451542547285166,0,0.8451542547285166
99,48,도공(coated) 인쇄용지,4810,2024.06,중국,벨기에,대한민국,regulated_to_importer,6699007.0,5785014.0,-0.8451542547285166,0,0.8451542547285166
99,48,도공(coated) 인쇄용지,4810,2024.07,중국,벨기에,대한민국,regulated_to_importer,6671405.0,5669346.0,-0.8451542547285166,0,0.8451542547285166
99,48,도공(coated) 인쇄용지,4810,2024.08,중국,벨기에,대한민국,regulated_to_importer,8069252.0,6983977.0,-0.8451542547285166,0,0.8451542547285166
99,48,도공(coated) 인쇄용지,4810,2024.09,중국,벨기에,대한민국,regulated_to_importer,6979895.0,5880876.0,-0.8451542547285166,0,0.8451542547285166
99,48,도공(coated) 인쇄용지,4810,2024.1,중국,벨기에,대한민국,regulated_to_importer,6297062.0,5198232.0,-0.8451542547285166,0,0.8451542547285166
99,48,도공(coated) 인쇄용지,4810,2024.11,중국,벨기에,대한민국,regulated_to_importer,6319457.0,5492533.0,-0.8451542547285166,0,0.8451542547285166
100,48,도공(coated) 인쇄용지,4810,2024.03,중국,스페인,대한민국,regulated_to_intermediary,3871941.0,3287005.0,-0.8451542547285166,1,0.8451542547285166
100,48,도공(coated) 인쇄용지,4810,2024.04,중국,스페인,대한민국,regulated_to_intermediary,1312409.0,1171983.0,-0.8451542547285166,1,0.8451542547285166
100,48,도공(coated) 인쇄용지,4810,2024.05,중국,스페인,대한민국,regulated_to_intermediary,3351340.0,2852550.0,-0.8451542547285166,1,0.8451542547285166
100,48,도공(coated) 인쇄용지,4810,2024.06,중국,스페인,대한민국,regulated_to_intermediary,2421367.0,2100338.0,-0.8451542547285166,1,0.8451542547285166
100,48,도공(coated) 인쇄용지,4810,2024.07,중국,스페인,대한민국,regulated_to_intermediary,3450603.0,3207321.0,-0.8451542547285166,1,0.8451542547285166
100,48,도공(coated) 인쇄용지,4810,2024.08,중국,스페인,대한민국,regulated_to_intermediary,3056022.0,2578613.0,-0.8451542547285166,1,0.8451542547285166
100,48,도공(coated) 인쇄용지,4810,2024.09,중국,스페인,대한민국,regulated_to_intermediary,2723694.0,2149005.0,-0.8451542547285166,1,0.8451542547285166
100,48,도공(coated) 인쇄용지,4810,2024.1,중국,스페인,대한민국,regulated_to_intermediary,1736287.0,1484292.0,-0.8451542547285166,1,0.8451542547285166
100,48,도공(coated) 인쇄용지,4810,2024.11,중국,스페인,대한민국,regulated_to_intermediary,2917708.0,2335833.0,-0.8451542547285166,1,0.8451542547285166
100,48,도공(coated) 인쇄용지,4810,2024.03,중국,스페인,대한민국,regulated_to_importer,6911651.0,6161747.0,-0.8451542547285166,1,0.8451542547285166
100,48,도공(coated) 인쇄용지,4810,2024.04,중국,스페인,대한민국,regulated_to_importer,10149718.0,8691870.0,-0.8451542547285166,1,0.8451542547285166
100,48,도공(coated) 인쇄용지,4810,2024.05,중국,스페인,대한민국,regulated_to_importer,6624347.0,5624941.0,-0.8451542547285166,1,0.8451542547285166
100,48,도공(coated) 인쇄용지,4810,2024.06,중국,스페인,대한민국,regulated_to_importer,6699007.0,5785014.0,-0.8451542547285166,1,0.8451542547285166
100,48,도공(coated) 인쇄용지,4810,2024.07,중국,스페인,대한민국,regulated_to_importer,6671405.0,5669346.0,-0.8451542547285166,1,0.8451542547285166
100,48,도공(coated) 인쇄용지,4810,2024.08,중국,스페인,대한민국,regulated_to_importer,8069252.0,6983977.0,-0.8451542547285166,1,0.8451542547285166
100,48,도공(coated) 인쇄용지,4810,2024.09,중국,스페인,대한민국,regulated_to_importer,6979895.0,5880876.0,-0.8451542547285166,1,0.8451542547285166
100,48,도공(coated) 인쇄용지,4810,2024.1,중국,스페인,대한민국,regulated_to_importer,6297062.0,5198232.0,-0.8451542547285166,1,0.8451542547285166
100,48,도공(coated) 인쇄용지,4810,2024.11,중국,스페인,대한민국,regulated_to_importer,6319457.0,5492533.0,-0.8451542547285166,1,0.8451542547285166
101,48,도공(coated) 인쇄용지,4810,2024.03,중국,캐나다,대한민국,regulated_to_intermediary,5660290.0,4551505.0,-0.8451542547285166,2,0.8451542547285166
101,48,도공(coated) 인쇄용지,4810,2024.04,중국,캐나다,대한민국,regulated_to_intermediary,4647913.0,3823998.0,-0.8451542547285166,2,0.8451542547285166
101,48,도공(coated) 인쇄용지,4810,2024.05,중국,캐나다,대한민국,regulated_to_intermediary,5226743.0,4186986.0,-0.8451542547285166,2,0.8451542547285166
101,48,도공(coated) 인쇄용지,4810,2024.06,중국,캐나다,대한민국,regulated_to_intermediary,4779105.0,3867473.0,-0.8451542547285166,2,0.8451542547285166
101,48,도공(coated) 인쇄용지,4810,2024.07,중국,캐나다,대한민국,regulated_to_intermediary,6183099.0,5090628.0,-0.8451542547285166,2,0.8451542547285166
101,48,도공(coated) 인쇄용지,4810,2024.08,중국,캐나다,대한민국,regulated_to_intermediary,4441563.0,3574262.0,-0.8451542547285166,2,0.8451542547285166
101,48,도공(coated) 인쇄용지,4810,2024.09,중국,캐나다,대한민국,regulated_to_intermediary,4464253.0,3531604.0,-0.8451542547285166,2,0.8451542547285166
101,48,도공(coated) 인쇄용지,4810,2024.1,중국,캐나다,대한민국,regulated_to_intermediary,5418311.0,4255705.0,-0.8451542547285166,2,0.8451542547285166
101,48,도공(coated) 인쇄용지,4810,2024.11,중국,캐나다,대한민국,regulated_to_intermediary,3441385.0,2818309.0,-0.8451542547285166,2,0.8451542547285166
101,48,도공(coated) 인쇄용지,4810,2024.03,중국,캐나다,대한민국,regulated_to_importer,6911651.0,6161747.0,-0.8451542547285166,2,0.8451542547285166
101,48,도공(coated) 인쇄용지,4810,2024.04,중국,캐나다,대한민국,regulated_to_importer,10149718.0,8691870.0,-0.8451542547285166,2,0.8451542547285166
101,48,도공(coated) 인쇄용지,4810,2024.05,중국,캐나다,대한민국,regulated_to_importer,6624347.0,5624941.0,-0.8451542547285166,2,0.8451542547285166
101,48,도공(coated) 인쇄용지,4810,2024.06,중국,캐나다,대한민국,regulated_to_importer,6699007.0,5785014.0,-0.8451542547285166,2,0.8451542547285166
101,48,도공(coated) 인쇄용지,4810,2024.07,중국,캐나다,대한민국,regulated_to_importer,6671405.0,5669346.0,-0.8451542547285166,2,0.8451542547285166
101,48,도공(coated) 인쇄용지,4810,2024.08,중국,캐나다,대한민국,regulated_to_importer,8069252.0,6983977.0,-0.8451542547285166,2,0.8451542547285166
101,48,도공(coated) 인쇄용지,4810,2024.09,중국,캐나다,대한민국,regulated_to_importer,6979895.0,5880876.0,-0.8451542547285166,2,0.8451542547285166
101,48,도공(coated) 인쇄용지,4810,2024.1,중국,캐나다,대한민국,regulated_to_importer,6297062.0,5198232.0,-0.8451542547285166,2,0.8451542547285166
101,48,도공(coated) 인쇄용지,4810,2024.11,중국,캐나다,대한민국,regulated_to_importer,6319457.0,5492533.0,-0.8451542547285166,2,0.8451542547285166
102,51,합판,4412,2024.07,말레이시아,슬로바키아,대한민국,regulated_to_intermediary,0.0,0.0,-0.8451542547285166,3,0.8451542547285166
102,51,합판,4412,2024.08,말레이시아,슬로바키아,대한민국,regulated_to_intermediary,0.0,0.0,-0.8451542547285166,3,0.8451542547285166
102,51,합판,4412,2024.09,말레이시아,슬로바키아,대한민국,regulated_to_intermediary,0.0,0.0,-0.8451542547285166,3,0.8451542547285166
102,51,합판,4412,2024.1,말레이시아,슬로바키아,대한민국,regulated_to_intermediary,0.0,0.0,-0.8451542547285166,3,0.8451542547285166
102,51,합판,4412,2024.11,말레이시아,슬로바키아,대한민국,regulated_to_intermediary,0.0,0.0,-0.8451542547285166,3,0.8451542547285166
102,51,합판,4412,2024.12,말레이시아,슬로바키아,대한민국,regulated_to_intermediary,0.0,0.0,-0.8451542547285166,3,0.8451542547285166
102,51,합판,4412,2025.01,말레이시아,슬로바키아,대한민국,regulated_to_intermediary,0.0,0.0,-0.8451542547285166,3,0.8451542547285166
102,51,합판,4412,2025.02,말레이시아,슬로바키아,대한민국,regulated_to_intermediary,0.0,0.0,-0.8451542547285166,3,0.8451542547285166
102,51,합판,4412,2025.03,말레이시아,슬로바키아,대한민국,regulated_to_intermediary,0.0,0.0,-0.8451542547285166,3,0.8451542547285166
102,51,합판,4412,2024.07,말레이시아,슬로바키아,대한민국,regulated_to_importer,1692350.902,3833809.56,-0.8451542547285166,3,0.8451542547285166
102,51,합판,4412,2024.08,말레이시아,슬로바키아,대한민국,regulated_to_importer,924396.83,2533409.034,-0.8451542547285166,3,0.8451542547285166
102,51,합판,4412,2024.09,말레이시아,슬로바키아,대한민국,regulated_to_importer,754272.888,2070111.674,-0.8451542547285166,3,0.8451542547285166
102,51,합판,4412,2024.1,말레이시아,슬로바키아,대한민국,regulated_to_importer,1101287.02,3021392.36,-0.8451542547285166,3,0.8451542547285166
102,51,합판,4412,2024.11,말레이시아,슬로바키아,대한민국,regulated_to_importer,878058.49,2395238.34,-0.8451542547285166,3,0.8451542547285166
102,51,합판,4412,2024.12,말레이시아,슬로바키아,대한민국,regulated_to_importer,1822706.234,4968705.226,-0.8451542547285166,3,0.8451542547285166
102,51,합판,4412,2025.01,말레이시아,슬로바키아,대한민국,regulated_to_importer,893138.068,2466121.096,-0.8451542547285166,3,0.8451542547285166
102,51,합판,4412,2025.02,말레이시아,슬로바키아,대한민국,regulated_to_importer,983022.776,2707963.876,-0.8451542547285166,3,0.8451542547285166
102,51,합판,4412,2025.03,말레이시아,슬로바키아,대한민국,regulated_to_importer,983605.408,2725170.392,-0.8451542547285166,3,0.8451542547285166
103,52,합판,4412,2024.07,베트남,슬로바키아,대한민국,regulated_to_intermediary,0.0,0.0,-0.8451542547285166,3,0.8451542547285166
103,52,합판,4412,2024.08,베트남,슬로바키아,대한민국,regulated_to_intermediary,0.0,0.0,-0.8451542547285166,3,0.8451542547285166
103,52,합판,4412,2024.09,베트남,슬로바키아,대한민국,regulated_to_intermediary,0.0,0.0,-0.8451542547285166,3,0.8451542547285166
103,52,합판,4412,2024.1,베트남,슬로바키아,대한민국,regulated_to_intermediary,0.0,0.0,-0.8451542547285166,3,0.8451542547285166
103,52,합판,4412,2024.11,베트남,슬로바키아,대한민국,regulated_to_intermediary,0.0,0.0,-0.8451542547285166,3,0.8451542547285166
103,52,합판,4412,2024.12,베트남,슬로바키아,대한민국,regulated_to_intermediary,0.0,0.0,-0.8451542547285166,3,0.8451542547285166
103,52,합판,4412,2025.01,베트남,슬로바키아,대한민국,regulated_to_intermediary,0.0,0.0,-0.8451542547285166,3,0.8451542547285166
103,52,합판,4412,2025.02,베트남,슬로바키아,대한민국,regulated_to_intermediary,0.0,0.0,-0.8451542547285166,3,0.8451542547285166
103,52,합판,4412,2025.03,베트남,슬로바키아,대한민국,regulated_to_intermediary,0.0,0.0,-0.8451542547285166,3,0.8451542547285166
103,52,합판,4412,2024.07,베트남,슬로바키아,대한민국,regulated_to_importer,0.0,0.0,-0.8451542547285166,3,0.8451542547285166
103,52,합판,4412,2024.08,베트남,슬로바키아,대한민국,regulated_to_importer,0.0,0.0,-0.8451542547285166,3,0.8451542547285166
103,52,합판,4412,2024.09,베트남,슬로바키아,대한민국,regulated_to_importer,0.0,0.0,-0.8451542547285166,3,0.8451542547285166
103,52,합판,4412,2024.1,베트남,슬로바키아,대한민국,regulated_to_importer,0.0,0.0,-0.8451542547285166,3,0.8451542547285166
103,52,합판,4412,2024.11,베트남,슬로바키아,대한민국,regulated_to_importer,0.0,0.0,-0.8451542547285166,3,0.8451542547285166
103,52,합판,4412,2024.12,베트남,슬로바키아,대한민국,regulated_to_importer,0.0,0.0,-0.8451542547285166,3,0.8451542547285166
103,52,합판,4412,2025.01,베트남,슬로바키아,대한민국,regulated_to_importer,0.0,0.0,-0.8451542547285166,3,0.8451542547285166
103,52,합판,4412,2025.02,베트남,슬로바키아,대한민국,regulated_to_importer,0.0,0.0,-0.8451542547285166,3,0.8451542547285166
103,52,합판,4412,2025.03,베트남,슬로바키아,대한민국,regulated_to_importer,0.0,0.0,-0.8451542547285166,3,0.8451542547285166
104,55,스테인리스강 냉간압연제품,7220,2025.07,베트남,대만,대한민국,regulated_to_intermediary,0.0,0.0,-0.8451542547285166,3,0.8451542547285166
104,55,스테인리스강 냉간압연제품,7220,2025.08,베트남,대만,대한민국,regulated_to_intermediary,0.0,0.0,-0.8451542547285166,3,0.8451542547285166
104,55,스테인리스강 냉간압연제품,7220,2025.09,베트남,대만,대한민국,regulated_to_intermediary,0.0,0.0,-0.8451542547285166,3,0.8451542547285166
104,55,스테인리스강 냉간압연제품,7220,2025.1,베트남,대만,대한민국,regulated_to_intermediary,0.0,0.0,-0.8451542547285166,3,0.8451542547285166
104,55,스테인리스강 냉간압연제품,7220,2025.11,베트남,대만,대한민국,regulated_to_intermediary,0.0,0.0,-0.8451542547285166,3,0.8451542547285166
104,55,스테인리스강 냉간압연제품,7220,2025.12,베트남,대만,대한민국,regulated_to_intermediary,0.0,0.0,-0.8451542547285166,3,0.8451542547285166
104,55,스테인리스강 냉간압연제품,7220,2026.01,베트남,대만,대한민국,regulated_to_intermediary,0.0,0.0,-0.8451542547285166,3,0.8451542547285166
104,55,스테인리스강 냉간압연제품,7220,2026.02,베트남,대만,대한민국,regulated_to_intermediary,0.0,0.0,-0.8451542547285166,3,0.8451542547285166
104,55,스테인리스강 냉간압연제품,7220,2026.03,베트남,대만,대한민국,regulated_to_intermediary,0.0,0.0,-0.8451542547285166,3,0.8451542547285166
104,55,스테인리스강 냉간압연제품,7220,2025.07,베트남,대만,대한민국,regulated_to_importer,0.0,0.0,-0.8451542547285166,3,0.8451542547285166
104,55,스테인리스강 냉간압연제품,7220,2025.08,베트남,대만,대한민국,regulated_to_importer,0.0,0.0,-0.8451542547285166,3,0.8451542547285166
104,55,스테인리스강 냉간압연제품,7220,2025.09,베트남,대만,대한민국,regulated_to_importer,0.0,0.0,-0.8451542547285166,3,0.8451542547285166
104,55,스테인리스강 냉간압연제품,7220,2025.1,베트남,대만,대한민국,regulated_to_importer,0.0,0.0,-0.8451542547285166,3,0.8451542547285166
104,55,스테인리스강 냉간압연제품,7220,2025.11,베트남,대만,대한민국,regulated_to_importer,0.0,0.0,-0.8451542547285166,3,0.8451542547285166
104,55,스테인리스강 냉간압연제품,7220,2025.12,베트남,대만,대한민국,regulated_to_importer,0.0,0.0,-0.8451542547285166,3,0.8451542547285166
104,55,스테인리스강 냉간압연제품,7220,2026.01,베트남,대만,대한민국,regulated_to_importer,0.0,0.0,-0.8451542547285166,3,0.8451542547285166
104,55,스테인리스강 냉간압연제품,7220,2026.02,베트남,대만,대한민국,regulated_to_importer,0.0,0.0,-0.8451542547285166,3,0.8451542547285166
104,55,스테인리스강 냉간압연제품,7220,2026.03,베트남,대만,대한민국,regulated_to_importer,0.0,0.0,-0.8451542547285166,3,0.8451542547285166
105,2,크라프트지(1차재심),4804,2012.04,인도네시아,독일,대한민국,regulated_to_intermediary,0.0,0.0,-0.8451542547285165,0,0.8451542547285165
105,2,크라프트지(1차재심),4804,2012.05,인도네시아,독일,대한민국,regulated_to_intermediary,0.0,0.0,-0.8451542547285165,0,0.8451542547285165
105,2,크라프트지(1차재심),4804,2012.06,인도네시아,독일,대한민국,regulated_to_intermediary,0.0,0.0,-0.8451542547285165,0,0.8451542547285165
105,2,크라프트지(1차재심),4804,2012.07,인도네시아,독일,대한민국,regulated_to_intermediary,0.0,0.0,-0.8451542547285165,0,0.8451542547285165
105,2,크라프트지(1차재심),4804,2012.08,인도네시아,독일,대한민국,regulated_to_intermediary,0.0,0.0,-0.8451542547285165,0,0.8451542547285165
105,2,크라프트지(1차재심),4804,2012.09,인도네시아,독일,대한민국,regulated_to_intermediary,0.0,0.0,-0.8451542547285165,0,0.8451542547285165
105,2,크라프트지(1차재심),4804,2012.1,인도네시아,독일,대한민국,regulated_to_intermediary,0.0,0.0,-0.8451542547285165,0,0.8451542547285165
105,2,크라프트지(1차재심),4804,2012.11,인도네시아,독일,대한민국,regulated_to_intermediary,0.0,0.0,-0.8451542547285165,0,0.8451542547285165
105,2,크라프트지(1차재심),4804,2012.12,인도네시아,독일,대한민국,regulated_to_intermediary,0.0,0.0,-0.8451542547285165,0,0.8451542547285165
105,2,크라프트지(1차재심),4804,2012.04,인도네시아,독일,대한민국,regulated_to_importer,0.0,0.0,-0.8451542547285165,0,0.8451542547285165
105,2,크라프트지(1차재심),4804,2012.05,인도네시아,독일,대한민국,regulated_to_importer,0.0,0.0,-0.8451542547285165,0,0.8451542547285165
105,2,크라프트지(1차재심),4804,2012.06,인도네시아,독일,대한민국,regulated_to_importer,0.0,0.0,-0.8451542547285165,0,0.8451542547285165
105,2,크라프트지(1차재심),4804,2012.07,인도네시아,독일,대한민국,regulated_to_importer,0.0,0.0,-0.8451542547285165,0,0.8451542547285165
105,2,크라프트지(1차재심),4804,2012.08,인도네시아,독일,대한민국,regulated_to_importer,0.0,0.0,-0.8451542547285165,0,0.8451542547285165
105,2,크라프트지(1차재심),4804,2012.09,인도네시아,독일,대한민국,regulated_to_importer,0.0,0.0,-0.8451542547285165,0,0.8451542547285165
105,2,크라프트지(1차재심),4804,2012.1,인도네시아,독일,대한민국,regulated_to_importer,0.0,0.0,-0.8451542547285165,0,0.8451542547285165
105,2,크라프트지(1차재심),4804,2012.11,인도네시아,독일,대한민국,regulated_to_importer,0.0,0.0,-0.8451542547285165,0,0.8451542547285165
105,2,크라프트지(1차재심),4804,2012.12,인도네시아,독일,대한민국,regulated_to_importer,0.0,0.0,-0.8451542547285165,0,0.8451542547285165
106,43,부틸글리콜에테르,290943,2022.09,사우디아라비아,일본,대한민국,regulated_to_intermediary,0.0,0.0,-0.8451542547285165,1,0.8451542547285165
106,43,부틸글리콜에테르,290943,2022.1,사우디아라비아,일본,대한민국,regulated_to_intermediary,2880000.0,1363063.699,-0.8451542547285165,1,0.8451542547285165
106,43,부틸글리콜에테르,290943,2022.11,사우디아라비아,일본,대한민국,regulated_to_intermediary,0.0,0.0,-0.8451542547285165,1,0.8451542547285165
106,43,부틸글리콜에테르,290943,2022.12,사우디아라비아,일본,대한민국,regulated_to_intermediary,0.0,0.0,-0.8451542547285165,1,0.8451542547285165
106,43,부틸글리콜에테르,290943,2023.01,사우디아라비아,일본,대한민국,regulated_to_intermediary,0.0,0.0,-0.8451542547285165,1,0.8451542547285165
106,43,부틸글리콜에테르,290943,2023.02,사우디아라비아,일본,대한민국,regulated_to_intermediary,0.0,0.0,-0.8451542547285165,1,0.8451542547285165
106,43,부틸글리콜에테르,290943,2023.03,사우디아라비아,일본,대한민국,regulated_to_intermediary,0.0,0.0,-0.8451542547285165,1,0.8451542547285165
106,43,부틸글리콜에테르,290943,2023.04,사우디아라비아,일본,대한민국,regulated_to_intermediary,0.0,0.0,-0.8451542547285165,1,0.8451542547285165
106,43,부틸글리콜에테르,290943,2023.05,사우디아라비아,일본,대한민국,regulated_to_intermediary,0.0,0.0,-0.8451542547285165,1,0.8451542547285165
106,43,부틸글리콜에테르,290943,2022.09,사우디아라비아,일본,대한민국,regulated_to_importer,9015440.0,10530006.137,-0.8451542547285165,1,0.8451542547285165
106,43,부틸글리콜에테르,290943,2022.1,사우디아라비아,일본,대한민국,regulated_to_importer,7452200.0,6613451.568,-0.8451542547285165,1,0.8451542547285165
106,43,부틸글리콜에테르,290943,2022.11,사우디아라비아,일본,대한민국,regulated_to_importer,18127200.0,9293008.034,-0.8451542547285165,1,0.8451542547285165
106,43,부틸글리콜에테르,290943,2022.12,사우디아라비아,일본,대한민국,regulated_to_importer,7040560.0,5085664.673,-0.8451542547285165,1,0.8451542547285165
106,43,부틸글리콜에테르,290943,2023.01,사우디아라비아,일본,대한민국,regulated_to_importer,6979040.0,5360868.666,-0.8451542547285165,1,0.8451542547285165
106,43,부틸글리콜에테르,290943,2023.02,사우디아라비아,일본,대한민국,regulated_to_importer,16351100.0,9425362.698,-0.8451542547285165,1,0.8451542547285165
106,43,부틸글리콜에테르,290943,2023.03,사우디아라비아,일본,대한민국,regulated_to_importer,1134000.0,1403992.765,-0.8451542547285165,1,0.8451542547285165
106,43,부틸글리콜에테르,290943,2023.04,사우디아라비아,일본,대한민국,regulated_to_importer,2358080.0,3111275.389,-0.8451542547285165,1,0.8451542547285165
106,43,부틸글리콜에테르,290943,2023.05,사우디아라비아,일본,대한민국,regulated_to_importer,5625120.0,7642231.009,-0.8451542547285165,1,0.8451542547285165
107,0,초산에틸(1차재심),291531,2012.03,일본,미국,대한민국,regulated_to_intermediary,0.0,0.0,-0.8406680016960503,1,0.8406680016960503
107,0,초산에틸(1차재심),291531,2012.04,일본,미국,대한민국,regulated_to_intermediary,0.0,0.0,-0.8406680016960503,1,0.8406680016960503
107,0,초산에틸(1차재심),291531,2012.05,일본,미국,대한민국,regulated_to_intermediary,0.0,0.0,-0.8406680016960503,1,0.8406680016960503
107,0,초산에틸(1차재심),291531,2012.06,일본,미국,대한민국,regulated_to_intermediary,0.0,0.0,-0.8406680016960503,1,0.8406680016960503
107,0,초산에틸(1차재심),291531,2012.07,일본,미국,대한민국,regulated_to_intermediary,0.0,0.0,-0.8406680016960503,1,0.8406680016960503
107,0,초산에틸(1차재심),291531,2012.08,일본,미국,대한민국,regulated_to_intermediary,0.0,0.0,-0.8406680016960503,1,0.8406680016960503
107,0,초산에틸(1차재심),291531,2012.09,일본,미국,대한민국,regulated_to_intermediary,0.0,0.0,-0.8406680016960503,1,0.8406680016960503
107,0,초산에틸(1차재심),291531,2012.1,일본,미국,대한민국,regulated_to_intermediary,0.0,0.0,-0.8406680016960503,1,0.8406680016960503
107,0,초산에틸(1차재심),291531,2012.11,일본,미국,대한민국,regulated_to_intermediary,0.0,0.0,-0.8406680016960503,1,0.8406680016960503
107,0,초산에틸(1차재심),291531,2012.03,일본,미국,대한민국,regulated_to_importer,0.0,0.0,-0.8406680016960503,1,0.8406680016960503
107,0,초산에틸(1차재심),291531,2012.04,일본,미국,대한민국,regulated_to_importer,0.0,0.0,-0.8406680016960503,1,0.8406680016960503
107,0,초산에틸(1차재심),291531,2012.05,일본,미국,대한민국,regulated_to_importer,0.0,0.0,-0.8406680016960503,1,0.8406680016960503
107,0,초산에틸(1차재심),291531,2012.06,일본,미국,대한민국,regulated_to_importer,105.0,3303.008,-0.8406680016960503,1,0.8406680016960503
107,0,초산에틸(1차재심),291531,2012.07,일본,미국,대한민국,regulated_to_importer,0.0,0.0,-0.8406680016960503,1,0.8406680016960503
107,0,초산에틸(1차재심),291531,2012.08,일본,미국,대한민국,regulated_to_importer,0.0,0.0,-0.8406680016960503,1,0.8406680016960503
107,0,초산에틸(1차재심),291531,2012.09,일본,미국,대한민국,regulated_to_importer,0.0,0.0,-0.8406680016960503,1,0.8406680016960503
107,0,초산에틸(1차재심),291531,2012.1,일본,미국,대한민국,regulated_to_importer,0.0,0.0,-0.8406680016960503,1,0.8406680016960503
107,0,초산에틸(1차재심),291531,2012.11,일본,미국,대한민국,regulated_to_importer,0.0,0.0,-0.8406680016960503,1,0.8406680016960503
108,20,침엽수 합판,441232,2016.03,중국,독일,대한민국,regulated_to_intermediary,2908440.075,2748657.0,-0.8406680016960503,3,0.8406680016960503
108,20,침엽수 합판,441232,2016.04,중국,독일,대한민국,regulated_to_intermediary,3526043.819,3332331.0,-0.8406680016960503,3,0.8406680016960503
108,20,침엽수 합판,441232,2016.05,중국,독일,대한민국,regulated_to_intermediary,4569597.269,4318554.0,-0.8406680016960503,3,0.8406680016960503
108,20,침엽수 합판,441232,2016.06,중국,독일,대한민국,regulated_to_intermediary,3687432.125,3484853.0,-0.8406680016960503,3,0.8406680016960503
108,20,침엽수 합판,441232,2016.07,중국,독일,대한민국,regulated_to_intermediary,5171111.068,4887022.0,-0.8406680016960503,3,0.8406680016960503
108,20,침엽수 합판,441232,2016.08,중국,독일,대한민국,regulated_to_intermediary,2887109.206,2728498.0,-0.8406680016960503,3,0.8406680016960503
108,20,침엽수 합판,441232,2016.09,중국,독일,대한민국,regulated_to_intermediary,4800463.536,4536737.0,-0.8406680016960503,3,0.8406680016960503
108,20,침엽수 합판,441232,2016.1,중국,독일,대한민국,regulated_to_intermediary,1809535.775,1710124.0,-0.8406680016960503,3,0.8406680016960503
108,20,침엽수 합판,441232,2016.11,중국,독일,대한민국,regulated_to_intermediary,2570834.811,2429599.0,-0.8406680016960503,3,0.8406680016960503
108,20,침엽수 합판,441232,2016.03,중국,독일,대한민국,regulated_to_importer,7402833.835,6996139.0,-0.8406680016960503,3,0.8406680016960503
108,20,침엽수 합판,441232,2016.04,중국,독일,대한민국,regulated_to_importer,8308249.299,7851813.0,-0.8406680016960503,3,0.8406680016960503
108,20,침엽수 합판,441232,2016.05,중국,독일,대한민국,regulated_to_importer,12717827.484,12019139.0,-0.8406680016960503,3,0.8406680016960503
108,20,침엽수 합판,441232,2016.06,중국,독일,대한민국,regulated_to_importer,11583384.786,10947020.0,-0.8406680016960503,3,0.8406680016960503
108,20,침엽수 합판,441232,2016.07,중국,독일,대한민국,regulated_to_importer,8767809.49,8286126.0,-0.8406680016960503,3,0.8406680016960503
108,20,침엽수 합판,441232,2016.08,중국,독일,대한민국,regulated_to_importer,7733478.712,7308619.0,-0.8406680016960503,3,0.8406680016960503
108,20,침엽수 합판,441232,2016.09,중국,독일,대한민국,regulated_to_importer,8173087.836,7724077.0,-0.8406680016960503,3,0.8406680016960503
108,20,침엽수 합판,441232,2016.1,중국,독일,대한민국,regulated_to_importer,9437082.844,8918631.0,-0.8406680016960503,3,0.8406680016960503
108,20,침엽수 합판,441232,2016.11,중국,독일,대한민국,regulated_to_importer,9448300.094,8929232.0,-0.8406680016960503,3,0.8406680016960503
109,26,PET필름,392062,2018.04,대만,홍콩,대한민국,regulated_to_intermediary,0.0,0.0,-0.8406680016960503,3,0.8406680016960503
109,26,PET필름,392062,2018.05,대만,홍콩,대한민국,regulated_to_intermediary,0.0,0.0,-0.8406680016960503,3,0.8406680016960503
109,26,PET필름,392062,2018.06,대만,홍콩,대한민국,regulated_to_intermediary,0.0,0.0,-0.8406680016960503,3,0.8406680016960503
109,26,PET필름,392062,2018.07,대만,홍콩,대한민국,regulated_to_intermediary,0.0,0.0,-0.8406680016960503,3,0.8406680016960503
109,26,PET필름,392062,2018.08,대만,홍콩,대한민국,regulated_to_intermediary,0.0,0.0,-0.8406680016960503,3,0.8406680016960503
109,26,PET필름,392062,2018.09,대만,홍콩,대한민국,regulated_to_intermediary,0.0,0.0,-0.8406680016960503,3,0.8406680016960503
109,26,PET필름,392062,2018.1,대만,홍콩,대한민국,regulated_to_intermediary,0.0,0.0,-0.8406680016960503,3,0.8406680016960503
109,26,PET필름,392062,2018.11,대만,홍콩,대한민국,regulated_to_intermediary,0.0,0.0,-0.8406680016960503,3,0.8406680016960503
109,26,PET필름,392062,2018.12,대만,홍콩,대한민국,regulated_to_intermediary,0.0,0.0,-0.8406680016960503,3,0.8406680016960503
109,26,PET필름,392062,2018.04,대만,홍콩,대한민국,regulated_to_importer,0.0,0.0,-0.8406680016960503,3,0.8406680016960503
109,26,PET필름,392062,2018.05,대만,홍콩,대한민국,regulated_to_importer,0.0,0.0,-0.8406680016960503,3,0.8406680016960503
109,26,PET필름,392062,2018.06,대만,홍콩,대한민국,regulated_to_importer,0.0,0.0,-0.8406680016960503,3,0.8406680016960503
109,26,PET필름,392062,2018.07,대만,홍콩,대한민국,regulated_to_importer,0.0,0.0,-0.8406680016960503,3,0.8406680016960503
109,26,PET필름,392062,2018.08,대만,홍콩,대한민국,regulated_to_importer,0.0,0.0,-0.8406680016960503,3,0.8406680016960503
109,26,PET필름,392062,2018.09,대만,홍콩,대한민국,regulated_to_importer,0.0,0.0,-0.8406680016960503,3,0.8406680016960503
109,26,PET필름,392062,2018.1,대만,홍콩,대한민국,regulated_to_importer,0.0,0.0,-0.8406680016960503,3,0.8406680016960503
109,26,PET필름,392062,2018.11,대만,홍콩,대한민국,regulated_to_importer,0.0,0.0,-0.8406680016960503,3,0.8406680016960503
109,26,PET필름,392062,2018.12,대만,홍콩,대한민국,regulated_to_importer,0.0,0.0,-0.8406680016960503,3,0.8406680016960503
110,33,스테인리스 스틸바,7222,2020.05,일본,프랑스,대한민국,regulated_to_intermediary,1250.0,13384.066,-0.8406680016960503,3,0.8406680016960503
110,33,스테인리스 스틸바,7222,2020.06,일본,프랑스,대한민국,regulated_to_intermediary,0.0,0.0,-0.8406680016960503,3,0.8406680016960503
110,33,스테인리스 스틸바,7222,2020.07,일본,프랑스,대한민국,regulated_to_intermediary,0.0,0.0,-0.8406680016960503,3,0.8406680016960503
110,33,스테인리스 스틸바,7222,2020.08,일본,프랑스,대한민국,regulated_to_intermediary,0.0,0.0,-0.8406680016960503,3,0.8406680016960503
110,33,스테인리스 스틸바,7222,2020.09,일본,프랑스,대한민국,regulated_to_intermediary,0.0,0.0,-0.8406680016960503,3,0.8406680016960503
110,33,스테인리스 스틸바,7222,2020.1,일본,프랑스,대한민국,regulated_to_intermediary,402.0,4675.811,-0.8406680016960503,3,0.8406680016960503
110,33,스테인리스 스틸바,7222,2020.11,일본,프랑스,대한민국,regulated_to_intermediary,0.0,0.0,-0.8406680016960503,3,0.8406680016960503
110,33,스테인리스 스틸바,7222,2020.12,일본,프랑스,대한민국,regulated_to_intermediary,0.0,0.0,-0.8406680016960503,3,0.8406680016960503
110,33,스테인리스 스틸바,7222,2021.01,일본,프랑스,대한민국,regulated_to_intermediary,0.0,0.0,-0.8406680016960503,3,0.8406680016960503
110,33,스테인리스 스틸바,7222,2020.05,일본,프랑스,대한민국,regulated_to_importer,422689.0,1887432.872,-0.8406680016960503,3,0.8406680016960503
110,33,스테인리스 스틸바,7222,2020.06,일본,프랑스,대한민국,regulated_to_importer,446691.0,2390337.593,-0.8406680016960503,3,0.8406680016960503
110,33,스테인리스 스틸바,7222,2020.07,일본,프랑스,대한민국,regulated_to_importer,484022.0,2398577.761,-0.8406680016960503,3,0.8406680016960503
110,33,스테인리스 스틸바,7222,2020.08,일본,프랑스,대한민국,regulated_to_importer,463968.0,2129864.201,-0.8406680016960503,3,0.8406680016960503
110,33,스테인리스 스틸바,7222,2020.09,일본,프랑스,대한민국,regulated_to_importer,303419.0,1638679.425,-0.8406680016960503,3,0.8406680016960503
110,33,스테인리스 스틸바,7222,2020.1,일본,프랑스,대한민국,regulated_to_importer,424826.0,2068352.404,-0.8406680016960503,3,0.8406680016960503
110,33,스테인리스 스틸바,7222,2020.11,일본,프랑스,대한민국,regulated_to_importer,474416.0,2192086.492,-0.8406680016960503,3,0.8406680016960503
110,33,스테인리스 스틸바,7222,2020.12,일본,프랑스,대한민국,regulated_to_importer,652966.0,2955119.193,-0.8406680016960503,3,0.8406680016960503
110,33,스테인리스 스틸바,7222,2021.01,일본,프랑스,대한민국,regulated_to_importer,343125.0,2348621.533,-0.8406680016960503,3,0.8406680016960503
111,53,PET수지,390761,2024.11,중국,대만,대한민국,regulated_to_intermediary,0.0,0.0,-0.8406680016960503,2,0.8406680016960503
111,53,PET수지,390761,2024.12,중국,대만,대한민국,regulated_to_intermediary,0.0,0.0,-0.8406680016960503,2,0.8406680016960503
111,53,PET수지,390761,2025.01,중국,대만,대한민국,regulated_to_intermediary,0.0,0.0,-0.8406680016960503,2,0.8406680016960503
111,53,PET수지,390761,2025.02,중국,대만,대한민국,regulated_to_intermediary,0.0,0.0,-0.8406680016960503,2,0.8406680016960503
111,53,PET수지,390761,2025.03,중국,대만,대한민국,regulated_to_intermediary,0.0,0.0,-0.8406680016960503,2,0.8406680016960503
111,53,PET수지,390761,2025.04,중국,대만,대한민국,regulated_to_intermediary,0.0,0.0,-0.8406680016960503,2,0.8406680016960503
111,53,PET수지,390761,2025.05,중국,대만,대한민국,regulated_to_intermediary,0.0,0.0,-0.8406680016960503,2,0.8406680016960503
111,53,PET수지,390761,2025.06,중국,대만,대한민국,regulated_to_intermediary,0.0,0.0,-0.8406680016960503,2,0.8406680016960503
111,53,PET수지,390761,2025.07,중국,대만,대한민국,regulated_to_intermediary,0.0,0.0,-0.8406680016960503,2,0.8406680016960503
111,53,PET수지,390761,2024.11,중국,대만,대한민국,regulated_to_importer,21175700.0,17646440.0,-0.8406680016960503,2,0.8406680016960503
111,53,PET수지,390761,2024.12,중국,대만,대한민국,regulated_to_importer,16443700.0,13226821.0,-0.8406680016960503,2,0.8406680016960503
111,53,PET수지,390761,2025.01,중국,대만,대한민국,regulated_to_importer,0.0,0.0,-0.8406680016960503,2,0.8406680016960503
111,53,PET수지,390761,2025.02,중국,대만,대한민국,regulated_to_importer,0.0,0.0,-0.8406680016960503,2,0.8406680016960503
111,53,PET수지,390761,2025.03,중국,대만,대한민국,regulated_to_importer,0.0,0.0,-0.8406680016960503,2,0.8406680016960503
111,53,PET수지,390761,2025.04,중국,대만,대한민국,regulated_to_importer,0.0,0.0,-0.8406680016960503,2,0.8406680016960503
111,53,PET수지,390761,2025.05,중국,대만,대한민국,regulated_to_importer,0.0,0.0,-0.8406680016960503,2,0.8406680016960503
111,53,PET수지,390761,2025.06,중국,대만,대한민국,regulated_to_importer,0.0,0.0,-0.8406680016960503,2,0.8406680016960503
111,53,PET수지,390761,2025.07,중국,대만,대한민국,regulated_to_importer,0.0,0.0,-0.8406680016960503,2,0.8406680016960503
112,46,수산화알루미늄,281830,2023.04,호주,체코공화국,대한민국,regulated_to_intermediary,0.0,0.0,-0.840168050416806,1,0.840168050416806
112,46,수산화알루미늄,281830,2023.05,호주,체코공화국,대한민국,regulated_to_intermediary,0.0,0.0,-0.840168050416806,1,0.840168050416806
112,46,수산화알루미늄,281830,2023.06,호주,체코공화국,대한민국,regulated_to_intermediary,0.0,0.0,-0.840168050416806,1,0.840168050416806
112,46,수산화알루미늄,281830,2023.07,호주,체코공화국,대한민국,regulated_to_intermediary,0.0,0.0,-0.840168050416806,1,0.840168050416806
112,46,수산화알루미늄,281830,2023.08,호주,체코공화국,대한민국,regulated_to_intermediary,0.0,0.0,-0.840168050416806,1,0.840168050416806
112,46,수산화알루미늄,281830,2023.09,호주,체코공화국,대한민국,regulated_to_intermediary,0.0,0.0,-0.840168050416806,1,0.840168050416806
112,46,수산화알루미늄,281830,2023.1,호주,체코공화국,대한민국,regulated_to_intermediary,0.0,0.0,-0.840168050416806,1,0.840168050416806
112,46,수산화알루미늄,281830,2023.11,호주,체코공화국,대한민국,regulated_to_intermediary,0.0,0.0,-0.840168050416806,1,0.840168050416806
112,46,수산화알루미늄,281830,2023.12,호주,체코공화국,대한민국,regulated_to_intermediary,0.0,0.0,-0.840168050416806,1,0.840168050416806
112,46,수산화알루미늄,281830,2023.04,호주,체코공화국,대한민국,regulated_to_importer,12600000.0,2967627.848,-0.840168050416806,1,0.840168050416806
112,46,수산화알루미늄,281830,2023.05,호주,체코공화국,대한민국,regulated_to_importer,0.0,0.0,-0.840168050416806,1,0.840168050416806
112,46,수산화알루미늄,281830,2023.06,호주,체코공화국,대한민국,regulated_to_importer,0.0,0.0,-0.840168050416806,1,0.840168050416806
112,46,수산화알루미늄,281830,2023.07,호주,체코공화국,대한민국,regulated_to_importer,0.0,0.0,-0.840168050416806,1,0.840168050416806
112,46,수산화알루미늄,281830,2023.08,호주,체코공화국,대한민국,regulated_to_importer,0.0,0.0,-0.840168050416806,1,0.840168050416806
112,46,수산화알루미늄,281830,2023.09,호주,체코공화국,대한민국,regulated_to_importer,0.0,0.0,-0.840168050416806,1,0.840168050416806
112,46,수산화알루미늄,281830,2023.1,호주,체코공화국,대한민국,regulated_to_importer,12600000.0,2908717.2,-0.840168050416806,1,0.840168050416806
112,46,수산화알루미늄,281830,2023.11,호주,체코공화국,대한민국,regulated_to_importer,0.0,0.0,-0.840168050416806,1,0.840168050416806
112,46,수산화알루미늄,281830,2023.12,호주,체코공화국,대한민국,regulated_to_importer,0.0,0.0,-0.840168050416806,1,0.840168050416806
113,48,도공(coated) 인쇄용지,4810,2024.03,일본,네덜란드,대한민국,regulated_to_intermediary,5682.0,42218.848,-0.8332380897952965,0,0.8332380897952965
113,48,도공(coated) 인쇄용지,4810,2024.04,일본,네덜란드,대한민국,regulated_to_intermediary,2904.0,25509.417,-0.8332380897952965,0,0.8332380897952965
113,48,도공(coated) 인쇄용지,4810,2024.05,일본,네덜란드,대한민국,regulated_to_intermediary,3871.0,32331.183,-0.8332380897952965,0,0.8332380897952965
113,48,도공(coated) 인쇄용지,4810,2024.06,일본,네덜란드,대한민국,regulated_to_intermediary,6087.0,30845.06,-0.8332380897952965,0,0.8332380897952965
113,48,도공(coated) 인쇄용지,4810,2024.07,일본,네덜란드,대한민국,regulated_to_intermediary,2672.0,18359.018,-0.8332380897952965,0,0.8332380897952965
113,48,도공(coated) 인쇄용지,4810,2024.08,일본,네덜란드,대한민국,regulated_to_intermediary,4179.0,33453.453,-0.8332380897952965,0,0.8332380897952965
113,48,도공(coated) 인쇄용지,4810,2024.09,일본,네덜란드,대한민국,regulated_to_intermediary,5425.0,30658.972,-0.8332380897952965,0,0.8332380897952965
113,48,도공(coated) 인쇄용지,4810,2024.1,일본,네덜란드,대한민국,regulated_to_intermediary,11164.0,42826.65,-0.8332380897952965,0,0.8332380897952965
113,48,도공(coated) 인쇄용지,4810,2024.11,일본,네덜란드,대한민국,regulated_to_intermediary,11953.0,54156.264,-0.8332380897952965,0,0.8332380897952965
113,48,도공(coated) 인쇄용지,4810,2024.03,일본,네덜란드,대한민국,regulated_to_importer,955216.0,828858.181,-0.8332380897952965,0,0.8332380897952965
113,48,도공(coated) 인쇄용지,4810,2024.04,일본,네덜란드,대한민국,regulated_to_importer,1352721.0,1063939.505,-0.8332380897952965,0,0.8332380897952965
113,48,도공(coated) 인쇄용지,4810,2024.05,일본,네덜란드,대한민국,regulated_to_importer,1675650.0,1378645.97,-0.8332380897952965,0,0.8332380897952965
113,48,도공(coated) 인쇄용지,4810,2024.06,일본,네덜란드,대한민국,regulated_to_importer,1949778.0,1559367.305,-0.8332380897952965,0,0.8332380897952965
113,48,도공(coated) 인쇄용지,4810,2024.07,일본,네덜란드,대한민국,regulated_to_importer,734986.0,603013.872,-0.8332380897952965,0,0.8332380897952965
113,48,도공(coated) 인쇄용지,4810,2024.08,일본,네덜란드,대한민국,regulated_to_importer,1735621.0,1449542.486,-0.8332380897952965,0,0.8332380897952965
113,48,도공(coated) 인쇄용지,4810,2024.09,일본,네덜란드,대한민국,regulated_to_importer,2538909.0,2075572.601,-0.8332380897952965,0,0.8332380897952965
113,48,도공(coated) 인쇄용지,4810,2024.1,일본,네덜란드,대한민국,regulated_to_importer,1977447.0,1632799.466,-0.8332380897952965,0,0.8332380897952965
113,48,도공(coated) 인쇄용지,4810,2024.11,일본,네덜란드,대한민국,regulated_to_importer,1615703.0,1346038.296,-0.8332380897952965,0,0.8332380897952965
114,2,크라프트지(1차재심),4804,2012.04,미국,뉴질랜드,대한민국,regulated_to_intermediary,0.0,658655.0,-0.8285714285714287,1,0.8285714285714287
114,2,크라프트지(1차재심),4804,2012.05,미국,뉴질랜드,대한민국,regulated_to_intermediary,0.0,650616.0,-0.8285714285714287,1,0.8285714285714287
114,2,크라프트지(1차재심),4804,2012.06,미국,뉴질랜드,대한민국,regulated_to_intermediary,0.0,1016961.0,-0.8285714285714287,1,0.8285714285714287
114,2,크라프트지(1차재심),4804,2012.07,미국,뉴질랜드,대한민국,regulated_to_intermediary,0.0,605803.0,-0.8285714285714287,1,0.8285714285714287
114,2,크라프트지(1차재심),4804,2012.08,미국,뉴질랜드,대한민국,regulated_to_intermediary,0.0,590769.0,-0.8285714285714287,1,0.8285714285714287
114,2,크라프트지(1차재심),4804,2012.09,미국,뉴질랜드,대한민국,regulated_to_intermediary,0.0,579007.0,-0.8285714285714287,1,0.8285714285714287
114,2,크라프트지(1차재심),4804,2012.1,미국,뉴질랜드,대한민국,regulated_to_intermediary,0.0,615531.0,-0.8285714285714287,1,0.8285714285714287
114,2,크라프트지(1차재심),4804,2012.11,미국,뉴질랜드,대한민국,regulated_to_intermediary,0.0,826936.0,-0.8285714285714287,1,0.8285714285714287
114,2,크라프트지(1차재심),4804,2012.12,미국,뉴질랜드,대한민국,regulated_to_intermediary,0.0,228573.0,-0.8285714285714287,1,0.8285714285714287
114,2,크라프트지(1차재심),4804,2012.04,미국,뉴질랜드,대한민국,regulated_to_importer,0.0,3140453.0,-0.8285714285714287,1,0.8285714285714287
114,2,크라프트지(1차재심),4804,2012.05,미국,뉴질랜드,대한민국,regulated_to_importer,0.0,5153788.0,-0.8285714285714287,1,0.8285714285714287
114,2,크라프트지(1차재심),4804,2012.06,미국,뉴질랜드,대한민국,regulated_to_importer,0.0,4853499.0,-0.8285714285714287,1,0.8285714285714287
114,2,크라프트지(1차재심),4804,2012.07,미국,뉴질랜드,대한민국,regulated_to_importer,0.0,4905678.0,-0.8285714285714287,1,0.8285714285714287
114,2,크라프트지(1차재심),4804,2012.08,미국,뉴질랜드,대한민국,regulated_to_importer,0.0,5240280.0,-0.8285714285714287,1,0.8285714285714287
114,2,크라프트지(1차재심),4804,2012.09,미국,뉴질랜드,대한민국,regulated_to_importer,0.0,4953728.0,-0.8285714285714287,1,0.8285714285714287
114,2,크라프트지(1차재심),4804,2012.1,미국,뉴질랜드,대한민국,regulated_to_importer,0.0,4950113.0,-0.8285714285714287,1,0.8285714285714287
114,2,크라프트지(1차재심),4804,2012.11,미국,뉴질랜드,대한민국,regulated_to_importer,0.0,4326817.0,-0.8285714285714287,1,0.8285714285714287
114,2,크라프트지(1차재심),4804,2012.12,미국,뉴질랜드,대한민국,regulated_to_importer,0.0,5393936.0,-0.8285714285714287,1,0.8285714285714287
115,2,크라프트지(1차재심),4804,2012.04,미국,오스트리아,대한민국,regulated_to_intermediary,0.0,1049985.0,-0.8285714285714287,3,0.8285714285714287
115,2,크라프트지(1차재심),4804,2012.05,미국,오스트리아,대한민국,regulated_to_intermediary,0.0,1370650.0,-0.8285714285714287,3,0.8285714285714287
115,2,크라프트지(1차재심),4804,2012.06,미국,오스트리아,대한민국,regulated_to_intermediary,0.0,1543019.0,-0.8285714285714287,3,0.8285714285714287
115,2,크라프트지(1차재심),4804,2012.07,미국,오스트리아,대한민국,regulated_to_intermediary,0.0,629980.0,-0.8285714285714287,3,0.8285714285714287
115,2,크라프트지(1차재심),4804,2012.08,미국,오스트리아,대한민국,regulated_to_intermediary,0.0,899423.0,-0.8285714285714287,3,0.8285714285714287
115,2,크라프트지(1차재심),4804,2012.09,미국,오스트리아,대한민국,regulated_to_intermediary,0.0,1127095.0,-0.8285714285714287,3,0.8285714285714287
115,2,크라프트지(1차재심),4804,2012.1,미국,오스트리아,대한민국,regulated_to_intermediary,0.0,1123621.0,-0.8285714285714287,3,0.8285714285714287
115,2,크라프트지(1차재심),4804,2012.11,미국,오스트리아,대한민국,regulated_to_intermediary,0.0,235278.0,-0.8285714285714287,3,0.8285714285714287
115,2,크라프트지(1차재심),4804,2012.12,미국,오스트리아,대한민국,regulated_to_intermediary,0.0,132443.0,-0.8285714285714287,3,0.8285714285714287
115,2,크라프트지(1차재심),4804,2012.04,미국,오스트리아,대한민국,regulated_to_importer,0.0,3140453.0,-0.8285714285714287,3,0.8285714285714287
115,2,크라프트지(1차재심),4804,2012.05,미국,오스트리아,대한민국,regulated_to_importer,0.0,5153788.0,-0.8285714285714287,3,0.8285714285714287
115,2,크라프트지(1차재심),4804,2012.06,미국,오스트리아,대한민국,regulated_to_importer,0.0,4853499.0,-0.8285714285714287,3,0.8285714285714287
115,2,크라프트지(1차재심),4804,2012.07,미국,오스트리아,대한민국,regulated_to_importer,0.0,4905678.0,-0.8285714285714287,3,0.8285714285714287
115,2,크라프트지(1차재심),4804,2012.08,미국,오스트리아,대한민국,regulated_to_importer,0.0,5240280.0,-0.8285714285714287,3,0.8285714285714287
115,2,크라프트지(1차재심),4804,2012.09,미국,오스트리아,대한민국,regulated_to_importer,0.0,4953728.0,-0.8285714285714287,3,0.8285714285714287
115,2,크라프트지(1차재심),4804,2012.1,미국,오스트리아,대한민국,regulated_to_importer,0.0,4950113.0,-0.8285714285714287,3,0.8285714285714287
115,2,크라프트지(1차재심),4804,2012.11,미국,오스트리아,대한민국,regulated_to_importer,0.0,4326817.0,-0.8285714285714287,3,0.8285714285714287
115,2,크라프트지(1차재심),4804,2012.12,미국,오스트리아,대한민국,regulated_to_importer,0.0,5393936.0,-0.8285714285714287,3,0.8285714285714287
116,2,크라프트지(1차재심),4804,2012.04,미국,폴란드,대한민국,regulated_to_intermediary,0.0,62807.0,-0.8285714285714287,1,0.8285714285714287
116,2,크라프트지(1차재심),4804,2012.05,미국,폴란드,대한민국,regulated_to_intermediary,0.0,48058.0,-0.8285714285714287,1,0.8285714285714287
116,2,크라프트지(1차재심),4804,2012.06,미국,폴란드,대한민국,regulated_to_intermediary,0.0,49606.0,-0.8285714285714287,1,0.8285714285714287
116,2,크라프트지(1차재심),4804,2012.07,미국,폴란드,대한민국,regulated_to_intermediary,0.0,80432.0,-0.8285714285714287,1,0.8285714285714287
116,2,크라프트지(1차재심),4804,2012.08,미국,폴란드,대한민국,regulated_to_intermediary,0.0,207310.0,-0.8285714285714287,1,0.8285714285714287
116,2,크라프트지(1차재심),4804,2012.09,미국,폴란드,대한민국,regulated_to_intermediary,0.0,96790.0,-0.8285714285714287,1,0.8285714285714287
116,2,크라프트지(1차재심),4804,2012.1,미국,폴란드,대한민국,regulated_to_intermediary,0.0,102597.0,-0.8285714285714287,1,0.8285714285714287
116,2,크라프트지(1차재심),4804,2012.11,미국,폴란드,대한민국,regulated_to_intermediary,0.0,114217.0,-0.8285714285714287,1,0.8285714285714287
116,2,크라프트지(1차재심),4804,2012.12,미국,폴란드,대한민국,regulated_to_intermediary,0.0,145927.0,-0.8285714285714287,1,0.8285714285714287
116,2,크라프트지(1차재심),4804,2012.04,미국,폴란드,대한민국,regulated_to_importer,0.0,3140453.0,-0.8285714285714287,1,0.8285714285714287
116,2,크라프트지(1차재심),4804,2012.05,미국,폴란드,대한민국,regulated_to_importer,0.0,5153788.0,-0.8285714285714287,1,0.8285714285714287
116,2,크라프트지(1차재심),4804,2012.06,미국,폴란드,대한민국,regulated_to_importer,0.0,4853499.0,-0.8285714285714287,1,0.8285714285714287
116,2,크라프트지(1차재심),4804,2012.07,미국,폴란드,대한민국,regulated_to_importer,0.0,4905678.0,-0.8285714285714287,1,0.8285714285714287
116,2,크라프트지(1차재심),4804,2012.08,미국,폴란드,대한민국,regulated_to_importer,0.0,5240280.0,-0.8285714285714287,1,0.8285714285714287
116,2,크라프트지(1차재심),4804,2012.09,미국,폴란드,대한민국,regulated_to_importer,0.0,4953728.0,-0.8285714285714287,1,0.8285714285714287
116,2,크라프트지(1차재심),4804,2012.1,미국,폴란드,대한민국,regulated_to_importer,0.0,4950113.0,-0.8285714285714287,1,0.8285714285714287
116,2,크라프트지(1차재심),4804,2012.11,미국,폴란드,대한민국,regulated_to_importer,0.0,4326817.0,-0.8285714285714287,1,0.8285714285714287
116,2,크라프트지(1차재심),4804,2012.12,미국,폴란드,대한민국,regulated_to_importer,0.0,5393936.0,-0.8285714285714287,1,0.8285714285714287
117,2,크라프트지(1차재심),4804,2012.04,중국,보스니아-헤르체고비나,대한민국,regulated_to_intermediary,0.0,0.0,-0.8285714285714287,0,0.8285714285714287
117,2,크라프트지(1차재심),4804,2012.05,중국,보스니아-헤르체고비나,대한민국,regulated_to_intermediary,0.0,0.0,-0.8285714285714287,0,0.8285714285714287
117,2,크라프트지(1차재심),4804,2012.06,중국,보스니아-헤르체고비나,대한민국,regulated_to_intermediary,0.0,0.0,-0.8285714285714287,0,0.8285714285714287
117,2,크라프트지(1차재심),4804,2012.07,중국,보스니아-헤르체고비나,대한민국,regulated_to_intermediary,0.0,0.0,-0.8285714285714287,0,0.8285714285714287
117,2,크라프트지(1차재심),4804,2012.08,중국,보스니아-헤르체고비나,대한민국,regulated_to_intermediary,0.0,0.0,-0.8285714285714287,0,0.8285714285714287
117,2,크라프트지(1차재심),4804,2012.09,중국,보스니아-헤르체고비나,대한민국,regulated_to_intermediary,0.0,0.0,-0.8285714285714287,0,0.8285714285714287
117,2,크라프트지(1차재심),4804,2012.1,중국,보스니아-헤르체고비나,대한민국,regulated_to_intermediary,0.0,0.0,-0.8285714285714287,0,0.8285714285714287
117,2,크라프트지(1차재심),4804,2012.11,중국,보스니아-헤르체고비나,대한민국,regulated_to_intermediary,0.0,0.0,-0.8285714285714287,0,0.8285714285714287
117,2,크라프트지(1차재심),4804,2012.12,중국,보스니아-헤르체고비나,대한민국,regulated_to_intermediary,0.0,0.0,-0.8285714285714287,0,0.8285714285714287
117,2,크라프트지(1차재심),4804,2012.04,중국,보스니아-헤르체고비나,대한민국,regulated_to_importer,565530.0,844575.0,-0.8285714285714287,0,0.8285714285714287
117,2,크라프트지(1차재심),4804,2012.05,중국,보스니아-헤르체고비나,대한민국,regulated_to_importer,763747.0,616937.0,-0.8285714285714287,0,0.8285714285714287
117,2,크라프트지(1차재심),4804,2012.06,중국,보스니아-헤르체고비나,대한민국,regulated_to_importer,276187.0,317807.0,-0.8285714285714287,0,0.8285714285714287
117,2,크라프트지(1차재심),4804,2012.07,중국,보스니아-헤르체고비나,대한민국,regulated_to_importer,1463476.0,1199109.0,-0.8285714285714287,0,0.8285714285714287
117,2,크라프트지(1차재심),4804,2012.08,중국,보스니아-헤르체고비나,대한민국,regulated_to_importer,509546.0,441572.0,-0.8285714285714287,0,0.8285714285714287
117,2,크라프트지(1차재심),4804,2012.09,중국,보스니아-헤르체고비나,대한민국,regulated_to_importer,476921.0,408944.0,-0.8285714285714287,0,0.8285714285714287
117,2,크라프트지(1차재심),4804,2012.1,중국,보스니아-헤르체고비나,대한민국,regulated_to_importer,0.0,0.0,-0.8285714285714287,0,0.8285714285714287
117,2,크라프트지(1차재심),4804,2012.11,중국,보스니아-헤르체고비나,대한민국,regulated_to_importer,0.0,0.0,-0.8285714285714287,0,0.8285714285714287
117,2,크라프트지(1차재심),4804,2012.12,중국,보스니아-헤르체고비나,대한민국,regulated_to_importer,0.0,0.0,-0.8285714285714287,0,0.8285714285714287
118,2,크라프트지(1차재심),4804,2012.04,중국,태국,대한민국,regulated_to_intermediary,78506.0,103605.0,-0.8285714285714287,0,0.8285714285714287
118,2,크라프트지(1차재심),4804,2012.05,중국,태국,대한민국,regulated_to_intermediary,312244.0,239442.0,-0.8285714285714287,0,0.8285714285714287
118,2,크라프트지(1차재심),4804,2012.06,중국,태국,대한민국,regulated_to_intermediary,241916.0,149298.0,-0.8285714285714287,0,0.8285714285714287
118,2,크라프트지(1차재심),4804,2012.07,중국,태국,대한민국,regulated_to_intermediary,620322.0,453796.0,-0.8285714285714287,0,0.8285714285714287
118,2,크라프트지(1차재심),4804,2012.08,중국,태국,대한민국,regulated_to_intermediary,458621.0,454175.0,-0.8285714285714287,0,0.8285714285714287
118,2,크라프트지(1차재심),4804,2012.09,중국,태국,대한민국,regulated_to_intermediary,334886.0,849961.0,-0.8285714285714287,0,0.8285714285714287
118,2,크라프트지(1차재심),4804,2012.1,중국,태국,대한민국,regulated_to_intermediary,0.0,0.0,-0.8285714285714287,0,0.8285714285714287
118,2,크라프트지(1차재심),4804,2012.11,중국,태국,대한민국,regulated_to_intermediary,0.0,0.0,-0.8285714285714287,0,0.8285714285714287
118,2,크라프트지(1차재심),4804,2012.12,중국,태국,대한민국,regulated_to_intermediary,0.0,0.0,-0.8285714285714287,0,0.8285714285714287
118,2,크라프트지(1차재심),4804,2012.04,중국,태국,대한민국,regulated_to_importer,565530.0,844575.0,-0.8285714285714287,0,0.8285714285714287
118,2,크라프트지(1차재심),4804,2012.05,중국,태국,대한민국,regulated_to_importer,763747.0,616937.0,-0.8285714285714287,0,0.8285714285714287
118,2,크라프트지(1차재심),4804,2012.06,중국,태국,대한민국,regulated_to_importer,276187.0,317807.0,-0.8285714285714287,0,0.8285714285714287
118,2,크라프트지(1차재심),4804,2012.07,중국,태국,대한민국,regulated_to_importer,1463476.0,1199109.0,-0.8285714285714287,0,0.8285714285714287
118,2,크라프트지(1차재심),4804,2012.08,중국,태국,대한민국,regulated_to_importer,509546.0,441572.0,-0.8285714285714287,0,0.8285714285714287
118,2,크라프트지(1차재심),4804,2012.09,중국,태국,대한민국,regulated_to_importer,476921.0,408944.0,-0.8285714285714287,0,0.8285714285714287
118,2,크라프트지(1차재심),4804,2012.1,중국,태국,대한민국,regulated_to_importer,0.0,0.0,-0.8285714285714287,0,0.8285714285714287
118,2,크라프트지(1차재심),4804,2012.11,중국,태국,대한민국,regulated_to_importer,0.0,0.0,-0.8285714285714287,0,0.8285714285714287
118,2,크라프트지(1차재심),4804,2012.12,중국,태국,대한민국,regulated_to_importer,0.0,0.0,-0.8285714285714287,0,0.8285714285714287
119,2,크라프트지(1차재심),4804,2012.04,중국,프랑스,대한민국,regulated_to_intermediary,0.0,0.0,-0.8285714285714287,3,0.8285714285714287
119,2,크라프트지(1차재심),4804,2012.05,중국,프랑스,대한민국,regulated_to_intermediary,0.0,0.0,-0.8285714285714287,3,0.8285714285714287
119,2,크라프트지(1차재심),4804,2012.06,중국,프랑스,대한민국,regulated_to_intermediary,0.0,0.0,-0.8285714285714287,3,0.8285714285714287
119,2,크라프트지(1차재심),4804,2012.07,중국,프랑스,대한민국,regulated_to_intermediary,0.0,0.0,-0.8285714285714287,3,0.8285714285714287
119,2,크라프트지(1차재심),4804,2012.08,중국,프랑스,대한민국,regulated_to_intermediary,0.0,0.0,-0.8285714285714287,3,0.8285714285714287
119,2,크라프트지(1차재심),4804,2012.09,중국,프랑스,대한민국,regulated_to_intermediary,0.0,0.0,-0.8285714285714287,3,0.8285714285714287
119,2,크라프트지(1차재심),4804,2012.1,중국,프랑스,대한민국,regulated_to_intermediary,0.0,0.0,-0.8285714285714287,3,0.8285714285714287
119,2,크라프트지(1차재심),4804,2012.11,중국,프랑스,대한민국,regulated_to_intermediary,0.0,0.0,-0.8285714285714287,3,0.8285714285714287
119,2,크라프트지(1차재심),4804,2012.12,중국,프랑스,대한민국,regulated_to_intermediary,0.0,0.0,-0.8285714285714287,3,0.8285714285714287
119,2,크라프트지(1차재심),4804,2012.04,중국,프랑스,대한민국,regulated_to_importer,565530.0,844575.0,-0.8285714285714287,3,0.8285714285714287
119,2,크라프트지(1차재심),4804,2012.05,중국,프랑스,대한민국,regulated_to_importer,763747.0,616937.0,-0.8285714285714287,3,0.8285714285714287
119,2,크라프트지(1차재심),4804,2012.06,중국,프랑스,대한민국,regulated_to_importer,276187.0,317807.0,-0.8285714285714287,3,0.8285714285714287
119,2,크라프트지(1차재심),4804,2012.07,중국,프랑스,대한민국,regulated_to_importer,1463476.0,1199109.0,-0.8285714285714287,3,0.8285714285714287
119,2,크라프트지(1차재심),4804,2012.08,중국,프랑스,대한민국,regulated_to_importer,509546.0,441572.0,-0.8285714285714287,3,0.8285714285714287
119,2,크라프트지(1차재심),4804,2012.09,중국,프랑스,대한민국,regulated_to_importer,476921.0,408944.0,-0.8285714285714287,3,0.8285714285714287
119,2,크라프트지(1차재심),4804,2012.1,중국,프랑스,대한민국,regulated_to_importer,0.0,0.0,-0.8285714285714287,3,0.8285714285714287
119,2,크라프트지(1차재심),4804,2012.11,중국,프랑스,대한민국,regulated_to_importer,0.0,0.0,-0.8285714285714287,3,0.8285714285714287
119,2,크라프트지(1차재심),4804,2012.12,중국,프랑스,대한민국,regulated_to_importer,0.0,0.0,-0.8285714285714287,3,0.8285714285714287
120,2,크라프트지(1차재심),4804,2012.04,캐나다,러시아 연방,대한민국,regulated_to_intermediary,0.0,0.0,-0.8285714285714287,1,0.8285714285714287
120,2,크라프트지(1차재심),4804,2012.05,캐나다,러시아 연방,대한민국,regulated_to_intermediary,0.0,0.0,-0.8285714285714287,1,0.8285714285714287
120,2,크라프트지(1차재심),4804,2012.06,캐나다,러시아 연방,대한민국,regulated_to_intermediary,0.0,0.0,-0.8285714285714287,1,0.8285714285714287
120,2,크라프트지(1차재심),4804,2012.07,캐나다,러시아 연방,대한민국,regulated_to_intermediary,0.0,0.0,-0.8285714285714287,1,0.8285714285714287
120,2,크라프트지(1차재심),4804,2012.08,캐나다,러시아 연방,대한민국,regulated_to_intermediary,0.0,0.0,-0.8285714285714287,1,0.8285714285714287
120,2,크라프트지(1차재심),4804,2012.09,캐나다,러시아 연방,대한민국,regulated_to_intermediary,0.0,0.0,-0.8285714285714287,1,0.8285714285714287
120,2,크라프트지(1차재심),4804,2012.1,캐나다,러시아 연방,대한민국,regulated_to_intermediary,0.0,0.0,-0.8285714285714287,1,0.8285714285714287
120,2,크라프트지(1차재심),4804,2012.11,캐나다,러시아 연방,대한민국,regulated_to_intermediary,0.0,0.0,-0.8285714285714287,1,0.8285714285714287
120,2,크라프트지(1차재심),4804,2012.12,캐나다,러시아 연방,대한민국,regulated_to_intermediary,0.0,0.0,-0.8285714285714287,1,0.8285714285714287
120,2,크라프트지(1차재심),4804,2012.04,캐나다,러시아 연방,대한민국,regulated_to_importer,317000.0,317003.844,-0.8285714285714287,1,0.8285714285714287
120,2,크라프트지(1차재심),4804,2012.05,캐나다,러시아 연방,대한민국,regulated_to_importer,160000.0,161077.259,-0.8285714285714287,1,0.8285714285714287
120,2,크라프트지(1차재심),4804,2012.06,캐나다,러시아 연방,대한민국,regulated_to_importer,69000.0,66792.048,-0.8285714285714287,1,0.8285714285714287
120,2,크라프트지(1차재심),4804,2012.07,캐나다,러시아 연방,대한민국,regulated_to_importer,204000.0,207911.316,-0.8285714285714287,1,0.8285714285714287
120,2,크라프트지(1차재심),4804,2012.08,캐나다,러시아 연방,대한민국,regulated_to_importer,0.0,194.529,-0.8285714285714287,1,0.8285714285714287
120,2,크라프트지(1차재심),4804,2012.09,캐나다,러시아 연방,대한민국,regulated_to_importer,129000.0,128157.475,-0.8285714285714287,1,0.8285714285714287
120,2,크라프트지(1차재심),4804,2012.1,캐나다,러시아 연방,대한민국,regulated_to_importer,201000.0,209953.89,-0.8285714285714287,1,0.8285714285714287
120,2,크라프트지(1차재심),4804,2012.11,캐나다,러시아 연방,대한민국,regulated_to_importer,200000.0,192098.027,-0.8285714285714287,1,0.8285714285714287
120,2,크라프트지(1차재심),4804,2012.12,캐나다,러시아 연방,대한민국,regulated_to_importer,155000.0,162044.263,-0.8285714285714287,1,0.8285714285714287
121,2,크라프트지(1차재심),4804,2012.04,캐나다,핀란드,대한민국,regulated_to_intermediary,0.0,0.0,-0.8285714285714287,3,0.8285714285714287
121,2,크라프트지(1차재심),4804,2012.05,캐나다,핀란드,대한민국,regulated_to_intermediary,0.0,0.0,-0.8285714285714287,3,0.8285714285714287
121,2,크라프트지(1차재심),4804,2012.06,캐나다,핀란드,대한민국,regulated_to_intermediary,0.0,0.0,-0.8285714285714287,3,0.8285714285714287
121,2,크라프트지(1차재심),4804,2012.07,캐나다,핀란드,대한민국,regulated_to_intermediary,0.0,0.0,-0.8285714285714287,3,0.8285714285714287
121,2,크라프트지(1차재심),4804,2012.08,캐나다,핀란드,대한민국,regulated_to_intermediary,0.0,0.0,-0.8285714285714287,3,0.8285714285714287
121,2,크라프트지(1차재심),4804,2012.09,캐나다,핀란드,대한민국,regulated_to_intermediary,0.0,0.0,-0.8285714285714287,3,0.8285714285714287
121,2,크라프트지(1차재심),4804,2012.1,캐나다,핀란드,대한민국,regulated_to_intermediary,0.0,0.0,-0.8285714285714287,3,0.8285714285714287
121,2,크라프트지(1차재심),4804,2012.11,캐나다,핀란드,대한민국,regulated_to_intermediary,4000.0,3930.992,-0.8285714285714287,3,0.8285714285714287
121,2,크라프트지(1차재심),4804,2012.12,캐나다,핀란드,대한민국,regulated_to_intermediary,0.0,0.0,-0.8285714285714287,3,0.8285714285714287
121,2,크라프트지(1차재심),4804,2012.04,캐나다,핀란드,대한민국,regulated_to_importer,317000.0,317003.844,-0.8285714285714287,3,0.8285714285714287
121,2,크라프트지(1차재심),4804,2012.05,캐나다,핀란드,대한민국,regulated_to_importer,160000.0,161077.259,-0.8285714285714287,3,0.8285714285714287
121,2,크라프트지(1차재심),4804,2012.06,캐나다,핀란드,대한민국,regulated_to_importer,69000.0,66792.048,-0.8285714285714287,3,0.8285714285714287
121,2,크라프트지(1차재심),4804,2012.07,캐나다,핀란드,대한민국,regulated_to_importer,204000.0,207911.316,-0.8285714285714287,3,0.8285714285714287
121,2,크라프트지(1차재심),4804,2012.08,캐나다,핀란드,대한민국,regulated_to_importer,0.0,194.529,-0.8285714285714287,3,0.8285714285714287
121,2,크라프트지(1차재심),4804,2012.09,캐나다,핀란드,대한민국,regulated_to_importer,129000.0,128157.475,-0.8285714285714287,3,0.8285714285714287
121,2,크라프트지(1차재심),4804,2012.1,캐나다,핀란드,대한민국,regulated_to_importer,201000.0,209953.89,-0.8285714285714287,3,0.8285714285714287
121,2,크라프트지(1차재심),4804,2012.11,캐나다,핀란드,대한민국,regulated_to_importer,200000.0,192098.027,-0.8285714285714287,3,0.8285714285714287
121,2,크라프트지(1차재심),4804,2012.12,캐나다,핀란드,대한민국,regulated_to_importer,155000.0,162044.263,-0.8285714285714287,3,0.8285714285714287
122,6,스테인레스스틸바(2차재심),7222,2013.11,인도,오스트리아,대한민국,regulated_to_intermediary,0.0,0.0,-0.8285714285714287,3,0.8285714285714287
122,6,스테인레스스틸바(2차재심),7222,2013.12,인도,오스트리아,대한민국,regulated_to_intermediary,74000.0,231309.012,-0.8285714285714287,3,0.8285714285714287
122,6,스테인레스스틸바(2차재심),7222,2014.01,인도,오스트리아,대한민국,regulated_to_intermediary,15000.0,42184.542,-0.8285714285714287,3,0.8285714285714287
122,6,스테인레스스틸바(2차재심),7222,2014.02,인도,오스트리아,대한민국,regulated_to_intermediary,43000.0,125094.553,-0.8285714285714287,3,0.8285714285714287
122,6,스테인레스스틸바(2차재심),7222,2014.03,인도,오스트리아,대한민국,regulated_to_intermediary,5000.0,14889.823,-0.8285714285714287,3,0.8285714285714287
122,6,스테인레스스틸바(2차재심),7222,2014.04,인도,오스트리아,대한민국,regulated_to_intermediary,4000.0,13659.471,-0.8285714285714287,3,0.8285714285714287
122,6,스테인레스스틸바(2차재심),7222,2014.05,인도,오스트리아,대한민국,regulated_to_intermediary,0.0,0.0,-0.8285714285714287,3,0.8285714285714287
122,6,스테인레스스틸바(2차재심),7222,2014.06,인도,오스트리아,대한민국,regulated_to_intermediary,4000.0,14592.947,-0.8285714285714287,3,0.8285714285714287
122,6,스테인레스스틸바(2차재심),7222,2014.07,인도,오스트리아,대한민국,regulated_to_intermediary,1000.0,4076.569,-0.8285714285714287,3,0.8285714285714287
122,6,스테인레스스틸바(2차재심),7222,2013.11,인도,오스트리아,대한민국,regulated_to_importer,1068170.0,3021199.16,-0.8285714285714287,3,0.8285714285714287
122,6,스테인레스스틸바(2차재심),7222,2013.12,인도,오스트리아,대한민국,regulated_to_importer,974000.0,2859416.067,-0.8285714285714287,3,0.8285714285714287
122,6,스테인레스스틸바(2차재심),7222,2014.01,인도,오스트리아,대한민국,regulated_to_importer,878238.0,2578523.298,-0.8285714285714287,3,0.8285714285714287
122,6,스테인레스스틸바(2차재심),7222,2014.02,인도,오스트리아,대한민국,regulated_to_importer,1118777.0,2995522.484,-0.8285714285714287,3,0.8285714285714287
122,6,스테인레스스틸바(2차재심),7222,2014.03,인도,오스트리아,대한민국,regulated_to_importer,911345.0,2637623.065,-0.8285714285714287,3,0.8285714285714287
122,6,스테인레스스틸바(2차재심),7222,2014.04,인도,오스트리아,대한민국,regulated_to_importer,992100.0,2670061.37,-0.8285714285714287,3,0.8285714285714287
122,6,스테인레스스틸바(2차재심),7222,2014.05,인도,오스트리아,대한민국,regulated_to_importer,881000.0,2491398.895,-0.8285714285714287,3,0.8285714285714287
122,6,스테인레스스틸바(2차재심),7222,2014.06,인도,오스트리아,대한민국,regulated_to_importer,764495.0,2093169.253,-0.8285714285714287,3,0.8285714285714287
122,6,스테인레스스틸바(2차재심),7222,2014.07,인도,오스트리아,대한민국,regulated_to_importer,1710268.0,5208105.098,-0.8285714285714287,3,0.8285714285714287
123,6,스테인레스스틸바(2차재심),7222,2013.11,일본,이탈리아,대한민국,regulated_to_intermediary,307.0,15071.584,-0.8285714285714287,1,0.8285714285714287
123,6,스테인레스스틸바(2차재심),7222,2013.12,일본,이탈리아,대한민국,regulated_to_intermediary,0.0,0.0,-0.8285714285714287,1,0.8285714285714287
123,6,스테인레스스틸바(2차재심),7222,2014.01,일본,이탈리아,대한민국,regulated_to_intermediary,0.0,0.0,-0.8285714285714287,1,0.8285714285714287
123,6,스테인레스스틸바(2차재심),7222,2014.02,일본,이탈리아,대한민국,regulated_to_intermediary,0.0,0.0,-0.8285714285714287,1,0.8285714285714287
123,6,스테인레스스틸바(2차재심),7222,2014.03,일본,이탈리아,대한민국,regulated_to_intermediary,69.0,2982.29,-0.8285714285714287,1,0.8285714285714287
123,6,스테인레스스틸바(2차재심),7222,2014.04,일본,이탈리아,대한민국,regulated_to_intermediary,0.0,0.0,-0.8285714285714287,1,0.8285714285714287
123,6,스테인레스스틸바(2차재심),7222,2014.05,일본,이탈리아,대한민국,regulated_to_intermediary,310.0,10374.144,-0.8285714285714287,1,0.8285714285714287
123,6,스테인레스스틸바(2차재심),7222,2014.06,일본,이탈리아,대한민국,regulated_to_intermediary,92.0,4429.148,-0.8285714285714287,1,0.8285714285714287
123,6,스테인레스스틸바(2차재심),7222,2014.07,일본,이탈리아,대한민국,regulated_to_intermediary,0.0,0.0,-0.8285714285714287,1,0.8285714285714287
123,6,스테인레스스틸바(2차재심),7222,2013.11,일본,이탈리아,대한민국,regulated_to_importer,424466.0,2010934.112,-0.8285714285714287,1,0.8285714285714287
123,6,스테인레스스틸바(2차재심),7222,2013.12,일본,이탈리아,대한민국,regulated_to_importer,453200.0,2331582.05,-0.8285714285714287,1,0.8285714285714287
123,6,스테인레스스틸바(2차재심),7222,2014.01,일본,이탈리아,대한민국,regulated_to_importer,438493.0,2186978.373,-0.8285714285714287,1,0.8285714285714287
123,6,스테인레스스틸바(2차재심),7222,2014.02,일본,이탈리아,대한민국,regulated_to_importer,737230.0,3813371.574,-0.8285714285714287,1,0.8285714285714287
123,6,스테인레스스틸바(2차재심),7222,2014.03,일본,이탈리아,대한민국,regulated_to_importer,497383.0,2655763.468,-0.8285714285714287,1,0.8285714285714287
123,6,스테인레스스틸바(2차재심),7222,2014.04,일본,이탈리아,대한민국,regulated_to_importer,599529.0,2928900.0,-0.8285714285714287,1,0.8285714285714287
123,6,스테인레스스틸바(2차재심),7222,2014.05,일본,이탈리아,대한민국,regulated_to_importer,404053.0,2099781.76,-0.8285714285714287,1,0.8285714285714287
123,6,스테인레스스틸바(2차재심),7222,2014.06,일본,이탈리아,대한민국,regulated_to_importer,654005.0,2788756.204,-0.8285714285714287,1,0.8285714285714287
123,6,스테인레스스틸바(2차재심),7222,2014.07,일본,이탈리아,대한민국,regulated_to_importer,537030.0,2563757.7,-0.8285714285714287,1,0.8285714285714287
124,7,합판,4412,2013.11,중국,오스트리아,대한민국,regulated_to_intermediary,0.0,0.0,-0.8285714285714287,3,0.8285714285714287
124,7,합판,4412,2013.12,중국,오스트리아,대한민국,regulated_to_intermediary,0.0,0.0,-0.8285714285714287,3,0.8285714285714287
124,7,합판,4412,2014.01,중국,오스트리아,대한민국,regulated_to_intermediary,0.0,0.0,-0.8285714285714287,3,0.8285714285714287
124,7,합판,4412,2014.02,중국,오스트리아,대한민국,regulated_to_intermediary,0.0,0.0,-0.8285714285714287,3,0.8285714285714287
124,7,합판,4412,2014.03,중국,오스트리아,대한민국,regulated_to_intermediary,0.0,0.0,-0.8285714285714287,3,0.8285714285714287
124,7,합판,4412,2014.04,중국,오스트리아,대한민국,regulated_to_intermediary,0.0,0.0,-0.8285714285714287,3,0.8285714285714287
124,7,합판,4412,2014.05,중국,오스트리아,대한민국,regulated_to_intermediary,0.0,0.0,-0.8285714285714287,3,0.8285714285714287
124,7,합판,4412,2014.06,중국,오스트리아,대한민국,regulated_to_intermediary,0.0,0.0,-0.8285714285714287,3,0.8285714285714287
124,7,합판,4412,2014.07,중국,오스트리아,대한민국,regulated_to_intermediary,0.0,0.0,-0.8285714285714287,3,0.8285714285714287
124,7,합판,4412,2013.11,중국,오스트리아,대한민국,regulated_to_importer,0.0,0.0,-0.8285714285714287,3,0.8285714285714287
124,7,합판,4412,2013.12,중국,오스트리아,대한민국,regulated_to_importer,0.0,0.0,-0.8285714285714287,3,0.8285714285714287
124,7,합판,4412,2014.01,중국,오스트리아,대한민국,regulated_to_importer,0.0,0.0,-0.8285714285714287,3,0.8285714285714287
124,7,합판,4412,2014.02,중국,오스트리아,대한민국,regulated_to_importer,0.0,0.0,-0.8285714285714287,3,0.8285714285714287
124,7,합판,4412,2014.03,중국,오스트리아,대한민국,regulated_to_importer,0.0,0.0,-0.8285714285714287,3,0.8285714285714287
124,7,합판,4412,2014.04,중국,오스트리아,대한민국,regulated_to_importer,0.0,0.0,-0.8285714285714287,3,0.8285714285714287
124,7,합판,4412,2014.05,중국,오스트리아,대한민국,regulated_to_importer,0.0,0.0,-0.8285714285714287,3,0.8285714285714287
124,7,합판,4412,2014.06,중국,오스트리아,대한민국,regulated_to_importer,0.0,0.0,-0.8285714285714287,3,0.8285714285714287
124,7,합판,4412,2014.07,중국,오스트리아,대한민국,regulated_to_importer,0.0,0.0,-0.8285714285714287,3,0.8285714285714287
125,8,폴리에스테르 장섬유 연신가공사(2차재심),5402,2013.12,대만,스페인,대한민국,regulated_to_intermediary,0.0,0.0,-0.8285714285714287,3,0.8285714285714287
125,8,폴리에스테르 장섬유 연신가공사(2차재심),5402,2014.01,대만,스페인,대한민국,regulated_to_intermediary,0.0,0.0,-0.8285714285714287,3,0.8285714285714287
125,8,폴리에스테르 장섬유 연신가공사(2차재심),5402,2014.02,대만,스페인,대한민국,regulated_to_intermediary,0.0,0.0,-0.8285714285714287,3,0.8285714285714287
125,8,폴리에스테르 장섬유 연신가공사(2차재심),5402,2014.03,대만,스페인,대한민국,regulated_to_intermediary,0.0,0.0,-0.8285714285714287,3,0.8285714285714287
125,8,폴리에스테르 장섬유 연신가공사(2차재심),5402,2014.04,대만,스페인,대한민국,regulated_to_intermediary,0.0,0.0,-0.8285714285714287,3,0.8285714285714287
125,8,폴리에스테르 장섬유 연신가공사(2차재심),5402,2014.05,대만,스페인,대한민국,regulated_to_intermediary,0.0,0.0,-0.8285714285714287,3,0.8285714285714287
125,8,폴리에스테르 장섬유 연신가공사(2차재심),5402,2014.06,대만,스페인,대한민국,regulated_to_intermediary,0.0,0.0,-0.8285714285714287,3,0.8285714285714287
125,8,폴리에스테르 장섬유 연신가공사(2차재심),5402,2014.07,대만,스페인,대한민국,regulated_to_intermediary,0.0,0.0,-0.8285714285714287,3,0.8285714285714287
125,8,폴리에스테르 장섬유 연신가공사(2차재심),5402,2014.08,대만,스페인,대한민국,regulated_to_intermediary,0.0,0.0,-0.8285714285714287,3,0.8285714285714287
125,8,폴리에스테르 장섬유 연신가공사(2차재심),5402,2013.12,대만,스페인,대한민국,regulated_to_importer,0.0,0.0,-0.8285714285714287,3,0.8285714285714287
125,8,폴리에스테르 장섬유 연신가공사(2차재심),5402,2014.01,대만,스페인,대한민국,regulated_to_importer,0.0,0.0,-0.8285714285714287,3,0.8285714285714287
125,8,폴리에스테르 장섬유 연신가공사(2차재심),5402,2014.02,대만,스페인,대한민국,regulated_to_importer,0.0,0.0,-0.8285714285714287,3,0.8285714285714287
125,8,폴리에스테르 장섬유 연신가공사(2차재심),5402,2014.03,대만,스페인,대한민국,regulated_to_importer,0.0,0.0,-0.8285714285714287,3,0.8285714285714287
125,8,폴리에스테르 장섬유 연신가공사(2차재심),5402,2014.04,대만,스페인,대한민국,regulated_to_importer,0.0,0.0,-0.8285714285714287,3,0.8285714285714287
125,8,폴리에스테르 장섬유 연신가공사(2차재심),5402,2014.05,대만,스페인,대한민국,regulated_to_importer,0.0,0.0,-0.8285714285714287,3,0.8285714285714287
125,8,폴리에스테르 장섬유 연신가공사(2차재심),5402,2014.06,대만,스페인,대한민국,regulated_to_importer,0.0,0.0,-0.8285714285714287,3,0.8285714285714287
125,8,폴리에스테르 장섬유 연신가공사(2차재심),5402,2014.07,대만,스페인,대한민국,regulated_to_importer,0.0,0.0,-0.8285714285714287,3,0.8285714285714287
125,8,폴리에스테르 장섬유 연신가공사(2차재심),5402,2014.08,대만,스페인,대한민국,regulated_to_importer,0.0,0.0,-0.8285714285714287,3,0.8285714285714287
126,8,폴리에스테르 장섬유 연신가공사(2차재심),5402,2013.12,중국,스위스,대한민국,regulated_to_intermediary,0.0,0.0,-0.8285714285714287,0,0.8285714285714287
126,8,폴리에스테르 장섬유 연신가공사(2차재심),5402,2014.01,중국,스위스,대한민국,regulated_to_intermediary,0.0,0.0,-0.8285714285714287,0,0.8285714285714287
126,8,폴리에스테르 장섬유 연신가공사(2차재심),5402,2014.02,중국,스위스,대한민국,regulated_to_intermediary,0.0,0.0,-0.8285714285714287,0,0.8285714285714287
126,8,폴리에스테르 장섬유 연신가공사(2차재심),5402,2014.03,중국,스위스,대한민국,regulated_to_intermediary,0.0,0.0,-0.8285714285714287,0,0.8285714285714287
126,8,폴리에스테르 장섬유 연신가공사(2차재심),5402,2014.04,중국,스위스,대한민국,regulated_to_intermediary,0.0,0.0,-0.8285714285714287,0,0.8285714285714287
126,8,폴리에스테르 장섬유 연신가공사(2차재심),5402,2014.05,중국,스위스,대한민국,regulated_to_intermediary,0.0,0.0,-0.8285714285714287,0,0.8285714285714287
126,8,폴리에스테르 장섬유 연신가공사(2차재심),5402,2014.06,중국,스위스,대한민국,regulated_to_intermediary,0.0,0.0,-0.8285714285714287,0,0.8285714285714287
126,8,폴리에스테르 장섬유 연신가공사(2차재심),5402,2014.07,중국,스위스,대한민국,regulated_to_intermediary,0.0,0.0,-0.8285714285714287,0,0.8285714285714287
126,8,폴리에스테르 장섬유 연신가공사(2차재심),5402,2014.08,중국,스위스,대한민국,regulated_to_intermediary,0.0,0.0,-0.8285714285714287,0,0.8285714285714287
126,8,폴리에스테르 장섬유 연신가공사(2차재심),5402,2013.12,중국,스위스,대한민국,regulated_to_importer,0.0,0.0,-0.8285714285714287,0,0.8285714285714287
126,8,폴리에스테르 장섬유 연신가공사(2차재심),5402,2014.01,중국,스위스,대한민국,regulated_to_importer,0.0,0.0,-0.8285714285714287,0,0.8285714285714287
126,8,폴리에스테르 장섬유 연신가공사(2차재심),5402,2014.02,중국,스위스,대한민국,regulated_to_importer,0.0,0.0,-0.8285714285714287,0,0.8285714285714287
126,8,폴리에스테르 장섬유 연신가공사(2차재심),5402,2014.03,중국,스위스,대한민국,regulated_to_importer,0.0,0.0,-0.8285714285714287,0,0.8285714285714287
126,8,폴리에스테르 장섬유 연신가공사(2차재심),5402,2014.04,중국,스위스,대한민국,regulated_to_importer,0.0,0.0,-0.8285714285714287,0,0.8285714285714287
126,8,폴리에스테르 장섬유 연신가공사(2차재심),5402,2014.05,중국,스위스,대한민국,regulated_to_importer,0.0,0.0,-0.8285714285714287,0,0.8285714285714287
126,8,폴리에스테르 장섬유 연신가공사(2차재심),5402,2014.06,중국,스위스,대한민국,regulated_to_importer,0.0,0.0,-0.8285714285714287,0,0.8285714285714287
126,8,폴리에스테르 장섬유 연신가공사(2차재심),5402,2014.07,중국,스위스,대한민국,regulated_to_importer,0.0,0.0,-0.8285714285714287,0,0.8285714285714287
126,8,폴리에스테르 장섬유 연신가공사(2차재심),5402,2014.08,중국,스위스,대한민국,regulated_to_importer,0.0,0.0,-0.8285714285714287,0,0.8285714285714287
127,8,폴리에스테르 장섬유 연신가공사(2차재심),5402,2013.12,중국,캐나다,대한민국,regulated_to_intermediary,0.0,0.0,-0.8285714285714287,3,0.8285714285714287
127,8,폴리에스테르 장섬유 연신가공사(2차재심),5402,2014.01,중국,캐나다,대한민국,regulated_to_intermediary,0.0,0.0,-0.8285714285714287,3,0.8285714285714287
127,8,폴리에스테르 장섬유 연신가공사(2차재심),5402,2014.02,중국,캐나다,대한민국,regulated_to_intermediary,0.0,0.0,-0.8285714285714287,3,0.8285714285714287
127,8,폴리에스테르 장섬유 연신가공사(2차재심),5402,2014.03,중국,캐나다,대한민국,regulated_to_intermediary,0.0,0.0,-0.8285714285714287,3,0.8285714285714287
127,8,폴리에스테르 장섬유 연신가공사(2차재심),5402,2014.04,중국,캐나다,대한민국,regulated_to_intermediary,0.0,0.0,-0.8285714285714287,3,0.8285714285714287
127,8,폴리에스테르 장섬유 연신가공사(2차재심),5402,2014.05,중국,캐나다,대한민국,regulated_to_intermediary,0.0,0.0,-0.8285714285714287,3,0.8285714285714287
127,8,폴리에스테르 장섬유 연신가공사(2차재심),5402,2014.06,중국,캐나다,대한민국,regulated_to_intermediary,0.0,0.0,-0.8285714285714287,3,0.8285714285714287
127,8,폴리에스테르 장섬유 연신가공사(2차재심),5402,2014.07,중국,캐나다,대한민국,regulated_to_intermediary,0.0,0.0,-0.8285714285714287,3,0.8285714285714287
127,8,폴리에스테르 장섬유 연신가공사(2차재심),5402,2014.08,중국,캐나다,대한민국,regulated_to_intermediary,0.0,0.0,-0.8285714285714287,3,0.8285714285714287
127,8,폴리에스테르 장섬유 연신가공사(2차재심),5402,2013.12,중국,캐나다,대한민국,regulated_to_importer,0.0,0.0,-0.8285714285714287,3,0.8285714285714287
127,8,폴리에스테르 장섬유 연신가공사(2차재심),5402,2014.01,중국,캐나다,대한민국,regulated_to_importer,0.0,0.0,-0.8285714285714287,3,0.8285714285714287
127,8,폴리에스테르 장섬유 연신가공사(2차재심),5402,2014.02,중국,캐나다,대한민국,regulated_to_importer,0.0,0.0,-0.8285714285714287,3,0.8285714285714287
127,8,폴리에스테르 장섬유 연신가공사(2차재심),5402,2014.03,중국,캐나다,대한민국,regulated_to_importer,0.0,0.0,-0.8285714285714287,3,0.8285714285714287
127,8,폴리에스테르 장섬유 연신가공사(2차재심),5402,2014.04,중국,캐나다,대한민국,regulated_to_importer,0.0,0.0,-0.8285714285714287,3,0.8285714285714287
127,8,폴리에스테르 장섬유 연신가공사(2차재심),5402,2014.05,중국,캐나다,대한민국,regulated_to_importer,0.0,0.0,-0.8285714285714287,3,0.8285714285714287
127,8,폴리에스테르 장섬유 연신가공사(2차재심),5402,2014.06,중국,캐나다,대한민국,regulated_to_importer,0.0,0.0,-0.8285714285714287,3,0.8285714285714287
127,8,폴리에스테르 장섬유 연신가공사(2차재심),5402,2014.07,중국,캐나다,대한민국,regulated_to_importer,0.0,0.0,-0.8285714285714287,3,0.8285714285714287
127,8,폴리에스테르 장섬유 연신가공사(2차재심),5402,2014.08,중국,캐나다,대한민국,regulated_to_importer,0.0,0.0,-0.8285714285714287,3,0.8285714285714287
128,9,OPP필름,392020,2013.12,인도네시아,일본,대한민국,regulated_to_intermediary,300147.0,929569.0,-0.8285714285714287,2,0.8285714285714287
128,9,OPP필름,392020,2014.01,인도네시아,일본,대한민국,regulated_to_intermediary,508072.0,1636993.0,-0.8285714285714287,2,0.8285714285714287
128,9,OPP필름,392020,2014.02,인도네시아,일본,대한민국,regulated_to_intermediary,354008.0,1161311.0,-0.8285714285714287,2,0.8285714285714287
128,9,OPP필름,392020,2014.03,인도네시아,일본,대한민국,regulated_to_intermediary,371975.0,1204330.0,-0.8285714285714287,2,0.8285714285714287
128,9,OPP필름,392020,2014.04,인도네시아,일본,대한민국,regulated_to_intermediary,325768.0,1005540.0,-0.8285714285714287,2,0.8285714285714287
128,9,OPP필름,392020,2014.05,인도네시아,일본,대한민국,regulated_to_intermediary,349227.0,1099020.0,-0.8285714285714287,2,0.8285714285714287
128,9,OPP필름,392020,2014.06,인도네시아,일본,대한민국,regulated_to_intermediary,422663.0,1355895.0,-0.8285714285714287,2,0.8285714285714287
128,9,OPP필름,392020,2014.07,인도네시아,일본,대한민국,regulated_to_intermediary,355188.0,1105388.0,-0.8285714285714287,2,0.8285714285714287
128,9,OPP필름,392020,2014.08,인도네시아,일본,대한민국,regulated_to_intermediary,340765.0,1064090.0,-0.8285714285714287,2,0.8285714285714287
128,9,OPP필름,392020,2013.12,인도네시아,일본,대한민국,regulated_to_importer,262539.0,746204.0,-0.8285714285714287,2,0.8285714285714287
128,9,OPP필름,392020,2014.01,인도네시아,일본,대한민국,regulated_to_importer,242426.0,740325.0,-0.8285714285714287,2,0.8285714285714287
128,9,OPP필름,392020,2014.02,인도네시아,일본,대한민국,regulated_to_importer,308855.0,869077.0,-0.8285714285714287,2,0.8285714285714287
128,9,OPP필름,392020,2014.03,인도네시아,일본,대한민국,regulated_to_importer,298769.0,859798.0,-0.8285714285714287,2,0.8285714285714287
128,9,OPP필름,392020,2014.04,인도네시아,일본,대한민국,regulated_to_importer,286364.0,817725.0,-0.8285714285714287,2,0.8285714285714287
128,9,OPP필름,392020,2014.05,인도네시아,일본,대한민국,regulated_to_importer,349575.0,1006947.0,-0.8285714285714287,2,0.8285714285714287
128,9,OPP필름,392020,2014.06,인도네시아,일본,대한민국,regulated_to_importer,365516.0,996585.0,-0.8285714285714287,2,0.8285714285714287
128,9,OPP필름,392020,2014.07,인도네시아,일본,대한민국,regulated_to_importer,242802.0,693602.0,-0.8285714285714287,2,0.8285714285714287
128,9,OPP필름,392020,2014.08,인도네시아,일본,대한민국,regulated_to_importer,524718.0,1500169.0,-0.8285714285714287,2,0.8285714285714287
129,9,OPP필름,392020,2013.12,태국,프랑스,대한민국,regulated_to_intermediary,0.0,0.0,-0.8285714285714287,1,0.8285714285714287
129,9,OPP필름,392020,2014.01,태국,프랑스,대한민국,regulated_to_intermediary,0.0,0.0,-0.8285714285714287,1,0.8285714285714287
129,9,OPP필름,392020,2014.02,태국,프랑스,대한민국,regulated_to_intermediary,940.0,3309.986,-0.8285714285714287,1,0.8285714285714287
129,9,OPP필름,392020,2014.03,태국,프랑스,대한민국,regulated_to_intermediary,0.0,0.0,-0.8285714285714287,1,0.8285714285714287
129,9,OPP필름,392020,2014.04,태국,프랑스,대한민국,regulated_to_intermediary,0.0,0.0,-0.8285714285714287,1,0.8285714285714287
129,9,OPP필름,392020,2014.05,태국,프랑스,대한민국,regulated_to_intermediary,0.0,4.685,-0.8285714285714287,1,0.8285714285714287
129,9,OPP필름,392020,2014.06,태국,프랑스,대한민국,regulated_to_intermediary,0.0,0.0,-0.8285714285714287,1,0.8285714285714287
129,9,OPP필름,392020,2014.07,태국,프랑스,대한민국,regulated_to_intermediary,0.0,0.0,-0.8285714285714287,1,0.8285714285714287
129,9,OPP필름,392020,2014.08,태국,프랑스,대한민국,regulated_to_intermediary,0.0,0.0,-0.8285714285714287,1,0.8285714285714287
129,9,OPP필름,392020,2013.12,태국,프랑스,대한민국,regulated_to_importer,164737.0,371566.0,-0.8285714285714287,1,0.8285714285714287
129,9,OPP필름,392020,2014.01,태국,프랑스,대한민국,regulated_to_importer,33840.0,76941.61,-0.8285714285714287,1,0.8285714285714287
129,9,OPP필름,392020,2014.02,태국,프랑스,대한민국,regulated_to_importer,97498.0,218593.285,-0.8285714285714287,1,0.8285714285714287
129,9,OPP필름,392020,2014.03,태국,프랑스,대한민국,regulated_to_importer,290626.0,673277.588,-0.8285714285714287,1,0.8285714285714287
129,9,OPP필름,392020,2014.04,태국,프랑스,대한민국,regulated_to_importer,191669.0,435755.887,-0.8285714285714287,1,0.8285714285714287
129,9,OPP필름,392020,2014.05,태국,프랑스,대한민국,regulated_to_importer,183669.0,429951.402,-0.8285714285714287,1,0.8285714285714287
129,9,OPP필름,392020,2014.06,태국,프랑스,대한민국,regulated_to_importer,160189.0,366739.157,-0.8285714285714287,1,0.8285714285714287
129,9,OPP필름,392020,2014.07,태국,프랑스,대한민국,regulated_to_importer,163447.0,359356.873,-0.8285714285714287,1,0.8285714285714287
129,9,OPP필름,392020,2014.08,태국,프랑스,대한민국,regulated_to_importer,133614.0,323846.231,-0.8285714285714287,1,0.8285714285714287
130,14,합판(신규공급자조사),4412,2014.02,중국,인도네시아,대한민국,regulated_to_intermediary,0.0,0.0,-0.8285714285714287,2,0.8285714285714287
130,14,합판(신규공급자조사),4412,2014.03,중국,인도네시아,대한민국,regulated_to_intermediary,0.0,0.0,-0.8285714285714287,2,0.8285714285714287
130,14,합판(신규공급자조사),4412,2014.04,중국,인도네시아,대한민국,regulated_to_intermediary,0.0,0.0,-0.8285714285714287,2,0.8285714285714287
130,14,합판(신규공급자조사),4412,2014.05,중국,인도네시아,대한민국,regulated_to_intermediary,0.0,0.0,-0.8285714285714287,2,0.8285714285714287
130,14,합판(신규공급자조사),4412,2014.06,중국,인도네시아,대한민국,regulated_to_intermediary,0.0,0.0,-0.8285714285714287,2,0.8285714285714287
130,14,합판(신규공급자조사),4412,2014.07,중국,인도네시아,대한민국,regulated_to_intermediary,0.0,0.0,-0.8285714285714287,2,0.8285714285714287
130,14,합판(신규공급자조사),4412,2014.08,중국,인도네시아,대한민국,regulated_to_intermediary,0.0,0.0,-0.8285714285714287,2,0.8285714285714287
130,14,합판(신규공급자조사),4412,2014.09,중국,인도네시아,대한민국,regulated_to_intermediary,0.0,0.0,-0.8285714285714287,2,0.8285714285714287
130,14,합판(신규공급자조사),4412,2014.1,중국,인도네시아,대한민국,regulated_to_intermediary,0.0,0.0,-0.8285714285714287,2,0.8285714285714287
130,14,합판(신규공급자조사),4412,2014.02,중국,인도네시아,대한민국,regulated_to_importer,0.0,0.0,-0.8285714285714287,2,0.8285714285714287
130,14,합판(신규공급자조사),4412,2014.03,중국,인도네시아,대한민국,regulated_to_importer,0.0,0.0,-0.8285714285714287,2,0.8285714285714287
130,14,합판(신규공급자조사),4412,2014.04,중국,인도네시아,대한민국,regulated_to_importer,0.0,0.0,-0.8285714285714287,2,0.8285714285714287
130,14,합판(신규공급자조사),4412,2014.05,중국,인도네시아,대한민국,regulated_to_importer,0.0,0.0,-0.8285714285714287,2,0.8285714285714287
130,14,합판(신규공급자조사),4412,2014.06,중국,인도네시아,대한민국,regulated_to_importer,0.0,0.0,-0.8285714285714287,2,0.8285714285714287
130,14,합판(신규공급자조사),4412,2014.07,중국,인도네시아,대한민국,regulated_to_importer,0.0,0.0,-0.8285714285714287,2,0.8285714285714287
130,14,합판(신규공급자조사),4412,2014.08,중국,인도네시아,대한민국,regulated_to_importer,0.0,0.0,-0.8285714285714287,2,0.8285714285714287
130,14,합판(신규공급자조사),4412,2014.09,중국,인도네시아,대한민국,regulated_to_importer,0.0,0.0,-0.8285714285714287,2,0.8285714285714287
130,14,합판(신규공급자조사),4412,2014.1,중국,인도네시아,대한민국,regulated_to_importer,0.0,0.0,-0.8285714285714287,2,0.8285714285714287
131,15,합판(신규공급자조사),4412,2014.02,중국,인도네시아,대한민국,regulated_to_intermediary,0.0,0.0,-0.8285714285714287,2,0.8285714285714287
131,15,합판(신규공급자조사),4412,2014.03,중국,인도네시아,대한민국,regulated_to_intermediary,0.0,0.0,-0.8285714285714287,2,0.8285714285714287
131,15,합판(신규공급자조사),4412,2014.04,중국,인도네시아,대한민국,regulated_to_intermediary,0.0,0.0,-0.8285714285714287,2,0.8285714285714287
131,15,합판(신규공급자조사),4412,2014.05,중국,인도네시아,대한민국,regulated_to_intermediary,0.0,0.0,-0.8285714285714287,2,0.8285714285714287
131,15,합판(신규공급자조사),4412,2014.06,중국,인도네시아,대한민국,regulated_to_intermediary,0.0,0.0,-0.8285714285714287,2,0.8285714285714287
131,15,합판(신규공급자조사),4412,2014.07,중국,인도네시아,대한민국,regulated_to_intermediary,0.0,0.0,-0.8285714285714287,2,0.8285714285714287
131,15,합판(신규공급자조사),4412,2014.08,중국,인도네시아,대한민국,regulated_to_intermediary,0.0,0.0,-0.8285714285714287,2,0.8285714285714287
131,15,합판(신규공급자조사),4412,2014.09,중국,인도네시아,대한민국,regulated_to_intermediary,0.0,0.0,-0.8285714285714287,2,0.8285714285714287
131,15,합판(신규공급자조사),4412,2014.1,중국,인도네시아,대한민국,regulated_to_intermediary,0.0,0.0,-0.8285714285714287,2,0.8285714285714287
131,15,합판(신규공급자조사),4412,2014.02,중국,인도네시아,대한민국,regulated_to_importer,0.0,0.0,-0.8285714285714287,2,0.8285714285714287
131,15,합판(신규공급자조사),4412,2014.03,중국,인도네시아,대한민국,regulated_to_importer,0.0,0.0,-0.8285714285714287,2,0.8285714285714287
131,15,합판(신규공급자조사),4412,2014.04,중국,인도네시아,대한민국,regulated_to_importer,0.0,0.0,-0.8285714285714287,2,0.8285714285714287
131,15,합판(신규공급자조사),4412,2014.05,중국,인도네시아,대한민국,regulated_to_importer,0.0,0.0,-0.8285714285714287,2,0.8285714285714287
131,15,합판(신규공급자조사),4412,2014.06,중국,인도네시아,대한민국,regulated_to_importer,0.0,0.0,-0.8285714285714287,2,0.8285714285714287
131,15,합판(신규공급자조사),4412,2014.07,중국,인도네시아,대한민국,regulated_to_importer,0.0,0.0,-0.8285714285714287,2,0.8285714285714287
131,15,합판(신규공급자조사),4412,2014.08,중국,인도네시아,대한민국,regulated_to_importer,0.0,0.0,-0.8285714285714287,2,0.8285714285714287
131,15,합판(신규공급자조사),4412,2014.09,중국,인도네시아,대한민국,regulated_to_importer,0.0,0.0,-0.8285714285714287,2,0.8285714285714287
131,15,합판(신규공급자조사),4412,2014.1,중국,인도네시아,대한민국,regulated_to_importer,0.0,0.0,-0.8285714285714287,2,0.8285714285714287
132,16,합판(신규공급자조사),4412,2014.02,중국,인도네시아,대한민국,regulated_to_intermediary,0.0,0.0,-0.8285714285714287,2,0.8285714285714287
132,16,합판(신규공급자조사),4412,2014.03,중국,인도네시아,대한민국,regulated_to_intermediary,0.0,0.0,-0.8285714285714287,2,0.8285714285714287
132,16,합판(신규공급자조사),4412,2014.04,중국,인도네시아,대한민국,regulated_to_intermediary,0.0,0.0,-0.8285714285714287,2,0.8285714285714287
132,16,합판(신규공급자조사),4412,2014.05,중국,인도네시아,대한민국,regulated_to_intermediary,0.0,0.0,-0.8285714285714287,2,0.8285714285714287
132,16,합판(신규공급자조사),4412,2014.06,중국,인도네시아,대한민국,regulated_to_intermediary,0.0,0.0,-0.8285714285714287,2,0.8285714285714287
132,16,합판(신규공급자조사),4412,2014.07,중국,인도네시아,대한민국,regulated_to_intermediary,0.0,0.0,-0.8285714285714287,2,0.8285714285714287
132,16,합판(신규공급자조사),4412,2014.08,중국,인도네시아,대한민국,regulated_to_intermediary,0.0,0.0,-0.8285714285714287,2,0.8285714285714287
132,16,합판(신규공급자조사),4412,2014.09,중국,인도네시아,대한민국,regulated_to_intermediary,0.0,0.0,-0.8285714285714287,2,0.8285714285714287
132,16,합판(신규공급자조사),4412,2014.1,중국,인도네시아,대한민국,regulated_to_intermediary,0.0,0.0,-0.8285714285714287,2,0.8285714285714287
132,16,합판(신규공급자조사),4412,2014.02,중국,인도네시아,대한민국,regulated_to_importer,0.0,0.0,-0.8285714285714287,2,0.8285714285714287
132,16,합판(신규공급자조사),4412,2014.03,중국,인도네시아,대한민국,regulated_to_importer,0.0,0.0,-0.8285714285714287,2,0.8285714285714287
132,16,합판(신규공급자조사),4412,2014.04,중국,인도네시아,대한민국,regulated_to_importer,0.0,0.0,-0.8285714285714287,2,0.8285714285714287
132,16,합판(신규공급자조사),4412,2014.05,중국,인도네시아,대한민국,regulated_to_importer,0.0,0.0,-0.8285714285714287,2,0.8285714285714287
132,16,합판(신규공급자조사),4412,2014.06,중국,인도네시아,대한민국,regulated_to_importer,0.0,0.0,-0.8285714285714287,2,0.8285714285714287
132,16,합판(신규공급자조사),4412,2014.07,중국,인도네시아,대한민국,regulated_to_importer,0.0,0.0,-0.8285714285714287,2,0.8285714285714287
132,16,합판(신규공급자조사),4412,2014.08,중국,인도네시아,대한민국,regulated_to_importer,0.0,0.0,-0.8285714285714287,2,0.8285714285714287
132,16,합판(신규공급자조사),4412,2014.09,중국,인도네시아,대한민국,regulated_to_importer,0.0,0.0,-0.8285714285714287,2,0.8285714285714287
132,16,합판(신규공급자조사),4412,2014.1,중국,인도네시아,대한민국,regulated_to_importer,0.0,0.0,-0.8285714285714287,2,0.8285714285714287
133,17,초산에틸(2차재심),291531,2015.11,일본,미국,대한민국,regulated_to_intermediary,0.0,0.0,-0.8285714285714287,2,0.8285714285714287
133,17,초산에틸(2차재심),291531,2015.12,일본,미국,대한민국,regulated_to_intermediary,5.0,17593.29,-0.8285714285714287,2,0.8285714285714287
133,17,초산에틸(2차재심),291531,2016.01,일본,미국,대한민국,regulated_to_intermediary,0.0,0.0,-0.8285714285714287,2,0.8285714285714287
133,17,초산에틸(2차재심),291531,2016.02,일본,미국,대한민국,regulated_to_intermediary,0.0,0.0,-0.8285714285714287,2,0.8285714285714287
133,17,초산에틸(2차재심),291531,2016.03,일본,미국,대한민국,regulated_to_intermediary,5.0,17245.8,-0.8285714285714287,2,0.8285714285714287
133,17,초산에틸(2차재심),291531,2016.04,일본,미국,대한민국,regulated_to_intermediary,0.0,0.0,-0.8285714285714287,2,0.8285714285714287
133,17,초산에틸(2차재심),291531,2016.05,일본,미국,대한민국,regulated_to_intermediary,0.0,0.0,-0.8285714285714287,2,0.8285714285714287
133,17,초산에틸(2차재심),291531,2016.06,일본,미국,대한민국,regulated_to_intermediary,0.0,0.0,-0.8285714285714287,2,0.8285714285714287
133,17,초산에틸(2차재심),291531,2016.07,일본,미국,대한민국,regulated_to_intermediary,0.0,0.0,-0.8285714285714287,2,0.8285714285714287
133,17,초산에틸(2차재심),291531,2015.11,일본,미국,대한민국,regulated_to_importer,0.0,0.0,-0.8285714285714287,2,0.8285714285714287
133,17,초산에틸(2차재심),291531,2015.12,일본,미국,대한민국,regulated_to_importer,0.0,0.0,-0.8285714285714287,2,0.8285714285714287
133,17,초산에틸(2차재심),291531,2016.01,일본,미국,대한민국,regulated_to_importer,0.0,0.0,-0.8285714285714287,2,0.8285714285714287
133,17,초산에틸(2차재심),291531,2016.02,일본,미국,대한민국,regulated_to_importer,0.0,0.0,-0.8285714285714287,2,0.8285714285714287
133,17,초산에틸(2차재심),291531,2016.03,일본,미국,대한민국,regulated_to_importer,0.0,0.0,-0.8285714285714287,2,0.8285714285714287
133,17,초산에틸(2차재심),291531,2016.04,일본,미국,대한민국,regulated_to_importer,0.0,0.0,-0.8285714285714287,2,0.8285714285714287
133,17,초산에틸(2차재심),291531,2016.05,일본,미국,대한민국,regulated_to_importer,0.0,0.0,-0.8285714285714287,2,0.8285714285714287
133,17,초산에틸(2차재심),291531,2016.06,일본,미국,대한민국,regulated_to_importer,0.0,0.0,-0.8285714285714287,2,0.8285714285714287
133,17,초산에틸(2차재심),291531,2016.07,일본,미국,대한민국,regulated_to_importer,0.0,0.0,-0.8285714285714287,2,0.8285714285714287
134,22,합판(2차재심),4412,2017.05,말레이시아,일본,대한민국,regulated_to_intermediary,62910408.94,99028539.394,-0.8285714285714287,1,0.8285714285714287
134,22,합판(2차재심),4412,2017.06,말레이시아,일본,대한민국,regulated_to_intermediary,47628399.456,79338223.244,-0.8285714285714287,1,0.8285714285714287
134,22,합판(2차재심),4412,2017.07,말레이시아,일본,대한민국,regulated_to_intermediary,45759321.736,75093236.032,-0.8285714285714287,1,0.8285714285714287
134,22,합판(2차재심),4412,2017.08,말레이시아,일본,대한민국,regulated_to_intermediary,56993946.53,84463024.564,-0.8285714285714287,1,0.8285714285714287
134,22,합판(2차재심),4412,2017.09,말레이시아,일본,대한민국,regulated_to_intermediary,62401888.228,97388840.202,-0.8285714285714287,1,0.8285714285714287
134,22,합판(2차재심),4412,2017.1,말레이시아,일본,대한민국,regulated_to_intermediary,53233362.67,87518803.262,-0.8285714285714287,1,0.8285714285714287
134,22,합판(2차재심),4412,2017.11,말레이시아,일본,대한민국,regulated_to_intermediary,56484628.068,93462708.504,-0.8285714285714287,1,0.8285714285714287
134,22,합판(2차재심),4412,2017.12,말레이시아,일본,대한민국,regulated_to_intermediary,68291028.066,93264616.226,-0.8285714285714287,1,0.8285714285714287
134,22,합판(2차재심),4412,2018.01,말레이시아,일본,대한민국,regulated_to_intermediary,57214240.562,119031108.812,-0.8285714285714287,1,0.8285714285714287
134,22,합판(2차재심),4412,2017.05,말레이시아,일본,대한민국,regulated_to_importer,13674705.638,21816556.59,-0.8285714285714287,1,0.8285714285714287
134,22,합판(2차재심),4412,2017.06,말레이시아,일본,대한민국,regulated_to_importer,12362807.662,20018074.826,-0.8285714285714287,1,0.8285714285714287
134,22,합판(2차재심),4412,2017.07,말레이시아,일본,대한민국,regulated_to_importer,12918685.218,20134209.792,-0.8285714285714287,1,0.8285714285714287
134,22,합판(2차재심),4412,2017.08,말레이시아,일본,대한민국,regulated_to_importer,14534814.144,24299544.508,-0.8285714285714287,1,0.8285714285714287
134,22,합판(2차재심),4412,2017.09,말레이시아,일본,대한민국,regulated_to_importer,12857998.666,20475993.002,-0.8285714285714287,1,0.8285714285714287
134,22,합판(2차재심),4412,2017.1,말레이시아,일본,대한민국,regulated_to_importer,13785207.95,23162782.064,-0.8285714285714287,1,0.8285714285714287
134,22,합판(2차재심),4412,2017.11,말레이시아,일본,대한민국,regulated_to_importer,18771690.656,30563242.204,-0.8285714285714287,1,0.8285714285714287
134,22,합판(2차재심),4412,2017.12,말레이시아,일본,대한민국,regulated_to_importer,11085271.07,18459015.59,-0.8285714285714287,1,0.8285714285714287
134,22,합판(2차재심),4412,2018.01,말레이시아,일본,대한민국,regulated_to_importer,13398846.854,27800247.158,-0.8285714285714287,1,0.8285714285714287
135,26,PET필름,392062,2018.04,태국,일본,대한민국,regulated_to_intermediary,510504.0,1150434.78,-0.8285714285714287,0,0.8285714285714287
135,26,PET필름,392062,2018.05,태국,일본,대한민국,regulated_to_intermediary,1227046.0,2587625.84,-0.8285714285714287,0,0.8285714285714287
135,26,PET필름,392062,2018.06,태국,일본,대한민국,regulated_to_intermediary,896790.0,2053094.06,-0.8285714285714287,0,0.8285714285714287
135,26,PET필름,392062,2018.07,태국,일본,대한민국,regulated_to_intermediary,1247108.0,2670610.72,-0.8285714285714287,0,0.8285714285714287
135,26,PET필름,392062,2018.08,태국,일본,대한민국,regulated_to_intermediary,920966.0,1964433.36,-0.8285714285714287,0,0.8285714285714287
135,26,PET필름,392062,2018.09,태국,일본,대한민국,regulated_to_intermediary,694762.0,1584731.26,-0.8285714285714287,0,0.8285714285714287
135,26,PET필름,392062,2018.1,태국,일본,대한민국,regulated_to_intermediary,887170.0,2010415.36,-0.8285714285714287,0,0.8285714285714287
135,26,PET필름,392062,2018.11,태국,일본,대한민국,regulated_to_intermediary,733660.0,1607464.8,-0.8285714285714287,0,0.8285714285714287
135,26,PET필름,392062,2018.12,태국,일본,대한민국,regulated_to_intermediary,987616.0,2124187.64,-0.8285714285714287,0,0.8285714285714287
135,26,PET필름,392062,2018.04,태국,일본,대한민국,regulated_to_importer,3970630.0,7226154.279999999,-0.8285714285714287,0,0.8285714285714287
135,26,PET필름,392062,2018.05,태국,일본,대한민국,regulated_to_importer,4407338.0,8452180.98,-0.8285714285714287,0,0.8285714285714287
135,26,PET필름,392062,2018.06,태국,일본,대한민국,regulated_to_importer,4510624.0,8696469.34,-0.8285714285714287,0,0.8285714285714287
135,26,PET필름,392062,2018.07,태국,일본,대한민국,regulated_to_importer,4892974.0,9845679.24,-0.8285714285714287,0,0.8285714285714287
135,26,PET필름,392062,2018.08,태국,일본,대한민국,regulated_to_importer,4781818.0,9906137.86,-0.8285714285714287,0,0.8285714285714287
135,26,PET필름,392062,2018.09,태국,일본,대한민국,regulated_to_importer,4114242.0,8363031.4,-0.8285714285714287,0,0.8285714285714287
135,26,PET필름,392062,2018.1,태국,일본,대한민국,regulated_to_importer,3212276.0,6683885.1,-0.8285714285714287,0,0.8285714285714287
135,26,PET필름,392062,2018.11,태국,일본,대한민국,regulated_to_importer,2968428.0,6241507.66,-0.8285714285714287,0,0.8285714285714287
135,26,PET필름,392062,2018.12,태국,일본,대한민국,regulated_to_importer,4879972.0,9939406.08,-0.8285714285714287,0,0.8285714285714287
136,32,PET필름(3차재심),392062,2019.09,중국,일본,대한민국,regulated_to_intermediary,2626370.0,6546477.0,-0.8285714285714287,1,0.8285714285714287
136,32,PET필름(3차재심),392062,2019.1,중국,일본,대한민국,regulated_to_intermediary,2693700.0,6357516.0,-0.8285714285714287,1,0.8285714285714287
136,32,PET필름(3차재심),392062,2019.11,중국,일본,대한민국,regulated_to_intermediary,2906580.0,7065322.0,-0.8285714285714287,1,0.8285714285714287
136,32,PET필름(3차재심),392062,2019.12,중국,일본,대한민국,regulated_to_intermediary,2487720.0,5871743.0,-0.8285714285714287,1,0.8285714285714287
136,32,PET필름(3차재심),392062,2020.01,중국,일본,대한민국,regulated_to_intermediary,2594910.0,5796485.0,-0.8285714285714287,1,0.8285714285714287
136,32,PET필름(3차재심),392062,2020.02,중국,일본,대한민국,regulated_to_intermediary,1695240.0,3550552.0,-0.8285714285714287,1,0.8285714285714287
136,32,PET필름(3차재심),392062,2020.03,중국,일본,대한민국,regulated_to_intermediary,3699100.0,8797782.0,-0.8285714285714287,1,0.8285714285714287
136,32,PET필름(3차재심),392062,2020.04,중국,일본,대한민국,regulated_to_intermediary,2831350.0,6756604.0,-0.8285714285714287,1,0.8285714285714287
136,32,PET필름(3차재심),392062,2020.05,중국,일본,대한민국,regulated_to_intermediary,2906930.0,6555704.0,-0.8285714285714287,1,0.8285714285714287
136,32,PET필름(3차재심),392062,2019.09,중국,일본,대한민국,regulated_to_importer,2340450.0,6591620.0,-0.8285714285714287,1,0.8285714285714287
136,32,PET필름(3차재심),392062,2019.1,중국,일본,대한민국,regulated_to_importer,1908910.0,5335839.0,-0.8285714285714287,1,0.8285714285714287
136,32,PET필름(3차재심),392062,2019.11,중국,일본,대한민국,regulated_to_importer,1952780.0,4991314.0,-0.8285714285714287,1,0.8285714285714287
136,32,PET필름(3차재심),392062,2019.12,중국,일본,대한민국,regulated_to_importer,2063880.0,5465726.0,-0.8285714285714287,1,0.8285714285714287
136,32,PET필름(3차재심),392062,2020.01,중국,일본,대한민국,regulated_to_importer,2099990.0,6017450.0,-0.8285714285714287,1,0.8285714285714287
136,32,PET필름(3차재심),392062,2020.02,중국,일본,대한민국,regulated_to_importer,1951030.0,4712448.0,-0.8285714285714287,1,0.8285714285714287
136,32,PET필름(3차재심),392062,2020.03,중국,일본,대한민국,regulated_to_importer,3520990.0,9120371.0,-0.8285714285714287,1,0.8285714285714287
136,32,PET필름(3차재심),392062,2020.04,중국,일본,대한민국,regulated_to_importer,3086180.0,6995021.0,-0.8285714285714287,1,0.8285714285714287
136,32,PET필름(3차재심),392062,2020.05,중국,일본,대한민국,regulated_to_importer,3118550.0,6914468.0,-0.8285714285714287,1,0.8285714285714287
137,33,스테인리스 스틸바,7222,2020.05,일본,대만,대한민국,regulated_to_intermediary,0.0,0.0,-0.8285714285714287,3,0.8285714285714287
137,33,스테인리스 스틸바,7222,2020.06,일본,대만,대한민국,regulated_to_intermediary,0.0,0.0,-0.8285714285714287,3,0.8285714285714287
137,33,스테인리스 스틸바,7222,2020.07,일본,대만,대한민국,regulated_to_intermediary,0.0,0.0,-0.8285714285714287,3,0.8285714285714287
137,33,스테인리스 스틸바,7222,2020.08,일본,대만,대한민국,regulated_to_intermediary,0.0,0.0,-0.8285714285714287,3,0.8285714285714287
137,33,스테인리스 스틸바,7222,2020.09,일본,대만,대한민국,regulated_to_intermediary,0.0,0.0,-0.8285714285714287,3,0.8285714285714287
137,33,스테인리스 스틸바,7222,2020.1,일본,대만,대한민국,regulated_to_intermediary,0.0,0.0,-0.8285714285714287,3,0.8285714285714287
137,33,스테인리스 스틸바,7222,2020.11,일본,대만,대한민국,regulated_to_intermediary,0.0,0.0,-0.8285714285714287,3,0.8285714285714287
137,33,스테인리스 스틸바,7222,2020.12,일본,대만,대한민국,regulated_to_intermediary,0.0,0.0,-0.8285714285714287,3,0.8285714285714287
137,33,스테인리스 스틸바,7222,2021.01,일본,대만,대한민국,regulated_to_intermediary,0.0,0.0,-0.8285714285714287,3,0.8285714285714287
137,33,스테인리스 스틸바,7222,2020.05,일본,대만,대한민국,regulated_to_importer,422689.0,1887432.872,-0.8285714285714287,3,0.8285714285714287
137,33,스테인리스 스틸바,7222,2020.06,일본,대만,대한민국,regulated_to_importer,446691.0,2390337.593,-0.8285714285714287,3,0.8285714285714287
137,33,스테인리스 스틸바,7222,2020.07,일본,대만,대한민국,regulated_to_importer,484022.0,2398577.761,-0.8285714285714287,3,0.8285714285714287
137,33,스테인리스 스틸바,7222,2020.08,일본,대만,대한민국,regulated_to_importer,463968.0,2129864.201,-0.8285714285714287,3,0.8285714285714287
137,33,스테인리스 스틸바,7222,2020.09,일본,대만,대한민국,regulated_to_importer,303419.0,1638679.425,-0.8285714285714287,3,0.8285714285714287
137,33,스테인리스 스틸바,7222,2020.1,일본,대만,대한민국,regulated_to_importer,424826.0,2068352.404,-0.8285714285714287,3,0.8285714285714287
137,33,스테인리스 스틸바,7222,2020.11,일본,대만,대한민국,regulated_to_importer,474416.0,2192086.492,-0.8285714285714287,3,0.8285714285714287
137,33,스테인리스 스틸바,7222,2020.12,일본,대만,대한민국,regulated_to_importer,652966.0,2955119.193,-0.8285714285714287,3,0.8285714285714287
137,33,스테인리스 스틸바,7222,2021.01,일본,대만,대한민국,regulated_to_importer,343125.0,2348621.533,-0.8285714285714287,3,0.8285714285714287
138,34,합판,4412,2020.11,말레이시아,라트비아,대한민국,regulated_to_intermediary,0.0,0.0,-0.8285714285714287,3,0.8285714285714287
138,34,합판,4412,2020.12,말레이시아,라트비아,대한민국,regulated_to_intermediary,0.0,0.0,-0.8285714285714287,3,0.8285714285714287
138,34,합판,4412,2021.01,말레이시아,라트비아,대한민국,regulated_to_intermediary,0.0,0.0,-0.8285714285714287,3,0.8285714285714287
138,34,합판,4412,2021.02,말레이시아,라트비아,대한민국,regulated_to_intermediary,0.0,0.0,-0.8285714285714287,3,0.8285714285714287
138,34,합판,4412,2021.03,말레이시아,라트비아,대한민국,regulated_to_intermediary,0.0,0.0,-0.8285714285714287,3,0.8285714285714287
138,34,합판,4412,2021.04,말레이시아,라트비아,대한민국,regulated_to_intermediary,0.0,0.0,-0.8285714285714287,3,0.8285714285714287
138,34,합판,4412,2021.05,말레이시아,라트비아,대한민국,regulated_to_intermediary,0.0,0.0,-0.8285714285714287,3,0.8285714285714287
138,34,합판,4412,2021.06,말레이시아,라트비아,대한민국,regulated_to_intermediary,0.0,0.0,-0.8285714285714287,3,0.8285714285714287
138,34,합판,4412,2021.07,말레이시아,라트비아,대한민국,regulated_to_intermediary,0.0,0.0,-0.8285714285714287,3,0.8285714285714287
138,34,합판,4412,2020.11,말레이시아,라트비아,대한민국,regulated_to_importer,3868271.4,5190414.982,-0.8285714285714287,3,0.8285714285714287
138,34,합판,4412,2020.12,말레이시아,라트비아,대한민국,regulated_to_importer,6600180.234,8130293.766,-0.8285714285714287,3,0.8285714285714287
138,34,합판,4412,2021.01,말레이시아,라트비아,대한민국,regulated_to_importer,2992000.17,7056242.774,-0.8285714285714287,3,0.8285714285714287
138,34,합판,4412,2021.02,말레이시아,라트비아,대한민국,regulated_to_importer,3102395.236,7234058.218,-0.8285714285714287,3,0.8285714285714287
138,34,합판,4412,2021.03,말레이시아,라트비아,대한민국,regulated_to_importer,3213741.564,7349408.93,-0.8285714285714287,3,0.8285714285714287
138,34,합판,4412,2021.04,말레이시아,라트비아,대한민국,regulated_to_importer,2792278.466,5300236.23,-0.8285714285714287,3,0.8285714285714287
138,34,합판,4412,2021.05,말레이시아,라트비아,대한민국,regulated_to_importer,6497086.35,11888652.574,-0.8285714285714287,3,0.8285714285714287
138,34,합판,4412,2021.06,말레이시아,라트비아,대한민국,regulated_to_importer,4172556.766,7633256.18,-0.8285714285714287,3,0.8285714285714287
138,34,합판,4412,2021.07,말레이시아,라트비아,대한민국,regulated_to_importer,3913231.44,9225470.162,-0.8285714285714287,3,0.8285714285714287
139,36,합판,4412,2020.11,베트남,중국,대한민국,regulated_to_intermediary,36406.958,51322.66,-0.8285714285714287,2,0.8285714285714287
139,36,합판,4412,2020.12,베트남,중국,대한민국,regulated_to_intermediary,4379.837,5265.0,-0.8285714285714287,2,0.8285714285714287
139,36,합판,4412,2021.01,베트남,중국,대한민국,regulated_to_intermediary,96998.294,112193.34,-0.8285714285714287,2,0.8285714285714287
139,36,합판,4412,2021.02,베트남,중국,대한민국,regulated_to_intermediary,77885.365,82727.2,-0.8285714285714287,2,0.8285714285714287
139,36,합판,4412,2021.03,베트남,중국,대한민국,regulated_to_intermediary,27119.729,41797.17,-0.8285714285714287,2,0.8285714285714287
139,36,합판,4412,2021.04,베트남,중국,대한민국,regulated_to_intermediary,19202.568,21267.08,-0.8285714285714287,2,0.8285714285714287
139,36,합판,4412,2021.05,베트남,중국,대한민국,regulated_to_intermediary,0.0,0.0,-0.8285714285714287,2,0.8285714285714287
139,36,합판,4412,2021.06,베트남,중국,대한민국,regulated_to_intermediary,3108.641,3542.5,-0.8285714285714287,2,0.8285714285714287
139,36,합판,4412,2021.07,베트남,중국,대한민국,regulated_to_intermediary,6670.732,10500.0,-0.8285714285714287,2,0.8285714285714287
139,36,합판,4412,2020.11,베트남,중국,대한민국,regulated_to_importer,13505268.107,15316015.604,-0.8285714285714287,2,0.8285714285714287
139,36,합판,4412,2020.12,베트남,중국,대한민국,regulated_to_importer,23056690.996,27510001.5,-0.8285714285714287,2,0.8285714285714287
139,36,합판,4412,2021.01,베트남,중국,대한민국,regulated_to_importer,25458123.178,28962167.521,-0.8285714285714287,2,0.8285714285714287
139,36,합판,4412,2021.02,베트남,중국,대한민국,regulated_to_importer,11912669.68,13692870.176,-0.8285714285714287,2,0.8285714285714287
139,36,합판,4412,2021.03,베트남,중국,대한민국,regulated_to_importer,18047862.413,20976511.173,-0.8285714285714287,2,0.8285714285714287
139,36,합판,4412,2021.04,베트남,중국,대한민국,regulated_to_importer,16384830.967,19604240.007,-0.8285714285714287,2,0.8285714285714287
139,36,합판,4412,2021.05,베트남,중국,대한민국,regulated_to_importer,16731388.237,19762615.652,-0.8285714285714287,2,0.8285714285714287
139,36,합판,4412,2021.06,베트남,중국,대한민국,regulated_to_importer,17903009.734,21350851.69,-0.8285714285714287,2,0.8285714285714287
139,36,합판,4412,2021.07,베트남,중국,대한민국,regulated_to_importer,21672706.161,25731390.29,-0.8285714285714287,2,0.8285714285714287
140,37,스테인리스스틸바,7222,2021.01,일본,우크라이나,대한민국,regulated_to_intermediary,0.0,0.0,-0.8285714285714287,2,0.8285714285714287
140,37,스테인리스스틸바,7222,2021.02,일본,우크라이나,대한민국,regulated_to_intermediary,0.0,0.0,-0.8285714285714287,2,0.8285714285714287
140,37,스테인리스스틸바,7222,2021.03,일본,우크라이나,대한민국,regulated_to_intermediary,0.0,0.0,-0.8285714285714287,2,0.8285714285714287
140,37,스테인리스스틸바,7222,2021.04,일본,우크라이나,대한민국,regulated_to_intermediary,0.0,0.0,-0.8285714285714287,2,0.8285714285714287
140,37,스테인리스스틸바,7222,2021.05,일본,우크라이나,대한민국,regulated_to_intermediary,0.0,0.0,-0.8285714285714287,2,0.8285714285714287
140,37,스테인리스스틸바,7222,2021.06,일본,우크라이나,대한민국,regulated_to_intermediary,0.0,0.0,-0.8285714285714287,2,0.8285714285714287
140,37,스테인리스스틸바,7222,2021.07,일본,우크라이나,대한민국,regulated_to_intermediary,0.0,0.0,-0.8285714285714287,2,0.8285714285714287
140,37,스테인리스스틸바,7222,2021.08,일본,우크라이나,대한민국,regulated_to_intermediary,0.0,0.0,-0.8285714285714287,2,0.8285714285714287
140,37,스테인리스스틸바,7222,2021.09,일본,우크라이나,대한민국,regulated_to_intermediary,0.0,0.0,-0.8285714285714287,2,0.8285714285714287
140,37,스테인리스스틸바,7222,2021.01,일본,우크라이나,대한민국,regulated_to_importer,343125.0,2348621.533,-0.8285714285714287,2,0.8285714285714287
140,37,스테인리스스틸바,7222,2021.02,일본,우크라이나,대한민국,regulated_to_importer,485987.0,2596205.034,-0.8285714285714287,2,0.8285714285714287
140,37,스테인리스스틸바,7222,2021.03,일본,우크라이나,대한민국,regulated_to_importer,687248.0,3154268.569,-0.8285714285714287,2,0.8285714285714287
140,37,스테인리스스틸바,7222,2021.04,일본,우크라이나,대한민국,regulated_to_importer,650247.0,3493832.037,-0.8285714285714287,2,0.8285714285714287
140,37,스테인리스스틸바,7222,2021.05,일본,우크라이나,대한민국,regulated_to_importer,601071.0,3311968.567,-0.8285714285714287,2,0.8285714285714287
140,37,스테인리스스틸바,7222,2021.06,일본,우크라이나,대한민국,regulated_to_importer,731827.0,3761185.839,-0.8285714285714287,2,0.8285714285714287
140,37,스테인리스스틸바,7222,2021.07,일본,우크라이나,대한민국,regulated_to_importer,891152.0,4167987.001,-0.8285714285714287,2,0.8285714285714287
140,37,스테인리스스틸바,7222,2021.08,일본,우크라이나,대한민국,regulated_to_importer,542738.0,3078276.973,-0.8285714285714287,2,0.8285714285714287
140,37,스테인리스스틸바,7222,2021.09,일본,우크라이나,대한민국,regulated_to_importer,663971.0,3886032.958,-0.8285714285714287,2,0.8285714285714287
141,40,플로트판유리,7005,2022.04,중국,인도네시아,대한민국,regulated_to_intermediary,269965.0,449237.0,-0.8285714285714287,3,0.8285714285714287
141,40,플로트판유리,7005,2022.05,중국,인도네시아,대한민국,regulated_to_intermediary,107025.0,67315.0,-0.8285714285714287,3,0.8285714285714287
141,40,플로트판유리,7005,2022.06,중국,인도네시아,대한민국,regulated_to_intermediary,219577.0,123507.0,-0.8285714285714287,3,0.8285714285714287
141,40,플로트판유리,7005,2022.07,중국,인도네시아,대한민국,regulated_to_intermediary,153500.0,454290.0,-0.8285714285714287,3,0.8285714285714287
141,40,플로트판유리,7005,2022.08,중국,인도네시아,대한민국,regulated_to_intermediary,102470.0,365336.0,-0.8285714285714287,3,0.8285714285714287
141,40,플로트판유리,7005,2022.09,중국,인도네시아,대한민국,regulated_to_intermediary,154500.0,48532.0,-0.8285714285714287,3,0.8285714285714287
141,40,플로트판유리,7005,2022.1,중국,인도네시아,대한민국,regulated_to_intermediary,123585.0,77829.0,-0.8285714285714287,3,0.8285714285714287
141,40,플로트판유리,7005,2022.11,중국,인도네시아,대한민국,regulated_to_intermediary,508951.0,337126.0,-0.8285714285714287,3,0.8285714285714287
141,40,플로트판유리,7005,2022.12,중국,인도네시아,대한민국,regulated_to_intermediary,389977.0,726221.0,-0.8285714285714287,3,0.8285714285714287
141,40,플로트판유리,7005,2022.04,중국,인도네시아,대한민국,regulated_to_importer,6969555.0,11987842.0,-0.8285714285714287,3,0.8285714285714287
141,40,플로트판유리,7005,2022.05,중국,인도네시아,대한민국,regulated_to_importer,11480575.0,22359887.0,-0.8285714285714287,3,0.8285714285714287
141,40,플로트판유리,7005,2022.06,중국,인도네시아,대한민국,regulated_to_importer,9299268.0,11008712.0,-0.8285714285714287,3,0.8285714285714287
141,40,플로트판유리,7005,2022.07,중국,인도네시아,대한민국,regulated_to_importer,11921001.0,8185663.0,-0.8285714285714287,3,0.8285714285714287
141,40,플로트판유리,7005,2022.08,중국,인도네시아,대한민국,regulated_to_importer,8512381.0,7253688.0,-0.8285714285714287,3,0.8285714285714287
141,40,플로트판유리,7005,2022.09,중국,인도네시아,대한민국,regulated_to_importer,8059393.0,5545854.0,-0.8285714285714287,3,0.8285714285714287
141,40,플로트판유리,7005,2022.1,중국,인도네시아,대한민국,regulated_to_importer,7498510.0,4931361.0,-0.8285714285714287,3,0.8285714285714287
141,40,플로트판유리,7005,2022.11,중국,인도네시아,대한민국,regulated_to_importer,5881422.0,2820734.0,-0.8285714285714287,3,0.8285714285714287
141,40,플로트판유리,7005,2022.12,중국,인도네시아,대한민국,regulated_to_importer,8250906.0,9108478.0,-0.8285714285714287,3,0.8285714285714287
142,41,"인쇄제판용 평면모양 사진 플레이트(옵셋 인쇄판, 더블레이어 제품)",370130,2022.11,중국,홍콩,대한민국,regulated_to_intermediary,112033.029,708592.0,-0.8285714285714287,2,0.8285714285714287
142,41,"인쇄제판용 평면모양 사진 플레이트(옵셋 인쇄판, 더블레이어 제품)",370130,2022.12,중국,홍콩,대한민국,regulated_to_intermediary,131541.0,555236.0,-0.8285714285714287,2,0.8285714285714287
142,41,"인쇄제판용 평면모양 사진 플레이트(옵셋 인쇄판, 더블레이어 제품)",370130,2023.01,중국,홍콩,대한민국,regulated_to_intermediary,38461.0,278356.0,-0.8285714285714287,2,0.8285714285714287
142,41,"인쇄제판용 평면모양 사진 플레이트(옵셋 인쇄판, 더블레이어 제품)",370130,2023.02,중국,홍콩,대한민국,regulated_to_intermediary,73356.0,342865.0,-0.8285714285714287,2,0.8285714285714287
142,41,"인쇄제판용 평면모양 사진 플레이트(옵셋 인쇄판, 더블레이어 제품)",370130,2023.03,중국,홍콩,대한민국,regulated_to_intermediary,195721.0,1040696.0,-0.8285714285714287,2,0.8285714285714287
142,41,"인쇄제판용 평면모양 사진 플레이트(옵셋 인쇄판, 더블레이어 제품)",370130,2023.04,중국,홍콩,대한민국,regulated_to_intermediary,111957.812,725386.0,-0.8285714285714287,2,0.8285714285714287
142,41,"인쇄제판용 평면모양 사진 플레이트(옵셋 인쇄판, 더블레이어 제품)",370130,2023.05,중국,홍콩,대한민국,regulated_to_intermediary,82442.279,354371.0,-0.8285714285714287,2,0.8285714285714287
142,41,"인쇄제판용 평면모양 사진 플레이트(옵셋 인쇄판, 더블레이어 제품)",370130,2023.06,중국,홍콩,대한민국,regulated_to_intermediary,107588.0,652736.0,-0.8285714285714287,2,0.8285714285714287
142,41,"인쇄제판용 평면모양 사진 플레이트(옵셋 인쇄판, 더블레이어 제품)",370130,2023.07,중국,홍콩,대한민국,regulated_to_intermediary,104105.0,432479.0,-0.8285714285714287,2,0.8285714285714287
142,41,"인쇄제판용 평면모양 사진 플레이트(옵셋 인쇄판, 더블레이어 제품)",370130,2022.11,중국,홍콩,대한민국,regulated_to_importer,1610499.529,6839025.0,-0.8285714285714287,2,0.8285714285714287
142,41,"인쇄제판용 평면모양 사진 플레이트(옵셋 인쇄판, 더블레이어 제품)",370130,2022.12,중국,홍콩,대한민국,regulated_to_importer,2051852.509,8646236.0,-0.8285714285714287,2,0.8285714285714287
142,41,"인쇄제판용 평면모양 사진 플레이트(옵셋 인쇄판, 더블레이어 제품)",370130,2023.01,중국,홍콩,대한민국,regulated_to_importer,2155258.875,8967500.0,-0.8285714285714287,2,0.8285714285714287
142,41,"인쇄제판용 평면모양 사진 플레이트(옵셋 인쇄판, 더블레이어 제품)",370130,2023.02,중국,홍콩,대한민국,regulated_to_importer,1978286.033,8377583.0,-0.8285714285714287,2,0.8285714285714287
142,41,"인쇄제판용 평면모양 사진 플레이트(옵셋 인쇄판, 더블레이어 제품)",370130,2023.03,중국,홍콩,대한민국,regulated_to_importer,1668965.0,7356877.0,-0.8285714285714287,2,0.8285714285714287
142,41,"인쇄제판용 평면모양 사진 플레이트(옵셋 인쇄판, 더블레이어 제품)",370130,2023.04,중국,홍콩,대한민국,regulated_to_importer,2027654.0,8593971.0,-0.8285714285714287,2,0.8285714285714287
142,41,"인쇄제판용 평면모양 사진 플레이트(옵셋 인쇄판, 더블레이어 제품)",370130,2023.05,중국,홍콩,대한민국,regulated_to_importer,1582628.919,6501070.0,-0.8285714285714287,2,0.8285714285714287
142,41,"인쇄제판용 평면모양 사진 플레이트(옵셋 인쇄판, 더블레이어 제품)",370130,2023.06,중국,홍콩,대한민국,regulated_to_importer,1715334.0,7379770.0,-0.8285714285714287,2,0.8285714285714287
142,41,"인쇄제판용 평면모양 사진 플레이트(옵셋 인쇄판, 더블레이어 제품)",370130,2023.07,중국,홍콩,대한민국,regulated_to_importer,2035607.0,8061009.0,-0.8285714285714287,2,0.8285714285714287
143,44,이음매없는동관,7411,2023.03,중국,미국,대한민국,regulated_to_intermediary,1103990.0,12434694.0,-0.8285714285714287,1,0.8285714285714287
143,44,이음매없는동관,7411,2023.04,중국,미국,대한민국,regulated_to_intermediary,832947.0,9374443.0,-0.8285714285714287,1,0.8285714285714287
143,44,이음매없는동관,7411,2023.05,중국,미국,대한민국,regulated_to_intermediary,1352328.0,15785645.0,-0.8285714285714287,1,0.8285714285714287
143,44,이음매없는동관,7411,2023.06,중국,미국,대한민국,regulated_to_intermediary,1031230.0,11947928.0,-0.8285714285714287,1,0.8285714285714287
143,44,이음매없는동관,7411,2023.07,중국,미국,대한민국,regulated_to_intermediary,644402.0,7404296.0,-0.8285714285714287,1,0.8285714285714287
143,44,이음매없는동관,7411,2023.08,중국,미국,대한민국,regulated_to_intermediary,811892.0,8677417.0,-0.8285714285714287,1,0.8285714285714287
143,44,이음매없는동관,7411,2023.09,중국,미국,대한민국,regulated_to_intermediary,976800.0,11133673.0,-0.8285714285714287,1,0.8285714285714287
143,44,이음매없는동관,7411,2023.1,중국,미국,대한민국,regulated_to_intermediary,910075.0,10345396.0,-0.8285714285714287,1,0.8285714285714287
143,44,이음매없는동관,7411,2023.11,중국,미국,대한민국,regulated_to_intermediary,927211.0,10207415.0,-0.8285714285714287,1,0.8285714285714287
143,44,이음매없는동관,7411,2023.03,중국,미국,대한민국,regulated_to_importer,802677.5,8633435.0,-0.8285714285714287,1,0.8285714285714287
143,44,이음매없는동관,7411,2023.04,중국,미국,대한민국,regulated_to_importer,592473.0,6590211.0,-0.8285714285714287,1,0.8285714285714287
143,44,이음매없는동관,7411,2023.05,중국,미국,대한민국,regulated_to_importer,406476.007,4661238.0,-0.8285714285714287,1,0.8285714285714287
143,44,이음매없는동관,7411,2023.06,중국,미국,대한민국,regulated_to_importer,642389.549,6570044.0,-0.8285714285714287,1,0.8285714285714287
143,44,이음매없는동관,7411,2023.07,중국,미국,대한민국,regulated_to_importer,538010.0,5212689.0,-0.8285714285714287,1,0.8285714285714287
143,44,이음매없는동관,7411,2023.08,중국,미국,대한민국,regulated_to_importer,574313.0,6150407.0,-0.8285714285714287,1,0.8285714285714287
143,44,이음매없는동관,7411,2023.09,중국,미국,대한민국,regulated_to_importer,574686.0,5648981.0,-0.8285714285714287,1,0.8285714285714287
143,44,이음매없는동관,7411,2023.1,중국,미국,대한민국,regulated_to_importer,428969.0,4343846.0,-0.8285714285714287,1,0.8285714285714287
143,44,이음매없는동관,7411,2023.11,중국,미국,대한민국,regulated_to_importer,503242.0,4897619.0,-0.8285714285714287,1,0.8285714285714287
144,48,도공(coated) 인쇄용지,4810,2024.03,핀란드,대만,대한민국,regulated_to_intermediary,0.0,0.0,-0.8285714285714287,2,0.8285714285714287
144,48,도공(coated) 인쇄용지,4810,2024.04,핀란드,대만,대한민국,regulated_to_intermediary,0.0,0.0,-0.8285714285714287,2,0.8285714285714287
144,48,도공(coated) 인쇄용지,4810,2024.05,핀란드,대만,대한민국,regulated_to_intermediary,0.0,0.0,-0.8285714285714287,2,0.8285714285714287
144,48,도공(coated) 인쇄용지,4810,2024.06,핀란드,대만,대한민국,regulated_to_intermediary,0.0,0.0,-0.8285714285714287,2,0.8285714285714287
144,48,도공(coated) 인쇄용지,4810,2024.07,핀란드,대만,대한민국,regulated_to_intermediary,0.0,0.0,-0.8285714285714287,2,0.8285714285714287
144,48,도공(coated) 인쇄용지,4810,2024.08,핀란드,대만,대한민국,regulated_to_intermediary,0.0,0.0,-0.8285714285714287,2,0.8285714285714287
144,48,도공(coated) 인쇄용지,4810,2024.09,핀란드,대만,대한민국,regulated_to_intermediary,0.0,0.0,-0.8285714285714287,2,0.8285714285714287
144,48,도공(coated) 인쇄용지,4810,2024.1,핀란드,대만,대한민국,regulated_to_intermediary,0.0,0.0,-0.8285714285714287,2,0.8285714285714287
144,48,도공(coated) 인쇄용지,4810,2024.11,핀란드,대만,대한민국,regulated_to_intermediary,0.0,0.0,-0.8285714285714287,2,0.8285714285714287
144,48,도공(coated) 인쇄용지,4810,2024.03,핀란드,대만,대한민국,regulated_to_importer,548534.0,394247.716,-0.8285714285714287,2,0.8285714285714287
144,48,도공(coated) 인쇄용지,4810,2024.04,핀란드,대만,대한민국,regulated_to_importer,1453794.0,1152198.102,-0.8285714285714287,2,0.8285714285714287
144,48,도공(coated) 인쇄용지,4810,2024.05,핀란드,대만,대한민국,regulated_to_importer,4420742.0,3446488.242,-0.8285714285714287,2,0.8285714285714287
144,48,도공(coated) 인쇄용지,4810,2024.06,핀란드,대만,대한민국,regulated_to_importer,2231726.0,1665211.314,-0.8285714285714287,2,0.8285714285714287
144,48,도공(coated) 인쇄용지,4810,2024.07,핀란드,대만,대한민국,regulated_to_importer,2457988.0,1970385.772,-0.8285714285714287,2,0.8285714285714287
144,48,도공(coated) 인쇄용지,4810,2024.08,핀란드,대만,대한민국,regulated_to_importer,2828914.0,2101452.45,-0.8285714285714287,2,0.8285714285714287
144,48,도공(coated) 인쇄용지,4810,2024.09,핀란드,대만,대한민국,regulated_to_importer,1387110.0,993051.874,-0.8285714285714287,2,0.8285714285714287
144,48,도공(coated) 인쇄용지,4810,2024.1,핀란드,대만,대한민국,regulated_to_importer,1655526.0,1168989.702,-0.8285714285714287,2,0.8285714285714287
144,48,도공(coated) 인쇄용지,4810,2024.11,핀란드,대만,대한민국,regulated_to_importer,1204225.062,950966.196,-0.8285714285714287,2,0.8285714285714287
145,53,PET수지,390761,2024.11,중국,이스라엘,대한민국,regulated_to_intermediary,5117000.0,4332368.0,-0.8285714285714287,3,0.8285714285714287
145,53,PET수지,390761,2024.12,중국,이스라엘,대한민국,regulated_to_intermediary,5712400.0,4841715.0,-0.8285714285714287,3,0.8285714285714287
145,53,PET수지,390761,2025.01,중국,이스라엘,대한민국,regulated_to_intermediary,0.0,0.0,-0.8285714285714287,3,0.8285714285714287
145,53,PET수지,390761,2025.02,중국,이스라엘,대한민국,regulated_to_intermediary,0.0,0.0,-0.8285714285714287,3,0.8285714285714287
145,53,PET수지,390761,2025.03,중국,이스라엘,대한민국,regulated_to_intermediary,0.0,0.0,-0.8285714285714287,3,0.8285714285714287
145,53,PET수지,390761,2025.04,중국,이스라엘,대한민국,regulated_to_intermediary,0.0,0.0,-0.8285714285714287,3,0.8285714285714287
145,53,PET수지,390761,2025.05,중국,이스라엘,대한민국,regulated_to_intermediary,0.0,0.0,-0.8285714285714287,3,0.8285714285714287
145,53,PET수지,390761,2025.06,중국,이스라엘,대한민국,regulated_to_intermediary,0.0,0.0,-0.8285714285714287,3,0.8285714285714287
145,53,PET수지,390761,2025.07,중국,이스라엘,대한민국,regulated_to_intermediary,0.0,0.0,-0.8285714285714287,3,0.8285714285714287
145,53,PET수지,390761,2024.11,중국,이스라엘,대한민국,regulated_to_importer,21175700.0,17646440.0,-0.8285714285714287,3,0.8285714285714287
145,53,PET수지,390761,2024.12,중국,이스라엘,대한민국,regulated_to_importer,16443700.0,13226821.0,-0.8285714285714287,3,0.8285714285714287
145,53,PET수지,390761,2025.01,중국,이스라엘,대한민국,regulated_to_importer,0.0,0.0,-0.8285714285714287,3,0.8285714285714287
145,53,PET수지,390761,2025.02,중국,이스라엘,대한민국,regulated_to_importer,0.0,0.0,-0.8285714285714287,3,0.8285714285714287
145,53,PET수지,390761,2025.03,중국,이스라엘,대한민국,regulated_to_importer,0.0,0.0,-0.8285714285714287,3,0.8285714285714287
145,53,PET수지,390761,2025.04,중국,이스라엘,대한민국,regulated_to_importer,0.0,0.0,-0.8285714285714287,3,0.8285714285714287
145,53,PET수지,390761,2025.05,중국,이스라엘,대한민국,regulated_to_importer,0.0,0.0,-0.8285714285714287,3,0.8285714285714287
145,53,PET수지,390761,2025.06,중국,이스라엘,대한민국,regulated_to_importer,0.0,0.0,-0.8285714285714287,3,0.8285714285714287
145,53,PET수지,390761,2025.07,중국,이스라엘,대한민국,regulated_to_importer,0.0,0.0,-0.8285714285714287,3,0.8285714285714287
146,54,OPP필름,392020,2025.04,중국,독일,대한민국,regulated_to_intermediary,0.0,0.0,-0.8285714285714287,1,0.8285714285714287
146,54,OPP필름,392020,2025.05,중국,독일,대한민국,regulated_to_intermediary,0.0,0.0,-0.8285714285714287,1,0.8285714285714287
146,54,OPP필름,392020,2025.06,중국,독일,대한민국,regulated_to_intermediary,0.0,0.0,-0.8285714285714287,1,0.8285714285714287
146,54,OPP필름,392020,2025.07,중국,독일,대한민국,regulated_to_intermediary,0.0,0.0,-0.8285714285714287,1,0.8285714285714287
146,54,OPP필름,392020,2025.08,중국,독일,대한민국,regulated_to_intermediary,0.0,0.0,-0.8285714285714287,1,0.8285714285714287
146,54,OPP필름,392020,2025.09,중국,독일,대한민국,regulated_to_intermediary,0.0,0.0,-0.8285714285714287,1,0.8285714285714287
146,54,OPP필름,392020,2025.1,중국,독일,대한민국,regulated_to_intermediary,0.0,0.0,-0.8285714285714287,1,0.8285714285714287
146,54,OPP필름,392020,2025.11,중국,독일,대한민국,regulated_to_intermediary,0.0,0.0,-0.8285714285714287,1,0.8285714285714287
146,54,OPP필름,392020,2025.12,중국,독일,대한민국,regulated_to_intermediary,0.0,0.0,-0.8285714285714287,1,0.8285714285714287
146,54,OPP필름,392020,2025.04,중국,독일,대한민국,regulated_to_importer,0.0,0.0,-0.8285714285714287,1,0.8285714285714287
146,54,OPP필름,392020,2025.05,중국,독일,대한민국,regulated_to_importer,0.0,0.0,-0.8285714285714287,1,0.8285714285714287
146,54,OPP필름,392020,2025.06,중국,독일,대한민국,regulated_to_importer,0.0,0.0,-0.8285714285714287,1,0.8285714285714287
146,54,OPP필름,392020,2025.07,중국,독일,대한민국,regulated_to_importer,0.0,0.0,-0.8285714285714287,1,0.8285714285714287
146,54,OPP필름,392020,2025.08,중국,독일,대한민국,regulated_to_importer,0.0,0.0,-0.8285714285714287,1,0.8285714285714287
146,54,OPP필름,392020,2025.09,중국,독일,대한민국,regulated_to_importer,0.0,0.0,-0.8285714285714287,1,0.8285714285714287
146,54,OPP필름,392020,2025.1,중국,독일,대한민국,regulated_to_importer,0.0,0.0,-0.8285714285714287,1,0.8285714285714287
146,54,OPP필름,392020,2025.11,중국,독일,대한민국,regulated_to_importer,0.0,0.0,-0.8285714285714287,1,0.8285714285714287
146,54,OPP필름,392020,2025.12,중국,독일,대한민국,regulated_to_importer,0.0,0.0,-0.8285714285714287,1,0.8285714285714287
147,54,OPP필름,392020,2025.04,중국,말레이시아,대한민국,regulated_to_intermediary,0.0,0.0,-0.8285714285714287,1,0.8285714285714287
147,54,OPP필름,392020,2025.05,중국,말레이시아,대한민국,regulated_to_intermediary,0.0,0.0,-0.8285714285714287,1,0.8285714285714287
147,54,OPP필름,392020,2025.06,중국,말레이시아,대한민국,regulated_to_intermediary,0.0,0.0,-0.8285714285714287,1,0.8285714285714287
147,54,OPP필름,392020,2025.07,중국,말레이시아,대한민국,regulated_to_intermediary,0.0,0.0,-0.8285714285714287,1,0.8285714285714287
147,54,OPP필름,392020,2025.08,중국,말레이시아,대한민국,regulated_to_intermediary,0.0,0.0,-0.8285714285714287,1,0.8285714285714287
147,54,OPP필름,392020,2025.09,중국,말레이시아,대한민국,regulated_to_intermediary,0.0,0.0,-0.8285714285714287,1,0.8285714285714287
147,54,OPP필름,392020,2025.1,중국,말레이시아,대한민국,regulated_to_intermediary,0.0,0.0,-0.8285714285714287,1,0.8285714285714287
147,54,OPP필름,392020,2025.11,중국,말레이시아,대한민국,regulated_to_intermediary,0.0,0.0,-0.8285714285714287,1,0.8285714285714287
147,54,OPP필름,392020,2025.12,중국,말레이시아,대한민국,regulated_to_intermediary,0.0,0.0,-0.8285714285714287,1,0.8285714285714287
147,54,OPP필름,392020,2025.04,중국,말레이시아,대한민국,regulated_to_importer,0.0,0.0,-0.8285714285714287,1,0.8285714285714287
147,54,OPP필름,392020,2025.05,중국,말레이시아,대한민국,regulated_to_importer,0.0,0.0,-0.8285714285714287,1,0.8285714285714287
147,54,OPP필름,392020,2025.06,중국,말레이시아,대한민국,regulated_to_importer,0.0,0.0,-0.8285714285714287,1,0.8285714285714287
147,54,OPP필름,392020,2025.07,중국,말레이시아,대한민국,regulated_to_importer,0.0,0.0,-0.8285714285714287,1,0.8285714285714287
147,54,OPP필름,392020,2025.08,중국,말레이시아,대한민국,regulated_to_importer,0.0,0.0,-0.8285714285714287,1,0.8285714285714287
147,54,OPP필름,392020,2025.09,중국,말레이시아,대한민국,regulated_to_importer,0.0,0.0,-0.8285714285714287,1,0.8285714285714287
147,54,OPP필름,392020,2025.1,중국,말레이시아,대한민국,regulated_to_importer,0.0,0.0,-0.8285714285714287,1,0.8285714285714287
147,54,OPP필름,392020,2025.11,중국,말레이시아,대한민국,regulated_to_importer,0.0,0.0,-0.8285714285714287,1,0.8285714285714287
147,54,OPP필름,392020,2025.12,중국,말레이시아,대한민국,regulated_to_importer,0.0,0.0,-0.8285714285714287,1,0.8285714285714287
148,54,OPP필름,392020,2025.04,태국,인도,대한민국,regulated_to_intermediary,0.0,0.0,-0.8285714285714287,1,0.8285714285714287
148,54,OPP필름,392020,2025.05,태국,인도,대한민국,regulated_to_intermediary,0.0,0.0,-0.8285714285714287,1,0.8285714285714287
148,54,OPP필름,392020,2025.06,태국,인도,대한민국,regulated_to_intermediary,0.0,0.0,-0.8285714285714287,1,0.8285714285714287
148,54,OPP필름,392020,2025.07,태국,인도,대한민국,regulated_to_intermediary,0.0,0.0,-0.8285714285714287,1,0.8285714285714287
148,54,OPP필름,392020,2025.08,태국,인도,대한민국,regulated_to_intermediary,0.0,0.0,-0.8285714285714287,1,0.8285714285714287
148,54,OPP필름,392020,2025.09,태국,인도,대한민국,regulated_to_intermediary,0.0,0.0,-0.8285714285714287,1,0.8285714285714287
148,54,OPP필름,392020,2025.1,태국,인도,대한민국,regulated_to_intermediary,0.0,0.0,-0.8285714285714287,1,0.8285714285714287
148,54,OPP필름,392020,2025.11,태국,인도,대한민국,regulated_to_intermediary,0.0,0.0,-0.8285714285714287,1,0.8285714285714287
148,54,OPP필름,392020,2025.12,태국,인도,대한민국,regulated_to_intermediary,0.0,0.0,-0.8285714285714287,1,0.8285714285714287
148,54,OPP필름,392020,2025.04,태국,인도,대한민국,regulated_to_importer,0.0,0.0,-0.8285714285714287,1,0.8285714285714287
148,54,OPP필름,392020,2025.05,태국,인도,대한민국,regulated_to_importer,0.0,0.0,-0.8285714285714287,1,0.8285714285714287
148,54,OPP필름,392020,2025.06,태국,인도,대한민국,regulated_to_importer,0.0,0.0,-0.8285714285714287,1,0.8285714285714287
148,54,OPP필름,392020,2025.07,태국,인도,대한민국,regulated_to_importer,0.0,0.0,-0.8285714285714287,1,0.8285714285714287
148,54,OPP필름,392020,2025.08,태국,인도,대한민국,regulated_to_importer,0.0,0.0,-0.8285714285714287,1,0.8285714285714287
148,54,OPP필름,392020,2025.09,태국,인도,대한민국,regulated_to_importer,0.0,0.0,-0.8285714285714287,1,0.8285714285714287
148,54,OPP필름,392020,2025.1,태국,인도,대한민국,regulated_to_importer,0.0,0.0,-0.8285714285714287,1,0.8285714285714287
148,54,OPP필름,392020,2025.11,태국,인도,대한민국,regulated_to_importer,0.0,0.0,-0.8285714285714287,1,0.8285714285714287
148,54,OPP필름,392020,2025.12,태국,인도,대한민국,regulated_to_importer,0.0,0.0,-0.8285714285714287,1,0.8285714285714287
149,56,석유수지,391110,2025.08,대만,네덜란드,대한민국,regulated_to_intermediary,0.0,0.0,-0.8285714285714287,2,0.8285714285714287
149,56,석유수지,391110,2025.09,대만,네덜란드,대한민국,regulated_to_intermediary,0.0,0.0,-0.8285714285714287,2,0.8285714285714287
149,56,석유수지,391110,2025.1,대만,네덜란드,대한민국,regulated_to_intermediary,0.0,0.0,-0.8285714285714287,2,0.8285714285714287
149,56,석유수지,391110,2025.11,대만,네덜란드,대한민국,regulated_to_intermediary,0.0,0.0,-0.8285714285714287,2,0.8285714285714287
149,56,석유수지,391110,2025.12,대만,네덜란드,대한민국,regulated_to_intermediary,0.0,0.0,-0.8285714285714287,2,0.8285714285714287
149,56,석유수지,391110,2026.01,대만,네덜란드,대한민국,regulated_to_intermediary,0.0,0.0,-0.8285714285714287,2,0.8285714285714287
149,56,석유수지,391110,2026.02,대만,네덜란드,대한민국,regulated_to_intermediary,0.0,0.0,-0.8285714285714287,2,0.8285714285714287
149,56,석유수지,391110,2026.03,대만,네덜란드,대한민국,regulated_to_intermediary,0.0,0.0,-0.8285714285714287,2,0.8285714285714287
149,56,석유수지,391110,2026.04,대만,네덜란드,대한민국,regulated_to_intermediary,0.0,0.0,-0.8285714285714287,2,0.8285714285714287
149,56,석유수지,391110,2025.08,대만,네덜란드,대한민국,regulated_to_importer,0.0,0.0,-0.8285714285714287,2,0.8285714285714287
149,56,석유수지,391110,2025.09,대만,네덜란드,대한민국,regulated_to_importer,0.0,0.0,-0.8285714285714287,2,0.8285714285714287
149,56,석유수지,391110,2025.1,대만,네덜란드,대한민국,regulated_to_importer,0.0,0.0,-0.8285714285714287,2,0.8285714285714287
149,56,석유수지,391110,2025.11,대만,네덜란드,대한민국,regulated_to_importer,0.0,0.0,-0.8285714285714287,2,0.8285714285714287
149,56,석유수지,391110,2025.12,대만,네덜란드,대한민국,regulated_to_importer,0.0,0.0,-0.8285714285714287,2,0.8285714285714287
149,56,석유수지,391110,2026.01,대만,네덜란드,대한민국,regulated_to_importer,0.0,0.0,-0.8285714285714287,2,0.8285714285714287
149,56,석유수지,391110,2026.02,대만,네덜란드,대한민국,regulated_to_importer,0.0,0.0,-0.8285714285714287,2,0.8285714285714287
149,56,석유수지,391110,2026.03,대만,네덜란드,대한민국,regulated_to_importer,0.0,0.0,-0.8285714285714287,2,0.8285714285714287
149,56,석유수지,391110,2026.04,대만,네덜란드,대한민국,regulated_to_importer,0.0,0.0,-0.8285714285714287,2,0.8285714285714287
150,0,초산에틸(1차재심),291531,2012.03,일본,이탈리아,대한민국,regulated_to_intermediary,0.0,0.0,-0.8280786712108252,3,0.8280786712108252
150,0,초산에틸(1차재심),291531,2012.04,일본,이탈리아,대한민국,regulated_to_intermediary,0.0,0.0,-0.8280786712108252,3,0.8280786712108252
150,0,초산에틸(1차재심),291531,2012.05,일본,이탈리아,대한민국,regulated_to_intermediary,0.0,0.0,-0.8280786712108252,3,0.8280786712108252
150,0,초산에틸(1차재심),291531,2012.06,일본,이탈리아,대한민국,regulated_to_intermediary,0.0,0.0,-0.8280786712108252,3,0.8280786712108252
150,0,초산에틸(1차재심),291531,2012.07,일본,이탈리아,대한민국,regulated_to_intermediary,0.0,0.0,-0.8280786712108252,3,0.8280786712108252
150,0,초산에틸(1차재심),291531,2012.08,일본,이탈리아,대한민국,regulated_to_intermediary,0.0,0.0,-0.8280786712108252,3,0.8280786712108252
150,0,초산에틸(1차재심),291531,2012.09,일본,이탈리아,대한민국,regulated_to_intermediary,0.0,0.0,-0.8280786712108252,3,0.8280786712108252
150,0,초산에틸(1차재심),291531,2012.1,일본,이탈리아,대한민국,regulated_to_intermediary,0.0,0.0,-0.8280786712108252,3,0.8280786712108252
150,0,초산에틸(1차재심),291531,2012.11,일본,이탈리아,대한민국,regulated_to_intermediary,0.0,0.0,-0.8280786712108252,3,0.8280786712108252
150,0,초산에틸(1차재심),291531,2012.03,일본,이탈리아,대한민국,regulated_to_importer,0.0,0.0,-0.8280786712108252,3,0.8280786712108252
150,0,초산에틸(1차재심),291531,2012.04,일본,이탈리아,대한민국,regulated_to_importer,0.0,0.0,-0.8280786712108252,3,0.8280786712108252
150,0,초산에틸(1차재심),291531,2012.05,일본,이탈리아,대한민국,regulated_to_importer,0.0,0.0,-0.8280786712108252,3,0.8280786712108252
150,0,초산에틸(1차재심),291531,2012.06,일본,이탈리아,대한민국,regulated_to_importer,105.0,3303.008,-0.8280786712108252,3,0.8280786712108252
150,0,초산에틸(1차재심),291531,2012.07,일본,이탈리아,대한민국,regulated_to_importer,0.0,0.0,-0.8280786712108252,3,0.8280786712108252
150,0,초산에틸(1차재심),291531,2012.08,일본,이탈리아,대한민국,regulated_to_importer,0.0,0.0,-0.8280786712108252,3,0.8280786712108252
150,0,초산에틸(1차재심),291531,2012.09,일본,이탈리아,대한민국,regulated_to_importer,0.0,0.0,-0.8280786712108252,3,0.8280786712108252
150,0,초산에틸(1차재심),291531,2012.1,일본,이탈리아,대한민국,regulated_to_importer,0.0,0.0,-0.8280786712108252,3,0.8280786712108252
150,0,초산에틸(1차재심),291531,2012.11,일본,이탈리아,대한민국,regulated_to_importer,0.0,0.0,-0.8280786712108252,3,0.8280786712108252
151,47,페로실리코망간,720230,2023.07,베트남,노르웨이,대한민국,regulated_to_intermediary,0.0,0.0,-0.8280786712108252,1,0.8280786712108252
151,47,페로실리코망간,720230,2023.08,베트남,노르웨이,대한민국,regulated_to_intermediary,0.0,0.0,-0.8280786712108252,1,0.8280786712108252
151,47,페로실리코망간,720230,2023.09,베트남,노르웨이,대한민국,regulated_to_intermediary,0.0,0.0,-0.8280786712108252,1,0.8280786712108252
151,47,페로실리코망간,720230,2023.1,베트남,노르웨이,대한민국,regulated_to_intermediary,0.0,0.0,-0.8280786712108252,1,0.8280786712108252
151,47,페로실리코망간,720230,2023.11,베트남,노르웨이,대한민국,regulated_to_intermediary,0.0,0.0,-0.8280786712108252,1,0.8280786712108252
151,47,페로실리코망간,720230,2023.12,베트남,노르웨이,대한민국,regulated_to_intermediary,0.0,0.0,-0.8280786712108252,1,0.8280786712108252
151,47,페로실리코망간,720230,2024.01,베트남,노르웨이,대한민국,regulated_to_intermediary,0.0,0.0,-0.8280786712108252,1,0.8280786712108252
151,47,페로실리코망간,720230,2024.02,베트남,노르웨이,대한민국,regulated_to_intermediary,0.0,0.0,-0.8280786712108252,1,0.8280786712108252
151,47,페로실리코망간,720230,2024.03,베트남,노르웨이,대한민국,regulated_to_intermediary,0.0,0.0,-0.8280786712108252,1,0.8280786712108252
151,47,페로실리코망간,720230,2023.07,베트남,노르웨이,대한민국,regulated_to_importer,2812669.62,2835387.3,-0.8280786712108252,1,0.8280786712108252
151,47,페로실리코망간,720230,2023.08,베트남,노르웨이,대한민국,regulated_to_importer,4957120.442,4997158.66,-0.8280786712108252,1,0.8280786712108252
151,47,페로실리코망간,720230,2023.09,베트남,노르웨이,대한민국,regulated_to_importer,3764873.592,3795282.14,-0.8280786712108252,1,0.8280786712108252
151,47,페로실리코망간,720230,2023.1,베트남,노르웨이,대한민국,regulated_to_importer,1676260.99,1689800.0,-0.8280786712108252,1,0.8280786712108252
151,47,페로실리코망간,720230,2023.11,베트남,노르웨이,대한민국,regulated_to_importer,1928027.494,1943600.0,-0.8280786712108252,1,0.8280786712108252
151,47,페로실리코망간,720230,2023.12,베트남,노르웨이,대한민국,regulated_to_importer,3563122.438,3591901.46,-0.8280786712108252,1,0.8280786712108252
151,47,페로실리코망간,720230,2024.01,베트남,노르웨이,대한민국,regulated_to_importer,0.0,0.0,-0.8280786712108252,1,0.8280786712108252
151,47,페로실리코망간,720230,2024.02,베트남,노르웨이,대한민국,regulated_to_importer,0.0,0.0,-0.8280786712108252,1,0.8280786712108252
151,47,페로실리코망간,720230,2024.03,베트남,노르웨이,대한민국,regulated_to_importer,0.0,0.0,-0.8280786712108252,1,0.8280786712108252
152,55,스테인리스강 냉간압연제품,7220,2025.07,베트남,루마니아,대한민국,regulated_to_intermediary,0.0,0.0,-0.8280786712108252,3,0.8280786712108252
152,55,스테인리스강 냉간압연제품,7220,2025.08,베트남,루마니아,대한민국,regulated_to_intermediary,0.0,0.0,-0.8280786712108252,3,0.8280786712108252
152,55,스테인리스강 냉간압연제품,7220,2025.09,베트남,루마니아,대한민국,regulated_to_intermediary,0.0,0.0,-0.8280786712108252,3,0.8280786712108252
152,55,스테인리스강 냉간압연제품,7220,2025.1,베트남,루마니아,대한민국,regulated_to_intermediary,0.0,0.0,-0.8280786712108252,3,0.8280786712108252
152,55,스테인리스강 냉간압연제품,7220,2025.11,베트남,루마니아,대한민국,regulated_to_intermediary,0.0,0.0,-0.8280786712108252,3,0.8280786712108252
152,55,스테인리스강 냉간압연제품,7220,2025.12,베트남,루마니아,대한민국,regulated_to_intermediary,0.0,0.0,-0.8280786712108252,3,0.8280786712108252
152,55,스테인리스강 냉간압연제품,7220,2026.01,베트남,루마니아,대한민국,regulated_to_intermediary,0.0,0.0,-0.8280786712108252,3,0.8280786712108252
152,55,스테인리스강 냉간압연제품,7220,2026.02,베트남,루마니아,대한민국,regulated_to_intermediary,0.0,0.0,-0.8280786712108252,3,0.8280786712108252
152,55,스테인리스강 냉간압연제품,7220,2026.03,베트남,루마니아,대한민국,regulated_to_intermediary,0.0,0.0,-0.8280786712108252,3,0.8280786712108252
152,55,스테인리스강 냉간압연제품,7220,2025.07,베트남,루마니아,대한민국,regulated_to_importer,0.0,0.0,-0.8280786712108252,3,0.8280786712108252
152,55,스테인리스강 냉간압연제품,7220,2025.08,베트남,루마니아,대한민국,regulated_to_importer,0.0,0.0,-0.8280786712108252,3,0.8280786712108252
152,55,스테인리스강 냉간압연제품,7220,2025.09,베트남,루마니아,대한민국,regulated_to_importer,0.0,0.0,-0.8280786712108252,3,0.8280786712108252
152,55,스테인리스강 냉간압연제품,7220,2025.1,베트남,루마니아,대한민국,regulated_to_importer,0.0,0.0,-0.8280786712108252,3,0.8280786712108252
152,55,스테인리스강 냉간압연제품,7220,2025.11,베트남,루마니아,대한민국,regulated_to_importer,0.0,0.0,-0.8280786712108252,3,0.8280786712108252
152,55,스테인리스강 냉간압연제품,7220,2025.12,베트남,루마니아,대한민국,regulated_to_importer,0.0,0.0,-0.8280786712108252,3,0.8280786712108252
152,55,스테인리스강 냉간압연제품,7220,2026.01,베트남,루마니아,대한민국,regulated_to_importer,0.0,0.0,-0.8280786712108252,3,0.8280786712108252
152,55,스테인리스강 냉간압연제품,7220,2026.02,베트남,루마니아,대한민국,regulated_to_importer,0.0,0.0,-0.8280786712108252,3,0.8280786712108252
152,55,스테인리스강 냉간압연제품,7220,2026.03,베트남,루마니아,대한민국,regulated_to_importer,0.0,0.0,-0.8280786712108252,3,0.8280786712108252
153,56,석유수지,391110,2025.08,대만,베트남,대한민국,regulated_to_intermediary,0.0,0.0,-0.8280786712108252,3,0.8280786712108252
153,56,석유수지,391110,2025.09,대만,베트남,대한민국,regulated_to_intermediary,0.0,0.0,-0.8280786712108252,3,0.8280786712108252
153,56,석유수지,391110,2025.1,대만,베트남,대한민국,regulated_to_intermediary,0.0,0.0,-0.8280786712108252,3,0.8280786712108252
153,56,석유수지,391110,2025.11,대만,베트남,대한민국,regulated_to_intermediary,0.0,0.0,-0.8280786712108252,3,0.8280786712108252
153,56,석유수지,391110,2025.12,대만,베트남,대한민국,regulated_to_intermediary,0.0,0.0,-0.8280786712108252,3,0.8280786712108252
153,56,석유수지,391110,2026.01,대만,베트남,대한민국,regulated_to_intermediary,0.0,0.0,-0.8280786712108252,3,0.8280786712108252
153,56,석유수지,391110,2026.02,대만,베트남,대한민국,regulated_to_intermediary,0.0,0.0,-0.8280786712108252,3,0.8280786712108252
153,56,석유수지,391110,2026.03,대만,베트남,대한민국,regulated_to_intermediary,0.0,0.0,-0.8280786712108252,3,0.8280786712108252
153,56,석유수지,391110,2026.04,대만,베트남,대한민국,regulated_to_intermediary,0.0,0.0,-0.8280786712108252,3,0.8280786712108252
153,56,석유수지,391110,2025.08,대만,베트남,대한민국,regulated_to_importer,0.0,0.0,-0.8280786712108252,3,0.8280786712108252
153,56,석유수지,391110,2025.09,대만,베트남,대한민국,regulated_to_importer,0.0,0.0,-0.8280786712108252,3,0.8280786712108252
153,56,석유수지,391110,2025.1,대만,베트남,대한민국,regulated_to_importer,0.0,0.0,-0.8280786712108252,3,0.8280786712108252
153,56,석유수지,391110,2025.11,대만,베트남,대한민국,regulated_to_importer,0.0,0.0,-0.8280786712108252,3,0.8280786712108252
153,56,석유수지,391110,2025.12,대만,베트남,대한민국,regulated_to_importer,0.0,0.0,-0.8280786712108252,3,0.8280786712108252
153,56,석유수지,391110,2026.01,대만,베트남,대한민국,regulated_to_importer,0.0,0.0,-0.8280786712108252,3,0.8280786712108252
153,56,석유수지,391110,2026.02,대만,베트남,대한민국,regulated_to_importer,0.0,0.0,-0.8280786712108252,3,0.8280786712108252
153,56,석유수지,391110,2026.03,대만,베트남,대한민국,regulated_to_importer,0.0,0.0,-0.8280786712108252,3,0.8280786712108252
153,56,석유수지,391110,2026.04,대만,베트남,대한민국,regulated_to_importer,0.0,0.0,-0.8280786712108252,3,0.8280786712108252
154,56,석유수지,391110,2025.08,중국,베트남,대한민국,regulated_to_intermediary,0.0,0.0,-0.8280786712108252,3,0.8280786712108252
154,56,석유수지,391110,2025.09,중국,베트남,대한민국,regulated_to_intermediary,0.0,0.0,-0.8280786712108252,3,0.8280786712108252
154,56,석유수지,391110,2025.1,중국,베트남,대한민국,regulated_to_intermediary,0.0,0.0,-0.8280786712108252,3,0.8280786712108252
154,56,석유수지,391110,2025.11,중국,베트남,대한민국,regulated_to_intermediary,0.0,0.0,-0.8280786712108252,3,0.8280786712108252
154,56,석유수지,391110,2025.12,중국,베트남,대한민국,regulated_to_intermediary,0.0,0.0,-0.8280786712108252,3,0.8280786712108252
154,56,석유수지,391110,2026.01,중국,베트남,대한민국,regulated_to_intermediary,0.0,0.0,-0.8280786712108252,3,0.8280786712108252
154,56,석유수지,391110,2026.02,중국,베트남,대한민국,regulated_to_intermediary,0.0,0.0,-0.8280786712108252,3,0.8280786712108252
154,56,석유수지,391110,2026.03,중국,베트남,대한민국,regulated_to_intermediary,0.0,0.0,-0.8280786712108252,3,0.8280786712108252
154,56,석유수지,391110,2026.04,중국,베트남,대한민국,regulated_to_intermediary,0.0,0.0,-0.8280786712108252,3,0.8280786712108252
154,56,석유수지,391110,2025.08,중국,베트남,대한민국,regulated_to_importer,0.0,0.0,-0.8280786712108252,3,0.8280786712108252
154,56,석유수지,391110,2025.09,중국,베트남,대한민국,regulated_to_importer,0.0,0.0,-0.8280786712108252,3,0.8280786712108252
154,56,석유수지,391110,2025.1,중국,베트남,대한민국,regulated_to_importer,0.0,0.0,-0.8280786712108252,3,0.8280786712108252
154,56,석유수지,391110,2025.11,중국,베트남,대한민국,regulated_to_importer,0.0,0.0,-0.8280786712108252,3,0.8280786712108252
154,56,석유수지,391110,2025.12,중국,베트남,대한민국,regulated_to_importer,0.0,0.0,-0.8280786712108252,3,0.8280786712108252
154,56,석유수지,391110,2026.01,중국,베트남,대한민국,regulated_to_importer,0.0,0.0,-0.8280786712108252,3,0.8280786712108252
154,56,석유수지,391110,2026.02,중국,베트남,대한민국,regulated_to_importer,0.0,0.0,-0.8280786712108252,3,0.8280786712108252
154,56,석유수지,391110,2026.03,중국,베트남,대한민국,regulated_to_importer,0.0,0.0,-0.8280786712108252,3,0.8280786712108252
154,56,석유수지,391110,2026.04,중국,베트남,대한민국,regulated_to_importer,0.0,0.0,-0.8280786712108252,3,0.8280786712108252
155,9,OPP필름,392020,2013.12,중국,오스트리아,대한민국,regulated_to_intermediary,0.0,0.0,-0.8196885999705371,0,0.8196885999705371
155,9,OPP필름,392020,2014.01,중국,오스트리아,대한민국,regulated_to_intermediary,0.0,0.0,-0.8196885999705371,0,0.8196885999705371
155,9,OPP필름,392020,2014.02,중국,오스트리아,대한민국,regulated_to_intermediary,0.0,0.0,-0.8196885999705371,0,0.8196885999705371
155,9,OPP필름,392020,2014.03,중국,오스트리아,대한민국,regulated_to_intermediary,0.0,0.0,-0.8196885999705371,0,0.8196885999705371
155,9,OPP필름,392020,2014.04,중국,오스트리아,대한민국,regulated_to_intermediary,0.0,0.0,-0.8196885999705371,0,0.8196885999705371
155,9,OPP필름,392020,2014.05,중국,오스트리아,대한민국,regulated_to_intermediary,0.0,0.0,-0.8196885999705371,0,0.8196885999705371
155,9,OPP필름,392020,2014.06,중국,오스트리아,대한민국,regulated_to_intermediary,0.0,0.0,-0.8196885999705371,0,0.8196885999705371
155,9,OPP필름,392020,2014.07,중국,오스트리아,대한민국,regulated_to_intermediary,0.0,0.0,-0.8196885999705371,0,0.8196885999705371
155,9,OPP필름,392020,2014.08,중국,오스트리아,대한민국,regulated_to_intermediary,0.0,0.0,-0.8196885999705371,0,0.8196885999705371
155,9,OPP필름,392020,2013.12,중국,오스트리아,대한민국,regulated_to_importer,0.0,0.0,-0.8196885999705371,0,0.8196885999705371
155,9,OPP필름,392020,2014.01,중국,오스트리아,대한민국,regulated_to_importer,0.0,0.0,-0.8196885999705371,0,0.8196885999705371
155,9,OPP필름,392020,2014.02,중국,오스트리아,대한민국,regulated_to_importer,0.0,0.0,-0.8196885999705371,0,0.8196885999705371
155,9,OPP필름,392020,2014.03,중국,오스트리아,대한민국,regulated_to_importer,0.0,0.0,-0.8196885999705371,0,0.8196885999705371
155,9,OPP필름,392020,2014.04,중국,오스트리아,대한민국,regulated_to_importer,0.0,0.0,-0.8196885999705371,0,0.8196885999705371
155,9,OPP필름,392020,2014.05,중국,오스트리아,대한민국,regulated_to_importer,0.0,0.0,-0.8196885999705371,0,0.8196885999705371
155,9,OPP필름,392020,2014.06,중국,오스트리아,대한민국,regulated_to_importer,0.0,0.0,-0.8196885999705371,0,0.8196885999705371
155,9,OPP필름,392020,2014.07,중국,오스트리아,대한민국,regulated_to_importer,0.0,0.0,-0.8196885999705371,0,0.8196885999705371
155,9,OPP필름,392020,2014.08,중국,오스트리아,대한민국,regulated_to_importer,0.0,0.0,-0.8196885999705371,0,0.8196885999705371
156,54,OPP필름,392020,2025.04,태국,불가리아,대한민국,regulated_to_intermediary,0.0,0.0,-0.8196885999705371,2,0.8196885999705371
156,54,OPP필름,392020,2025.05,태국,불가리아,대한민국,regulated_to_intermediary,0.0,0.0,-0.8196885999705371,2,0.8196885999705371
156,54,OPP필름,392020,2025.06,태국,불가리아,대한민국,regulated_to_intermediary,0.0,0.0,-0.8196885999705371,2,0.8196885999705371
156,54,OPP필름,392020,2025.07,태국,불가리아,대한민국,regulated_to_intermediary,0.0,0.0,-0.8196885999705371,2,0.8196885999705371
156,54,OPP필름,392020,2025.08,태국,불가리아,대한민국,regulated_to_intermediary,0.0,0.0,-0.8196885999705371,2,0.8196885999705371
156,54,OPP필름,392020,2025.09,태국,불가리아,대한민국,regulated_to_intermediary,0.0,0.0,-0.8196885999705371,2,0.8196885999705371
156,54,OPP필름,392020,2025.1,태국,불가리아,대한민국,regulated_to_intermediary,0.0,0.0,-0.8196885999705371,2,0.8196885999705371
156,54,OPP필름,392020,2025.11,태국,불가리아,대한민국,regulated_to_intermediary,0.0,0.0,-0.8196885999705371,2,0.8196885999705371
156,54,OPP필름,392020,2025.12,태국,불가리아,대한민국,regulated_to_intermediary,0.0,0.0,-0.8196885999705371,2,0.8196885999705371
156,54,OPP필름,392020,2025.04,태국,불가리아,대한민국,regulated_to_importer,0.0,0.0,-0.8196885999705371,2,0.8196885999705371
156,54,OPP필름,392020,2025.05,태국,불가리아,대한민국,regulated_to_importer,0.0,0.0,-0.8196885999705371,2,0.8196885999705371
156,54,OPP필름,392020,2025.06,태국,불가리아,대한민국,regulated_to_importer,0.0,0.0,-0.8196885999705371,2,0.8196885999705371
156,54,OPP필름,392020,2025.07,태국,불가리아,대한민국,regulated_to_importer,0.0,0.0,-0.8196885999705371,2,0.8196885999705371
156,54,OPP필름,392020,2025.08,태국,불가리아,대한민국,regulated_to_importer,0.0,0.0,-0.8196885999705371,2,0.8196885999705371
156,54,OPP필름,392020,2025.09,태국,불가리아,대한민국,regulated_to_importer,0.0,0.0,-0.8196885999705371,2,0.8196885999705371
156,54,OPP필름,392020,2025.1,태국,불가리아,대한민국,regulated_to_importer,0.0,0.0,-0.8196885999705371,2,0.8196885999705371
156,54,OPP필름,392020,2025.11,태국,불가리아,대한민국,regulated_to_importer,0.0,0.0,-0.8196885999705371,2,0.8196885999705371
156,54,OPP필름,392020,2025.12,태국,불가리아,대한민국,regulated_to_importer,0.0,0.0,-0.8196885999705371,2,0.8196885999705371
157,54,OPP필름,392020,2025.04,태국,튀르키예,대한민국,regulated_to_intermediary,0.0,0.0,-0.8196885999705371,2,0.8196885999705371
157,54,OPP필름,392020,2025.05,태국,튀르키예,대한민국,regulated_to_intermediary,0.0,0.0,-0.8196885999705371,2,0.8196885999705371
157,54,OPP필름,392020,2025.06,태국,튀르키예,대한민국,regulated_to_intermediary,0.0,0.0,-0.8196885999705371,2,0.8196885999705371
157,54,OPP필름,392020,2025.07,태국,튀르키예,대한민국,regulated_to_intermediary,0.0,0.0,-0.8196885999705371,2,0.8196885999705371
157,54,OPP필름,392020,2025.08,태국,튀르키예,대한민국,regulated_to_intermediary,0.0,0.0,-0.8196885999705371,2,0.8196885999705371
157,54,OPP필름,392020,2025.09,태국,튀르키예,대한민국,regulated_to_intermediary,0.0,0.0,-0.8196885999705371,2,0.8196885999705371
157,54,OPP필름,392020,2025.1,태국,튀르키예,대한민국,regulated_to_intermediary,0.0,0.0,-0.8196885999705371,2,0.8196885999705371
157,54,OPP필름,392020,2025.11,태국,튀르키예,대한민국,regulated_to_intermediary,0.0,0.0,-0.8196885999705371,2,0.8196885999705371
157,54,OPP필름,392020,2025.12,태국,튀르키예,대한민국,regulated_to_intermediary,0.0,0.0,-0.8196885999705371,2,0.8196885999705371
157,54,OPP필름,392020,2025.04,태국,튀르키예,대한민국,regulated_to_importer,0.0,0.0,-0.8196885999705371,2,0.8196885999705371
157,54,OPP필름,392020,2025.05,태국,튀르키예,대한민국,regulated_to_importer,0.0,0.0,-0.8196885999705371,2,0.8196885999705371
157,54,OPP필름,392020,2025.06,태국,튀르키예,대한민국,regulated_to_importer,0.0,0.0,-0.8196885999705371,2,0.8196885999705371
157,54,OPP필름,392020,2025.07,태국,튀르키예,대한민국,regulated_to_importer,0.0,0.0,-0.8196885999705371,2,0.8196885999705371
157,54,OPP필름,392020,2025.08,태국,튀르키예,대한민국,regulated_to_importer,0.0,0.0,-0.8196885999705371,2,0.8196885999705371
157,54,OPP필름,392020,2025.09,태국,튀르키예,대한민국,regulated_to_importer,0.0,0.0,-0.8196885999705371,2,0.8196885999705371
157,54,OPP필름,392020,2025.1,태국,튀르키예,대한민국,regulated_to_importer,0.0,0.0,-0.8196885999705371,2,0.8196885999705371
157,54,OPP필름,392020,2025.11,태국,튀르키예,대한민국,regulated_to_importer,0.0,0.0,-0.8196885999705371,2,0.8196885999705371
157,54,OPP필름,392020,2025.12,태국,튀르키예,대한민국,regulated_to_importer,0.0,0.0,-0.8196885999705371,2,0.8196885999705371
158,2,크라프트지(1차재심),4804,2012.04,미국,보스니아-헤르체고비나,대한민국,regulated_to_intermediary,0.0,0.0,-0.8116794499134279,1,0.8116794499134279
158,2,크라프트지(1차재심),4804,2012.05,미국,보스니아-헤르체고비나,대한민국,regulated_to_intermediary,0.0,0.0,-0.8116794499134279,1,0.8116794499134279
158,2,크라프트지(1차재심),4804,2012.06,미국,보스니아-헤르체고비나,대한민국,regulated_to_intermediary,0.0,0.0,-0.8116794499134279,1,0.8116794499134279
158,2,크라프트지(1차재심),4804,2012.07,미국,보스니아-헤르체고비나,대한민국,regulated_to_intermediary,0.0,0.0,-0.8116794499134279,1,0.8116794499134279
158,2,크라프트지(1차재심),4804,2012.08,미국,보스니아-헤르체고비나,대한민국,regulated_to_intermediary,0.0,0.0,-0.8116794499134279,1,0.8116794499134279
158,2,크라프트지(1차재심),4804,2012.09,미국,보스니아-헤르체고비나,대한민국,regulated_to_intermediary,0.0,0.0,-0.8116794499134279,1,0.8116794499134279
158,2,크라프트지(1차재심),4804,2012.1,미국,보스니아-헤르체고비나,대한민국,regulated_to_intermediary,0.0,0.0,-0.8116794499134279,1,0.8116794499134279
158,2,크라프트지(1차재심),4804,2012.11,미국,보스니아-헤르체고비나,대한민국,regulated_to_intermediary,0.0,0.0,-0.8116794499134279,1,0.8116794499134279
158,2,크라프트지(1차재심),4804,2012.12,미국,보스니아-헤르체고비나,대한민국,regulated_to_intermediary,0.0,0.0,-0.8116794499134279,1,0.8116794499134279
158,2,크라프트지(1차재심),4804,2012.04,미국,보스니아-헤르체고비나,대한민국,regulated_to_importer,0.0,3140453.0,-0.8116794499134279,1,0.8116794499134279
158,2,크라프트지(1차재심),4804,2012.05,미국,보스니아-헤르체고비나,대한민국,regulated_to_importer,0.0,5153788.0,-0.8116794499134279,1,0.8116794499134279
158,2,크라프트지(1차재심),4804,2012.06,미국,보스니아-헤르체고비나,대한민국,regulated_to_importer,0.0,4853499.0,-0.8116794499134279,1,0.8116794499134279
158,2,크라프트지(1차재심),4804,2012.07,미국,보스니아-헤르체고비나,대한민국,regulated_to_importer,0.0,4905678.0,-0.8116794499134279,1,0.8116794499134279
158,2,크라프트지(1차재심),4804,2012.08,미국,보스니아-헤르체고비나,대한민국,regulated_to_importer,0.0,5240280.0,-0.8116794499134279,1,0.8116794499134279
158,2,크라프트지(1차재심),4804,2012.09,미국,보스니아-헤르체고비나,대한민국,regulated_to_importer,0.0,4953728.0,-0.8116794499134279,1,0.8116794499134279
158,2,크라프트지(1차재심),4804,2012.1,미국,보스니아-헤르체고비나,대한민국,regulated_to_importer,0.0,4950113.0,-0.8116794499134279,1,0.8116794499134279
158,2,크라프트지(1차재심),4804,2012.11,미국,보스니아-헤르체고비나,대한민국,regulated_to_importer,0.0,4326817.0,-0.8116794499134279,1,0.8116794499134279
158,2,크라프트지(1차재심),4804,2012.12,미국,보스니아-헤르체고비나,대한민국,regulated_to_importer,0.0,5393936.0,-0.8116794499134279,1,0.8116794499134279
159,9,OPP필름,392020,2013.12,중국,이탈리아,대한민국,regulated_to_intermediary,0.0,0.0,-0.8116794499134279,3,0.8116794499134279
159,9,OPP필름,392020,2014.01,중국,이탈리아,대한민국,regulated_to_intermediary,0.0,0.0,-0.8116794499134279,3,0.8116794499134279
159,9,OPP필름,392020,2014.02,중국,이탈리아,대한민국,regulated_to_intermediary,0.0,0.0,-0.8116794499134279,3,0.8116794499134279
159,9,OPP필름,392020,2014.03,중국,이탈리아,대한민국,regulated_to_intermediary,0.0,0.0,-0.8116794499134279,3,0.8116794499134279
159,9,OPP필름,392020,2014.04,중국,이탈리아,대한민국,regulated_to_intermediary,0.0,0.0,-0.8116794499134279,3,0.8116794499134279
159,9,OPP필름,392020,2014.05,중국,이탈리아,대한민국,regulated_to_intermediary,0.0,0.0,-0.8116794499134279,3,0.8116794499134279
159,9,OPP필름,392020,2014.06,중국,이탈리아,대한민국,regulated_to_intermediary,0.0,0.0,-0.8116794499134279,3,0.8116794499134279
159,9,OPP필름,392020,2014.07,중국,이탈리아,대한민국,regulated_to_intermediary,0.0,0.0,-0.8116794499134279,3,0.8116794499134279
159,9,OPP필름,392020,2014.08,중국,이탈리아,대한민국,regulated_to_intermediary,0.0,0.0,-0.8116794499134279,3,0.8116794499134279
159,9,OPP필름,392020,2013.12,중국,이탈리아,대한민국,regulated_to_importer,0.0,0.0,-0.8116794499134279,3,0.8116794499134279
159,9,OPP필름,392020,2014.01,중국,이탈리아,대한민국,regulated_to_importer,0.0,0.0,-0.8116794499134279,3,0.8116794499134279
159,9,OPP필름,392020,2014.02,중국,이탈리아,대한민국,regulated_to_importer,0.0,0.0,-0.8116794499134279,3,0.8116794499134279
159,9,OPP필름,392020,2014.03,중국,이탈리아,대한민국,regulated_to_importer,0.0,0.0,-0.8116794499134279,3,0.8116794499134279
159,9,OPP필름,392020,2014.04,중국,이탈리아,대한민국,regulated_to_importer,0.0,0.0,-0.8116794499134279,3,0.8116794499134279
159,9,OPP필름,392020,2014.05,중국,이탈리아,대한민국,regulated_to_importer,0.0,0.0,-0.8116794499134279,3,0.8116794499134279
159,9,OPP필름,392020,2014.06,중국,이탈리아,대한민국,regulated_to_importer,0.0,0.0,-0.8116794499134279,3,0.8116794499134279
159,9,OPP필름,392020,2014.07,중국,이탈리아,대한민국,regulated_to_importer,0.0,0.0,-0.8116794499134279,3,0.8116794499134279
159,9,OPP필름,392020,2014.08,중국,이탈리아,대한민국,regulated_to_importer,0.0,0.0,-0.8116794499134279,3,0.8116794499134279
160,13,공기압 전송용 밸브,848120,2015.08,일본,싱가포르,대한민국,regulated_to_intermediary,11845.0,881921.97,-0.8116794499134279,3,0.8116794499134279
160,13,공기압 전송용 밸브,848120,2015.09,일본,싱가포르,대한민국,regulated_to_intermediary,16300.0,1105820.198,-0.8116794499134279,3,0.8116794499134279
160,13,공기압 전송용 밸브,848120,2015.1,일본,싱가포르,대한민국,regulated_to_intermediary,18270.0,1624788.004,-0.8116794499134279,3,0.8116794499134279
160,13,공기압 전송용 밸브,848120,2015.11,일본,싱가포르,대한민국,regulated_to_intermediary,10057.0,789258.471,-0.8116794499134279,3,0.8116794499134279
160,13,공기압 전송용 밸브,848120,2015.12,일본,싱가포르,대한민국,regulated_to_intermediary,8638.0,786522.588,-0.8116794499134279,3,0.8116794499134279
160,13,공기압 전송용 밸브,848120,2016.01,일본,싱가포르,대한민국,regulated_to_intermediary,8283.0,681277.988,-0.8116794499134279,3,0.8116794499134279
160,13,공기압 전송용 밸브,848120,2016.02,일본,싱가포르,대한민국,regulated_to_intermediary,10915.0,1122184.35,-0.8116794499134279,3,0.8116794499134279
160,13,공기압 전송용 밸브,848120,2016.03,일본,싱가포르,대한민국,regulated_to_intermediary,9510.0,1140407.268,-0.8116794499134279,3,0.8116794499134279
160,13,공기압 전송용 밸브,848120,2016.04,일본,싱가포르,대한민국,regulated_to_intermediary,9029.0,1073619.452,-0.8116794499134279,3,0.8116794499134279
160,13,공기압 전송용 밸브,848120,2015.08,일본,싱가포르,대한민국,regulated_to_importer,179381.0,6781429.59,-0.8116794499134279,3,0.8116794499134279
160,13,공기압 전송용 밸브,848120,2015.09,일본,싱가포르,대한민국,regulated_to_importer,172366.0,7957928.008,-0.8116794499134279,3,0.8116794499134279
160,13,공기압 전송용 밸브,848120,2015.1,일본,싱가포르,대한민국,regulated_to_importer,227326.0,9390980.816,-0.8116794499134279,3,0.8116794499134279
160,13,공기압 전송용 밸브,848120,2015.11,일본,싱가포르,대한민국,regulated_to_importer,166823.0,7981196.848,-0.8116794499134279,3,0.8116794499134279
160,13,공기압 전송용 밸브,848120,2015.12,일본,싱가포르,대한민국,regulated_to_importer,172597.0,9256096.434,-0.8116794499134279,3,0.8116794499134279
160,13,공기압 전송용 밸브,848120,2016.01,일본,싱가포르,대한민국,regulated_to_importer,185693.0,8916824.563,-0.8116794499134279,3,0.8116794499134279
160,13,공기압 전송용 밸브,848120,2016.02,일본,싱가포르,대한민국,regulated_to_importer,193606.0,9383068.631,-0.8116794499134279,3,0.8116794499134279
160,13,공기압 전송용 밸브,848120,2016.03,일본,싱가포르,대한민국,regulated_to_importer,268817.0,10048703.148,-0.8116794499134279,3,0.8116794499134279
160,13,공기압 전송용 밸브,848120,2016.04,일본,싱가포르,대한민국,regulated_to_importer,247078.0,9585976.306,-0.8116794499134279,3,0.8116794499134279
161,14,합판(신규공급자조사),4412,2014.02,중국,오스트리아,대한민국,regulated_to_intermediary,0.0,0.0,-0.8116794499134279,2,0.8116794499134279
161,14,합판(신규공급자조사),4412,2014.03,중국,오스트리아,대한민국,regulated_to_intermediary,0.0,0.0,-0.8116794499134279,2,0.8116794499134279
161,14,합판(신규공급자조사),4412,2014.04,중국,오스트리아,대한민국,regulated_to_intermediary,0.0,0.0,-0.8116794499134279,2,0.8116794499134279
161,14,합판(신규공급자조사),4412,2014.05,중국,오스트리아,대한민국,regulated_to_intermediary,0.0,0.0,-0.8116794499134279,2,0.8116794499134279
161,14,합판(신규공급자조사),4412,2014.06,중국,오스트리아,대한민국,regulated_to_intermediary,0.0,0.0,-0.8116794499134279,2,0.8116794499134279
161,14,합판(신규공급자조사),4412,2014.07,중국,오스트리아,대한민국,regulated_to_intermediary,0.0,0.0,-0.8116794499134279,2,0.8116794499134279
161,14,합판(신규공급자조사),4412,2014.08,중국,오스트리아,대한민국,regulated_to_intermediary,0.0,0.0,-0.8116794499134279,2,0.8116794499134279
161,14,합판(신규공급자조사),4412,2014.09,중국,오스트리아,대한민국,regulated_to_intermediary,0.0,0.0,-0.8116794499134279,2,0.8116794499134279
161,14,합판(신규공급자조사),4412,2014.1,중국,오스트리아,대한민국,regulated_to_intermediary,0.0,0.0,-0.8116794499134279,2,0.8116794499134279
161,14,합판(신규공급자조사),4412,2014.02,중국,오스트리아,대한민국,regulated_to_importer,0.0,0.0,-0.8116794499134279,2,0.8116794499134279
161,14,합판(신규공급자조사),4412,2014.03,중국,오스트리아,대한민국,regulated_to_importer,0.0,0.0,-0.8116794499134279,2,0.8116794499134279
161,14,합판(신규공급자조사),4412,2014.04,중국,오스트리아,대한민국,regulated_to_importer,0.0,0.0,-0.8116794499134279,2,0.8116794499134279
161,14,합판(신규공급자조사),4412,2014.05,중국,오스트리아,대한민국,regulated_to_importer,0.0,0.0,-0.8116794499134279,2,0.8116794499134279
161,14,합판(신규공급자조사),4412,2014.06,중국,오스트리아,대한민국,regulated_to_importer,0.0,0.0,-0.8116794499134279,2,0.8116794499134279
161,14,합판(신규공급자조사),4412,2014.07,중국,오스트리아,대한민국,regulated_to_importer,0.0,0.0,-0.8116794499134279,2,0.8116794499134279
161,14,합판(신규공급자조사),4412,2014.08,중국,오스트리아,대한민국,regulated_to_importer,0.0,0.0,-0.8116794499134279,2,0.8116794499134279
161,14,합판(신규공급자조사),4412,2014.09,중국,오스트리아,대한민국,regulated_to_importer,0.0,0.0,-0.8116794499134279,2,0.8116794499134279
161,14,합판(신규공급자조사),4412,2014.1,중국,오스트리아,대한민국,regulated_to_importer,0.0,0.0,-0.8116794499134279,2,0.8116794499134279
162,15,합판(신규공급자조사),4412,2014.02,중국,오스트리아,대한민국,regulated_to_intermediary,0.0,0.0,-0.8116794499134279,2,0.8116794499134279
162,15,합판(신규공급자조사),4412,2014.03,중국,오스트리아,대한민국,regulated_to_intermediary,0.0,0.0,-0.8116794499134279,2,0.8116794499134279
162,15,합판(신규공급자조사),4412,2014.04,중국,오스트리아,대한민국,regulated_to_intermediary,0.0,0.0,-0.8116794499134279,2,0.8116794499134279
162,15,합판(신규공급자조사),4412,2014.05,중국,오스트리아,대한민국,regulated_to_intermediary,0.0,0.0,-0.8116794499134279,2,0.8116794499134279
162,15,합판(신규공급자조사),4412,2014.06,중국,오스트리아,대한민국,regulated_to_intermediary,0.0,0.0,-0.8116794499134279,2,0.8116794499134279
162,15,합판(신규공급자조사),4412,2014.07,중국,오스트리아,대한민국,regulated_to_intermediary,0.0,0.0,-0.8116794499134279,2,0.8116794499134279
162,15,합판(신규공급자조사),4412,2014.08,중국,오스트리아,대한민국,regulated_to_intermediary,0.0,0.0,-0.8116794499134279,2,0.8116794499134279
162,15,합판(신규공급자조사),4412,2014.09,중국,오스트리아,대한민국,regulated_to_intermediary,0.0,0.0,-0.8116794499134279,2,0.8116794499134279
162,15,합판(신규공급자조사),4412,2014.1,중국,오스트리아,대한민국,regulated_to_intermediary,0.0,0.0,-0.8116794499134279,2,0.8116794499134279
162,15,합판(신규공급자조사),4412,2014.02,중국,오스트리아,대한민국,regulated_to_importer,0.0,0.0,-0.8116794499134279,2,0.8116794499134279
162,15,합판(신규공급자조사),4412,2014.03,중국,오스트리아,대한민국,regulated_to_importer,0.0,0.0,-0.8116794499134279,2,0.8116794499134279
162,15,합판(신규공급자조사),4412,2014.04,중국,오스트리아,대한민국,regulated_to_importer,0.0,0.0,-0.8116794499134279,2,0.8116794499134279
162,15,합판(신규공급자조사),4412,2014.05,중국,오스트리아,대한민국,regulated_to_importer,0.0,0.0,-0.8116794499134279,2,0.8116794499134279
162,15,합판(신규공급자조사),4412,2014.06,중국,오스트리아,대한민국,regulated_to_importer,0.0,0.0,-0.8116794499134279,2,0.8116794499134279
162,15,합판(신규공급자조사),4412,2014.07,중국,오스트리아,대한민국,regulated_to_importer,0.0,0.0,-0.8116794499134279,2,0.8116794499134279
162,15,합판(신규공급자조사),4412,2014.08,중국,오스트리아,대한민국,regulated_to_importer,0.0,0.0,-0.8116794499134279,2,0.8116794499134279
162,15,합판(신규공급자조사),4412,2014.09,중국,오스트리아,대한민국,regulated_to_importer,0.0,0.0,-0.8116794499134279,2,0.8116794499134279
162,15,합판(신규공급자조사),4412,2014.1,중국,오스트리아,대한민국,regulated_to_importer,0.0,0.0,-0.8116794499134279,2,0.8116794499134279
163,16,합판(신규공급자조사),4412,2014.02,중국,오스트리아,대한민국,regulated_to_intermediary,0.0,0.0,-0.8116794499134279,2,0.8116794499134279
163,16,합판(신규공급자조사),4412,2014.03,중국,오스트리아,대한민국,regulated_to_intermediary,0.0,0.0,-0.8116794499134279,2,0.8116794499134279
163,16,합판(신규공급자조사),4412,2014.04,중국,오스트리아,대한민국,regulated_to_intermediary,0.0,0.0,-0.8116794499134279,2,0.8116794499134279
163,16,합판(신규공급자조사),4412,2014.05,중국,오스트리아,대한민국,regulated_to_intermediary,0.0,0.0,-0.8116794499134279,2,0.8116794499134279
163,16,합판(신규공급자조사),4412,2014.06,중국,오스트리아,대한민국,regulated_to_intermediary,0.0,0.0,-0.8116794499134279,2,0.8116794499134279
163,16,합판(신규공급자조사),4412,2014.07,중국,오스트리아,대한민국,regulated_to_intermediary,0.0,0.0,-0.8116794499134279,2,0.8116794499134279
163,16,합판(신규공급자조사),4412,2014.08,중국,오스트리아,대한민국,regulated_to_intermediary,0.0,0.0,-0.8116794499134279,2,0.8116794499134279
163,16,합판(신규공급자조사),4412,2014.09,중국,오스트리아,대한민국,regulated_to_intermediary,0.0,0.0,-0.8116794499134279,2,0.8116794499134279
163,16,합판(신규공급자조사),4412,2014.1,중국,오스트리아,대한민국,regulated_to_intermediary,0.0,0.0,-0.8116794499134279,2,0.8116794499134279
163,16,합판(신규공급자조사),4412,2014.02,중국,오스트리아,대한민국,regulated_to_importer,0.0,0.0,-0.8116794499134279,2,0.8116794499134279
163,16,합판(신규공급자조사),4412,2014.03,중국,오스트리아,대한민국,regulated_to_importer,0.0,0.0,-0.8116794499134279,2,0.8116794499134279
163,16,합판(신규공급자조사),4412,2014.04,중국,오스트리아,대한민국,regulated_to_importer,0.0,0.0,-0.8116794499134279,2,0.8116794499134279
163,16,합판(신규공급자조사),4412,2014.05,중국,오스트리아,대한민국,regulated_to_importer,0.0,0.0,-0.8116794499134279,2,0.8116794499134279
163,16,합판(신규공급자조사),4412,2014.06,중국,오스트리아,대한민국,regulated_to_importer,0.0,0.0,-0.8116794499134279,2,0.8116794499134279
163,16,합판(신규공급자조사),4412,2014.07,중국,오스트리아,대한민국,regulated_to_importer,0.0,0.0,-0.8116794499134279,2,0.8116794499134279
163,16,합판(신규공급자조사),4412,2014.08,중국,오스트리아,대한민국,regulated_to_importer,0.0,0.0,-0.8116794499134279,2,0.8116794499134279
163,16,합판(신규공급자조사),4412,2014.09,중국,오스트리아,대한민국,regulated_to_importer,0.0,0.0,-0.8116794499134279,2,0.8116794499134279
163,16,합판(신규공급자조사),4412,2014.1,중국,오스트리아,대한민국,regulated_to_importer,0.0,0.0,-0.8116794499134279,2,0.8116794499134279
164,32,PET필름(3차재심),392062,2019.09,중국,이탈리아,대한민국,regulated_to_intermediary,316276.0,906263.0,-0.8116794499134279,1,0.8116794499134279
164,32,PET필름(3차재심),392062,2019.1,중국,이탈리아,대한민국,regulated_to_intermediary,472688.0,1230515.0,-0.8116794499134279,1,0.8116794499134279
164,32,PET필름(3차재심),392062,2019.11,중국,이탈리아,대한민국,regulated_to_intermediary,314214.0,858882.0,-0.8116794499134279,1,0.8116794499134279
164,32,PET필름(3차재심),392062,2019.12,중국,이탈리아,대한민국,regulated_to_intermediary,528787.0,1297272.0,-0.8116794499134279,1,0.8116794499134279
164,32,PET필름(3차재심),392062,2020.01,중국,이탈리아,대한민국,regulated_to_intermediary,548784.0,1265621.0,-0.8116794499134279,1,0.8116794499134279
164,32,PET필름(3차재심),392062,2020.02,중국,이탈리아,대한민국,regulated_to_intermediary,342440.0,723470.0,-0.8116794499134279,1,0.8116794499134279
164,32,PET필름(3차재심),392062,2020.03,중국,이탈리아,대한민국,regulated_to_intermediary,577588.0,1570084.0,-0.8116794499134279,1,0.8116794499134279
164,32,PET필름(3차재심),392062,2020.04,중국,이탈리아,대한민국,regulated_to_intermediary,937523.0,1836844.0,-0.8116794499134279,1,0.8116794499134279
164,32,PET필름(3차재심),392062,2020.05,중국,이탈리아,대한민국,regulated_to_intermediary,828753.0,1591751.0,-0.8116794499134279,1,0.8116794499134279
164,32,PET필름(3차재심),392062,2019.09,중국,이탈리아,대한민국,regulated_to_importer,2340450.0,6591620.0,-0.8116794499134279,1,0.8116794499134279
164,32,PET필름(3차재심),392062,2019.1,중국,이탈리아,대한민국,regulated_to_importer,1908910.0,5335839.0,-0.8116794499134279,1,0.8116794499134279
164,32,PET필름(3차재심),392062,2019.11,중국,이탈리아,대한민국,regulated_to_importer,1952780.0,4991314.0,-0.8116794499134279,1,0.8116794499134279
164,32,PET필름(3차재심),392062,2019.12,중국,이탈리아,대한민국,regulated_to_importer,2063880.0,5465726.0,-0.8116794499134279,1,0.8116794499134279
164,32,PET필름(3차재심),392062,2020.01,중국,이탈리아,대한민국,regulated_to_importer,2099990.0,6017450.0,-0.8116794499134279,1,0.8116794499134279
164,32,PET필름(3차재심),392062,2020.02,중국,이탈리아,대한민국,regulated_to_importer,1951030.0,4712448.0,-0.8116794499134279,1,0.8116794499134279
164,32,PET필름(3차재심),392062,2020.03,중국,이탈리아,대한민국,regulated_to_importer,3520990.0,9120371.0,-0.8116794499134279,1,0.8116794499134279
164,32,PET필름(3차재심),392062,2020.04,중국,이탈리아,대한민국,regulated_to_importer,3086180.0,6995021.0,-0.8116794499134279,1,0.8116794499134279
164,32,PET필름(3차재심),392062,2020.05,중국,이탈리아,대한민국,regulated_to_importer,3118550.0,6914468.0,-0.8116794499134279,1,0.8116794499134279
165,35,합판,4412,2020.11,중국,필리핀,대한민국,regulated_to_intermediary,45857576.0,35495416.0,-0.8116794499134279,2,0.8116794499134279
165,35,합판,4412,2020.12,중국,필리핀,대한민국,regulated_to_intermediary,40006872.0,31390785.0,-0.8116794499134279,2,0.8116794499134279
165,35,합판,4412,2021.01,중국,필리핀,대한민국,regulated_to_intermediary,46311548.0,36007066.0,-0.8116794499134279,2,0.8116794499134279
165,35,합판,4412,2021.02,중국,필리핀,대한민국,regulated_to_intermediary,27321919.0,23025287.0,-0.8116794499134279,2,0.8116794499134279
165,35,합판,4412,2021.03,중국,필리핀,대한민국,regulated_to_intermediary,39956396.0,31807817.0,-0.8116794499134279,2,0.8116794499134279
165,35,합판,4412,2021.04,중국,필리핀,대한민국,regulated_to_intermediary,60873599.0,50083134.0,-0.8116794499134279,2,0.8116794499134279
165,35,합판,4412,2021.05,중국,필리핀,대한민국,regulated_to_intermediary,64439516.0,54108239.0,-0.8116794499134279,2,0.8116794499134279
165,35,합판,4412,2021.06,중국,필리핀,대한민국,regulated_to_intermediary,53168419.0,44582303.0,-0.8116794499134279,2,0.8116794499134279
165,35,합판,4412,2021.07,중국,필리핀,대한민국,regulated_to_intermediary,40243834.0,34670407.0,-0.8116794499134279,2,0.8116794499134279
165,35,합판,4412,2020.11,중국,필리핀,대한민국,regulated_to_importer,8087374.0,6308305.0,-0.8116794499134279,2,0.8116794499134279
165,35,합판,4412,2020.12,중국,필리핀,대한민국,regulated_to_importer,11381266.0,8900921.0,-0.8116794499134279,2,0.8116794499134279
165,35,합판,4412,2021.01,중국,필리핀,대한민국,regulated_to_importer,12100956.0,10039479.0,-0.8116794499134279,2,0.8116794499134279
165,35,합판,4412,2021.02,중국,필리핀,대한민국,regulated_to_importer,5934479.0,6453874.0,-0.8116794499134279,2,0.8116794499134279
165,35,합판,4412,2021.03,중국,필리핀,대한민국,regulated_to_importer,7276379.0,7124003.0,-0.8116794499134279,2,0.8116794499134279
165,35,합판,4412,2021.04,중국,필리핀,대한민국,regulated_to_importer,10593224.0,10377480.0,-0.8116794499134279,2,0.8116794499134279
165,35,합판,4412,2021.05,중국,필리핀,대한민국,regulated_to_importer,11858062.0,12183732.0,-0.8116794499134279,2,0.8116794499134279
165,35,합판,4412,2021.06,중국,필리핀,대한민국,regulated_to_importer,12346346.0,12368872.0,-0.8116794499134279,2,0.8116794499134279
165,35,합판,4412,2021.07,중국,필리핀,대한민국,regulated_to_importer,12544204.0,11374833.0,-0.8116794499134279,2,0.8116794499134279
166,50,합판,4412,2024.07,중국,이탈리아,대한민국,regulated_to_intermediary,7318503.0,12021271.0,-0.8116794499134279,1,0.8116794499134279
166,50,합판,4412,2024.08,중국,이탈리아,대한민국,regulated_to_intermediary,5629628.0,10557432.0,-0.8116794499134279,1,0.8116794499134279
166,50,합판,4412,2024.09,중국,이탈리아,대한민국,regulated_to_intermediary,7832774.0,12334450.0,-0.8116794499134279,1,0.8116794499134279
166,50,합판,4412,2024.1,중국,이탈리아,대한민국,regulated_to_intermediary,6496327.0,9836924.0,-0.8116794499134279,1,0.8116794499134279
166,50,합판,4412,2024.11,중국,이탈리아,대한민국,regulated_to_intermediary,5390568.0,6615363.0,-0.8116794499134279,1,0.8116794499134279
166,50,합판,4412,2024.12,중국,이탈리아,대한민국,regulated_to_intermediary,3690642.0,5564525.0,-0.8116794499134279,1,0.8116794499134279
166,50,합판,4412,2025.01,중국,이탈리아,대한민국,regulated_to_intermediary,0.0,0.0,-0.8116794499134279,1,0.8116794499134279
166,50,합판,4412,2025.02,중국,이탈리아,대한민국,regulated_to_intermediary,0.0,0.0,-0.8116794499134279,1,0.8116794499134279
166,50,합판,4412,2025.03,중국,이탈리아,대한민국,regulated_to_intermediary,0.0,0.0,-0.8116794499134279,1,0.8116794499134279
166,50,합판,4412,2024.07,중국,이탈리아,대한민국,regulated_to_importer,8269694.0,5978786.0,-0.8116794499134279,1,0.8116794499134279
166,50,합판,4412,2024.08,중국,이탈리아,대한민국,regulated_to_importer,7703687.0,7314073.0,-0.8116794499134279,1,0.8116794499134279
166,50,합판,4412,2024.09,중국,이탈리아,대한민국,regulated_to_importer,8017925.0,7640503.0,-0.8116794499134279,1,0.8116794499134279
166,50,합판,4412,2024.1,중국,이탈리아,대한민국,regulated_to_importer,8463159.0,6557136.0,-0.8116794499134279,1,0.8116794499134279
166,50,합판,4412,2024.11,중국,이탈리아,대한민국,regulated_to_importer,9419777.0,7481556.0,-0.8116794499134279,1,0.8116794499134279
166,50,합판,4412,2024.12,중국,이탈리아,대한민국,regulated_to_importer,10047191.0,8650517.0,-0.8116794499134279,1,0.8116794499134279
166,50,합판,4412,2025.01,중국,이탈리아,대한민국,regulated_to_importer,0.0,0.0,-0.8116794499134279,1,0.8116794499134279
166,50,합판,4412,2025.02,중국,이탈리아,대한민국,regulated_to_importer,0.0,0.0,-0.8116794499134279,1,0.8116794499134279
166,50,합판,4412,2025.03,중국,이탈리아,대한민국,regulated_to_importer,0.0,0.0,-0.8116794499134279,1,0.8116794499134279
167,59,탄소강과 그밖의 합금강 열간압연 후판제품,7208,2025.11,중국,아르헨티나,대한민국,regulated_to_intermediary,0.0,0.0,-0.8116794499134279,0,0.8116794499134279
167,59,탄소강과 그밖의 합금강 열간압연 후판제품,7208,2025.12,중국,아르헨티나,대한민국,regulated_to_intermediary,0.0,0.0,-0.8116794499134279,0,0.8116794499134279
167,59,탄소강과 그밖의 합금강 열간압연 후판제품,7208,2026.01,중국,아르헨티나,대한민국,regulated_to_intermediary,0.0,0.0,-0.8116794499134279,0,0.8116794499134279
167,59,탄소강과 그밖의 합금강 열간압연 후판제품,7208,2026.02,중국,아르헨티나,대한민국,regulated_to_intermediary,0.0,0.0,-0.8116794499134279,0,0.8116794499134279
167,59,탄소강과 그밖의 합금강 열간압연 후판제품,7208,2026.03,중국,아르헨티나,대한민국,regulated_to_intermediary,0.0,0.0,-0.8116794499134279,0,0.8116794499134279
167,59,탄소강과 그밖의 합금강 열간압연 후판제품,7208,2026.04,중국,아르헨티나,대한민국,regulated_to_intermediary,0.0,0.0,-0.8116794499134279,0,0.8116794499134279
167,59,탄소강과 그밖의 합금강 열간압연 후판제품,7208,2026.05,중국,아르헨티나,대한민국,regulated_to_intermediary,0.0,0.0,-0.8116794499134279,0,0.8116794499134279
167,59,탄소강과 그밖의 합금강 열간압연 후판제품,7208,2026.06,중국,아르헨티나,대한민국,regulated_to_intermediary,0.0,0.0,-0.8116794499134279,0,0.8116794499134279
167,59,탄소강과 그밖의 합금강 열간압연 후판제품,7208,2026.07,중국,아르헨티나,대한민국,regulated_to_intermediary,0.0,0.0,-0.8116794499134279,0,0.8116794499134279
167,59,탄소강과 그밖의 합금강 열간압연 후판제품,7208,2025.11,중국,아르헨티나,대한민국,regulated_to_importer,0.0,0.0,-0.8116794499134279,0,0.8116794499134279
167,59,탄소강과 그밖의 합금강 열간압연 후판제품,7208,2025.12,중국,아르헨티나,대한민국,regulated_to_importer,0.0,0.0,-0.8116794499134279,0,0.8116794499134279
167,59,탄소강과 그밖의 합금강 열간압연 후판제품,7208,2026.01,중국,아르헨티나,대한민국,regulated_to_importer,0.0,0.0,-0.8116794499134279,0,0.8116794499134279
167,59,탄소강과 그밖의 합금강 열간압연 후판제품,7208,2026.02,중국,아르헨티나,대한민국,regulated_to_importer,0.0,0.0,-0.8116794499134279,0,0.8116794499134279
167,59,탄소강과 그밖의 합금강 열간압연 후판제품,7208,2026.03,중국,아르헨티나,대한민국,regulated_to_importer,0.0,0.0,-0.8116794499134279,0,0.8116794499134279
167,59,탄소강과 그밖의 합금강 열간압연 후판제품,7208,2026.04,중국,아르헨티나,대한민국,regulated_to_importer,0.0,0.0,-0.8116794499134279,0,0.8116794499134279
167,59,탄소강과 그밖의 합금강 열간압연 후판제품,7208,2026.05,중국,아르헨티나,대한민국,regulated_to_importer,0.0,0.0,-0.8116794499134279,0,0.8116794499134279
167,59,탄소강과 그밖의 합금강 열간압연 후판제품,7208,2026.06,중국,아르헨티나,대한민국,regulated_to_importer,0.0,0.0,-0.8116794499134279,0,0.8116794499134279
167,59,탄소강과 그밖의 합금강 열간압연 후판제품,7208,2026.07,중국,아르헨티나,대한민국,regulated_to_importer,0.0,0.0,-0.8116794499134279,0,0.8116794499134279
168,6,스테인레스스틸바(2차재심),7222,2013.11,스페인,네덜란드,대한민국,regulated_to_intermediary,458414.32,1651357.304,-0.8116794499134278,0,0.8116794499134278
168,6,스테인레스스틸바(2차재심),7222,2013.12,스페인,네덜란드,대한민국,regulated_to_intermediary,295101.6,941126.36,-0.8116794499134278,0,0.8116794499134278
168,6,스테인레스스틸바(2차재심),7222,2014.01,스페인,네덜란드,대한민국,regulated_to_intermediary,1039208.0,3627985.04,-0.8116794499134278,0,0.8116794499134278
168,6,스테인레스스틸바(2차재심),7222,2014.02,스페인,네덜란드,대한민국,regulated_to_intermediary,584942.24,2051371.344,-0.8116794499134278,0,0.8116794499134278
168,6,스테인레스스틸바(2차재심),7222,2014.03,스페인,네덜란드,대한민국,regulated_to_intermediary,1089694.72,4000566.512,-0.8116794499134278,0,0.8116794499134278
168,6,스테인레스스틸바(2차재심),7222,2014.04,스페인,네덜란드,대한민국,regulated_to_intermediary,302444.0,1015549.776,-0.8116794499134278,0,0.8116794499134278
168,6,스테인레스스틸바(2차재심),7222,2014.05,스페인,네덜란드,대한민국,regulated_to_intermediary,1375811.2,5128557.488,-0.8116794499134278,0,0.8116794499134278
168,6,스테인레스스틸바(2차재심),7222,2014.06,스페인,네덜란드,대한민국,regulated_to_intermediary,436688.0,1601415.528,-0.8116794499134278,0,0.8116794499134278
168,6,스테인레스스틸바(2차재심),7222,2014.07,스페인,네덜란드,대한민국,regulated_to_intermediary,191488.4,685506.0,-0.8116794499134278,0,0.8116794499134278
168,6,스테인레스스틸바(2차재심),7222,2013.11,스페인,네덜란드,대한민국,regulated_to_importer,0.0,0.0,-0.8116794499134278,0,0.8116794499134278
168,6,스테인레스스틸바(2차재심),7222,2013.12,스페인,네덜란드,대한민국,regulated_to_importer,0.0,0.0,-0.8116794499134278,0,0.8116794499134278
168,6,스테인레스스틸바(2차재심),7222,2014.01,스페인,네덜란드,대한민국,regulated_to_importer,0.0,0.0,-0.8116794499134278,0,0.8116794499134278
168,6,스테인레스스틸바(2차재심),7222,2014.02,스페인,네덜란드,대한민국,regulated_to_importer,0.0,0.0,-0.8116794499134278,0,0.8116794499134278
168,6,스테인레스스틸바(2차재심),7222,2014.03,스페인,네덜란드,대한민국,regulated_to_importer,0.0,0.0,-0.8116794499134278,0,0.8116794499134278
168,6,스테인레스스틸바(2차재심),7222,2014.04,스페인,네덜란드,대한민국,regulated_to_importer,0.0,0.0,-0.8116794499134278,0,0.8116794499134278
168,6,스테인레스스틸바(2차재심),7222,2014.05,스페인,네덜란드,대한민국,regulated_to_importer,0.0,0.0,-0.8116794499134278,0,0.8116794499134278
168,6,스테인레스스틸바(2차재심),7222,2014.06,스페인,네덜란드,대한민국,regulated_to_importer,0.0,0.0,-0.8116794499134278,0,0.8116794499134278
168,6,스테인레스스틸바(2차재심),7222,2014.07,스페인,네덜란드,대한민국,regulated_to_importer,0.0,0.0,-0.8116794499134278,0,0.8116794499134278
169,6,스테인레스스틸바(2차재심),7222,2013.11,스페인,베트남,대한민국,regulated_to_intermediary,0.0,0.0,-0.8116794499134278,1,0.8116794499134278
169,6,스테인레스스틸바(2차재심),7222,2013.12,스페인,베트남,대한민국,regulated_to_intermediary,0.0,0.0,-0.8116794499134278,1,0.8116794499134278
169,6,스테인레스스틸바(2차재심),7222,2014.01,스페인,베트남,대한민국,regulated_to_intermediary,0.0,0.0,-0.8116794499134278,1,0.8116794499134278
169,6,스테인레스스틸바(2차재심),7222,2014.02,스페인,베트남,대한민국,regulated_to_intermediary,0.0,0.0,-0.8116794499134278,1,0.8116794499134278
169,6,스테인레스스틸바(2차재심),7222,2014.03,스페인,베트남,대한민국,regulated_to_intermediary,0.0,0.0,-0.8116794499134278,1,0.8116794499134278
169,6,스테인레스스틸바(2차재심),7222,2014.04,스페인,베트남,대한민국,regulated_to_intermediary,0.0,0.0,-0.8116794499134278,1,0.8116794499134278
169,6,스테인레스스틸바(2차재심),7222,2014.05,스페인,베트남,대한민국,regulated_to_intermediary,0.0,0.0,-0.8116794499134278,1,0.8116794499134278
169,6,스테인레스스틸바(2차재심),7222,2014.06,스페인,베트남,대한민국,regulated_to_intermediary,0.0,0.0,-0.8116794499134278,1,0.8116794499134278
169,6,스테인레스스틸바(2차재심),7222,2014.07,스페인,베트남,대한민국,regulated_to_intermediary,0.0,0.0,-0.8116794499134278,1,0.8116794499134278
169,6,스테인레스스틸바(2차재심),7222,2013.11,스페인,베트남,대한민국,regulated_to_importer,0.0,0.0,-0.8116794499134278,1,0.8116794499134278
169,6,스테인레스스틸바(2차재심),7222,2013.12,스페인,베트남,대한민국,regulated_to_importer,0.0,0.0,-0.8116794499134278,1,0.8116794499134278
169,6,스테인레스스틸바(2차재심),7222,2014.01,스페인,베트남,대한민국,regulated_to_importer,0.0,0.0,-0.8116794499134278,1,0.8116794499134278
169,6,스테인레스스틸바(2차재심),7222,2014.02,스페인,베트남,대한민국,regulated_to_importer,0.0,0.0,-0.8116794499134278,1,0.8116794499134278
169,6,스테인레스스틸바(2차재심),7222,2014.03,스페인,베트남,대한민국,regulated_to_importer,0.0,0.0,-0.8116794499134278,1,0.8116794499134278
169,6,스테인레스스틸바(2차재심),7222,2014.04,스페인,베트남,대한민국,regulated_to_importer,0.0,0.0,-0.8116794499134278,1,0.8116794499134278
169,6,스테인레스스틸바(2차재심),7222,2014.05,스페인,베트남,대한민국,regulated_to_importer,0.0,0.0,-0.8116794499134278,1,0.8116794499134278
169,6,스테인레스스틸바(2차재심),7222,2014.06,스페인,베트남,대한민국,regulated_to_importer,0.0,0.0,-0.8116794499134278,1,0.8116794499134278
169,6,스테인레스스틸바(2차재심),7222,2014.07,스페인,베트남,대한민국,regulated_to_importer,0.0,0.0,-0.8116794499134278,1,0.8116794499134278
170,6,스테인레스스틸바(2차재심),7222,2013.11,스페인,노르웨이,대한민국,regulated_to_intermediary,21536.0,59761.632,-0.7826908981308054,3,0.7826908981308054
170,6,스테인레스스틸바(2차재심),7222,2013.12,스페인,노르웨이,대한민국,regulated_to_intermediary,0.0,0.0,-0.7826908981308054,3,0.7826908981308054
170,6,스테인레스스틸바(2차재심),7222,2014.01,스페인,노르웨이,대한민국,regulated_to_intermediary,184432.0,509942.856,-0.7826908981308054,3,0.7826908981308054
170,6,스테인레스스틸바(2차재심),7222,2014.02,스페인,노르웨이,대한민국,regulated_to_intermediary,0.0,0.0,-0.7826908981308054,3,0.7826908981308054
170,6,스테인레스스틸바(2차재심),7222,2014.03,스페인,노르웨이,대한민국,regulated_to_intermediary,0.0,0.0,-0.7826908981308054,3,0.7826908981308054
170,6,스테인레스스틸바(2차재심),7222,2014.04,스페인,노르웨이,대한민국,regulated_to_intermediary,271896.0,805161.872,-0.7826908981308054,3,0.7826908981308054
170,6,스테인레스스틸바(2차재심),7222,2014.05,스페인,노르웨이,대한민국,regulated_to_intermediary,246976.0,728570.152,-0.7826908981308054,3,0.7826908981308054
170,6,스테인레스스틸바(2차재심),7222,2014.06,스페인,노르웨이,대한민국,regulated_to_intermediary,0.0,0.0,-0.7826908981308054,3,0.7826908981308054
170,6,스테인레스스틸바(2차재심),7222,2014.07,스페인,노르웨이,대한민국,regulated_to_intermediary,40840.0,264199.072,-0.7826908981308054,3,0.7826908981308054
170,6,스테인레스스틸바(2차재심),7222,2013.11,스페인,노르웨이,대한민국,regulated_to_importer,0.0,0.0,-0.7826908981308054,3,0.7826908981308054
170,6,스테인레스스틸바(2차재심),7222,2013.12,스페인,노르웨이,대한민국,regulated_to_importer,0.0,0.0,-0.7826908981308054,3,0.7826908981308054
170,6,스테인레스스틸바(2차재심),7222,2014.01,스페인,노르웨이,대한민국,regulated_to_importer,0.0,0.0,-0.7826908981308054,3,0.7826908981308054
170,6,스테인레스스틸바(2차재심),7222,2014.02,스페인,노르웨이,대한민국,regulated_to_importer,0.0,0.0,-0.7826908981308054,3,0.7826908981308054
170,6,스테인레스스틸바(2차재심),7222,2014.03,스페인,노르웨이,대한민국,regulated_to_importer,0.0,0.0,-0.7826908981308054,3,0.7826908981308054
170,6,스테인레스스틸바(2차재심),7222,2014.04,스페인,노르웨이,대한민국,regulated_to_importer,0.0,0.0,-0.7826908981308054,3,0.7826908981308054
170,6,스테인레스스틸바(2차재심),7222,2014.05,스페인,노르웨이,대한민국,regulated_to_importer,0.0,0.0,-0.7826908981308054,3,0.7826908981308054
170,6,스테인레스스틸바(2차재심),7222,2014.06,스페인,노르웨이,대한민국,regulated_to_importer,0.0,0.0,-0.7826908981308054,3,0.7826908981308054
170,6,스테인레스스틸바(2차재심),7222,2014.07,스페인,노르웨이,대한민국,regulated_to_importer,0.0,0.0,-0.7826908981308054,3,0.7826908981308054
171,8,폴리에스테르 장섬유 연신가공사(2차재심),5402,2013.12,말레이시아,홍콩,대한민국,regulated_to_intermediary,10224.0,28722.532,-0.7826908981308054,2,0.7826908981308054
171,8,폴리에스테르 장섬유 연신가공사(2차재심),5402,2014.01,말레이시아,홍콩,대한민국,regulated_to_intermediary,0.0,0.0,-0.7826908981308054,2,0.7826908981308054
171,8,폴리에스테르 장섬유 연신가공사(2차재심),5402,2014.02,말레이시아,홍콩,대한민국,regulated_to_intermediary,0.0,0.0,-0.7826908981308054,2,0.7826908981308054
171,8,폴리에스테르 장섬유 연신가공사(2차재심),5402,2014.03,말레이시아,홍콩,대한민국,regulated_to_intermediary,11716.0,76712.848,-0.7826908981308054,2,0.7826908981308054
171,8,폴리에스테르 장섬유 연신가공사(2차재심),5402,2014.04,말레이시아,홍콩,대한민국,regulated_to_intermediary,10224.0,27975.639,-0.7826908981308054,2,0.7826908981308054
171,8,폴리에스테르 장섬유 연신가공사(2차재심),5402,2014.05,말레이시아,홍콩,대한민국,regulated_to_intermediary,9527.0,31357.655,-0.7826908981308054,2,0.7826908981308054
171,8,폴리에스테르 장섬유 연신가공사(2차재심),5402,2014.06,말레이시아,홍콩,대한민국,regulated_to_intermediary,0.0,0.0,-0.7826908981308054,2,0.7826908981308054
171,8,폴리에스테르 장섬유 연신가공사(2차재심),5402,2014.07,말레이시아,홍콩,대한민국,regulated_to_intermediary,0.0,0.0,-0.7826908981308054,2,0.7826908981308054
171,8,폴리에스테르 장섬유 연신가공사(2차재심),5402,2014.08,말레이시아,홍콩,대한민국,regulated_to_intermediary,0.0,0.0,-0.7826908981308054,2,0.7826908981308054
171,8,폴리에스테르 장섬유 연신가공사(2차재심),5402,2013.12,말레이시아,홍콩,대한민국,regulated_to_importer,5378977.43,8437787.571,-0.7826908981308054,2,0.7826908981308054
171,8,폴리에스테르 장섬유 연신가공사(2차재심),5402,2014.01,말레이시아,홍콩,대한민국,regulated_to_importer,7107936.14,11312080.581,-0.7826908981308054,2,0.7826908981308054
171,8,폴리에스테르 장섬유 연신가공사(2차재심),5402,2014.02,말레이시아,홍콩,대한민국,regulated_to_importer,6176366.73,9753736.624,-0.7826908981308054,2,0.7826908981308054
171,8,폴리에스테르 장섬유 연신가공사(2차재심),5402,2014.03,말레이시아,홍콩,대한민국,regulated_to_importer,5521932.34,8564983.225,-0.7826908981308054,2,0.7826908981308054
171,8,폴리에스테르 장섬유 연신가공사(2차재심),5402,2014.04,말레이시아,홍콩,대한민국,regulated_to_importer,6166526.82,9796524.429,-0.7826908981308054,2,0.7826908981308054
171,8,폴리에스테르 장섬유 연신가공사(2차재심),5402,2014.05,말레이시아,홍콩,대한민국,regulated_to_importer,6850185.95,10691252.582,-0.7826908981308054,2,0.7826908981308054
171,8,폴리에스테르 장섬유 연신가공사(2차재심),5402,2014.06,말레이시아,홍콩,대한민국,regulated_to_importer,5722928.27,9022473.699,-0.7826908981308054,2,0.7826908981308054
171,8,폴리에스테르 장섬유 연신가공사(2차재심),5402,2014.07,말레이시아,홍콩,대한민국,regulated_to_importer,0.0,0.0,-0.7826908981308054,2,0.7826908981308054
171,8,폴리에스테르 장섬유 연신가공사(2차재심),5402,2014.08,말레이시아,홍콩,대한민국,regulated_to_importer,4809233.57,8033061.53,-0.7826908981308054,2,0.7826908981308054
172,0,초산에틸(1차재심),291531,2012.03,중국,스페인,대한민국,regulated_to_intermediary,1800.0,3294.0,-0.7775419143502353,0,0.7775419143502353
172,0,초산에틸(1차재심),291531,2012.04,중국,스페인,대한민국,regulated_to_intermediary,340.0,661.0,-0.7775419143502353,0,0.7775419143502353
172,0,초산에틸(1차재심),291531,2012.05,중국,스페인,대한민국,regulated_to_intermediary,0.0,0.0,-0.7775419143502353,0,0.7775419143502353
172,0,초산에틸(1차재심),291531,2012.06,중국,스페인,대한민국,regulated_to_intermediary,0.0,0.0,-0.7775419143502353,0,0.7775419143502353
172,0,초산에틸(1차재심),291531,2012.07,중국,스페인,대한민국,regulated_to_intermediary,0.0,0.0,-0.7775419143502353,0,0.7775419143502353
172,0,초산에틸(1차재심),291531,2012.08,중국,스페인,대한민국,regulated_to_intermediary,0.0,0.0,-0.7775419143502353,0,0.7775419143502353
172,0,초산에틸(1차재심),291531,2012.09,중국,스페인,대한민국,regulated_to_intermediary,0.0,0.0,-0.7775419143502353,0,0.7775419143502353
172,0,초산에틸(1차재심),291531,2012.1,중국,스페인,대한민국,regulated_to_intermediary,0.0,0.0,-0.7775419143502353,0,0.7775419143502353
172,0,초산에틸(1차재심),291531,2012.11,중국,스페인,대한민국,regulated_to_intermediary,0.0,0.0,-0.7775419143502353,0,0.7775419143502353
172,0,초산에틸(1차재심),291531,2012.03,중국,스페인,대한민국,regulated_to_importer,10743463.0,9911924.0,-0.7775419143502353,0,0.7775419143502353
172,0,초산에틸(1차재심),291531,2012.04,중국,스페인,대한민국,regulated_to_importer,3096432.0,2978379.0,-0.7775419143502353,0,0.7775419143502353
172,0,초산에틸(1차재심),291531,2012.05,중국,스페인,대한민국,regulated_to_importer,8146059.0,7633806.0,-0.7775419143502353,0,0.7775419143502353
172,0,초산에틸(1차재심),291531,2012.06,중국,스페인,대한민국,regulated_to_importer,6166178.0,5900758.0,-0.7775419143502353,0,0.7775419143502353
172,0,초산에틸(1차재심),291531,2012.07,중국,스페인,대한민국,regulated_to_importer,9587218.0,8172261.0,-0.7775419143502353,0,0.7775419143502353
172,0,초산에틸(1차재심),291531,2012.08,중국,스페인,대한민국,regulated_to_importer,6191298.0,5554585.0,-0.7775419143502353,0,0.7775419143502353
172,0,초산에틸(1차재심),291531,2012.09,중국,스페인,대한민국,regulated_to_importer,7097925.0,6252545.0,-0.7775419143502353,0,0.7775419143502353
172,0,초산에틸(1차재심),291531,2012.1,중국,스페인,대한민국,regulated_to_importer,0.0,0.0,-0.7775419143502353,0,0.7775419143502353
172,0,초산에틸(1차재심),291531,2012.11,중국,스페인,대한민국,regulated_to_importer,0.0,0.0,-0.7775419143502353,0,0.7775419143502353
173,2,크라프트지(1차재심),4804,2012.04,중국,스페인,대한민국,regulated_to_intermediary,389366.0,2848322.0,-0.7775419143502353,2,0.7775419143502353
173,2,크라프트지(1차재심),4804,2012.05,중국,스페인,대한민국,regulated_to_intermediary,2249.0,4808.0,-0.7775419143502353,2,0.7775419143502353
173,2,크라프트지(1차재심),4804,2012.06,중국,스페인,대한민국,regulated_to_intermediary,35549.0,207364.0,-0.7775419143502353,2,0.7775419143502353
173,2,크라프트지(1차재심),4804,2012.07,중국,스페인,대한민국,regulated_to_intermediary,1195.0,1434.0,-0.7775419143502353,2,0.7775419143502353
173,2,크라프트지(1차재심),4804,2012.08,중국,스페인,대한민국,regulated_to_intermediary,1195.0,2211.0,-0.7775419143502353,2,0.7775419143502353
173,2,크라프트지(1차재심),4804,2012.09,중국,스페인,대한민국,regulated_to_intermediary,3564.0,5316.0,-0.7775419143502353,2,0.7775419143502353
173,2,크라프트지(1차재심),4804,2012.1,중국,스페인,대한민국,regulated_to_intermediary,0.0,0.0,-0.7775419143502353,2,0.7775419143502353
173,2,크라프트지(1차재심),4804,2012.11,중국,스페인,대한민국,regulated_to_intermediary,0.0,0.0,-0.7775419143502353,2,0.7775419143502353
173,2,크라프트지(1차재심),4804,2012.12,중국,스페인,대한민국,regulated_to_intermediary,0.0,0.0,-0.7775419143502353,2,0.7775419143502353
173,2,크라프트지(1차재심),4804,2012.04,중국,스페인,대한민국,regulated_to_importer,565530.0,844575.0,-0.7775419143502353,2,0.7775419143502353
173,2,크라프트지(1차재심),4804,2012.05,중국,스페인,대한민국,regulated_to_importer,763747.0,616937.0,-0.7775419143502353,2,0.7775419143502353
173,2,크라프트지(1차재심),4804,2012.06,중국,스페인,대한민국,regulated_to_importer,276187.0,317807.0,-0.7775419143502353,2,0.7775419143502353
173,2,크라프트지(1차재심),4804,2012.07,중국,스페인,대한민국,regulated_to_importer,1463476.0,1199109.0,-0.7775419143502353,2,0.7775419143502353
173,2,크라프트지(1차재심),4804,2012.08,중국,스페인,대한민국,regulated_to_importer,509546.0,441572.0,-0.7775419143502353,2,0.7775419143502353
173,2,크라프트지(1차재심),4804,2012.09,중국,스페인,대한민국,regulated_to_importer,476921.0,408944.0,-0.7775419143502353,2,0.7775419143502353
173,2,크라프트지(1차재심),4804,2012.1,중국,스페인,대한민국,regulated_to_importer,0.0,0.0,-0.7775419143502353,2,0.7775419143502353
173,2,크라프트지(1차재심),4804,2012.11,중국,스페인,대한민국,regulated_to_importer,0.0,0.0,-0.7775419143502353,2,0.7775419143502353
173,2,크라프트지(1차재심),4804,2012.12,중국,스페인,대한민국,regulated_to_importer,0.0,0.0,-0.7775419143502353,2,0.7775419143502353
174,2,크라프트지(1차재심),4804,2012.04,캐나다,홍콩,대한민국,regulated_to_intermediary,0.0,0.0,-0.7775419143502353,0,0.7775419143502353
174,2,크라프트지(1차재심),4804,2012.05,캐나다,홍콩,대한민국,regulated_to_intermediary,0.0,0.0,-0.7775419143502353,0,0.7775419143502353
174,2,크라프트지(1차재심),4804,2012.06,캐나다,홍콩,대한민국,regulated_to_intermediary,0.0,0.0,-0.7775419143502353,0,0.7775419143502353
174,2,크라프트지(1차재심),4804,2012.07,캐나다,홍콩,대한민국,regulated_to_intermediary,0.0,0.0,-0.7775419143502353,0,0.7775419143502353
174,2,크라프트지(1차재심),4804,2012.08,캐나다,홍콩,대한민국,regulated_to_intermediary,0.0,0.0,-0.7775419143502353,0,0.7775419143502353
174,2,크라프트지(1차재심),4804,2012.09,캐나다,홍콩,대한민국,regulated_to_intermediary,0.0,0.0,-0.7775419143502353,0,0.7775419143502353
174,2,크라프트지(1차재심),4804,2012.1,캐나다,홍콩,대한민국,regulated_to_intermediary,0.0,0.0,-0.7775419143502353,0,0.7775419143502353
174,2,크라프트지(1차재심),4804,2012.11,캐나다,홍콩,대한민국,regulated_to_intermediary,0.0,0.0,-0.7775419143502353,0,0.7775419143502353
174,2,크라프트지(1차재심),4804,2012.12,캐나다,홍콩,대한민국,regulated_to_intermediary,0.0,0.0,-0.7775419143502353,0,0.7775419143502353
174,2,크라프트지(1차재심),4804,2012.04,캐나다,홍콩,대한민국,regulated_to_importer,317000.0,317003.844,-0.7775419143502353,0,0.7775419143502353
174,2,크라프트지(1차재심),4804,2012.05,캐나다,홍콩,대한민국,regulated_to_importer,160000.0,161077.259,-0.7775419143502353,0,0.7775419143502353
174,2,크라프트지(1차재심),4804,2012.06,캐나다,홍콩,대한민국,regulated_to_importer,69000.0,66792.048,-0.7775419143502353,0,0.7775419143502353
174,2,크라프트지(1차재심),4804,2012.07,캐나다,홍콩,대한민국,regulated_to_importer,204000.0,207911.316,-0.7775419143502353,0,0.7775419143502353
174,2,크라프트지(1차재심),4804,2012.08,캐나다,홍콩,대한민국,regulated_to_importer,0.0,194.529,-0.7775419143502353,0,0.7775419143502353
174,2,크라프트지(1차재심),4804,2012.09,캐나다,홍콩,대한민국,regulated_to_importer,129000.0,128157.475,-0.7775419143502353,0,0.7775419143502353
174,2,크라프트지(1차재심),4804,2012.1,캐나다,홍콩,대한민국,regulated_to_importer,201000.0,209953.89,-0.7775419143502353,0,0.7775419143502353
174,2,크라프트지(1차재심),4804,2012.11,캐나다,홍콩,대한민국,regulated_to_importer,200000.0,192098.027,-0.7775419143502353,0,0.7775419143502353
174,2,크라프트지(1차재심),4804,2012.12,캐나다,홍콩,대한민국,regulated_to_importer,155000.0,162044.263,-0.7775419143502353,0,0.7775419143502353
175,8,폴리에스테르 장섬유 연신가공사(2차재심),5402,2013.12,대만,벨라루스,대한민국,regulated_to_intermediary,0.0,0.0,-0.7775419143502353,1,0.7775419143502353
175,8,폴리에스테르 장섬유 연신가공사(2차재심),5402,2014.01,대만,벨라루스,대한민국,regulated_to_intermediary,0.0,0.0,-0.7775419143502353,1,0.7775419143502353
175,8,폴리에스테르 장섬유 연신가공사(2차재심),5402,2014.02,대만,벨라루스,대한민국,regulated_to_intermediary,0.0,0.0,-0.7775419143502353,1,0.7775419143502353
175,8,폴리에스테르 장섬유 연신가공사(2차재심),5402,2014.03,대만,벨라루스,대한민국,regulated_to_intermediary,0.0,0.0,-0.7775419143502353,1,0.7775419143502353
175,8,폴리에스테르 장섬유 연신가공사(2차재심),5402,2014.04,대만,벨라루스,대한민국,regulated_to_intermediary,0.0,0.0,-0.7775419143502353,1,0.7775419143502353
175,8,폴리에스테르 장섬유 연신가공사(2차재심),5402,2014.05,대만,벨라루스,대한민국,regulated_to_intermediary,0.0,0.0,-0.7775419143502353,1,0.7775419143502353
175,8,폴리에스테르 장섬유 연신가공사(2차재심),5402,2014.06,대만,벨라루스,대한민국,regulated_to_intermediary,0.0,0.0,-0.7775419143502353,1,0.7775419143502353
175,8,폴리에스테르 장섬유 연신가공사(2차재심),5402,2014.07,대만,벨라루스,대한민국,regulated_to_intermediary,0.0,0.0,-0.7775419143502353,1,0.7775419143502353
175,8,폴리에스테르 장섬유 연신가공사(2차재심),5402,2014.08,대만,벨라루스,대한민국,regulated_to_intermediary,0.0,0.0,-0.7775419143502353,1,0.7775419143502353
175,8,폴리에스테르 장섬유 연신가공사(2차재심),5402,2013.12,대만,벨라루스,대한민국,regulated_to_importer,0.0,0.0,-0.7775419143502353,1,0.7775419143502353
175,8,폴리에스테르 장섬유 연신가공사(2차재심),5402,2014.01,대만,벨라루스,대한민국,regulated_to_importer,0.0,0.0,-0.7775419143502353,1,0.7775419143502353
175,8,폴리에스테르 장섬유 연신가공사(2차재심),5402,2014.02,대만,벨라루스,대한민국,regulated_to_importer,0.0,0.0,-0.7775419143502353,1,0.7775419143502353
175,8,폴리에스테르 장섬유 연신가공사(2차재심),5402,2014.03,대만,벨라루스,대한민국,regulated_to_importer,0.0,0.0,-0.7775419143502353,1,0.7775419143502353
175,8,폴리에스테르 장섬유 연신가공사(2차재심),5402,2014.04,대만,벨라루스,대한민국,regulated_to_importer,0.0,0.0,-0.7775419143502353,1,0.7775419143502353
175,8,폴리에스테르 장섬유 연신가공사(2차재심),5402,2014.05,대만,벨라루스,대한민국,regulated_to_importer,0.0,0.0,-0.7775419143502353,1,0.7775419143502353
175,8,폴리에스테르 장섬유 연신가공사(2차재심),5402,2014.06,대만,벨라루스,대한민국,regulated_to_importer,0.0,0.0,-0.7775419143502353,1,0.7775419143502353
175,8,폴리에스테르 장섬유 연신가공사(2차재심),5402,2014.07,대만,벨라루스,대한민국,regulated_to_importer,0.0,0.0,-0.7775419143502353,1,0.7775419143502353
175,8,폴리에스테르 장섬유 연신가공사(2차재심),5402,2014.08,대만,벨라루스,대한민국,regulated_to_importer,0.0,0.0,-0.7775419143502353,1,0.7775419143502353
176,9,OPP필름,392020,2013.12,인도네시아,호주,대한민국,regulated_to_intermediary,432670.0,1206061.0,-0.7775419143502353,2,0.7775419143502353
176,9,OPP필름,392020,2014.01,인도네시아,호주,대한민국,regulated_to_intermediary,318692.0,879325.0,-0.7775419143502353,2,0.7775419143502353
176,9,OPP필름,392020,2014.02,인도네시아,호주,대한민국,regulated_to_intermediary,298431.0,848301.0,-0.7775419143502353,2,0.7775419143502353
176,9,OPP필름,392020,2014.03,인도네시아,호주,대한민국,regulated_to_intermediary,320086.0,847541.0,-0.7775419143502353,2,0.7775419143502353
176,9,OPP필름,392020,2014.04,인도네시아,호주,대한민국,regulated_to_intermediary,426029.0,1207992.0,-0.7775419143502353,2,0.7775419143502353
176,9,OPP필름,392020,2014.05,인도네시아,호주,대한민국,regulated_to_intermediary,365642.0,938765.0,-0.7775419143502353,2,0.7775419143502353
176,9,OPP필름,392020,2014.06,인도네시아,호주,대한민국,regulated_to_intermediary,465778.0,1252891.0,-0.7775419143502353,2,0.7775419143502353
176,9,OPP필름,392020,2014.07,인도네시아,호주,대한민국,regulated_to_intermediary,379709.0,998739.0,-0.7775419143502353,2,0.7775419143502353
176,9,OPP필름,392020,2014.08,인도네시아,호주,대한민국,regulated_to_intermediary,444256.0,1200676.0,-0.7775419143502353,2,0.7775419143502353
176,9,OPP필름,392020,2013.12,인도네시아,호주,대한민국,regulated_to_importer,262539.0,746204.0,-0.7775419143502353,2,0.7775419143502353
176,9,OPP필름,392020,2014.01,인도네시아,호주,대한민국,regulated_to_importer,242426.0,740325.0,-0.7775419143502353,2,0.7775419143502353
176,9,OPP필름,392020,2014.02,인도네시아,호주,대한민국,regulated_to_importer,308855.0,869077.0,-0.7775419143502353,2,0.7775419143502353
176,9,OPP필름,392020,2014.03,인도네시아,호주,대한민국,regulated_to_importer,298769.0,859798.0,-0.7775419143502353,2,0.7775419143502353
176,9,OPP필름,392020,2014.04,인도네시아,호주,대한민국,regulated_to_importer,286364.0,817725.0,-0.7775419143502353,2,0.7775419143502353
176,9,OPP필름,392020,2014.05,인도네시아,호주,대한민국,regulated_to_importer,349575.0,1006947.0,-0.7775419143502353,2,0.7775419143502353
176,9,OPP필름,392020,2014.06,인도네시아,호주,대한민국,regulated_to_importer,365516.0,996585.0,-0.7775419143502353,2,0.7775419143502353
176,9,OPP필름,392020,2014.07,인도네시아,호주,대한민국,regulated_to_importer,242802.0,693602.0,-0.7775419143502353,2,0.7775419143502353
176,9,OPP필름,392020,2014.08,인도네시아,호주,대한민국,regulated_to_importer,524718.0,1500169.0,-0.7775419143502353,2,0.7775419143502353
177,10,합판(1차재심),4412,2014.09,말레이시아,슬로베니아,대한민국,regulated_to_intermediary,0.0,0.0,-0.7775419143502353,1,0.7775419143502353
177,10,합판(1차재심),4412,2014.1,말레이시아,슬로베니아,대한민국,regulated_to_intermediary,0.0,0.0,-0.7775419143502353,1,0.7775419143502353
177,10,합판(1차재심),4412,2014.11,말레이시아,슬로베니아,대한민국,regulated_to_intermediary,0.0,0.0,-0.7775419143502353,1,0.7775419143502353
177,10,합판(1차재심),4412,2014.12,말레이시아,슬로베니아,대한민국,regulated_to_intermediary,0.0,0.0,-0.7775419143502353,1,0.7775419143502353
177,10,합판(1차재심),4412,2015.01,말레이시아,슬로베니아,대한민국,regulated_to_intermediary,0.0,0.0,-0.7775419143502353,1,0.7775419143502353
177,10,합판(1차재심),4412,2015.02,말레이시아,슬로베니아,대한민국,regulated_to_intermediary,0.0,0.0,-0.7775419143502353,1,0.7775419143502353
177,10,합판(1차재심),4412,2015.03,말레이시아,슬로베니아,대한민국,regulated_to_intermediary,0.0,0.0,-0.7775419143502353,1,0.7775419143502353
177,10,합판(1차재심),4412,2015.04,말레이시아,슬로베니아,대한민국,regulated_to_intermediary,0.0,0.0,-0.7775419143502353,1,0.7775419143502353
177,10,합판(1차재심),4412,2015.05,말레이시아,슬로베니아,대한민국,regulated_to_intermediary,0.0,0.0,-0.7775419143502353,1,0.7775419143502353
177,10,합판(1차재심),4412,2014.09,말레이시아,슬로베니아,대한민국,regulated_to_importer,0.0,14729113.264,-0.7775419143502353,1,0.7775419143502353
177,10,합판(1차재심),4412,2014.1,말레이시아,슬로베니아,대한민국,regulated_to_importer,0.0,8597137.739,-0.7775419143502353,1,0.7775419143502353
177,10,합판(1차재심),4412,2014.11,말레이시아,슬로베니아,대한민국,regulated_to_importer,0.0,16213813.54,-0.7775419143502353,1,0.7775419143502353
177,10,합판(1차재심),4412,2014.12,말레이시아,슬로베니아,대한민국,regulated_to_importer,0.0,15571208.438,-0.7775419143502353,1,0.7775419143502353
177,10,합판(1차재심),4412,2015.01,말레이시아,슬로베니아,대한민국,regulated_to_importer,0.0,10378556.989,-0.7775419143502353,1,0.7775419143502353
177,10,합판(1차재심),4412,2015.02,말레이시아,슬로베니아,대한민국,regulated_to_importer,0.0,8378851.218,-0.7775419143502353,1,0.7775419143502353
177,10,합판(1차재심),4412,2015.03,말레이시아,슬로베니아,대한민국,regulated_to_importer,0.0,11763214.259,-0.7775419143502353,1,0.7775419143502353
177,10,합판(1차재심),4412,2015.04,말레이시아,슬로베니아,대한민국,regulated_to_importer,0.0,10925996.287,-0.7775419143502353,1,0.7775419143502353
177,10,합판(1차재심),4412,2015.05,말레이시아,슬로베니아,대한민국,regulated_to_importer,0.0,11396025.628,-0.7775419143502353,1,0.7775419143502353
178,13,공기압 전송용 밸브,848120,2015.08,일본,말레이시아,대한민국,regulated_to_intermediary,16182.0,628182.15,-0.7775419143502353,1,0.7775419143502353
178,13,공기압 전송용 밸브,848120,2015.09,일본,말레이시아,대한민국,regulated_to_intermediary,14150.0,595274.086,-0.7775419143502353,1,0.7775419143502353
178,13,공기압 전송용 밸브,848120,2015.1,일본,말레이시아,대한민국,regulated_to_intermediary,13991.0,603377.747,-0.7775419143502353,1,0.7775419143502353
178,13,공기압 전송용 밸브,848120,2015.11,일본,말레이시아,대한민국,regulated_to_intermediary,11455.0,584050.126,-0.7775419143502353,1,0.7775419143502353
178,13,공기압 전송용 밸브,848120,2015.12,일본,말레이시아,대한민국,regulated_to_intermediary,10795.0,638952.204,-0.7775419143502353,1,0.7775419143502353
178,13,공기압 전송용 밸브,848120,2016.01,일본,말레이시아,대한민국,regulated_to_intermediary,9186.0,444247.415,-0.7775419143502353,1,0.7775419143502353
178,13,공기압 전송용 밸브,848120,2016.02,일본,말레이시아,대한민국,regulated_to_intermediary,13528.0,513250.541,-0.7775419143502353,1,0.7775419143502353
178,13,공기압 전송용 밸브,848120,2016.03,일본,말레이시아,대한민국,regulated_to_intermediary,15067.0,607963.092,-0.7775419143502353,1,0.7775419143502353
178,13,공기압 전송용 밸브,848120,2016.04,일본,말레이시아,대한민국,regulated_to_intermediary,11552.0,686678.846,-0.7775419143502353,1,0.7775419143502353
178,13,공기압 전송용 밸브,848120,2015.08,일본,말레이시아,대한민국,regulated_to_importer,179381.0,6781429.59,-0.7775419143502353,1,0.7775419143502353
178,13,공기압 전송용 밸브,848120,2015.09,일본,말레이시아,대한민국,regulated_to_importer,172366.0,7957928.008,-0.7775419143502353,1,0.7775419143502353
178,13,공기압 전송용 밸브,848120,2015.1,일본,말레이시아,대한민국,regulated_to_importer,227326.0,9390980.816,-0.7775419143502353,1,0.7775419143502353
178,13,공기압 전송용 밸브,848120,2015.11,일본,말레이시아,대한민국,regulated_to_importer,166823.0,7981196.848,-0.7775419143502353,1,0.7775419143502353
178,13,공기압 전송용 밸브,848120,2015.12,일본,말레이시아,대한민국,regulated_to_importer,172597.0,9256096.434,-0.7775419143502353,1,0.7775419143502353
178,13,공기압 전송용 밸브,848120,2016.01,일본,말레이시아,대한민국,regulated_to_importer,185693.0,8916824.563,-0.7775419143502353,1,0.7775419143502353
178,13,공기압 전송용 밸브,848120,2016.02,일본,말레이시아,대한민국,regulated_to_importer,193606.0,9383068.631,-0.7775419143502353,1,0.7775419143502353
178,13,공기압 전송용 밸브,848120,2016.03,일본,말레이시아,대한민국,regulated_to_importer,268817.0,10048703.148,-0.7775419143502353,1,0.7775419143502353
178,13,공기압 전송용 밸브,848120,2016.04,일본,말레이시아,대한민국,regulated_to_importer,247078.0,9585976.306,-0.7775419143502353,1,0.7775419143502353
179,14,합판(신규공급자조사),4412,2014.02,중국,포루투갈,대한민국,regulated_to_intermediary,0.0,0.0,-0.7775419143502353,2,0.7775419143502353
179,14,합판(신규공급자조사),4412,2014.03,중국,포루투갈,대한민국,regulated_to_intermediary,0.0,0.0,-0.7775419143502353,2,0.7775419143502353
179,14,합판(신규공급자조사),4412,2014.04,중국,포루투갈,대한민국,regulated_to_intermediary,0.0,0.0,-0.7775419143502353,2,0.7775419143502353
179,14,합판(신규공급자조사),4412,2014.05,중국,포루투갈,대한민국,regulated_to_intermediary,0.0,0.0,-0.7775419143502353,2,0.7775419143502353
179,14,합판(신규공급자조사),4412,2014.06,중국,포루투갈,대한민국,regulated_to_intermediary,0.0,0.0,-0.7775419143502353,2,0.7775419143502353
179,14,합판(신규공급자조사),4412,2014.07,중국,포루투갈,대한민국,regulated_to_intermediary,0.0,0.0,-0.7775419143502353,2,0.7775419143502353
179,14,합판(신규공급자조사),4412,2014.08,중국,포루투갈,대한민국,regulated_to_intermediary,0.0,0.0,-0.7775419143502353,2,0.7775419143502353
179,14,합판(신규공급자조사),4412,2014.09,중국,포루투갈,대한민국,regulated_to_intermediary,0.0,0.0,-0.7775419143502353,2,0.7775419143502353
179,14,합판(신규공급자조사),4412,2014.1,중국,포루투갈,대한민국,regulated_to_intermediary,0.0,0.0,-0.7775419143502353,2,0.7775419143502353
179,14,합판(신규공급자조사),4412,2014.02,중국,포루투갈,대한민국,regulated_to_importer,0.0,0.0,-0.7775419143502353,2,0.7775419143502353
179,14,합판(신규공급자조사),4412,2014.03,중국,포루투갈,대한민국,regulated_to_importer,0.0,0.0,-0.7775419143502353,2,0.7775419143502353
179,14,합판(신규공급자조사),4412,2014.04,중국,포루투갈,대한민국,regulated_to_importer,0.0,0.0,-0.7775419143502353,2,0.7775419143502353
179,14,합판(신규공급자조사),4412,2014.05,중국,포루투갈,대한민국,regulated_to_importer,0.0,0.0,-0.7775419143502353,2,0.7775419143502353
179,14,합판(신규공급자조사),4412,2014.06,중국,포루투갈,대한민국,regulated_to_importer,0.0,0.0,-0.7775419143502353,2,0.7775419143502353
179,14,합판(신규공급자조사),4412,2014.07,중국,포루투갈,대한민국,regulated_to_importer,0.0,0.0,-0.7775419143502353,2,0.7775419143502353
179,14,합판(신규공급자조사),4412,2014.08,중국,포루투갈,대한민국,regulated_to_importer,0.0,0.0,-0.7775419143502353,2,0.7775419143502353
179,14,합판(신규공급자조사),4412,2014.09,중국,포루투갈,대한민국,regulated_to_importer,0.0,0.0,-0.7775419143502353,2,0.7775419143502353
179,14,합판(신규공급자조사),4412,2014.1,중국,포루투갈,대한민국,regulated_to_importer,0.0,0.0,-0.7775419143502353,2,0.7775419143502353
180,15,합판(신규공급자조사),4412,2014.02,중국,포루투갈,대한민국,regulated_to_intermediary,0.0,0.0,-0.7775419143502353,2,0.7775419143502353
180,15,합판(신규공급자조사),4412,2014.03,중국,포루투갈,대한민국,regulated_to_intermediary,0.0,0.0,-0.7775419143502353,2,0.7775419143502353
180,15,합판(신규공급자조사),4412,2014.04,중국,포루투갈,대한민국,regulated_to_intermediary,0.0,0.0,-0.7775419143502353,2,0.7775419143502353
180,15,합판(신규공급자조사),4412,2014.05,중국,포루투갈,대한민국,regulated_to_intermediary,0.0,0.0,-0.7775419143502353,2,0.7775419143502353
180,15,합판(신규공급자조사),4412,2014.06,중국,포루투갈,대한민국,regulated_to_intermediary,0.0,0.0,-0.7775419143502353,2,0.7775419143502353
180,15,합판(신규공급자조사),4412,2014.07,중국,포루투갈,대한민국,regulated_to_intermediary,0.0,0.0,-0.7775419143502353,2,0.7775419143502353
180,15,합판(신규공급자조사),4412,2014.08,중국,포루투갈,대한민국,regulated_to_intermediary,0.0,0.0,-0.7775419143502353,2,0.7775419143502353
180,15,합판(신규공급자조사),4412,2014.09,중국,포루투갈,대한민국,regulated_to_intermediary,0.0,0.0,-0.7775419143502353,2,0.7775419143502353
180,15,합판(신규공급자조사),4412,2014.1,중국,포루투갈,대한민국,regulated_to_intermediary,0.0,0.0,-0.7775419143502353,2,0.7775419143502353
180,15,합판(신규공급자조사),4412,2014.02,중국,포루투갈,대한민국,regulated_to_importer,0.0,0.0,-0.7775419143502353,2,0.7775419143502353
180,15,합판(신규공급자조사),4412,2014.03,중국,포루투갈,대한민국,regulated_to_importer,0.0,0.0,-0.7775419143502353,2,0.7775419143502353
180,15,합판(신규공급자조사),4412,2014.04,중국,포루투갈,대한민국,regulated_to_importer,0.0,0.0,-0.7775419143502353,2,0.7775419143502353
180,15,합판(신규공급자조사),4412,2014.05,중국,포루투갈,대한민국,regulated_to_importer,0.0,0.0,-0.7775419143502353,2,0.7775419143502353
180,15,합판(신규공급자조사),4412,2014.06,중국,포루투갈,대한민국,regulated_to_importer,0.0,0.0,-0.7775419143502353,2,0.7775419143502353
180,15,합판(신규공급자조사),4412,2014.07,중국,포루투갈,대한민국,regulated_to_importer,0.0,0.0,-0.7775419143502353,2,0.7775419143502353
180,15,합판(신규공급자조사),4412,2014.08,중국,포루투갈,대한민국,regulated_to_importer,0.0,0.0,-0.7775419143502353,2,0.7775419143502353
180,15,합판(신규공급자조사),4412,2014.09,중국,포루투갈,대한민국,regulated_to_importer,0.0,0.0,-0.7775419143502353,2,0.7775419143502353
180,15,합판(신규공급자조사),4412,2014.1,중국,포루투갈,대한민국,regulated_to_importer,0.0,0.0,-0.7775419143502353,2,0.7775419143502353
181,16,합판(신규공급자조사),4412,2014.02,중국,포루투갈,대한민국,regulated_to_intermediary,0.0,0.0,-0.7775419143502353,2,0.7775419143502353
181,16,합판(신규공급자조사),4412,2014.03,중국,포루투갈,대한민국,regulated_to_intermediary,0.0,0.0,-0.7775419143502353,2,0.7775419143502353
181,16,합판(신규공급자조사),4412,2014.04,중국,포루투갈,대한민국,regulated_to_intermediary,0.0,0.0,-0.7775419143502353,2,0.7775419143502353
181,16,합판(신규공급자조사),4412,2014.05,중국,포루투갈,대한민국,regulated_to_intermediary,0.0,0.0,-0.7775419143502353,2,0.7775419143502353
181,16,합판(신규공급자조사),4412,2014.06,중국,포루투갈,대한민국,regulated_to_intermediary,0.0,0.0,-0.7775419143502353,2,0.7775419143502353
181,16,합판(신규공급자조사),4412,2014.07,중국,포루투갈,대한민국,regulated_to_intermediary,0.0,0.0,-0.7775419143502353,2,0.7775419143502353
181,16,합판(신규공급자조사),4412,2014.08,중국,포루투갈,대한민국,regulated_to_intermediary,0.0,0.0,-0.7775419143502353,2,0.7775419143502353
181,16,합판(신규공급자조사),4412,2014.09,중국,포루투갈,대한민국,regulated_to_intermediary,0.0,0.0,-0.7775419143502353,2,0.7775419143502353
181,16,합판(신규공급자조사),4412,2014.1,중국,포루투갈,대한민국,regulated_to_intermediary,0.0,0.0,-0.7775419143502353,2,0.7775419143502353
181,16,합판(신규공급자조사),4412,2014.02,중국,포루투갈,대한민국,regulated_to_importer,0.0,0.0,-0.7775419143502353,2,0.7775419143502353
181,16,합판(신규공급자조사),4412,2014.03,중국,포루투갈,대한민국,regulated_to_importer,0.0,0.0,-0.7775419143502353,2,0.7775419143502353
181,16,합판(신규공급자조사),4412,2014.04,중국,포루투갈,대한민국,regulated_to_importer,0.0,0.0,-0.7775419143502353,2,0.7775419143502353
181,16,합판(신규공급자조사),4412,2014.05,중국,포루투갈,대한민국,regulated_to_importer,0.0,0.0,-0.7775419143502353,2,0.7775419143502353
181,16,합판(신규공급자조사),4412,2014.06,중국,포루투갈,대한민국,regulated_to_importer,0.0,0.0,-0.7775419143502353,2,0.7775419143502353
181,16,합판(신규공급자조사),4412,2014.07,중국,포루투갈,대한민국,regulated_to_importer,0.0,0.0,-0.7775419143502353,2,0.7775419143502353
181,16,합판(신규공급자조사),4412,2014.08,중국,포루투갈,대한민국,regulated_to_importer,0.0,0.0,-0.7775419143502353,2,0.7775419143502353
181,16,합판(신규공급자조사),4412,2014.09,중국,포루투갈,대한민국,regulated_to_importer,0.0,0.0,-0.7775419143502353,2,0.7775419143502353
181,16,합판(신규공급자조사),4412,2014.1,중국,포루투갈,대한민국,regulated_to_importer,0.0,0.0,-0.7775419143502353,2,0.7775419143502353
182,19,PET필름(2차재심),392062,2016.01,중국,이스라엘,대한민국,regulated_to_intermediary,87267.22,202911.0,-0.7775419143502353,0,0.7775419143502353
182,19,PET필름(2차재심),392062,2016.02,중국,이스라엘,대한민국,regulated_to_intermediary,40872.305,95035.0,-0.7775419143502353,0,0.7775419143502353
182,19,PET필름(2차재심),392062,2016.03,중국,이스라엘,대한민국,regulated_to_intermediary,82833.133,192601.0,-0.7775419143502353,0,0.7775419143502353
182,19,PET필름(2차재심),392062,2016.04,중국,이스라엘,대한민국,regulated_to_intermediary,88768.617,206402.0,-0.7775419143502353,0,0.7775419143502353
182,19,PET필름(2차재심),392062,2016.05,중국,이스라엘,대한민국,regulated_to_intermediary,86112.035,200225.0,-0.7775419143502353,0,0.7775419143502353
182,19,PET필름(2차재심),392062,2016.06,중국,이스라엘,대한민국,regulated_to_intermediary,69837.947,162385.0,-0.7775419143502353,0,0.7775419143502353
182,19,PET필름(2차재심),392062,2016.07,중국,이스라엘,대한민국,regulated_to_intermediary,32362.815,75249.0,-0.7775419143502353,0,0.7775419143502353
182,19,PET필름(2차재심),392062,2016.08,중국,이스라엘,대한민국,regulated_to_intermediary,55641.987,129377.0,-0.7775419143502353,0,0.7775419143502353
182,19,PET필름(2차재심),392062,2016.09,중국,이스라엘,대한민국,regulated_to_intermediary,49512.969,115126.0,-0.7775419143502353,0,0.7775419143502353
182,19,PET필름(2차재심),392062,2016.01,중국,이스라엘,대한민국,regulated_to_importer,1188131.48,2762606.0,-0.7775419143502353,0,0.7775419143502353
182,19,PET필름(2차재심),392062,2016.02,중국,이스라엘,대한민국,regulated_to_importer,644081.468,1497598.0,-0.7775419143502353,0,0.7775419143502353
182,19,PET필름(2차재심),392062,2016.03,중국,이스라엘,대한민국,regulated_to_importer,1118397.612,2600463.0,-0.7775419143502353,0,0.7775419143502353
182,19,PET필름(2차재심),392062,2016.04,중국,이스라엘,대한민국,regulated_to_importer,934044.098,2171810.0,-0.7775419143502353,0,0.7775419143502353
182,19,PET필름(2차재심),392062,2016.05,중국,이스라엘,대한민국,regulated_to_importer,1285800.957,2989704.0,-0.7775419143502353,0,0.7775419143502353
182,19,PET필름(2차재심),392062,2016.06,중국,이스라엘,대한민국,regulated_to_importer,1280847.337,2978186.0,-0.7775419143502353,0,0.7775419143502353
182,19,PET필름(2차재심),392062,2016.07,중국,이스라엘,대한민국,regulated_to_importer,1727454.523,4016623.0,-0.7775419143502353,0,0.7775419143502353
182,19,PET필름(2차재심),392062,2016.08,중국,이스라엘,대한민국,regulated_to_importer,1206908.183,2806265.0,-0.7775419143502353,0,0.7775419143502353
182,19,PET필름(2차재심),392062,2016.09,중국,이스라엘,대한민국,regulated_to_importer,1043343.699,2425950.0,-0.7775419143502353,0,0.7775419143502353
183,19,PET필름(2차재심),392062,2016.01,중국,필리핀,대한민국,regulated_to_intermediary,959567.839,2231157.0,-0.7775419143502353,3,0.7775419143502353
183,19,PET필름(2차재심),392062,2016.02,중국,필리핀,대한민국,regulated_to_intermediary,563100.673,1309304.0,-0.7775419143502353,3,0.7775419143502353
183,19,PET필름(2차재심),392062,2016.03,중국,필리핀,대한민국,regulated_to_intermediary,1073445.602,2495942.0,-0.7775419143502353,3,0.7775419143502353
183,19,PET필름(2차재심),392062,2016.04,중국,필리핀,대한민국,regulated_to_intermediary,944636.878,2196440.0,-0.7775419143502353,3,0.7775419143502353
183,19,PET필름(2차재심),392062,2016.05,중국,필리핀,대한민국,regulated_to_intermediary,1225131.378,2848637.0,-0.7775419143502353,3,0.7775419143502353
183,19,PET필름(2차재심),392062,2016.06,중국,필리핀,대한민국,regulated_to_intermediary,1145395.224,2663237.0,-0.7775419143502353,3,0.7775419143502353
183,19,PET필름(2차재심),392062,2016.07,중국,필리핀,대한민국,regulated_to_intermediary,799431.493,1858813.0,-0.7775419143502353,3,0.7775419143502353
183,19,PET필름(2차재심),392062,2016.08,중국,필리핀,대한민국,regulated_to_intermediary,1284367.082,2986370.0,-0.7775419143502353,3,0.7775419143502353
183,19,PET필름(2차재심),392062,2016.09,중국,필리핀,대한민국,regulated_to_intermediary,963230.799,2239674.0,-0.7775419143502353,3,0.7775419143502353
183,19,PET필름(2차재심),392062,2016.01,중국,필리핀,대한민국,regulated_to_importer,1188131.48,2762606.0,-0.7775419143502353,3,0.7775419143502353
183,19,PET필름(2차재심),392062,2016.02,중국,필리핀,대한민국,regulated_to_importer,644081.468,1497598.0,-0.7775419143502353,3,0.7775419143502353
183,19,PET필름(2차재심),392062,2016.03,중국,필리핀,대한민국,regulated_to_importer,1118397.612,2600463.0,-0.7775419143502353,3,0.7775419143502353
183,19,PET필름(2차재심),392062,2016.04,중국,필리핀,대한민국,regulated_to_importer,934044.098,2171810.0,-0.7775419143502353,3,0.7775419143502353
183,19,PET필름(2차재심),392062,2016.05,중국,필리핀,대한민국,regulated_to_importer,1285800.957,2989704.0,-0.7775419143502353,3,0.7775419143502353
183,19,PET필름(2차재심),392062,2016.06,중국,필리핀,대한민국,regulated_to_importer,1280847.337,2978186.0,-0.7775419143502353,3,0.7775419143502353
183,19,PET필름(2차재심),392062,2016.07,중국,필리핀,대한민국,regulated_to_importer,1727454.523,4016623.0,-0.7775419143502353,3,0.7775419143502353
183,19,PET필름(2차재심),392062,2016.08,중국,필리핀,대한민국,regulated_to_importer,1206908.183,2806265.0,-0.7775419143502353,3,0.7775419143502353
183,19,PET필름(2차재심),392062,2016.09,중국,필리핀,대한민국,regulated_to_importer,1043343.699,2425950.0,-0.7775419143502353,3,0.7775419143502353
184,24,옵셋인쇄판,370130,2017.09,중국,스페인,대한민국,regulated_to_intermediary,38910.432,461327.0,-0.7775419143502353,3,0.7775419143502353
184,24,옵셋인쇄판,370130,2017.1,중국,스페인,대한민국,regulated_to_intermediary,62212.14,737595.0,-0.7775419143502353,3,0.7775419143502353
184,24,옵셋인쇄판,370130,2017.11,중국,스페인,대한민국,regulated_to_intermediary,45393.915,538196.0,-0.7775419143502353,3,0.7775419143502353
184,24,옵셋인쇄판,370130,2017.12,중국,스페인,대한민국,regulated_to_intermediary,98421.605,1166899.0,-0.7775419143502353,3,0.7775419143502353
184,24,옵셋인쇄판,370130,2018.01,중국,스페인,대한민국,regulated_to_intermediary,435436.0,1691130.0,-0.7775419143502353,3,0.7775419143502353
184,24,옵셋인쇄판,370130,2018.02,중국,스페인,대한민국,regulated_to_intermediary,460717.0,1866083.0,-0.7775419143502353,3,0.7775419143502353
184,24,옵셋인쇄판,370130,2018.03,중국,스페인,대한민국,regulated_to_intermediary,104282.0,409376.0,-0.7775419143502353,3,0.7775419143502353
184,24,옵셋인쇄판,370130,2018.04,중국,스페인,대한민국,regulated_to_intermediary,491400.0,1989117.0,-0.7775419143502353,3,0.7775419143502353
184,24,옵셋인쇄판,370130,2018.05,중국,스페인,대한민국,regulated_to_intermediary,389589.0,1510562.0,-0.7775419143502353,3,0.7775419143502353
184,24,옵셋인쇄판,370130,2017.09,중국,스페인,대한민국,regulated_to_importer,601088.899,7126586.0,-0.7775419143502353,3,0.7775419143502353
184,24,옵셋인쇄판,370130,2017.1,중국,스페인,대한민국,regulated_to_importer,613095.94,7268943.0,-0.7775419143502353,3,0.7775419143502353
184,24,옵셋인쇄판,370130,2017.11,중국,스페인,대한민국,regulated_to_importer,876534.426,10392303.0,-0.7775419143502353,3,0.7775419143502353
184,24,옵셋인쇄판,370130,2017.12,중국,스페인,대한민국,regulated_to_importer,902823.957,10703995.0,-0.7775419143502353,3,0.7775419143502353
184,24,옵셋인쇄판,370130,2018.01,중국,스페인,대한민국,regulated_to_importer,1765493.0,7410573.0,-0.7775419143502353,3,0.7775419143502353
184,24,옵셋인쇄판,370130,2018.02,중국,스페인,대한민국,regulated_to_importer,2384483.0,9695602.0,-0.7775419143502353,3,0.7775419143502353
184,24,옵셋인쇄판,370130,2018.03,중국,스페인,대한민국,regulated_to_importer,2185176.0,9295111.0,-0.7775419143502353,3,0.7775419143502353
184,24,옵셋인쇄판,370130,2018.04,중국,스페인,대한민국,regulated_to_importer,1892980.0,8059149.0,-0.7775419143502353,3,0.7775419143502353
184,24,옵셋인쇄판,370130,2018.05,중국,스페인,대한민국,regulated_to_importer,1542986.0,6813561.0,-0.7775419143502353,3,0.7775419143502353
185,26,PET필름,392062,2018.04,태국,스페인,대한민국,regulated_to_intermediary,66936.0,108971.98,-0.7775419143502353,3,0.7775419143502353
185,26,PET필름,392062,2018.05,태국,스페인,대한민국,regulated_to_intermediary,73548.0,132737.16,-0.7775419143502353,3,0.7775419143502353
185,26,PET필름,392062,2018.06,태국,스페인,대한민국,regulated_to_intermediary,66092.0,100870.84,-0.7775419143502353,3,0.7775419143502353
185,26,PET필름,392062,2018.07,태국,스페인,대한민국,regulated_to_intermediary,23284.0,44112.76,-0.7775419143502353,3,0.7775419143502353
185,26,PET필름,392062,2018.08,태국,스페인,대한민국,regulated_to_intermediary,9528.0,28885.7,-0.7775419143502353,3,0.7775419143502353
185,26,PET필름,392062,2018.09,태국,스페인,대한민국,regulated_to_intermediary,0.0,0.0,-0.7775419143502353,3,0.7775419143502353
185,26,PET필름,392062,2018.1,태국,스페인,대한민국,regulated_to_intermediary,0.0,0.0,-0.7775419143502353,3,0.7775419143502353
185,26,PET필름,392062,2018.11,태국,스페인,대한민국,regulated_to_intermediary,0.0,0.0,-0.7775419143502353,3,0.7775419143502353
185,26,PET필름,392062,2018.12,태국,스페인,대한민국,regulated_to_intermediary,9486.0,29422.18,-0.7775419143502353,3,0.7775419143502353
185,26,PET필름,392062,2018.04,태국,스페인,대한민국,regulated_to_importer,3970630.0,7226154.279999999,-0.7775419143502353,3,0.7775419143502353
185,26,PET필름,392062,2018.05,태국,스페인,대한민국,regulated_to_importer,4407338.0,8452180.98,-0.7775419143502353,3,0.7775419143502353
185,26,PET필름,392062,2018.06,태국,스페인,대한민국,regulated_to_importer,4510624.0,8696469.34,-0.7775419143502353,3,0.7775419143502353
185,26,PET필름,392062,2018.07,태국,스페인,대한민국,regulated_to_importer,4892974.0,9845679.24,-0.7775419143502353,3,0.7775419143502353
185,26,PET필름,392062,2018.08,태국,스페인,대한민국,regulated_to_importer,4781818.0,9906137.86,-0.7775419143502353,3,0.7775419143502353
185,26,PET필름,392062,2018.09,태국,스페인,대한민국,regulated_to_importer,4114242.0,8363031.4,-0.7775419143502353,3,0.7775419143502353
185,26,PET필름,392062,2018.1,태국,스페인,대한민국,regulated_to_importer,3212276.0,6683885.1,-0.7775419143502353,3,0.7775419143502353
185,26,PET필름,392062,2018.11,태국,스페인,대한민국,regulated_to_importer,2968428.0,6241507.66,-0.7775419143502353,3,0.7775419143502353
185,26,PET필름,392062,2018.12,태국,스페인,대한민국,regulated_to_importer,4879972.0,9939406.08,-0.7775419143502353,3,0.7775419143502353
186,28,플로트판유리(3차재심),7005,2018.08,중국,인도,대한민국,regulated_to_intermediary,5149660.0,2213195.0,-0.7775419143502353,2,0.7775419143502353
186,28,플로트판유리(3차재심),7005,2018.09,중국,인도,대한민국,regulated_to_intermediary,2899106.0,1254244.0,-0.7775419143502353,2,0.7775419143502353
186,28,플로트판유리(3차재심),7005,2018.1,중국,인도,대한민국,regulated_to_intermediary,2926488.0,1050179.0,-0.7775419143502353,2,0.7775419143502353
186,28,플로트판유리(3차재심),7005,2018.11,중국,인도,대한민국,regulated_to_intermediary,0.0,1579355.0,-0.7775419143502353,2,0.7775419143502353
186,28,플로트판유리(3차재심),7005,2018.12,중국,인도,대한민국,regulated_to_intermediary,4293586.0,1648325.0,-0.7775419143502353,2,0.7775419143502353
186,28,플로트판유리(3차재심),7005,2019.01,중국,인도,대한민국,regulated_to_intermediary,4273217.0,1750392.0,-0.7775419143502353,2,0.7775419143502353
186,28,플로트판유리(3차재심),7005,2019.02,중국,인도,대한민국,regulated_to_intermediary,3815310.0,1462326.0,-0.7775419143502353,2,0.7775419143502353
186,28,플로트판유리(3차재심),7005,2019.03,중국,인도,대한민국,regulated_to_intermediary,4144848.0,1623104.0,-0.7775419143502353,2,0.7775419143502353
186,28,플로트판유리(3차재심),7005,2019.04,중국,인도,대한민국,regulated_to_intermediary,4518380.0,1735251.0,-0.7775419143502353,2,0.7775419143502353
186,28,플로트판유리(3차재심),7005,2018.08,중국,인도,대한민국,regulated_to_importer,14967300.0,5974237.0,-0.7775419143502353,2,0.7775419143502353
186,28,플로트판유리(3차재심),7005,2018.09,중국,인도,대한민국,regulated_to_importer,14715130.0,5875215.0,-0.7775419143502353,2,0.7775419143502353
186,28,플로트판유리(3차재심),7005,2018.1,중국,인도,대한민국,regulated_to_importer,13718420.0,5823216.0,-0.7775419143502353,2,0.7775419143502353
186,28,플로트판유리(3차재심),7005,2018.11,중국,인도,대한민국,regulated_to_importer,0.0,6367893.0,-0.7775419143502353,2,0.7775419143502353
186,28,플로트판유리(3차재심),7005,2018.12,중국,인도,대한민국,regulated_to_importer,14428919.0,5471916.0,-0.7775419143502353,2,0.7775419143502353
186,28,플로트판유리(3차재심),7005,2019.01,중국,인도,대한민국,regulated_to_importer,13076442.0,5294485.0,-0.7775419143502353,2,0.7775419143502353
186,28,플로트판유리(3차재심),7005,2019.02,중국,인도,대한민국,regulated_to_importer,14260080.0,5367726.0,-0.7775419143502353,2,0.7775419143502353
186,28,플로트판유리(3차재심),7005,2019.03,중국,인도,대한민국,regulated_to_importer,15428540.0,6131466.0,-0.7775419143502353,2,0.7775419143502353
186,28,플로트판유리(3차재심),7005,2019.04,중국,인도,대한민국,regulated_to_importer,13936290.0,5485648.0,-0.7775419143502353,2,0.7775419143502353
187,29,초산에틸(3차재심),291531,2019.07,중국,스페인,대한민국,regulated_to_intermediary,519696.0,351019.0,-0.7775419143502353,2,0.7775419143502353
187,29,초산에틸(3차재심),291531,2019.08,중국,스페인,대한민국,regulated_to_intermediary,2160.0,3002.0,-0.7775419143502353,2,0.7775419143502353
187,29,초산에틸(3차재심),291531,2019.09,중국,스페인,대한민국,regulated_to_intermediary,326070.0,279785.0,-0.7775419143502353,2,0.7775419143502353
187,29,초산에틸(3차재심),291531,2019.1,중국,스페인,대한민국,regulated_to_intermediary,23480.0,19831.0,-0.7775419143502353,2,0.7775419143502353
187,29,초산에틸(3차재심),291531,2019.11,중국,스페인,대한민국,regulated_to_intermediary,43780.0,37587.0,-0.7775419143502353,2,0.7775419143502353
187,29,초산에틸(3차재심),291531,2019.12,중국,스페인,대한민국,regulated_to_intermediary,42180.0,32387.0,-0.7775419143502353,2,0.7775419143502353
187,29,초산에틸(3차재심),291531,2020.01,중국,스페인,대한민국,regulated_to_intermediary,20980.0,15840.0,-0.7775419143502353,2,0.7775419143502353
187,29,초산에틸(3차재심),291531,2020.02,중국,스페인,대한민국,regulated_to_intermediary,540.0,1593.0,-0.7775419143502353,2,0.7775419143502353
187,29,초산에틸(3차재심),291531,2020.03,중국,스페인,대한민국,regulated_to_intermediary,3060.0,9027.0,-0.7775419143502353,2,0.7775419143502353
187,29,초산에틸(3차재심),291531,2019.07,중국,스페인,대한민국,regulated_to_importer,0.0,0.0,-0.7775419143502353,2,0.7775419143502353
187,29,초산에틸(3차재심),291531,2019.08,중국,스페인,대한민국,regulated_to_importer,4014120.0,2643392.0,-0.7775419143502353,2,0.7775419143502353
187,29,초산에틸(3차재심),291531,2019.09,중국,스페인,대한민국,regulated_to_importer,1999440.0,1393610.0,-0.7775419143502353,2,0.7775419143502353
187,29,초산에틸(3차재심),291531,2019.1,중국,스페인,대한민국,regulated_to_importer,0.0,0.0,-0.7775419143502353,2,0.7775419143502353
187,29,초산에틸(3차재심),291531,2019.11,중국,스페인,대한민국,regulated_to_importer,3010650.0,2261640.0,-0.7775419143502353,2,0.7775419143502353
187,29,초산에틸(3차재심),291531,2019.12,중국,스페인,대한민국,regulated_to_importer,2996990.0,2157795.0,-0.7775419143502353,2,0.7775419143502353
187,29,초산에틸(3차재심),291531,2020.01,중국,스페인,대한민국,regulated_to_importer,0.0,0.0,-0.7775419143502353,2,0.7775419143502353
187,29,초산에틸(3차재심),291531,2020.02,중국,스페인,대한민국,regulated_to_importer,3008600.0,2134002.0,-0.7775419143502353,2,0.7775419143502353
187,29,초산에틸(3차재심),291531,2020.03,중국,스페인,대한민국,regulated_to_importer,1999440.0,1483584.0,-0.7775419143502353,2,0.7775419143502353
188,32,PET필름(3차재심),392062,2019.09,인도,폴란드,대한민국,regulated_to_intermediary,421034.0,684985.098,-0.7775419143502353,1,0.7775419143502353
188,32,PET필름(3차재심),392062,2019.1,인도,폴란드,대한민국,regulated_to_intermediary,311957.0,489054.488,-0.7775419143502353,1,0.7775419143502353
188,32,PET필름(3차재심),392062,2019.11,인도,폴란드,대한민국,regulated_to_intermediary,319710.0,480947.035,-0.7775419143502353,1,0.7775419143502353
188,32,PET필름(3차재심),392062,2019.12,인도,폴란드,대한민국,regulated_to_intermediary,469194.0,710756.899,-0.7775419143502353,1,0.7775419143502353
188,32,PET필름(3차재심),392062,2020.01,인도,폴란드,대한민국,regulated_to_intermediary,185674.0,288985.514,-0.7775419143502353,1,0.7775419143502353
188,32,PET필름(3차재심),392062,2020.02,인도,폴란드,대한민국,regulated_to_intermediary,259364.0,409055.047,-0.7775419143502353,1,0.7775419143502353
188,32,PET필름(3차재심),392062,2020.03,인도,폴란드,대한민국,regulated_to_intermediary,410070.0,588391.279,-0.7775419143502353,1,0.7775419143502353
188,32,PET필름(3차재심),392062,2020.04,인도,폴란드,대한민국,regulated_to_intermediary,316788.0,477549.046,-0.7775419143502353,1,0.7775419143502353
188,32,PET필름(3차재심),392062,2020.05,인도,폴란드,대한민국,regulated_to_intermediary,307025.0,489145.257,-0.7775419143502353,1,0.7775419143502353
188,32,PET필름(3차재심),392062,2019.09,인도,폴란드,대한민국,regulated_to_importer,56189.0,104322.986,-0.7775419143502353,1,0.7775419143502353
188,32,PET필름(3차재심),392062,2019.1,인도,폴란드,대한민국,regulated_to_importer,89208.0,199721.816,-0.7775419143502353,1,0.7775419143502353
188,32,PET필름(3차재심),392062,2019.11,인도,폴란드,대한민국,regulated_to_importer,169947.0,323783.835,-0.7775419143502353,1,0.7775419143502353
188,32,PET필름(3차재심),392062,2019.12,인도,폴란드,대한민국,regulated_to_importer,133902.0,337984.932,-0.7775419143502353,1,0.7775419143502353
188,32,PET필름(3차재심),392062,2020.01,인도,폴란드,대한민국,regulated_to_importer,45606.0,88782.852,-0.7775419143502353,1,0.7775419143502353
188,32,PET필름(3차재심),392062,2020.02,인도,폴란드,대한민국,regulated_to_importer,55019.0,114535.559,-0.7775419143502353,1,0.7775419143502353
188,32,PET필름(3차재심),392062,2020.03,인도,폴란드,대한민국,regulated_to_importer,30387.0,99020.402,-0.7775419143502353,1,0.7775419143502353
188,32,PET필름(3차재심),392062,2020.04,인도,폴란드,대한민국,regulated_to_importer,92905.0,233382.078,-0.7775419143502353,1,0.7775419143502353
188,32,PET필름(3차재심),392062,2020.05,인도,폴란드,대한민국,regulated_to_importer,67241.0,153002.847,-0.7775419143502353,1,0.7775419143502353
189,37,스테인리스스틸바,7222,2021.01,일본,노르웨이,대한민국,regulated_to_intermediary,0.0,0.0,-0.7775419143502353,2,0.7775419143502353
189,37,스테인리스스틸바,7222,2021.02,일본,노르웨이,대한민국,regulated_to_intermediary,0.0,0.0,-0.7775419143502353,2,0.7775419143502353
189,37,스테인리스스틸바,7222,2021.03,일본,노르웨이,대한민국,regulated_to_intermediary,0.0,0.0,-0.7775419143502353,2,0.7775419143502353
189,37,스테인리스스틸바,7222,2021.04,일본,노르웨이,대한민국,regulated_to_intermediary,0.0,0.0,-0.7775419143502353,2,0.7775419143502353
189,37,스테인리스스틸바,7222,2021.05,일본,노르웨이,대한민국,regulated_to_intermediary,0.0,0.0,-0.7775419143502353,2,0.7775419143502353
189,37,스테인리스스틸바,7222,2021.06,일본,노르웨이,대한민국,regulated_to_intermediary,0.0,0.0,-0.7775419143502353,2,0.7775419143502353
189,37,스테인리스스틸바,7222,2021.07,일본,노르웨이,대한민국,regulated_to_intermediary,0.0,0.0,-0.7775419143502353,2,0.7775419143502353
189,37,스테인리스스틸바,7222,2021.08,일본,노르웨이,대한민국,regulated_to_intermediary,0.0,0.0,-0.7775419143502353,2,0.7775419143502353
189,37,스테인리스스틸바,7222,2021.09,일본,노르웨이,대한민국,regulated_to_intermediary,0.0,0.0,-0.7775419143502353,2,0.7775419143502353
189,37,스테인리스스틸바,7222,2021.01,일본,노르웨이,대한민국,regulated_to_importer,343125.0,2348621.533,-0.7775419143502353,2,0.7775419143502353
189,37,스테인리스스틸바,7222,2021.02,일본,노르웨이,대한민국,regulated_to_importer,485987.0,2596205.034,-0.7775419143502353,2,0.7775419143502353
189,37,스테인리스스틸바,7222,2021.03,일본,노르웨이,대한민국,regulated_to_importer,687248.0,3154268.569,-0.7775419143502353,2,0.7775419143502353
189,37,스테인리스스틸바,7222,2021.04,일본,노르웨이,대한민국,regulated_to_importer,650247.0,3493832.037,-0.7775419143502353,2,0.7775419143502353
189,37,스테인리스스틸바,7222,2021.05,일본,노르웨이,대한민국,regulated_to_importer,601071.0,3311968.567,-0.7775419143502353,2,0.7775419143502353
189,37,스테인리스스틸바,7222,2021.06,일본,노르웨이,대한민국,regulated_to_importer,731827.0,3761185.839,-0.7775419143502353,2,0.7775419143502353
189,37,스테인리스스틸바,7222,2021.07,일본,노르웨이,대한민국,regulated_to_importer,891152.0,4167987.001,-0.7775419143502353,2,0.7775419143502353
189,37,스테인리스스틸바,7222,2021.08,일본,노르웨이,대한민국,regulated_to_importer,542738.0,3078276.973,-0.7775419143502353,2,0.7775419143502353
189,37,스테인리스스틸바,7222,2021.09,일본,노르웨이,대한민국,regulated_to_importer,663971.0,3886032.958,-0.7775419143502353,2,0.7775419143502353
190,37,스테인리스스틸바,7222,2021.01,일본,덴마크,대한민국,regulated_to_intermediary,0.0,0.0,-0.7775419143502353,1,0.7775419143502353
190,37,스테인리스스틸바,7222,2021.02,일본,덴마크,대한민국,regulated_to_intermediary,179.0,2325.048,-0.7775419143502353,1,0.7775419143502353
190,37,스테인리스스틸바,7222,2021.03,일본,덴마크,대한민국,regulated_to_intermediary,0.0,0.0,-0.7775419143502353,1,0.7775419143502353
190,37,스테인리스스틸바,7222,2021.04,일본,덴마크,대한민국,regulated_to_intermediary,0.0,0.0,-0.7775419143502353,1,0.7775419143502353
190,37,스테인리스스틸바,7222,2021.05,일본,덴마크,대한민국,regulated_to_intermediary,2920.0,10814.771,-0.7775419143502353,1,0.7775419143502353
190,37,스테인리스스틸바,7222,2021.06,일본,덴마크,대한민국,regulated_to_intermediary,0.0,0.0,-0.7775419143502353,1,0.7775419143502353
190,37,스테인리스스틸바,7222,2021.07,일본,덴마크,대한민국,regulated_to_intermediary,0.0,0.0,-0.7775419143502353,1,0.7775419143502353
190,37,스테인리스스틸바,7222,2021.08,일본,덴마크,대한민국,regulated_to_intermediary,0.0,0.0,-0.7775419143502353,1,0.7775419143502353
190,37,스테인리스스틸바,7222,2021.09,일본,덴마크,대한민국,regulated_to_intermediary,0.0,0.0,-0.7775419143502353,1,0.7775419143502353
190,37,스테인리스스틸바,7222,2021.01,일본,덴마크,대한민국,regulated_to_importer,343125.0,2348621.533,-0.7775419143502353,1,0.7775419143502353
190,37,스테인리스스틸바,7222,2021.02,일본,덴마크,대한민국,regulated_to_importer,485987.0,2596205.034,-0.7775419143502353,1,0.7775419143502353
190,37,스테인리스스틸바,7222,2021.03,일본,덴마크,대한민국,regulated_to_importer,687248.0,3154268.569,-0.7775419143502353,1,0.7775419143502353
190,37,스테인리스스틸바,7222,2021.04,일본,덴마크,대한민국,regulated_to_importer,650247.0,3493832.037,-0.7775419143502353,1,0.7775419143502353
190,37,스테인리스스틸바,7222,2021.05,일본,덴마크,대한민국,regulated_to_importer,601071.0,3311968.567,-0.7775419143502353,1,0.7775419143502353
190,37,스테인리스스틸바,7222,2021.06,일본,덴마크,대한민국,regulated_to_importer,731827.0,3761185.839,-0.7775419143502353,1,0.7775419143502353
190,37,스테인리스스틸바,7222,2021.07,일본,덴마크,대한민국,regulated_to_importer,891152.0,4167987.001,-0.7775419143502353,1,0.7775419143502353
190,37,스테인리스스틸바,7222,2021.08,일본,덴마크,대한민국,regulated_to_importer,542738.0,3078276.973,-0.7775419143502353,1,0.7775419143502353
190,37,스테인리스스틸바,7222,2021.09,일본,덴마크,대한민국,regulated_to_importer,663971.0,3886032.958,-0.7775419143502353,1,0.7775419143502353
191,44,이음매없는동관,7411,2023.03,중국,폴란드,대한민국,regulated_to_intermediary,21085.0,284016.0,-0.7775419143502353,1,0.7775419143502353
191,44,이음매없는동관,7411,2023.04,중국,폴란드,대한민국,regulated_to_intermediary,35687.0,427723.0,-0.7775419143502353,1,0.7775419143502353
191,44,이음매없는동관,7411,2023.05,중국,폴란드,대한민국,regulated_to_intermediary,16532.0,253105.0,-0.7775419143502353,1,0.7775419143502353
191,44,이음매없는동관,7411,2023.06,중국,폴란드,대한민국,regulated_to_intermediary,94585.54,975449.0,-0.7775419143502353,1,0.7775419143502353
191,44,이음매없는동관,7411,2023.07,중국,폴란드,대한민국,regulated_to_intermediary,101232.0,972211.0,-0.7775419143502353,1,0.7775419143502353
191,44,이음매없는동관,7411,2023.08,중국,폴란드,대한민국,regulated_to_intermediary,23957.0,229492.0,-0.7775419143502353,1,0.7775419143502353
191,44,이음매없는동관,7411,2023.09,중국,폴란드,대한민국,regulated_to_intermediary,39000.0,402062.0,-0.7775419143502353,1,0.7775419143502353
191,44,이음매없는동관,7411,2023.1,중국,폴란드,대한민국,regulated_to_intermediary,47794.0,505012.0,-0.7775419143502353,1,0.7775419143502353
191,44,이음매없는동관,7411,2023.11,중국,폴란드,대한민국,regulated_to_intermediary,31657.0,334805.0,-0.7775419143502353,1,0.7775419143502353
191,44,이음매없는동관,7411,2023.03,중국,폴란드,대한민국,regulated_to_importer,802677.5,8633435.0,-0.7775419143502353,1,0.7775419143502353
191,44,이음매없는동관,7411,2023.04,중국,폴란드,대한민국,regulated_to_importer,592473.0,6590211.0,-0.7775419143502353,1,0.7775419143502353
191,44,이음매없는동관,7411,2023.05,중국,폴란드,대한민국,regulated_to_importer,406476.007,4661238.0,-0.7775419143502353,1,0.7775419143502353
191,44,이음매없는동관,7411,2023.06,중국,폴란드,대한민국,regulated_to_importer,642389.549,6570044.0,-0.7775419143502353,1,0.7775419143502353
191,44,이음매없는동관,7411,2023.07,중국,폴란드,대한민국,regulated_to_importer,538010.0,5212689.0,-0.7775419143502353,1,0.7775419143502353
191,44,이음매없는동관,7411,2023.08,중국,폴란드,대한민국,regulated_to_importer,574313.0,6150407.0,-0.7775419143502353,1,0.7775419143502353
191,44,이음매없는동관,7411,2023.09,중국,폴란드,대한민국,regulated_to_importer,574686.0,5648981.0,-0.7775419143502353,1,0.7775419143502353
191,44,이음매없는동관,7411,2023.1,중국,폴란드,대한민국,regulated_to_importer,428969.0,4343846.0,-0.7775419143502353,1,0.7775419143502353
191,44,이음매없는동관,7411,2023.11,중국,폴란드,대한민국,regulated_to_importer,503242.0,4897619.0,-0.7775419143502353,1,0.7775419143502353
192,50,합판,4412,2024.07,중국,스웨덴,대한민국,regulated_to_intermediary,1592347.0,2195077.0,-0.7775419143502353,1,0.7775419143502353
192,50,합판,4412,2024.08,중국,스웨덴,대한민국,regulated_to_intermediary,1725977.0,1845293.0,-0.7775419143502353,1,0.7775419143502353
192,50,합판,4412,2024.09,중국,스웨덴,대한민국,regulated_to_intermediary,1207298.0,1209071.0,-0.7775419143502353,1,0.7775419143502353
192,50,합판,4412,2024.1,중국,스웨덴,대한민국,regulated_to_intermediary,2386942.0,1808391.0,-0.7775419143502353,1,0.7775419143502353
192,50,합판,4412,2024.11,중국,스웨덴,대한민국,regulated_to_intermediary,1590521.0,1986591.0,-0.7775419143502353,1,0.7775419143502353
192,50,합판,4412,2024.12,중국,스웨덴,대한민국,regulated_to_intermediary,1561718.0,1555215.0,-0.7775419143502353,1,0.7775419143502353
192,50,합판,4412,2025.01,중국,스웨덴,대한민국,regulated_to_intermediary,0.0,0.0,-0.7775419143502353,1,0.7775419143502353
192,50,합판,4412,2025.02,중국,스웨덴,대한민국,regulated_to_intermediary,0.0,0.0,-0.7775419143502353,1,0.7775419143502353
192,50,합판,4412,2025.03,중국,스웨덴,대한민국,regulated_to_intermediary,0.0,0.0,-0.7775419143502353,1,0.7775419143502353
192,50,합판,4412,2024.07,중국,스웨덴,대한민국,regulated_to_importer,8269694.0,5978786.0,-0.7775419143502353,1,0.7775419143502353
192,50,합판,4412,2024.08,중국,스웨덴,대한민국,regulated_to_importer,7703687.0,7314073.0,-0.7775419143502353,1,0.7775419143502353
192,50,합판,4412,2024.09,중국,스웨덴,대한민국,regulated_to_importer,8017925.0,7640503.0,-0.7775419143502353,1,0.7775419143502353
192,50,합판,4412,2024.1,중국,스웨덴,대한민국,regulated_to_importer,8463159.0,6557136.0,-0.7775419143502353,1,0.7775419143502353
192,50,합판,4412,2024.11,중국,스웨덴,대한민국,regulated_to_importer,9419777.0,7481556.0,-0.7775419143502353,1,0.7775419143502353
192,50,합판,4412,2024.12,중국,스웨덴,대한민국,regulated_to_importer,10047191.0,8650517.0,-0.7775419143502353,1,0.7775419143502353
192,50,합판,4412,2025.01,중국,스웨덴,대한민국,regulated_to_importer,0.0,0.0,-0.7775419143502353,1,0.7775419143502353
192,50,합판,4412,2025.02,중국,스웨덴,대한민국,regulated_to_importer,0.0,0.0,-0.7775419143502353,1,0.7775419143502353
192,50,합판,4412,2025.03,중국,스웨덴,대한민국,regulated_to_importer,0.0,0.0,-0.7775419143502353,1,0.7775419143502353
193,51,합판,4412,2024.07,말레이시아,독일,대한민국,regulated_to_intermediary,0.0,0.0,-0.7775419143502353,2,0.7775419143502353
193,51,합판,4412,2024.08,말레이시아,독일,대한민국,regulated_to_intermediary,0.0,0.0,-0.7775419143502353,2,0.7775419143502353
193,51,합판,4412,2024.09,말레이시아,독일,대한민국,regulated_to_intermediary,0.0,0.0,-0.7775419143502353,2,0.7775419143502353
193,51,합판,4412,2024.1,말레이시아,독일,대한민국,regulated_to_intermediary,0.0,0.0,-0.7775419143502353,2,0.7775419143502353
193,51,합판,4412,2024.11,말레이시아,독일,대한민국,regulated_to_intermediary,0.0,0.0,-0.7775419143502353,2,0.7775419143502353
193,51,합판,4412,2024.12,말레이시아,독일,대한민국,regulated_to_intermediary,0.0,0.0,-0.7775419143502353,2,0.7775419143502353
193,51,합판,4412,2025.01,말레이시아,독일,대한민국,regulated_to_intermediary,53591.39,163254.356,-0.7775419143502353,2,0.7775419143502353
193,51,합판,4412,2025.02,말레이시아,독일,대한민국,regulated_to_intermediary,0.0,0.0,-0.7775419143502353,2,0.7775419143502353
193,51,합판,4412,2025.03,말레이시아,독일,대한민국,regulated_to_intermediary,25611.39,78019.456,-0.7775419143502353,2,0.7775419143502353
193,51,합판,4412,2024.07,말레이시아,독일,대한민국,regulated_to_importer,1692350.902,3833809.56,-0.7775419143502353,2,0.7775419143502353
193,51,합판,4412,2024.08,말레이시아,독일,대한민국,regulated_to_importer,924396.83,2533409.034,-0.7775419143502353,2,0.7775419143502353
193,51,합판,4412,2024.09,말레이시아,독일,대한민국,regulated_to_importer,754272.888,2070111.674,-0.7775419143502353,2,0.7775419143502353
193,51,합판,4412,2024.1,말레이시아,독일,대한민국,regulated_to_importer,1101287.02,3021392.36,-0.7775419143502353,2,0.7775419143502353
193,51,합판,4412,2024.11,말레이시아,독일,대한민국,regulated_to_importer,878058.49,2395238.34,-0.7775419143502353,2,0.7775419143502353
193,51,합판,4412,2024.12,말레이시아,독일,대한민국,regulated_to_importer,1822706.234,4968705.226,-0.7775419143502353,2,0.7775419143502353
193,51,합판,4412,2025.01,말레이시아,독일,대한민국,regulated_to_importer,893138.068,2466121.096,-0.7775419143502353,2,0.7775419143502353
193,51,합판,4412,2025.02,말레이시아,독일,대한민국,regulated_to_importer,983022.776,2707963.876,-0.7775419143502353,2,0.7775419143502353
193,51,합판,4412,2025.03,말레이시아,독일,대한민국,regulated_to_importer,983605.408,2725170.392,-0.7775419143502353,2,0.7775419143502353
194,52,합판,4412,2024.07,베트남,독일,대한민국,regulated_to_intermediary,0.0,0.0,-0.7775419143502353,2,0.7775419143502353
194,52,합판,4412,2024.08,베트남,독일,대한민국,regulated_to_intermediary,0.0,0.0,-0.7775419143502353,2,0.7775419143502353
194,52,합판,4412,2024.09,베트남,독일,대한민국,regulated_to_intermediary,0.0,0.0,-0.7775419143502353,2,0.7775419143502353
194,52,합판,4412,2024.1,베트남,독일,대한민국,regulated_to_intermediary,0.0,0.0,-0.7775419143502353,2,0.7775419143502353
194,52,합판,4412,2024.11,베트남,독일,대한민국,regulated_to_intermediary,0.0,0.0,-0.7775419143502353,2,0.7775419143502353
194,52,합판,4412,2024.12,베트남,독일,대한민국,regulated_to_intermediary,0.0,0.0,-0.7775419143502353,2,0.7775419143502353
194,52,합판,4412,2025.01,베트남,독일,대한민국,regulated_to_intermediary,0.0,0.0,-0.7775419143502353,2,0.7775419143502353
194,52,합판,4412,2025.02,베트남,독일,대한민국,regulated_to_intermediary,0.0,0.0,-0.7775419143502353,2,0.7775419143502353
194,52,합판,4412,2025.03,베트남,독일,대한민국,regulated_to_intermediary,0.0,0.0,-0.7775419143502353,2,0.7775419143502353
194,52,합판,4412,2024.07,베트남,독일,대한민국,regulated_to_importer,0.0,0.0,-0.7775419143502353,2,0.7775419143502353
194,52,합판,4412,2024.08,베트남,독일,대한민국,regulated_to_importer,0.0,0.0,-0.7775419143502353,2,0.7775419143502353
194,52,합판,4412,2024.09,베트남,독일,대한민국,regulated_to_importer,0.0,0.0,-0.7775419143502353,2,0.7775419143502353
194,52,합판,4412,2024.1,베트남,독일,대한민국,regulated_to_importer,0.0,0.0,-0.7775419143502353,2,0.7775419143502353
194,52,합판,4412,2024.11,베트남,독일,대한민국,regulated_to_importer,0.0,0.0,-0.7775419143502353,2,0.7775419143502353
194,52,합판,4412,2024.12,베트남,독일,대한민국,regulated_to_importer,0.0,0.0,-0.7775419143502353,2,0.7775419143502353
194,52,합판,4412,2025.01,베트남,독일,대한민국,regulated_to_importer,0.0,0.0,-0.7775419143502353,2,0.7775419143502353
194,52,합판,4412,2025.02,베트남,독일,대한민국,regulated_to_importer,0.0,0.0,-0.7775419143502353,2,0.7775419143502353
194,52,합판,4412,2025.03,베트남,독일,대한민국,regulated_to_importer,0.0,0.0,-0.7775419143502353,2,0.7775419143502353
195,53,PET수지,390761,2024.11,중국,스웨덴,대한민국,regulated_to_intermediary,0.0,0.0,-0.7775419143502353,2,0.7775419143502353
195,53,PET수지,390761,2024.12,중국,스웨덴,대한민국,regulated_to_intermediary,0.0,0.0,-0.7775419143502353,2,0.7775419143502353
195,53,PET수지,390761,2025.01,중국,스웨덴,대한민국,regulated_to_intermediary,0.0,0.0,-0.7775419143502353,2,0.7775419143502353
195,53,PET수지,390761,2025.02,중국,스웨덴,대한민국,regulated_to_intermediary,0.0,0.0,-0.7775419143502353,2,0.7775419143502353
195,53,PET수지,390761,2025.03,중국,스웨덴,대한민국,regulated_to_intermediary,0.0,0.0,-0.7775419143502353,2,0.7775419143502353
195,53,PET수지,390761,2025.04,중국,스웨덴,대한민국,regulated_to_intermediary,0.0,0.0,-0.7775419143502353,2,0.7775419143502353
195,53,PET수지,390761,2025.05,중국,스웨덴,대한민국,regulated_to_intermediary,0.0,0.0,-0.7775419143502353,2,0.7775419143502353
195,53,PET수지,390761,2025.06,중국,스웨덴,대한민국,regulated_to_intermediary,0.0,0.0,-0.7775419143502353,2,0.7775419143502353
195,53,PET수지,390761,2025.07,중국,스웨덴,대한민국,regulated_to_intermediary,0.0,0.0,-0.7775419143502353,2,0.7775419143502353
195,53,PET수지,390761,2024.11,중국,스웨덴,대한민국,regulated_to_importer,21175700.0,17646440.0,-0.7775419143502353,2,0.7775419143502353
195,53,PET수지,390761,2024.12,중국,스웨덴,대한민국,regulated_to_importer,16443700.0,13226821.0,-0.7775419143502353,2,0.7775419143502353
195,53,PET수지,390761,2025.01,중국,스웨덴,대한민국,regulated_to_importer,0.0,0.0,-0.7775419143502353,2,0.7775419143502353
195,53,PET수지,390761,2025.02,중국,스웨덴,대한민국,regulated_to_importer,0.0,0.0,-0.7775419143502353,2,0.7775419143502353
195,53,PET수지,390761,2025.03,중국,스웨덴,대한민국,regulated_to_importer,0.0,0.0,-0.7775419143502353,2,0.7775419143502353
195,53,PET수지,390761,2025.04,중국,스웨덴,대한민국,regulated_to_importer,0.0,0.0,-0.7775419143502353,2,0.7775419143502353
195,53,PET수지,390761,2025.05,중국,스웨덴,대한민국,regulated_to_importer,0.0,0.0,-0.7775419143502353,2,0.7775419143502353
195,53,PET수지,390761,2025.06,중국,스웨덴,대한민국,regulated_to_importer,0.0,0.0,-0.7775419143502353,2,0.7775419143502353
195,53,PET수지,390761,2025.07,중국,스웨덴,대한민국,regulated_to_importer,0.0,0.0,-0.7775419143502353,2,0.7775419143502353
196,56,석유수지,391110,2025.08,대만,독일,대한민국,regulated_to_intermediary,0.0,0.0,-0.7775419143502353,3,0.7775419143502353
196,56,석유수지,391110,2025.09,대만,독일,대한민국,regulated_to_intermediary,0.0,0.0,-0.7775419143502353,3,0.7775419143502353
196,56,석유수지,391110,2025.1,대만,독일,대한민국,regulated_to_intermediary,0.0,0.0,-0.7775419143502353,3,0.7775419143502353
196,56,석유수지,391110,2025.11,대만,독일,대한민국,regulated_to_intermediary,0.0,0.0,-0.7775419143502353,3,0.7775419143502353
196,56,석유수지,391110,2025.12,대만,독일,대한민국,regulated_to_intermediary,0.0,0.0,-0.7775419143502353,3,0.7775419143502353
196,56,석유수지,391110,2026.01,대만,독일,대한민국,regulated_to_intermediary,0.0,0.0,-0.7775419143502353,3,0.7775419143502353
196,56,석유수지,391110,2026.02,대만,독일,대한민국,regulated_to_intermediary,0.0,0.0,-0.7775419143502353,3,0.7775419143502353
196,56,석유수지,391110,2026.03,대만,독일,대한민국,regulated_to_intermediary,0.0,0.0,-0.7775419143502353,3,0.7775419143502353
196,56,석유수지,391110,2026.04,대만,독일,대한민국,regulated_to_intermediary,0.0,0.0,-0.7775419143502353,3,0.7775419143502353
196,56,석유수지,391110,2025.08,대만,독일,대한민국,regulated_to_importer,0.0,0.0,-0.7775419143502353,3,0.7775419143502353
196,56,석유수지,391110,2025.09,대만,독일,대한민국,regulated_to_importer,0.0,0.0,-0.7775419143502353,3,0.7775419143502353
196,56,석유수지,391110,2025.1,대만,독일,대한민국,regulated_to_importer,0.0,0.0,-0.7775419143502353,3,0.7775419143502353
196,56,석유수지,391110,2025.11,대만,독일,대한민국,regulated_to_importer,0.0,0.0,-0.7775419143502353,3,0.7775419143502353
196,56,석유수지,391110,2025.12,대만,독일,대한민국,regulated_to_importer,0.0,0.0,-0.7775419143502353,3,0.7775419143502353
196,56,석유수지,391110,2026.01,대만,독일,대한민국,regulated_to_importer,0.0,0.0,-0.7775419143502353,3,0.7775419143502353
196,56,석유수지,391110,2026.02,대만,독일,대한민국,regulated_to_importer,0.0,0.0,-0.7775419143502353,3,0.7775419143502353
196,56,석유수지,391110,2026.03,대만,독일,대한민국,regulated_to_importer,0.0,0.0,-0.7775419143502353,3,0.7775419143502353
196,56,석유수지,391110,2026.04,대만,독일,대한민국,regulated_to_importer,0.0,0.0,-0.7775419143502353,3,0.7775419143502353
197,56,석유수지,391110,2025.08,중국,독일,대한민국,regulated_to_intermediary,0.0,0.0,-0.7775419143502353,3,0.7775419143502353
197,56,석유수지,391110,2025.09,중국,독일,대한민국,regulated_to_intermediary,0.0,0.0,-0.7775419143502353,3,0.7775419143502353
197,56,석유수지,391110,2025.1,중국,독일,대한민국,regulated_to_intermediary,0.0,0.0,-0.7775419143502353,3,0.7775419143502353
197,56,석유수지,391110,2025.11,중국,독일,대한민국,regulated_to_intermediary,0.0,0.0,-0.7775419143502353,3,0.7775419143502353
197,56,석유수지,391110,2025.12,중국,독일,대한민국,regulated_to_intermediary,0.0,0.0,-0.7775419143502353,3,0.7775419143502353
197,56,석유수지,391110,2026.01,중국,독일,대한민국,regulated_to_intermediary,0.0,0.0,-0.7775419143502353,3,0.7775419143502353
197,56,석유수지,391110,2026.02,중국,독일,대한민국,regulated_to_intermediary,0.0,0.0,-0.7775419143502353,3,0.7775419143502353
197,56,석유수지,391110,2026.03,중국,독일,대한민국,regulated_to_intermediary,0.0,0.0,-0.7775419143502353,3,0.7775419143502353
197,56,석유수지,391110,2026.04,중국,독일,대한민국,regulated_to_intermediary,0.0,0.0,-0.7775419143502353,3,0.7775419143502353
197,56,석유수지,391110,2025.08,중국,독일,대한민국,regulated_to_importer,0.0,0.0,-0.7775419143502353,3,0.7775419143502353
197,56,석유수지,391110,2025.09,중국,독일,대한민국,regulated_to_importer,0.0,0.0,-0.7775419143502353,3,0.7775419143502353
197,56,석유수지,391110,2025.1,중국,독일,대한민국,regulated_to_importer,0.0,0.0,-0.7775419143502353,3,0.7775419143502353
197,56,석유수지,391110,2025.11,중국,독일,대한민국,regulated_to_importer,0.0,0.0,-0.7775419143502353,3,0.7775419143502353
197,56,석유수지,391110,2025.12,중국,독일,대한민국,regulated_to_importer,0.0,0.0,-0.7775419143502353,3,0.7775419143502353
197,56,석유수지,391110,2026.01,중국,독일,대한민국,regulated_to_importer,0.0,0.0,-0.7775419143502353,3,0.7775419143502353
197,56,석유수지,391110,2026.02,중국,독일,대한민국,regulated_to_importer,0.0,0.0,-0.7775419143502353,3,0.7775419143502353
197,56,석유수지,391110,2026.03,중국,독일,대한민국,regulated_to_importer,0.0,0.0,-0.7775419143502353,3,0.7775419143502353
197,56,석유수지,391110,2026.04,중국,독일,대한민국,regulated_to_importer,0.0,0.0,-0.7775419143502353,3,0.7775419143502353
198,59,탄소강과 그밖의 합금강 열간압연 후판제품,7208,2025.11,중국,이탈리아,대한민국,regulated_to_intermediary,0.0,0.0,-0.7775419143502353,0,0.7775419143502353
198,59,탄소강과 그밖의 합금강 열간압연 후판제품,7208,2025.12,중국,이탈리아,대한민국,regulated_to_intermediary,0.0,0.0,-0.7775419143502353,0,0.7775419143502353
198,59,탄소강과 그밖의 합금강 열간압연 후판제품,7208,2026.01,중국,이탈리아,대한민국,regulated_to_intermediary,0.0,0.0,-0.7775419143502353,0,0.7775419143502353
198,59,탄소강과 그밖의 합금강 열간압연 후판제품,7208,2026.02,중국,이탈리아,대한민국,regulated_to_intermediary,0.0,0.0,-0.7775419143502353,0,0.7775419143502353
198,59,탄소강과 그밖의 합금강 열간압연 후판제품,7208,2026.03,중국,이탈리아,대한민국,regulated_to_intermediary,0.0,0.0,-0.7775419143502353,0,0.7775419143502353
198,59,탄소강과 그밖의 합금강 열간압연 후판제품,7208,2026.04,중국,이탈리아,대한민국,regulated_to_intermediary,0.0,0.0,-0.7775419143502353,0,0.7775419143502353
198,59,탄소강과 그밖의 합금강 열간압연 후판제품,7208,2026.05,중국,이탈리아,대한민국,regulated_to_intermediary,0.0,0.0,-0.7775419143502353,0,0.7775419143502353
198,59,탄소강과 그밖의 합금강 열간압연 후판제품,7208,2026.06,중국,이탈리아,대한민국,regulated_to_intermediary,0.0,0.0,-0.7775419143502353,0,0.7775419143502353
198,59,탄소강과 그밖의 합금강 열간압연 후판제품,7208,2026.07,중국,이탈리아,대한민국,regulated_to_intermediary,0.0,0.0,-0.7775419143502353,0,0.7775419143502353
198,59,탄소강과 그밖의 합금강 열간압연 후판제품,7208,2025.11,중국,이탈리아,대한민국,regulated_to_importer,0.0,0.0,-0.7775419143502353,0,0.7775419143502353
198,59,탄소강과 그밖의 합금강 열간압연 후판제품,7208,2025.12,중국,이탈리아,대한민국,regulated_to_importer,0.0,0.0,-0.7775419143502353,0,0.7775419143502353
198,59,탄소강과 그밖의 합금강 열간압연 후판제품,7208,2026.01,중국,이탈리아,대한민국,regulated_to_importer,0.0,0.0,-0.7775419143502353,0,0.7775419143502353
198,59,탄소강과 그밖의 합금강 열간압연 후판제품,7208,2026.02,중국,이탈리아,대한민국,regulated_to_importer,0.0,0.0,-0.7775419143502353,0,0.7775419143502353
198,59,탄소강과 그밖의 합금강 열간압연 후판제품,7208,2026.03,중국,이탈리아,대한민국,regulated_to_importer,0.0,0.0,-0.7775419143502353,0,0.7775419143502353
198,59,탄소강과 그밖의 합금강 열간압연 후판제품,7208,2026.04,중국,이탈리아,대한민국,regulated_to_importer,0.0,0.0,-0.7775419143502353,0,0.7775419143502353
198,59,탄소강과 그밖의 합금강 열간압연 후판제품,7208,2026.05,중국,이탈리아,대한민국,regulated_to_importer,0.0,0.0,-0.7775419143502353,0,0.7775419143502353
198,59,탄소강과 그밖의 합금강 열간압연 후판제품,7208,2026.06,중국,이탈리아,대한민국,regulated_to_importer,0.0,0.0,-0.7775419143502353,0,0.7775419143502353
198,59,탄소강과 그밖의 합금강 열간압연 후판제품,7208,2026.07,중국,이탈리아,대한민국,regulated_to_importer,0.0,0.0,-0.7775419143502353,0,0.7775419143502353
199,59,탄소강과 그밖의 합금강 열간압연 후판제품,7208,2025.11,중국,폴란드,대한민국,regulated_to_intermediary,0.0,0.0,-0.7775419143502353,0,0.7775419143502353
199,59,탄소강과 그밖의 합금강 열간압연 후판제품,7208,2025.12,중국,폴란드,대한민국,regulated_to_intermediary,0.0,0.0,-0.7775419143502353,0,0.7775419143502353
199,59,탄소강과 그밖의 합금강 열간압연 후판제품,7208,2026.01,중국,폴란드,대한민국,regulated_to_intermediary,0.0,0.0,-0.7775419143502353,0,0.7775419143502353
199,59,탄소강과 그밖의 합금강 열간압연 후판제품,7208,2026.02,중국,폴란드,대한민국,regulated_to_intermediary,0.0,0.0,-0.7775419143502353,0,0.7775419143502353
199,59,탄소강과 그밖의 합금강 열간압연 후판제품,7208,2026.03,중국,폴란드,대한민국,regulated_to_intermediary,0.0,0.0,-0.7775419143502353,0,0.7775419143502353
199,59,탄소강과 그밖의 합금강 열간압연 후판제품,7208,2026.04,중국,폴란드,대한민국,regulated_to_intermediary,0.0,0.0,-0.7775419143502353,0,0.7775419143502353
199,59,탄소강과 그밖의 합금강 열간압연 후판제품,7208,2026.05,중국,폴란드,대한민국,regulated_to_intermediary,0.0,0.0,-0.7775419143502353,0,0.7775419143502353
199,59,탄소강과 그밖의 합금강 열간압연 후판제품,7208,2026.06,중국,폴란드,대한민국,regulated_to_intermediary,0.0,0.0,-0.7775419143502353,0,0.7775419143502353
199,59,탄소강과 그밖의 합금강 열간압연 후판제품,7208,2026.07,중국,폴란드,대한민국,regulated_to_intermediary,0.0,0.0,-0.7775419143502353,0,0.7775419143502353
199,59,탄소강과 그밖의 합금강 열간압연 후판제품,7208,2025.11,중국,폴란드,대한민국,regulated_to_importer,0.0,0.0,-0.7775419143502353,0,0.7775419143502353
199,59,탄소강과 그밖의 합금강 열간압연 후판제품,7208,2025.12,중국,폴란드,대한민국,regulated_to_importer,0.0,0.0,-0.7775419143502353,0,0.7775419143502353
199,59,탄소강과 그밖의 합금강 열간압연 후판제품,7208,2026.01,중국,폴란드,대한민국,regulated_to_importer,0.0,0.0,-0.7775419143502353,0,0.7775419143502353
199,59,탄소강과 그밖의 합금강 열간압연 후판제품,7208,2026.02,중국,폴란드,대한민국,regulated_to_importer,0.0,0.0,-0.7775419143502353,0,0.7775419143502353
199,59,탄소강과 그밖의 합금강 열간압연 후판제품,7208,2026.03,중국,폴란드,대한민국,regulated_to_importer,0.0,0.0,-0.7775419143502353,0,0.7775419143502353
199,59,탄소강과 그밖의 합금강 열간압연 후판제품,7208,2026.04,중국,폴란드,대한민국,regulated_to_importer,0.0,0.0,-0.7775419143502353,0,0.7775419143502353
199,59,탄소강과 그밖의 합금강 열간압연 후판제품,7208,2026.05,중국,폴란드,대한민국,regulated_to_importer,0.0,0.0,-0.7775419143502353,0,0.7775419143502353
199,59,탄소강과 그밖의 합금강 열간압연 후판제품,7208,2026.06,중국,폴란드,대한민국,regulated_to_importer,0.0,0.0,-0.7775419143502353,0,0.7775419143502353
199,59,탄소강과 그밖의 합금강 열간압연 후판제품,7208,2026.07,중국,폴란드,대한민국,regulated_to_importer,0.0,0.0,-0.7775419143502353,0,0.7775419143502353
200,0,초산에틸(1차재심),291531,2012.03,중국,영국,대한민국,regulated_to_intermediary,0.0,0.0,-0.7715167498104596,1,0.7715167498104596
200,0,초산에틸(1차재심),291531,2012.04,중국,영국,대한민국,regulated_to_intermediary,170.0,340.0,-0.7715167498104596,1,0.7715167498104596
200,0,초산에틸(1차재심),291531,2012.05,중국,영국,대한민국,regulated_to_intermediary,850.0,1700.0,-0.7715167498104596,1,0.7715167498104596
200,0,초산에틸(1차재심),291531,2012.06,중국,영국,대한민국,regulated_to_intermediary,170.0,340.0,-0.7715167498104596,1,0.7715167498104596
200,0,초산에틸(1차재심),291531,2012.07,중국,영국,대한민국,regulated_to_intermediary,180.0,468.0,-0.7715167498104596,1,0.7715167498104596
200,0,초산에틸(1차재심),291531,2012.08,중국,영국,대한민국,regulated_to_intermediary,0.0,0.0,-0.7715167498104596,1,0.7715167498104596
200,0,초산에틸(1차재심),291531,2012.09,중국,영국,대한민국,regulated_to_intermediary,0.0,0.0,-0.7715167498104596,1,0.7715167498104596
200,0,초산에틸(1차재심),291531,2012.1,중국,영국,대한민국,regulated_to_intermediary,0.0,0.0,-0.7715167498104596,1,0.7715167498104596
200,0,초산에틸(1차재심),291531,2012.11,중국,영국,대한민국,regulated_to_intermediary,0.0,0.0,-0.7715167498104596,1,0.7715167498104596
200,0,초산에틸(1차재심),291531,2012.03,중국,영국,대한민국,regulated_to_importer,10743463.0,9911924.0,-0.7715167498104596,1,0.7715167498104596
200,0,초산에틸(1차재심),291531,2012.04,중국,영국,대한민국,regulated_to_importer,3096432.0,2978379.0,-0.7715167498104596,1,0.7715167498104596
200,0,초산에틸(1차재심),291531,2012.05,중국,영국,대한민국,regulated_to_importer,8146059.0,7633806.0,-0.7715167498104596,1,0.7715167498104596
200,0,초산에틸(1차재심),291531,2012.06,중국,영국,대한민국,regulated_to_importer,6166178.0,5900758.0,-0.7715167498104596,1,0.7715167498104596
200,0,초산에틸(1차재심),291531,2012.07,중국,영국,대한민국,regulated_to_importer,9587218.0,8172261.0,-0.7715167498104596,1,0.7715167498104596
200,0,초산에틸(1차재심),291531,2012.08,중국,영국,대한민국,regulated_to_importer,6191298.0,5554585.0,-0.7715167498104596,1,0.7715167498104596
200,0,초산에틸(1차재심),291531,2012.09,중국,영국,대한민국,regulated_to_importer,7097925.0,6252545.0,-0.7715167498104596,1,0.7715167498104596
200,0,초산에틸(1차재심),291531,2012.1,중국,영국,대한민국,regulated_to_importer,0.0,0.0,-0.7715167498104596,1,0.7715167498104596
200,0,초산에틸(1차재심),291531,2012.11,중국,영국,대한민국,regulated_to_importer,0.0,0.0,-0.7715167498104596,1,0.7715167498104596
201,0,초산에틸(1차재심),291531,2012.03,일본,인도,대한민국,regulated_to_intermediary,0.0,0.0,-0.7714285714285715,0,0.7714285714285715
201,0,초산에틸(1차재심),291531,2012.04,일본,인도,대한민국,regulated_to_intermediary,0.0,0.0,-0.7714285714285715,0,0.7714285714285715
201,0,초산에틸(1차재심),291531,2012.05,일본,인도,대한민국,regulated_to_intermediary,0.0,0.0,-0.7714285714285715,0,0.7714285714285715
201,0,초산에틸(1차재심),291531,2012.06,일본,인도,대한민국,regulated_to_intermediary,0.0,0.0,-0.7714285714285715,0,0.7714285714285715
201,0,초산에틸(1차재심),291531,2012.07,일본,인도,대한민국,regulated_to_intermediary,0.0,0.0,-0.7714285714285715,0,0.7714285714285715
201,0,초산에틸(1차재심),291531,2012.08,일본,인도,대한민국,regulated_to_intermediary,0.0,0.0,-0.7714285714285715,0,0.7714285714285715
201,0,초산에틸(1차재심),291531,2012.09,일본,인도,대한민국,regulated_to_intermediary,0.0,0.0,-0.7714285714285715,0,0.7714285714285715
201,0,초산에틸(1차재심),291531,2012.1,일본,인도,대한민국,regulated_to_intermediary,0.0,0.0,-0.7714285714285715,0,0.7714285714285715
201,0,초산에틸(1차재심),291531,2012.11,일본,인도,대한민국,regulated_to_intermediary,0.0,0.0,-0.7714285714285715,0,0.7714285714285715
201,0,초산에틸(1차재심),291531,2012.03,일본,인도,대한민국,regulated_to_importer,0.0,0.0,-0.7714285714285715,0,0.7714285714285715
201,0,초산에틸(1차재심),291531,2012.04,일본,인도,대한민국,regulated_to_importer,0.0,0.0,-0.7714285714285715,0,0.7714285714285715
201,0,초산에틸(1차재심),291531,2012.05,일본,인도,대한민국,regulated_to_importer,0.0,0.0,-0.7714285714285715,0,0.7714285714285715
201,0,초산에틸(1차재심),291531,2012.06,일본,인도,대한민국,regulated_to_importer,105.0,3303.008,-0.7714285714285715,0,0.7714285714285715
201,0,초산에틸(1차재심),291531,2012.07,일본,인도,대한민국,regulated_to_importer,0.0,0.0,-0.7714285714285715,0,0.7714285714285715
201,0,초산에틸(1차재심),291531,2012.08,일본,인도,대한민국,regulated_to_importer,0.0,0.0,-0.7714285714285715,0,0.7714285714285715
201,0,초산에틸(1차재심),291531,2012.09,일본,인도,대한민국,regulated_to_importer,0.0,0.0,-0.7714285714285715,0,0.7714285714285715
201,0,초산에틸(1차재심),291531,2012.1,일본,인도,대한민국,regulated_to_importer,0.0,0.0,-0.7714285714285715,0,0.7714285714285715
201,0,초산에틸(1차재심),291531,2012.11,일본,인도,대한민국,regulated_to_importer,0.0,0.0,-0.7714285714285715,0,0.7714285714285715
202,1,PET필름(1차재심),392062,2012.05,인도,미국,대한민국,regulated_to_intermediary,935825.0,2211046.589,-0.7714285714285715,3,0.7714285714285715
202,1,PET필름(1차재심),392062,2012.06,인도,미국,대한민국,regulated_to_intermediary,799064.0,1583940.732,-0.7714285714285715,3,0.7714285714285715
202,1,PET필름(1차재심),392062,2012.07,인도,미국,대한민국,regulated_to_intermediary,604942.0,1398157.925,-0.7714285714285715,3,0.7714285714285715
202,1,PET필름(1차재심),392062,2012.08,인도,미국,대한민국,regulated_to_intermediary,806302.0,1772475.554,-0.7714285714285715,3,0.7714285714285715
202,1,PET필름(1차재심),392062,2012.09,인도,미국,대한민국,regulated_to_intermediary,614193.0,1442742.586,-0.7714285714285715,3,0.7714285714285715
202,1,PET필름(1차재심),392062,2012.1,인도,미국,대한민국,regulated_to_intermediary,541090.0,1321997.173,-0.7714285714285715,3,0.7714285714285715
202,1,PET필름(1차재심),392062,2012.11,인도,미국,대한민국,regulated_to_intermediary,483793.0,1115029.325,-0.7714285714285715,3,0.7714285714285715
202,1,PET필름(1차재심),392062,2012.12,인도,미국,대한민국,regulated_to_intermediary,549640.0,1210176.221,-0.7714285714285715,3,0.7714285714285715
202,1,PET필름(1차재심),392062,2013.01,인도,미국,대한민국,regulated_to_intermediary,477522.0,1083619.615,-0.7714285714285715,3,0.7714285714285715
202,1,PET필름(1차재심),392062,2012.05,인도,미국,대한민국,regulated_to_importer,121227.0,319691.095,-0.7714285714285715,3,0.7714285714285715
202,1,PET필름(1차재심),392062,2012.06,인도,미국,대한민국,regulated_to_importer,104226.0,287113.744,-0.7714285714285715,3,0.7714285714285715
202,1,PET필름(1차재심),392062,2012.07,인도,미국,대한민국,regulated_to_importer,82765.0,255364.664,-0.7714285714285715,3,0.7714285714285715
202,1,PET필름(1차재심),392062,2012.08,인도,미국,대한민국,regulated_to_importer,144207.0,413411.975,-0.7714285714285715,3,0.7714285714285715
202,1,PET필름(1차재심),392062,2012.09,인도,미국,대한민국,regulated_to_importer,31083.0,91389.58,-0.7714285714285715,3,0.7714285714285715
202,1,PET필름(1차재심),392062,2012.1,인도,미국,대한민국,regulated_to_importer,169886.0,531078.53,-0.7714285714285715,3,0.7714285714285715
202,1,PET필름(1차재심),392062,2012.11,인도,미국,대한민국,regulated_to_importer,79198.0,285030.417,-0.7714285714285715,3,0.7714285714285715
202,1,PET필름(1차재심),392062,2012.12,인도,미국,대한민국,regulated_to_importer,86774.0,243164.651,-0.7714285714285715,3,0.7714285714285715
202,1,PET필름(1차재심),392062,2013.01,인도,미국,대한민국,regulated_to_importer,67508.0,193672.066,-0.7714285714285715,3,0.7714285714285715
203,1,PET필름(1차재심),392062,2012.05,중국,대만,대한민국,regulated_to_intermediary,0.0,0.0,-0.7714285714285715,3,0.7714285714285715
203,1,PET필름(1차재심),392062,2012.06,중국,대만,대한민국,regulated_to_intermediary,0.0,0.0,-0.7714285714285715,3,0.7714285714285715
203,1,PET필름(1차재심),392062,2012.07,중국,대만,대한민국,regulated_to_intermediary,0.0,0.0,-0.7714285714285715,3,0.7714285714285715
203,1,PET필름(1차재심),392062,2012.08,중국,대만,대한민국,regulated_to_intermediary,0.0,0.0,-0.7714285714285715,3,0.7714285714285715
203,1,PET필름(1차재심),392062,2012.09,중국,대만,대한민국,regulated_to_intermediary,0.0,0.0,-0.7714285714285715,3,0.7714285714285715
203,1,PET필름(1차재심),392062,2012.1,중국,대만,대한민국,regulated_to_intermediary,0.0,0.0,-0.7714285714285715,3,0.7714285714285715
203,1,PET필름(1차재심),392062,2012.11,중국,대만,대한민국,regulated_to_intermediary,0.0,0.0,-0.7714285714285715,3,0.7714285714285715
203,1,PET필름(1차재심),392062,2012.12,중국,대만,대한민국,regulated_to_intermediary,0.0,0.0,-0.7714285714285715,3,0.7714285714285715
203,1,PET필름(1차재심),392062,2013.01,중국,대만,대한민국,regulated_to_intermediary,0.0,0.0,-0.7714285714285715,3,0.7714285714285715
203,1,PET필름(1차재심),392062,2012.05,중국,대만,대한민국,regulated_to_importer,271655.0,899617.0,-0.7714285714285715,3,0.7714285714285715
203,1,PET필름(1차재심),392062,2012.06,중국,대만,대한민국,regulated_to_importer,332298.0,981323.0,-0.7714285714285715,3,0.7714285714285715
203,1,PET필름(1차재심),392062,2012.07,중국,대만,대한민국,regulated_to_importer,348524.0,1319108.0,-0.7714285714285715,3,0.7714285714285715
203,1,PET필름(1차재심),392062,2012.08,중국,대만,대한민국,regulated_to_importer,384398.0,1495263.0,-0.7714285714285715,3,0.7714285714285715
203,1,PET필름(1차재심),392062,2012.09,중국,대만,대한민국,regulated_to_importer,689144.0,2012228.0,-0.7714285714285715,3,0.7714285714285715
203,1,PET필름(1차재심),392062,2012.1,중국,대만,대한민국,regulated_to_importer,0.0,0.0,-0.7714285714285715,3,0.7714285714285715
203,1,PET필름(1차재심),392062,2012.11,중국,대만,대한민국,regulated_to_importer,0.0,0.0,-0.7714285714285715,3,0.7714285714285715
203,1,PET필름(1차재심),392062,2012.12,중국,대만,대한민국,regulated_to_importer,0.0,0.0,-0.7714285714285715,3,0.7714285714285715
203,1,PET필름(1차재심),392062,2013.01,중국,대만,대한민국,regulated_to_importer,0.0,0.0,-0.7714285714285715,3,0.7714285714285715
204,2,크라프트지(1차재심),4804,2012.04,중국,일본,대한민국,regulated_to_intermediary,40098.0,43218.0,-0.7714285714285715,3,0.7714285714285715
204,2,크라프트지(1차재심),4804,2012.05,중국,일본,대한민국,regulated_to_intermediary,125376.0,54037.0,-0.7714285714285715,3,0.7714285714285715
204,2,크라프트지(1차재심),4804,2012.06,중국,일본,대한민국,regulated_to_intermediary,28564.0,16844.0,-0.7714285714285715,3,0.7714285714285715
204,2,크라프트지(1차재심),4804,2012.07,중국,일본,대한민국,regulated_to_intermediary,490335.0,171527.0,-0.7714285714285715,3,0.7714285714285715
204,2,크라프트지(1차재심),4804,2012.08,중국,일본,대한민국,regulated_to_intermediary,50004.0,72137.0,-0.7714285714285715,3,0.7714285714285715
204,2,크라프트지(1차재심),4804,2012.09,중국,일본,대한민국,regulated_to_intermediary,8837.0,23531.0,-0.7714285714285715,3,0.7714285714285715
204,2,크라프트지(1차재심),4804,2012.1,중국,일본,대한민국,regulated_to_intermediary,0.0,0.0,-0.7714285714285715,3,0.7714285714285715
204,2,크라프트지(1차재심),4804,2012.11,중국,일본,대한민국,regulated_to_intermediary,0.0,0.0,-0.7714285714285715,3,0.7714285714285715
204,2,크라프트지(1차재심),4804,2012.12,중국,일본,대한민국,regulated_to_intermediary,0.0,0.0,-0.7714285714285715,3,0.7714285714285715
204,2,크라프트지(1차재심),4804,2012.04,중국,일본,대한민국,regulated_to_importer,565530.0,844575.0,-0.7714285714285715,3,0.7714285714285715
204,2,크라프트지(1차재심),4804,2012.05,중국,일본,대한민국,regulated_to_importer,763747.0,616937.0,-0.7714285714285715,3,0.7714285714285715
204,2,크라프트지(1차재심),4804,2012.06,중국,일본,대한민국,regulated_to_importer,276187.0,317807.0,-0.7714285714285715,3,0.7714285714285715
204,2,크라프트지(1차재심),4804,2012.07,중국,일본,대한민국,regulated_to_importer,1463476.0,1199109.0,-0.7714285714285715,3,0.7714285714285715
204,2,크라프트지(1차재심),4804,2012.08,중국,일본,대한민국,regulated_to_importer,509546.0,441572.0,-0.7714285714285715,3,0.7714285714285715
204,2,크라프트지(1차재심),4804,2012.09,중국,일본,대한민국,regulated_to_importer,476921.0,408944.0,-0.7714285714285715,3,0.7714285714285715
204,2,크라프트지(1차재심),4804,2012.1,중국,일본,대한민국,regulated_to_importer,0.0,0.0,-0.7714285714285715,3,0.7714285714285715
204,2,크라프트지(1차재심),4804,2012.11,중국,일본,대한민국,regulated_to_importer,0.0,0.0,-0.7714285714285715,3,0.7714285714285715
204,2,크라프트지(1차재심),4804,2012.12,중국,일본,대한민국,regulated_to_importer,0.0,0.0,-0.7714285714285715,3,0.7714285714285715
205,2,크라프트지(1차재심),4804,2012.04,중국,폴란드,대한민국,regulated_to_intermediary,0.0,0.0,-0.7714285714285715,2,0.7714285714285715
205,2,크라프트지(1차재심),4804,2012.05,중국,폴란드,대한민국,regulated_to_intermediary,125696.0,599052.0,-0.7714285714285715,2,0.7714285714285715
205,2,크라프트지(1차재심),4804,2012.06,중국,폴란드,대한민국,regulated_to_intermediary,300568.0,1458268.0,-0.7714285714285715,2,0.7714285714285715
205,2,크라프트지(1차재심),4804,2012.07,중국,폴란드,대한민국,regulated_to_intermediary,1611004.0,12181257.0,-0.7714285714285715,2,0.7714285714285715
205,2,크라프트지(1차재심),4804,2012.08,중국,폴란드,대한민국,regulated_to_intermediary,143910.0,1256651.0,-0.7714285714285715,2,0.7714285714285715
205,2,크라프트지(1차재심),4804,2012.09,중국,폴란드,대한민국,regulated_to_intermediary,34525.0,173448.0,-0.7714285714285715,2,0.7714285714285715
205,2,크라프트지(1차재심),4804,2012.1,중국,폴란드,대한민국,regulated_to_intermediary,0.0,0.0,-0.7714285714285715,2,0.7714285714285715
205,2,크라프트지(1차재심),4804,2012.11,중국,폴란드,대한민국,regulated_to_intermediary,0.0,0.0,-0.7714285714285715,2,0.7714285714285715
205,2,크라프트지(1차재심),4804,2012.12,중국,폴란드,대한민국,regulated_to_intermediary,0.0,0.0,-0.7714285714285715,2,0.7714285714285715
205,2,크라프트지(1차재심),4804,2012.04,중국,폴란드,대한민국,regulated_to_importer,565530.0,844575.0,-0.7714285714285715,2,0.7714285714285715
205,2,크라프트지(1차재심),4804,2012.05,중국,폴란드,대한민국,regulated_to_importer,763747.0,616937.0,-0.7714285714285715,2,0.7714285714285715
205,2,크라프트지(1차재심),4804,2012.06,중국,폴란드,대한민국,regulated_to_importer,276187.0,317807.0,-0.7714285714285715,2,0.7714285714285715
205,2,크라프트지(1차재심),4804,2012.07,중국,폴란드,대한민국,regulated_to_importer,1463476.0,1199109.0,-0.7714285714285715,2,0.7714285714285715
205,2,크라프트지(1차재심),4804,2012.08,중국,폴란드,대한민국,regulated_to_importer,509546.0,441572.0,-0.7714285714285715,2,0.7714285714285715
205,2,크라프트지(1차재심),4804,2012.09,중국,폴란드,대한민국,regulated_to_importer,476921.0,408944.0,-0.7714285714285715,2,0.7714285714285715
205,2,크라프트지(1차재심),4804,2012.1,중국,폴란드,대한민국,regulated_to_importer,0.0,0.0,-0.7714285714285715,2,0.7714285714285715
205,2,크라프트지(1차재심),4804,2012.11,중국,폴란드,대한민국,regulated_to_importer,0.0,0.0,-0.7714285714285715,2,0.7714285714285715
205,2,크라프트지(1차재심),4804,2012.12,중국,폴란드,대한민국,regulated_to_importer,0.0,0.0,-0.7714285714285715,2,0.7714285714285715
206,4,알루미늄 보틀캔,761290,2013.01,일본,프랑스,대한민국,regulated_to_intermediary,92.0,4374.24,-0.7714285714285715,3,0.7714285714285715
206,4,알루미늄 보틀캔,761290,2013.02,일본,프랑스,대한민국,regulated_to_intermediary,0.0,0.0,-0.7714285714285715,3,0.7714285714285715
206,4,알루미늄 보틀캔,761290,2013.03,일본,프랑스,대한민국,regulated_to_intermediary,0.0,0.0,-0.7714285714285715,3,0.7714285714285715
206,4,알루미늄 보틀캔,761290,2013.04,일본,프랑스,대한민국,regulated_to_intermediary,0.0,0.0,-0.7714285714285715,3,0.7714285714285715
206,4,알루미늄 보틀캔,761290,2013.05,일본,프랑스,대한민국,regulated_to_intermediary,0.0,0.0,-0.7714285714285715,3,0.7714285714285715
206,4,알루미늄 보틀캔,761290,2013.06,일본,프랑스,대한민국,regulated_to_intermediary,0.0,0.0,-0.7714285714285715,3,0.7714285714285715
206,4,알루미늄 보틀캔,761290,2013.07,일본,프랑스,대한민국,regulated_to_intermediary,0.0,0.0,-0.7714285714285715,3,0.7714285714285715
206,4,알루미늄 보틀캔,761290,2013.08,일본,프랑스,대한민국,regulated_to_intermediary,0.0,0.0,-0.7714285714285715,3,0.7714285714285715
206,4,알루미늄 보틀캔,761290,2013.09,일본,프랑스,대한민국,regulated_to_intermediary,0.0,0.0,-0.7714285714285715,3,0.7714285714285715
206,4,알루미늄 보틀캔,761290,2013.01,일본,프랑스,대한민국,regulated_to_importer,30518.0,280108.384,-0.7714285714285715,3,0.7714285714285715
206,4,알루미늄 보틀캔,761290,2013.02,일본,프랑스,대한민국,regulated_to_importer,0.0,0.0,-0.7714285714285715,3,0.7714285714285715
206,4,알루미늄 보틀캔,761290,2013.03,일본,프랑스,대한민국,regulated_to_importer,30240.0,247313.1,-0.7714285714285715,3,0.7714285714285715
206,4,알루미늄 보틀캔,761290,2013.04,일본,프랑스,대한민국,regulated_to_importer,30682.0,259922.748,-0.7714285714285715,3,0.7714285714285715
206,4,알루미늄 보틀캔,761290,2013.05,일본,프랑스,대한민국,regulated_to_importer,61158.0,484648.177,-0.7714285714285715,3,0.7714285714285715
206,4,알루미늄 보틀캔,761290,2013.06,일본,프랑스,대한민국,regulated_to_importer,121555.0,993855.39,-0.7714285714285715,3,0.7714285714285715
206,4,알루미늄 보틀캔,761290,2013.07,일본,프랑스,대한민국,regulated_to_importer,66500.0,587174.275,-0.7714285714285715,3,0.7714285714285715
206,4,알루미늄 보틀캔,761290,2013.08,일본,프랑스,대한민국,regulated_to_importer,81906.0,671251.074,-0.7714285714285715,3,0.7714285714285715
206,4,알루미늄 보틀캔,761290,2013.09,일본,프랑스,대한민국,regulated_to_importer,685.0,28234.619,-0.7714285714285715,3,0.7714285714285715
207,6,스테인레스스틸바(2차재심),7222,2013.11,일본,싱가포르,대한민국,regulated_to_intermediary,123243.0,591790.155,-0.7714285714285715,0,0.7714285714285715
207,6,스테인레스스틸바(2차재심),7222,2013.12,일본,싱가포르,대한민국,regulated_to_intermediary,270119.0,1140634.52,-0.7714285714285715,0,0.7714285714285715
207,6,스테인레스스틸바(2차재심),7222,2014.01,일본,싱가포르,대한민국,regulated_to_intermediary,88926.0,425623.419,-0.7714285714285715,0,0.7714285714285715
207,6,스테인레스스틸바(2차재심),7222,2014.02,일본,싱가포르,대한민국,regulated_to_intermediary,318745.0,1470536.532,-0.7714285714285715,0,0.7714285714285715
207,6,스테인레스스틸바(2차재심),7222,2014.03,일본,싱가포르,대한민국,regulated_to_intermediary,242712.0,1103329.964,-0.7714285714285715,0,0.7714285714285715
207,6,스테인레스스틸바(2차재심),7222,2014.04,일본,싱가포르,대한민국,regulated_to_intermediary,234808.0,932772.75,-0.7714285714285715,0,0.7714285714285715
207,6,스테인레스스틸바(2차재심),7222,2014.05,일본,싱가포르,대한민국,regulated_to_intermediary,191628.0,910557.088,-0.7714285714285715,0,0.7714285714285715
207,6,스테인레스스틸바(2차재심),7222,2014.06,일본,싱가포르,대한민국,regulated_to_intermediary,189277.0,883673.82,-0.7714285714285715,0,0.7714285714285715
207,6,스테인레스스틸바(2차재심),7222,2014.07,일본,싱가포르,대한민국,regulated_to_intermediary,229472.0,1085780.43,-0.7714285714285715,0,0.7714285714285715
207,6,스테인레스스틸바(2차재심),7222,2013.11,일본,싱가포르,대한민국,regulated_to_importer,424466.0,2010934.112,-0.7714285714285715,0,0.7714285714285715
207,6,스테인레스스틸바(2차재심),7222,2013.12,일본,싱가포르,대한민국,regulated_to_importer,453200.0,2331582.05,-0.7714285714285715,0,0.7714285714285715
207,6,스테인레스스틸바(2차재심),7222,2014.01,일본,싱가포르,대한민국,regulated_to_importer,438493.0,2186978.373,-0.7714285714285715,0,0.7714285714285715
207,6,스테인레스스틸바(2차재심),7222,2014.02,일본,싱가포르,대한민국,regulated_to_importer,737230.0,3813371.574,-0.7714285714285715,0,0.7714285714285715
207,6,스테인레스스틸바(2차재심),7222,2014.03,일본,싱가포르,대한민국,regulated_to_importer,497383.0,2655763.468,-0.7714285714285715,0,0.7714285714285715
207,6,스테인레스스틸바(2차재심),7222,2014.04,일본,싱가포르,대한민국,regulated_to_importer,599529.0,2928900.0,-0.7714285714285715,0,0.7714285714285715
207,6,스테인레스스틸바(2차재심),7222,2014.05,일본,싱가포르,대한민국,regulated_to_importer,404053.0,2099781.76,-0.7714285714285715,0,0.7714285714285715
207,6,스테인레스스틸바(2차재심),7222,2014.06,일본,싱가포르,대한민국,regulated_to_importer,654005.0,2788756.204,-0.7714285714285715,0,0.7714285714285715
207,6,스테인레스스틸바(2차재심),7222,2014.07,일본,싱가포르,대한민국,regulated_to_importer,537030.0,2563757.7,-0.7714285714285715,0,0.7714285714285715
208,8,폴리에스테르 장섬유 연신가공사(2차재심),5402,2013.12,말레이시아,독일,대한민국,regulated_to_intermediary,510607.64,1034505.719,-0.7714285714285715,1,0.7714285714285715
208,8,폴리에스테르 장섬유 연신가공사(2차재심),5402,2014.01,말레이시아,독일,대한민국,regulated_to_intermediary,344156.9,668296.987,-0.7714285714285715,1,0.7714285714285715
208,8,폴리에스테르 장섬유 연신가공사(2차재심),5402,2014.02,말레이시아,독일,대한민국,regulated_to_intermediary,686363.9,1413842.471,-0.7714285714285715,1,0.7714285714285715
208,8,폴리에스테르 장섬유 연신가공사(2차재심),5402,2014.03,말레이시아,독일,대한민국,regulated_to_intermediary,626454.89,1219223.377,-0.7714285714285715,1,0.7714285714285715
208,8,폴리에스테르 장섬유 연신가공사(2차재심),5402,2014.04,말레이시아,독일,대한민국,regulated_to_intermediary,515137.1,1044406.25,-0.7714285714285715,1,0.7714285714285715
208,8,폴리에스테르 장섬유 연신가공사(2차재심),5402,2014.05,말레이시아,독일,대한민국,regulated_to_intermediary,573588.9,1127815.617,-0.7714285714285715,1,0.7714285714285715
208,8,폴리에스테르 장섬유 연신가공사(2차재심),5402,2014.06,말레이시아,독일,대한민국,regulated_to_intermediary,490507.84,986121.589,-0.7714285714285715,1,0.7714285714285715
208,8,폴리에스테르 장섬유 연신가공사(2차재심),5402,2014.07,말레이시아,독일,대한민국,regulated_to_intermediary,0.0,0.0,-0.7714285714285715,1,0.7714285714285715
208,8,폴리에스테르 장섬유 연신가공사(2차재심),5402,2014.08,말레이시아,독일,대한민국,regulated_to_intermediary,651201.64,1303578.207,-0.7714285714285715,1,0.7714285714285715
208,8,폴리에스테르 장섬유 연신가공사(2차재심),5402,2013.12,말레이시아,독일,대한민국,regulated_to_importer,5378977.43,8437787.571,-0.7714285714285715,1,0.7714285714285715
208,8,폴리에스테르 장섬유 연신가공사(2차재심),5402,2014.01,말레이시아,독일,대한민국,regulated_to_importer,7107936.14,11312080.581,-0.7714285714285715,1,0.7714285714285715
208,8,폴리에스테르 장섬유 연신가공사(2차재심),5402,2014.02,말레이시아,독일,대한민국,regulated_to_importer,6176366.73,9753736.624,-0.7714285714285715,1,0.7714285714285715
208,8,폴리에스테르 장섬유 연신가공사(2차재심),5402,2014.03,말레이시아,독일,대한민국,regulated_to_importer,5521932.34,8564983.225,-0.7714285714285715,1,0.7714285714285715
208,8,폴리에스테르 장섬유 연신가공사(2차재심),5402,2014.04,말레이시아,독일,대한민국,regulated_to_importer,6166526.82,9796524.429,-0.7714285714285715,1,0.7714285714285715
208,8,폴리에스테르 장섬유 연신가공사(2차재심),5402,2014.05,말레이시아,독일,대한민국,regulated_to_importer,6850185.95,10691252.582,-0.7714285714285715,1,0.7714285714285715
208,8,폴리에스테르 장섬유 연신가공사(2차재심),5402,2014.06,말레이시아,독일,대한민국,regulated_to_importer,5722928.27,9022473.699,-0.7714285714285715,1,0.7714285714285715
208,8,폴리에스테르 장섬유 연신가공사(2차재심),5402,2014.07,말레이시아,독일,대한민국,regulated_to_importer,0.0,0.0,-0.7714285714285715,1,0.7714285714285715
208,8,폴리에스테르 장섬유 연신가공사(2차재심),5402,2014.08,말레이시아,독일,대한민국,regulated_to_importer,4809233.57,8033061.53,-0.7714285714285715,1,0.7714285714285715
209,8,폴리에스테르 장섬유 연신가공사(2차재심),5402,2013.12,말레이시아,베트남,대한민국,regulated_to_intermediary,832701.1,1335495.56,-0.7714285714285715,2,0.7714285714285715
209,8,폴리에스테르 장섬유 연신가공사(2차재심),5402,2014.01,말레이시아,베트남,대한민국,regulated_to_intermediary,1273224.7,2046295.673,-0.7714285714285715,2,0.7714285714285715
209,8,폴리에스테르 장섬유 연신가공사(2차재심),5402,2014.02,말레이시아,베트남,대한민국,regulated_to_intermediary,1336028.15,2168835.884,-0.7714285714285715,2,0.7714285714285715
209,8,폴리에스테르 장섬유 연신가공사(2차재심),5402,2014.03,말레이시아,베트남,대한민국,regulated_to_intermediary,1286554.95,2031961.897,-0.7714285714285715,2,0.7714285714285715
209,8,폴리에스테르 장섬유 연신가공사(2차재심),5402,2014.04,말레이시아,베트남,대한민국,regulated_to_intermediary,1120887.86,1739294.586,-0.7714285714285715,2,0.7714285714285715
209,8,폴리에스테르 장섬유 연신가공사(2차재심),5402,2014.05,말레이시아,베트남,대한민국,regulated_to_intermediary,1053073.6,1656435.726,-0.7714285714285715,2,0.7714285714285715
209,8,폴리에스테르 장섬유 연신가공사(2차재심),5402,2014.06,말레이시아,베트남,대한민국,regulated_to_intermediary,1623157.63,2511901.139,-0.7714285714285715,2,0.7714285714285715
209,8,폴리에스테르 장섬유 연신가공사(2차재심),5402,2014.07,말레이시아,베트남,대한민국,regulated_to_intermediary,0.0,0.0,-0.7714285714285715,2,0.7714285714285715
209,8,폴리에스테르 장섬유 연신가공사(2차재심),5402,2014.08,말레이시아,베트남,대한민국,regulated_to_intermediary,1742318.63,2715255.726,-0.7714285714285715,2,0.7714285714285715
209,8,폴리에스테르 장섬유 연신가공사(2차재심),5402,2013.12,말레이시아,베트남,대한민국,regulated_to_importer,5378977.43,8437787.571,-0.7714285714285715,2,0.7714285714285715
209,8,폴리에스테르 장섬유 연신가공사(2차재심),5402,2014.01,말레이시아,베트남,대한민국,regulated_to_importer,7107936.14,11312080.581,-0.7714285714285715,2,0.7714285714285715
209,8,폴리에스테르 장섬유 연신가공사(2차재심),5402,2014.02,말레이시아,베트남,대한민국,regulated_to_importer,6176366.73,9753736.624,-0.7714285714285715,2,0.7714285714285715
209,8,폴리에스테르 장섬유 연신가공사(2차재심),5402,2014.03,말레이시아,베트남,대한민국,regulated_to_importer,5521932.34,8564983.225,-0.7714285714285715,2,0.7714285714285715
209,8,폴리에스테르 장섬유 연신가공사(2차재심),5402,2014.04,말레이시아,베트남,대한민국,regulated_to_importer,6166526.82,9796524.429,-0.7714285714285715,2,0.7714285714285715
209,8,폴리에스테르 장섬유 연신가공사(2차재심),5402,2014.05,말레이시아,베트남,대한민국,regulated_to_importer,6850185.95,10691252.582,-0.7714285714285715,2,0.7714285714285715
209,8,폴리에스테르 장섬유 연신가공사(2차재심),5402,2014.06,말레이시아,베트남,대한민국,regulated_to_importer,5722928.27,9022473.699,-0.7714285714285715,2,0.7714285714285715
209,8,폴리에스테르 장섬유 연신가공사(2차재심),5402,2014.07,말레이시아,베트남,대한민국,regulated_to_importer,0.0,0.0,-0.7714285714285715,2,0.7714285714285715
209,8,폴리에스테르 장섬유 연신가공사(2차재심),5402,2014.08,말레이시아,베트남,대한민국,regulated_to_importer,4809233.57,8033061.53,-0.7714285714285715,2,0.7714285714285715
210,8,폴리에스테르 장섬유 연신가공사(2차재심),5402,2013.12,말레이시아,스위스,대한민국,regulated_to_intermediary,0.0,0.0,-0.7714285714285715,1,0.7714285714285715
210,8,폴리에스테르 장섬유 연신가공사(2차재심),5402,2014.01,말레이시아,스위스,대한민국,regulated_to_intermediary,0.0,0.0,-0.7714285714285715,1,0.7714285714285715
210,8,폴리에스테르 장섬유 연신가공사(2차재심),5402,2014.02,말레이시아,스위스,대한민국,regulated_to_intermediary,0.0,0.0,-0.7714285714285715,1,0.7714285714285715
210,8,폴리에스테르 장섬유 연신가공사(2차재심),5402,2014.03,말레이시아,스위스,대한민국,regulated_to_intermediary,0.0,0.0,-0.7714285714285715,1,0.7714285714285715
210,8,폴리에스테르 장섬유 연신가공사(2차재심),5402,2014.04,말레이시아,스위스,대한민국,regulated_to_intermediary,0.0,0.0,-0.7714285714285715,1,0.7714285714285715
210,8,폴리에스테르 장섬유 연신가공사(2차재심),5402,2014.05,말레이시아,스위스,대한민국,regulated_to_intermediary,0.0,0.0,-0.7714285714285715,1,0.7714285714285715
210,8,폴리에스테르 장섬유 연신가공사(2차재심),5402,2014.06,말레이시아,스위스,대한민국,regulated_to_intermediary,0.0,0.0,-0.7714285714285715,1,0.7714285714285715
210,8,폴리에스테르 장섬유 연신가공사(2차재심),5402,2014.07,말레이시아,스위스,대한민국,regulated_to_intermediary,0.0,0.0,-0.7714285714285715,1,0.7714285714285715
210,8,폴리에스테르 장섬유 연신가공사(2차재심),5402,2014.08,말레이시아,스위스,대한민국,regulated_to_intermediary,0.0,0.0,-0.7714285714285715,1,0.7714285714285715
210,8,폴리에스테르 장섬유 연신가공사(2차재심),5402,2013.12,말레이시아,스위스,대한민국,regulated_to_importer,5378977.43,8437787.571,-0.7714285714285715,1,0.7714285714285715
210,8,폴리에스테르 장섬유 연신가공사(2차재심),5402,2014.01,말레이시아,스위스,대한민국,regulated_to_importer,7107936.14,11312080.581,-0.7714285714285715,1,0.7714285714285715
210,8,폴리에스테르 장섬유 연신가공사(2차재심),5402,2014.02,말레이시아,스위스,대한민국,regulated_to_importer,6176366.73,9753736.624,-0.7714285714285715,1,0.7714285714285715
210,8,폴리에스테르 장섬유 연신가공사(2차재심),5402,2014.03,말레이시아,스위스,대한민국,regulated_to_importer,5521932.34,8564983.225,-0.7714285714285715,1,0.7714285714285715
210,8,폴리에스테르 장섬유 연신가공사(2차재심),5402,2014.04,말레이시아,스위스,대한민국,regulated_to_importer,6166526.82,9796524.429,-0.7714285714285715,1,0.7714285714285715
210,8,폴리에스테르 장섬유 연신가공사(2차재심),5402,2014.05,말레이시아,스위스,대한민국,regulated_to_importer,6850185.95,10691252.582,-0.7714285714285715,1,0.7714285714285715
210,8,폴리에스테르 장섬유 연신가공사(2차재심),5402,2014.06,말레이시아,스위스,대한민국,regulated_to_importer,5722928.27,9022473.699,-0.7714285714285715,1,0.7714285714285715
210,8,폴리에스테르 장섬유 연신가공사(2차재심),5402,2014.07,말레이시아,스위스,대한민국,regulated_to_importer,0.0,0.0,-0.7714285714285715,1,0.7714285714285715
210,8,폴리에스테르 장섬유 연신가공사(2차재심),5402,2014.08,말레이시아,스위스,대한민국,regulated_to_importer,4809233.57,8033061.53,-0.7714285714285715,1,0.7714285714285715
