pair_id,사건번호,품목,hs_code,규제국,중간국,수입국,reporter_code,periods,flow_code,isr_min,isr_best_lag,isr_risk,flow_type,partner_code,partner_country
1,9,OPP필름,392020,중국,미국,대한민국,156,"201312,201401,201402,201403,201404,201405,201406,201407,201408",X,-1.0,3,1.0,regulated_to_intermediary,842,미국
1,9,OPP필름,392020,중국,미국,대한민국,156,"201312,201401,201402,201403,201404,201405,201406,201407,201408",X,-1.0,3,1.0,regulated_to_importer,410,대한민국
2,48,도공(coated) 인쇄용지,4810,핀란드,말레이시아,대한민국,246,"202403,202404,202405,202406,202407,202408,202409,202410,202411",X,-1.0,1,1.0,regulated_to_intermediary,458,말레이시아
2,48,도공(coated) 인쇄용지,4810,핀란드,말레이시아,대한민국,246,"202403,202404,202405,202406,202407,202408,202409,202410,202411",X,-1.0,1,1.0,regulated_to_importer,410,대한민국
3,51,합판,4412,말레이시아,루마니아,대한민국,458,"202407,202408,202409,202410,202411,202412,202501,202502,202503",X,-1.0,3,1.0,regulated_to_intermediary,642,루마니아
3,51,합판,4412,말레이시아,루마니아,대한민국,458,"202407,202408,202409,202410,202411,202412,202501,202502,202503",X,-1.0,3,1.0,regulated_to_importer,410,대한민국
4,54,OPP필름,392020,태국,독일,대한민국,764,"202504,202505,202506,202507,202508,202509,202510,202511,202512",X,-1.0,3,1.0,regulated_to_intermediary,276,독일
4,54,OPP필름,392020,태국,독일,대한민국,764,"202504,202505,202506,202507,202508,202509,202510,202511,202512",X,-1.0,3,1.0,regulated_to_importer,410,대한민국
5,2,크라프트지(1차재심),4804,캐나다,보스니아-헤르체고비나,대한민국,124,"201204,201205,201206,201207,201208,201209,201210,201211,201212",X,-0.9856107606091624,1,0.9856107606091624,regulated_to_intermediary,70,보스니아-헤르체고비나
5,2,크라프트지(1차재심),4804,캐나다,보스니아-헤르체고비나,대한민국,124,"201204,201205,201206,201207,201208,201209,201210,201211,201212",X,-0.9856107606091624,1,0.9856107606091624,regulated_to_importer,410,대한민국
6,26,PET필름,392062,대만,파키스탄,대한민국,490,"201804,201805,201806,201807,201808,201809,201810,201811,201812",X,-0.9856107606091624,0,0.9856107606091624,regulated_to_intermediary,586,파키스탄
6,26,PET필름,392062,대만,파키스탄,대한민국,490,"201804,201805,201806,201807,201808,201809,201810,201811,201812",X,-0.9856107606091624,0,0.9856107606091624,regulated_to_importer,410,대한민국
7,2,크라프트지(1차재심),4804,미국,스웨덴,대한민국,842,"201204,201205,201206,201207,201208,201209,201210,201211,201212",X,-0.942857142857143,3,0.942857142857143,regulated_to_intermediary,752,스웨덴
7,2,크라프트지(1차재심),4804,미국,스웨덴,대한민국,842,"201204,201205,201206,201207,201208,201209,201210,201211,201212",X,-0.942857142857143,3,0.942857142857143,regulated_to_importer,410,대한민국
8,2,크라프트지(1차재심),4804,중국,독일,대한민국,156,"201204,201205,201206,201207,201208,201209,201210,201211,201212",X,-0.942857142857143,3,0.942857142857143,regulated_to_intermediary,276,독일
8,2,크라프트지(1차재심),4804,중국,독일,대한민국,156,"201204,201205,201206,201207,201208,201209,201210,201211,201212",X,-0.942857142857143,3,0.942857142857143,regulated_to_importer,410,대한민국
9,4,알루미늄 보틀캔,761290,일본,스위스,대한민국,392,"201301,201302,201303,201304,201305,201306,201307,201308,201309",X,-0.942857142857143,3,0.942857142857143,regulated_to_intermediary,757,스위스
9,4,알루미늄 보틀캔,761290,일본,스위스,대한민국,392,"201301,201302,201303,201304,201305,201306,201307,201308,201309",X,-0.942857142857143,3,0.942857142857143,regulated_to_importer,410,대한민국
10,6,스테인레스스틸바(2차재심),7222,인도,대만,대한민국,699,"201311,201312,201401,201402,201403,201404,201405,201406,201407",X,-0.942857142857143,1,0.942857142857143,regulated_to_intermediary,158,대만
10,6,스테인레스스틸바(2차재심),7222,인도,대만,대한민국,699,"201311,201312,201401,201402,201403,201404,201405,201406,201407",X,-0.942857142857143,1,0.942857142857143,regulated_to_importer,410,대한민국
11,6,스테인레스스틸바(2차재심),7222,인도,스웨덴,대한민국,699,"201311,201312,201401,201402,201403,201404,201405,201406,201407",X,-0.942857142857143,3,0.942857142857143,regulated_to_intermediary,752,스웨덴
11,6,스테인레스스틸바(2차재심),7222,인도,스웨덴,대한민국,699,"201311,201312,201401,201402,201403,201404,201405,201406,201407",X,-0.942857142857143,3,0.942857142857143,regulated_to_importer,410,대한민국
12,9,OPP필름,392020,중국,필리핀,대한민국,156,"201312,201401,201402,201403,201404,201405,201406,201407,201408",X,-0.942857142857143,2,0.942857142857143,regulated_to_intermediary,608,필리핀
12,9,OPP필름,392020,중국,필리핀,대한민국,156,"201312,201401,201402,201403,201404,201405,201406,201407,201408",X,-0.942857142857143,2,0.942857142857143,regulated_to_importer,410,대한민국
13,9,OPP필름,392020,중국,홍콩,대한민국,156,"201312,201401,201402,201403,201404,201405,201406,201407,201408",X,-0.942857142857143,2,0.942857142857143,regulated_to_intermediary,344,홍콩
13,9,OPP필름,392020,중국,홍콩,대한민국,156,"201312,201401,201402,201403,201404,201405,201406,201407,201408",X,-0.942857142857143,2,0.942857142857143,regulated_to_importer,410,대한민국
14,9,OPP필름,392020,태국,영국,대한민국,764,"201312,201401,201402,201403,201404,201405,201406,201407,201408",X,-0.942857142857143,3,0.942857142857143,regulated_to_intermediary,826,영국
14,9,OPP필름,392020,태국,영국,대한민국,764,"201312,201401,201402,201403,201404,201405,201406,201407,201408",X,-0.942857142857143,3,0.942857142857143,regulated_to_importer,410,대한민국
15,10,합판(1차재심),4412,말레이시아,라트비아,대한민국,458,"201409,201410,201411,201412,201501,201502,201503,201504,201505",X,-0.942857142857143,1,0.942857142857143,regulated_to_intermediary,428,라트비아
15,10,합판(1차재심),4412,말레이시아,라트비아,대한민국,458,"201409,201410,201411,201412,201501,201502,201503,201504,201505",X,-0.942857142857143,1,0.942857142857143,regulated_to_importer,410,대한민국
16,10,합판(1차재심),4412,말레이시아,이탈리아,대한민국,458,"201409,201410,201411,201412,201501,201502,201503,201504,201505",X,-0.942857142857143,1,0.942857142857143,regulated_to_intermediary,380,이탈리아
16,10,합판(1차재심),4412,말레이시아,이탈리아,대한민국,458,"201409,201410,201411,201412,201501,201502,201503,201504,201505",X,-0.942857142857143,1,0.942857142857143,regulated_to_importer,410,대한민국
17,13,공기압 전송용 밸브,848120,일본,폴란드,대한민국,392,"201508,201509,201510,201511,201512,201601,201602,201603,201604",X,-0.942857142857143,1,0.942857142857143,regulated_to_intermediary,616,폴란드
17,13,공기압 전송용 밸브,848120,일본,폴란드,대한민국,392,"201508,201509,201510,201511,201512,201601,201602,201603,201604",X,-0.942857142857143,1,0.942857142857143,regulated_to_importer,410,대한민국
18,19,PET필름(2차재심),392062,중국,이탈리아,대한민국,156,"201601,201602,201603,201604,201605,201606,201607,201608,201609",X,-0.942857142857143,0,0.942857142857143,regulated_to_intermediary,380,이탈리아
18,19,PET필름(2차재심),392062,중국,이탈리아,대한민국,156,"201601,201602,201603,201604,201605,201606,201607,201608,201609",X,-0.942857142857143,0,0.942857142857143,regulated_to_importer,410,대한민국
19,19,PET필름(2차재심),392062,중국,인도네시아,대한민국,156,"201601,201602,201603,201604,201605,201606,201607,201608,201609",X,-0.942857142857143,0,0.942857142857143,regulated_to_intermediary,360,인도네시아
19,19,PET필름(2차재심),392062,중국,인도네시아,대한민국,156,"201601,201602,201603,201604,201605,201606,201607,201608,201609",X,-0.942857142857143,0,0.942857142857143,regulated_to_importer,410,대한민국
20,22,합판(2차재심),4412,말레이시아,미국,대한민국,458,"201705,201706,201707,201708,201709,201710,201711,201712,201801",X,-0.942857142857143,1,0.942857142857143,regulated_to_intermediary,842,미국
20,22,합판(2차재심),4412,말레이시아,미국,대한민국,458,"201705,201706,201707,201708,201709,201710,201711,201712,201801",X,-0.942857142857143,1,0.942857142857143,regulated_to_importer,410,대한민국
21,22,합판(2차재심),4412,말레이시아,베트남,대한민국,458,"201705,201706,201707,201708,201709,201710,201711,201712,201801",X,-0.942857142857143,1,0.942857142857143,regulated_to_intermediary,704,베트남
21,22,합판(2차재심),4412,말레이시아,베트남,대한민국,458,"201705,201706,201707,201708,201709,201710,201711,201712,201801",X,-0.942857142857143,1,0.942857142857143,regulated_to_importer,410,대한민국
22,31,OPP필름(1차재심),392020,중국,베트남,대한민국,156,"201908,201909,201910,201911,201912,202001,202002,202003,202004",X,-0.942857142857143,2,0.942857142857143,regulated_to_intermediary,704,베트남
22,31,OPP필름(1차재심),392020,중국,베트남,대한민국,156,"201908,201909,201910,201911,201912,202001,202002,202003,202004",X,-0.942857142857143,2,0.942857142857143,regulated_to_importer,410,대한민국
23,34,합판,4412,말레이시아,스페인,대한민국,458,"202011,202012,202101,202102,202103,202104,202105,202106,202107",X,-0.942857142857143,1,0.942857142857143,regulated_to_intermediary,724,스페인
23,34,합판,4412,말레이시아,스페인,대한민국,458,"202011,202012,202101,202102,202103,202104,202105,202106,202107",X,-0.942857142857143,1,0.942857142857143,regulated_to_importer,410,대한민국
24,35,합판,4412,중국,일본,대한민국,156,"202011,202012,202101,202102,202103,202104,202105,202106,202107",X,-0.942857142857143,1,0.942857142857143,regulated_to_intermediary,392,일본
24,35,합판,4412,중국,일본,대한민국,156,"202011,202012,202101,202102,202103,202104,202105,202106,202107",X,-0.942857142857143,1,0.942857142857143,regulated_to_importer,410,대한민국
25,36,합판,4412,베트남,벨기에,대한민국,704,"202011,202012,202101,202102,202103,202104,202105,202106,202107",X,-0.942857142857143,1,0.942857142857143,regulated_to_intermediary,56,벨기에
25,36,합판,4412,베트남,벨기에,대한민국,704,"202011,202012,202101,202102,202103,202104,202105,202106,202107",X,-0.942857142857143,1,0.942857142857143,regulated_to_importer,410,대한민국
26,41,"인쇄제판용 평면모양 사진 플레이트(옵셋 인쇄판, 더블레이어 제품)",370130,중국,미국,대한민국,156,"202211,202212,202301,202302,202303,202304,202305,202306,202307",X,-0.942857142857143,1,0.942857142857143,regulated_to_intermediary,842,미국
26,41,"인쇄제판용 평면모양 사진 플레이트(옵셋 인쇄판, 더블레이어 제품)",370130,중국,미국,대한민국,156,"202211,202212,202301,202302,202303,202304,202305,202306,202307",X,-0.942857142857143,1,0.942857142857143,regulated_to_importer,410,대한민국
27,48,도공(coated) 인쇄용지,4810,중국,필리핀,대한민국,156,"202403,202404,202405,202406,202407,202408,202409,202410,202411",X,-0.942857142857143,1,0.942857142857143,regulated_to_intermediary,608,필리핀
27,48,도공(coated) 인쇄용지,4810,중국,필리핀,대한민국,156,"202403,202404,202405,202406,202407,202408,202409,202410,202411",X,-0.942857142857143,1,0.942857142857143,regulated_to_importer,410,대한민국
28,48,도공(coated) 인쇄용지,4810,핀란드,이탈리아,대한민국,246,"202403,202404,202405,202406,202407,202408,202409,202410,202411",X,-0.942857142857143,2,0.942857142857143,regulated_to_intermediary,380,이탈리아
28,48,도공(coated) 인쇄용지,4810,핀란드,이탈리아,대한민국,246,"202403,202404,202405,202406,202407,202408,202409,202410,202411",X,-0.942857142857143,2,0.942857142857143,regulated_to_importer,410,대한민국
29,50,합판,4412,중국,인도네시아,대한민국,156,"202407,202408,202409,202410,202411,202412,202501,202502,202503",X,-0.942857142857143,1,0.942857142857143,regulated_to_intermediary,360,인도네시아
29,50,합판,4412,중국,인도네시아,대한민국,156,"202407,202408,202409,202410,202411,202412,202501,202502,202503",X,-0.942857142857143,1,0.942857142857143,regulated_to_importer,410,대한민국
30,51,합판,4412,말레이시아,라트비아,대한민국,458,"202407,202408,202409,202410,202411,202412,202501,202502,202503",X,-0.942857142857143,3,0.942857142857143,regulated_to_intermediary,428,라트비아
30,51,합판,4412,말레이시아,라트비아,대한민국,458,"202407,202408,202409,202410,202411,202412,202501,202502,202503",X,-0.942857142857143,3,0.942857142857143,regulated_to_importer,410,대한민국
31,51,합판,4412,말레이시아,헝가리,대한민국,458,"202407,202408,202409,202410,202411,202412,202501,202502,202503",X,-0.942857142857143,3,0.942857142857143,regulated_to_intermediary,348,헝가리
31,51,합판,4412,말레이시아,헝가리,대한민국,458,"202407,202408,202409,202410,202411,202412,202501,202502,202503",X,-0.942857142857143,3,0.942857142857143,regulated_to_importer,410,대한민국
32,10,합판(1차재심),4412,말레이시아,스위스,대한민국,458,"201409,201410,201411,201412,201501,201502,201503,201504,201505",X,-0.9411239481143202,3,0.9411239481143202,regulated_to_intermediary,757,스위스
32,10,합판(1차재심),4412,말레이시아,스위스,대한민국,458,"201409,201410,201411,201412,201501,201502,201503,201504,201505",X,-0.9411239481143202,3,0.9411239481143202,regulated_to_importer,410,대한민국
33,10,합판(1차재심),4412,말레이시아,영국,대한민국,458,"201409,201410,201411,201412,201501,201502,201503,201504,201505",X,-0.9411239481143202,2,0.9411239481143202,regulated_to_intermediary,826,영국
33,10,합판(1차재심),4412,말레이시아,영국,대한민국,458,"201409,201410,201411,201412,201501,201502,201503,201504,201505",X,-0.9411239481143202,2,0.9411239481143202,regulated_to_importer,410,대한민국
34,35,합판,4412,중국,노르웨이,대한민국,156,"202011,202012,202101,202102,202103,202104,202105,202106,202107",X,-0.9411239481143202,3,0.9411239481143202,regulated_to_intermediary,579,노르웨이
34,35,합판,4412,중국,노르웨이,대한민국,156,"202011,202012,202101,202102,202103,202104,202105,202106,202107",X,-0.9411239481143202,3,0.9411239481143202,regulated_to_importer,410,대한민국
35,1,PET필름(1차재심),392062,인도,이탈리아,대한민국,699,"201205,201206,201207,201208,201209,201210,201211,201212,201301",X,-0.9276336570439176,3,0.9276336570439176,regulated_to_intermediary,380,이탈리아
35,1,PET필름(1차재심),392062,인도,이탈리아,대한민국,699,"201205,201206,201207,201208,201209,201210,201211,201212,201301",X,-0.9276336570439176,3,0.9276336570439176,regulated_to_importer,410,대한민국
36,2,크라프트지(1차재심),4804,미국,체코공화국,대한민국,842,"201204,201205,201206,201207,201208,201209,201210,201211,201212",X,-0.9276336570439176,1,0.9276336570439176,regulated_to_intermediary,203,체코공화국
36,2,크라프트지(1차재심),4804,미국,체코공화국,대한민국,842,"201204,201205,201206,201207,201208,201209,201210,201211,201212",X,-0.9276336570439176,1,0.9276336570439176,regulated_to_importer,410,대한민국
37,2,크라프트지(1차재심),4804,중국,에스토니아,대한민국,156,"201204,201205,201206,201207,201208,201209,201210,201211,201212",X,-0.9276336570439176,3,0.9276336570439176,regulated_to_intermediary,233,에스토니아
37,2,크라프트지(1차재심),4804,중국,에스토니아,대한민국,156,"201204,201205,201206,201207,201208,201209,201210,201211,201212",X,-0.9276336570439176,3,0.9276336570439176,regulated_to_importer,410,대한민국
38,14,합판(신규공급자조사),4412,중국,프랑스,대한민국,156,"201402,201403,201404,201405,201406,201407,201408,201409,201410",X,-0.9276336570439176,2,0.9276336570439176,regulated_to_intermediary,251,프랑스
38,14,합판(신규공급자조사),4412,중국,프랑스,대한민국,156,"201402,201403,201404,201405,201406,201407,201408,201409,201410",X,-0.9276336570439176,2,0.9276336570439176,regulated_to_importer,410,대한민국
39,15,합판(신규공급자조사),4412,중국,프랑스,대한민국,156,"201402,201403,201404,201405,201406,201407,201408,201409,201410",X,-0.9276336570439176,2,0.9276336570439176,regulated_to_intermediary,251,프랑스
39,15,합판(신규공급자조사),4412,중국,프랑스,대한민국,156,"201402,201403,201404,201405,201406,201407,201408,201409,201410",X,-0.9276336570439176,2,0.9276336570439176,regulated_to_importer,410,대한민국
40,16,합판(신규공급자조사),4412,중국,프랑스,대한민국,156,"201402,201403,201404,201405,201406,201407,201408,201409,201410",X,-0.9276336570439176,2,0.9276336570439176,regulated_to_intermediary,251,프랑스
40,16,합판(신규공급자조사),4412,중국,프랑스,대한민국,156,"201402,201403,201404,201405,201406,201407,201408,201409,201410",X,-0.9276336570439176,2,0.9276336570439176,regulated_to_importer,410,대한민국
41,51,합판,4412,말레이시아,칠레,대한민국,458,"202407,202408,202409,202410,202411,202412,202501,202502,202503",X,-0.9276336570439176,3,0.9276336570439176,regulated_to_intermediary,152,칠레
41,51,합판,4412,말레이시아,칠레,대한민국,458,"202407,202408,202409,202410,202411,202412,202501,202502,202503",X,-0.9276336570439176,3,0.9276336570439176,regulated_to_importer,410,대한민국
42,6,스테인레스스틸바(2차재심),7222,스페인,중국,대한민국,724,"201311,201312,201401,201402,201403,201404,201405,201406,201407",X,-0.9276336570439174,1,0.9276336570439174,regulated_to_intermediary,156,중국
42,6,스테인레스스틸바(2차재심),7222,스페인,중국,대한민국,724,"201311,201312,201401,201402,201403,201404,201405,201406,201407",X,-0.9276336570439174,1,0.9276336570439174,regulated_to_importer,410,대한민국
43,4,알루미늄 보틀캔,761290,일본,체코공화국,대한민국,392,"201301,201302,201303,201304,201305,201306,201307,201308,201309",X,-0.9258200997725516,3,0.9258200997725516,regulated_to_intermediary,203,체코공화국
43,4,알루미늄 보틀캔,761290,일본,체코공화국,대한민국,392,"201301,201302,201303,201304,201305,201306,201307,201308,201309",X,-0.9258200997725516,3,0.9258200997725516,regulated_to_importer,410,대한민국
44,26,PET필름,392062,태국,바레인,대한민국,764,"201804,201805,201806,201807,201808,201809,201810,201811,201812",X,-0.8986451052612952,2,0.8986451052612952,regulated_to_intermediary,48,바레인
44,26,PET필름,392062,태국,바레인,대한민국,764,"201804,201805,201806,201807,201808,201809,201810,201811,201812",X,-0.8986451052612952,2,0.8986451052612952,regulated_to_importer,410,대한민국
45,2,크라프트지(1차재심),4804,중국,대만,대한민국,156,"201204,201205,201206,201207,201208,201209,201210,201211,201212",X,-0.8857142857142858,2,0.8857142857142858,regulated_to_intermediary,158,대만
45,2,크라프트지(1차재심),4804,중국,대만,대한민국,156,"201204,201205,201206,201207,201208,201209,201210,201211,201212",X,-0.8857142857142858,2,0.8857142857142858,regulated_to_importer,410,대한민국
46,2,크라프트지(1차재심),4804,중국,러시아 연방,대한민국,156,"201204,201205,201206,201207,201208,201209,201210,201211,201212",X,-0.8857142857142858,0,0.8857142857142858,regulated_to_intermediary,643,러시아 연방
46,2,크라프트지(1차재심),4804,중국,러시아 연방,대한민국,156,"201204,201205,201206,201207,201208,201209,201210,201211,201212",X,-0.8857142857142858,0,0.8857142857142858,regulated_to_importer,410,대한민국
47,2,크라프트지(1차재심),4804,캐나다,오스트리아,대한민국,124,"201204,201205,201206,201207,201208,201209,201210,201211,201212",X,-0.8857142857142858,3,0.8857142857142858,regulated_to_intermediary,40,오스트리아
47,2,크라프트지(1차재심),4804,캐나다,오스트리아,대한민국,124,"201204,201205,201206,201207,201208,201209,201210,201211,201212",X,-0.8857142857142858,3,0.8857142857142858,regulated_to_importer,410,대한민국
48,4,알루미늄 보틀캔,761290,일본,중국,대한민국,392,"201301,201302,201303,201304,201305,201306,201307,201308,201309",X,-0.8857142857142858,2,0.8857142857142858,regulated_to_intermediary,156,중국
48,4,알루미늄 보틀캔,761290,일본,중국,대한민국,392,"201301,201302,201303,201304,201305,201306,201307,201308,201309",X,-0.8857142857142858,2,0.8857142857142858,regulated_to_importer,410,대한민국
49,6,스테인레스스틸바(2차재심),7222,인도,미국,대한민국,699,"201311,201312,201401,201402,201403,201404,201405,201406,201407",X,-0.8857142857142858,2,0.8857142857142858,regulated_to_intermediary,842,미국
49,6,스테인레스스틸바(2차재심),7222,인도,미국,대한민국,699,"201311,201312,201401,201402,201403,201404,201405,201406,201407",X,-0.8857142857142858,2,0.8857142857142858,regulated_to_importer,410,대한민국
50,6,스테인레스스틸바(2차재심),7222,인도,중국,대한민국,699,"201311,201312,201401,201402,201403,201404,201405,201406,201407",X,-0.8857142857142858,3,0.8857142857142858,regulated_to_intermediary,156,중국
50,6,스테인레스스틸바(2차재심),7222,인도,중국,대한민국,699,"201311,201312,201401,201402,201403,201404,201405,201406,201407",X,-0.8857142857142858,3,0.8857142857142858,regulated_to_importer,410,대한민국
51,9,OPP필름,392020,중국,베트남,대한민국,156,"201312,201401,201402,201403,201404,201405,201406,201407,201408",X,-0.8857142857142858,3,0.8857142857142858,regulated_to_intermediary,704,베트남
51,9,OPP필름,392020,중국,베트남,대한민국,156,"201312,201401,201402,201403,201404,201405,201406,201407,201408",X,-0.8857142857142858,3,0.8857142857142858,regulated_to_importer,410,대한민국
52,11,두꺼운 PET필름,392062,일본,말레이시아,대한민국,392,"201412,201501,201502,201503,201504,201505,201506,201507,201508",X,-0.8857142857142858,0,0.8857142857142858,regulated_to_intermediary,458,말레이시아
52,11,두꺼운 PET필름,392062,일본,말레이시아,대한민국,392,"201412,201501,201502,201503,201504,201505,201506,201507,201508",X,-0.8857142857142858,0,0.8857142857142858,regulated_to_importer,410,대한민국
53,20,침엽수 합판,441232,중국,핀란드,대한민국,156,"201603,201604,201605,201606,201607,201608,201609,201610,201611",X,-0.8857142857142858,2,0.8857142857142858,regulated_to_intermediary,246,핀란드
53,20,침엽수 합판,441232,중국,핀란드,대한민국,156,"201603,201604,201605,201606,201607,201608,201609,201610,201611",X,-0.8857142857142858,2,0.8857142857142858,regulated_to_importer,410,대한민국
54,24,옵셋인쇄판,370130,중국,일본,대한민국,156,"201709,201710,201711,201712,201801,201802,201803,201804,201805",X,-0.8857142857142858,3,0.8857142857142858,regulated_to_intermediary,392,일본
54,24,옵셋인쇄판,370130,중국,일본,대한민국,156,"201709,201710,201711,201712,201801,201802,201803,201804,201805",X,-0.8857142857142858,3,0.8857142857142858,regulated_to_importer,410,대한민국
55,26,PET필름,392062,태국,홍콩,대한민국,764,"201804,201805,201806,201807,201808,201809,201810,201811,201812",X,-0.8857142857142858,0,0.8857142857142858,regulated_to_intermediary,344,홍콩
55,26,PET필름,392062,태국,홍콩,대한민국,764,"201804,201805,201806,201807,201808,201809,201810,201811,201812",X,-0.8857142857142858,0,0.8857142857142858,regulated_to_importer,410,대한민국
56,31,OPP필름(1차재심),392020,중국,대만,대한민국,156,"201908,201909,201910,201911,201912,202001,202002,202003,202004",X,-0.8857142857142858,2,0.8857142857142858,regulated_to_intermediary,158,대만
56,31,OPP필름(1차재심),392020,중국,대만,대한민국,156,"201908,201909,201910,201911,201912,202001,202002,202003,202004",X,-0.8857142857142858,2,0.8857142857142858,regulated_to_importer,410,대한민국
57,32,PET필름(3차재심),392062,중국,미국,대한민국,156,"201909,201910,201911,201912,202001,202002,202003,202004,202005",X,-0.8857142857142858,1,0.8857142857142858,regulated_to_intermediary,842,미국
57,32,PET필름(3차재심),392062,중국,미국,대한민국,156,"201909,201910,201911,201912,202001,202002,202003,202004,202005",X,-0.8857142857142858,1,0.8857142857142858,regulated_to_importer,410,대한민국
58,35,합판,4412,중국,미국,대한민국,156,"202011,202012,202101,202102,202103,202104,202105,202106,202107",X,-0.8857142857142858,3,0.8857142857142858,regulated_to_intermediary,842,미국
58,35,합판,4412,중국,미국,대한민국,156,"202011,202012,202101,202102,202103,202104,202105,202106,202107",X,-0.8857142857142858,3,0.8857142857142858,regulated_to_importer,410,대한민국
59,37,스테인리스스틸바,7222,인도,독일,대한민국,699,"202101,202102,202103,202104,202105,202106,202107,202108,202109",X,-0.8857142857142858,1,0.8857142857142858,regulated_to_intermediary,276,독일
59,37,스테인리스스틸바,7222,인도,독일,대한민국,699,"202101,202102,202103,202104,202105,202106,202107,202108,202109",X,-0.8857142857142858,1,0.8857142857142858,regulated_to_importer,410,대한민국
60,37,스테인리스스틸바,7222,인도,슬로베니아,대한민국,699,"202101,202102,202103,202104,202105,202106,202107,202108,202109",X,-0.8857142857142858,0,0.8857142857142858,regulated_to_intermediary,705,슬로베니아
60,37,스테인리스스틸바,7222,인도,슬로베니아,대한민국,699,"202101,202102,202103,202104,202105,202106,202107,202108,202109",X,-0.8857142857142858,0,0.8857142857142858,regulated_to_importer,410,대한민국
61,37,스테인리스스틸바,7222,일본,대만,대한민국,392,"202101,202102,202103,202104,202105,202106,202107,202108,202109",X,-0.8857142857142858,1,0.8857142857142858,regulated_to_intermediary,158,대만
61,37,스테인리스스틸바,7222,일본,대만,대한민국,392,"202101,202102,202103,202104,202105,202106,202107,202108,202109",X,-0.8857142857142858,1,0.8857142857142858,regulated_to_importer,410,대한민국
62,39,PET필름,392062,대만,필리핀,대한민국,490,"202112,202201,202202,202203,202204,202205,202206,202207,202208",X,-0.8857142857142858,3,0.8857142857142858,regulated_to_intermediary,608,필리핀
62,39,PET필름,392062,대만,필리핀,대한민국,490,"202112,202201,202202,202203,202204,202205,202206,202207,202208",X,-0.8857142857142858,3,0.8857142857142858,regulated_to_importer,410,대한민국
63,39,PET필름,392062,태국,필리핀,대한민국,764,"202112,202201,202202,202203,202204,202205,202206,202207,202208",X,-0.8857142857142858,3,0.8857142857142858,regulated_to_intermediary,608,필리핀
63,39,PET필름,392062,태국,필리핀,대한민국,764,"202112,202201,202202,202203,202204,202205,202206,202207,202208",X,-0.8857142857142858,3,0.8857142857142858,regulated_to_importer,410,대한민국
64,44,이음매없는동관,7411,중국,독일,대한민국,156,"202303,202304,202305,202306,202307,202308,202309,202310,202311",X,-0.8857142857142858,3,0.8857142857142858,regulated_to_intermediary,276,독일
64,44,이음매없는동관,7411,중국,독일,대한민국,156,"202303,202304,202305,202306,202307,202308,202309,202310,202311",X,-0.8857142857142858,3,0.8857142857142858,regulated_to_importer,410,대한민국
65,48,도공(coated) 인쇄용지,4810,일본,뉴질랜드,대한민국,392,"202403,202404,202405,202406,202407,202408,202409,202410,202411",X,-0.8857142857142858,0,0.8857142857142858,regulated_to_intermediary,554,뉴질랜드
65,48,도공(coated) 인쇄용지,4810,일본,뉴질랜드,대한민국,392,"202403,202404,202405,202406,202407,202408,202409,202410,202411",X,-0.8857142857142858,0,0.8857142857142858,regulated_to_importer,410,대한민국
66,48,도공(coated) 인쇄용지,4810,핀란드,오스트리아,대한민국,246,"202403,202404,202405,202406,202407,202408,202409,202410,202411",X,-0.8857142857142858,1,0.8857142857142858,regulated_to_intermediary,40,오스트리아
66,48,도공(coated) 인쇄용지,4810,핀란드,오스트리아,대한민국,246,"202403,202404,202405,202406,202407,202408,202409,202410,202411",X,-0.8857142857142858,1,0.8857142857142858,regulated_to_importer,410,대한민국
67,48,도공(coated) 인쇄용지,4810,일본,태국,대한민국,392,"202403,202404,202405,202406,202407,202408,202409,202410,202411",X,-0.8827348295047495,3,0.8827348295047495,regulated_to_intermediary,764,태국
67,48,도공(coated) 인쇄용지,4810,일본,태국,대한민국,392,"202403,202404,202405,202406,202407,202408,202409,202410,202411",X,-0.8827348295047495,3,0.8827348295047495,regulated_to_importer,410,대한민국
68,40,플로트판유리,7005,중국,라트비아,대한민국,156,"202204,202205,202206,202207,202208,202209,202210,202211,202212",X,-0.8804062740424288,3,0.8804062740424288,regulated_to_intermediary,428,라트비아
68,40,플로트판유리,7005,중국,라트비아,대한민국,156,"202204,202205,202206,202207,202208,202209,202210,202211,202212",X,-0.8804062740424288,3,0.8804062740424288,regulated_to_importer,410,대한민국
69,52,합판,4412,베트남,스페인,대한민국,704,"202407,202408,202409,202410,202411,202412,202501,202502,202503",X,-0.8804062740424288,2,0.8804062740424288,regulated_to_intermediary,724,스페인
69,52,합판,4412,베트남,스페인,대한민국,704,"202407,202408,202409,202410,202411,202412,202501,202502,202503",X,-0.8804062740424288,2,0.8804062740424288,regulated_to_importer,410,대한민국
70,56,석유수지,391110,대만,프랑스,대한민국,490,"202508,202509,202510,202511,202512,202601,202602,202603,202604",X,-0.8804062740424288,2,0.8804062740424288,regulated_to_intermediary,251,프랑스
70,56,석유수지,391110,대만,프랑스,대한민국,490,"202508,202509,202510,202511,202512,202601,202602,202603,202604",X,-0.8804062740424288,2,0.8804062740424288,regulated_to_importer,410,대한민국
71,36,합판,4412,베트남,필리핀,대한민국,704,"202011,202012,202101,202102,202103,202104,202105,202106,202107",X,-0.8696565534786727,1,0.8696565534786727,regulated_to_intermediary,608,필리핀
71,36,합판,4412,베트남,필리핀,대한민국,704,"202011,202012,202101,202102,202103,202104,202105,202106,202107",X,-0.8696565534786727,1,0.8696565534786727,regulated_to_importer,410,대한민국
72,44,이음매없는동관,7411,베트남,체코공화국,대한민국,704,"202303,202304,202305,202306,202307,202308,202309,202310,202311",X,-0.8696565534786727,3,0.8696565534786727,regulated_to_intermediary,203,체코공화국
72,44,이음매없는동관,7411,베트남,체코공화국,대한민국,704,"202303,202304,202305,202306,202307,202308,202309,202310,202311",X,-0.8696565534786727,3,0.8696565534786727,regulated_to_importer,410,대한민국
73,1,PET필름(1차재심),392062,인도,벨기에,대한민국,699,"201205,201206,201207,201208,201209,201210,201211,201212,201301",X,-0.8451542547285166,3,0.8451542547285166,regulated_to_intermediary,56,벨기에
73,1,PET필름(1차재심),392062,인도,벨기에,대한민국,699,"201205,201206,201207,201208,201209,201210,201211,201212,201301",X,-0.8451542547285166,3,0.8451542547285166,regulated_to_importer,410,대한민국
74,1,PET필름(1차재심),392062,인도,스위스,대한민국,699,"201205,201206,201207,201208,201209,201210,201211,201212,201301",X,-0.8451542547285166,3,0.8451542547285166,regulated_to_intermediary,757,스위스
74,1,PET필름(1차재심),392062,인도,스위스,대한민국,699,"201205,201206,201207,201208,201209,201210,201211,201212,201301",X,-0.8451542547285166,3,0.8451542547285166,regulated_to_importer,410,대한민국
75,1,PET필름(1차재심),392062,중국,벨기에,대한민국,156,"201205,201206,201207,201208,201209,201210,201211,201212,201301",X,-0.8451542547285166,3,0.8451542547285166,regulated_to_intermediary,56,벨기에
75,1,PET필름(1차재심),392062,중국,벨기에,대한민국,156,"201205,201206,201207,201208,201209,201210,201211,201212,201301",X,-0.8451542547285166,3,0.8451542547285166,regulated_to_importer,410,대한민국
76,1,PET필름(1차재심),392062,중국,스위스,대한민국,156,"201205,201206,201207,201208,201209,201210,201211,201212,201301",X,-0.8451542547285166,3,0.8451542547285166,regulated_to_intermediary,757,스위스
76,1,PET필름(1차재심),392062,중국,스위스,대한민국,156,"201205,201206,201207,201208,201209,201210,201211,201212,201301",X,-0.8451542547285166,3,0.8451542547285166,regulated_to_importer,410,대한민국
77,2,크라프트지(1차재심),4804,중국,브라질,대한민국,156,"201204,201205,201206,201207,201208,201209,201210,201211,201212",X,-0.8451542547285166,3,0.8451542547285166,regulated_to_intermediary,76,브라질
77,2,크라프트지(1차재심),4804,중국,브라질,대한민국,156,"201204,201205,201206,201207,201208,201209,201210,201211,201212",X,-0.8451542547285166,3,0.8451542547285166,regulated_to_importer,410,대한민국
78,6,스테인레스스틸바(2차재심),7222,일본,필리핀,대한민국,392,"201311,201312,201401,201402,201403,201404,201405,201406,201407",X,-0.8451542547285166,3,0.8451542547285166,regulated_to_intermediary,608,필리핀
78,6,스테인레스스틸바(2차재심),7222,일본,필리핀,대한민국,392,"201311,201312,201401,201402,201403,201404,201405,201406,201407",X,-0.8451542547285166,3,0.8451542547285166,regulated_to_importer,410,대한민국
79,7,합판,4412,중국,우루과이,대한민국,156,"201311,201312,201401,201402,201403,201404,201405,201406,201407",X,-0.8451542547285166,0,0.8451542547285166,regulated_to_intermediary,858,우루과이
79,7,합판,4412,중국,우루과이,대한민국,156,"201311,201312,201401,201402,201403,201404,201405,201406,201407",X,-0.8451542547285166,0,0.8451542547285166,regulated_to_importer,410,대한민국
80,7,합판,4412,중국,인도,대한민국,156,"201311,201312,201401,201402,201403,201404,201405,201406,201407",X,-0.8451542547285166,3,0.8451542547285166,regulated_to_intermediary,699,인도
80,7,합판,4412,중국,인도,대한민국,156,"201311,201312,201401,201402,201403,201404,201405,201406,201407",X,-0.8451542547285166,3,0.8451542547285166,regulated_to_importer,410,대한민국
81,7,합판,4412,중국,필리핀,대한민국,156,"201311,201312,201401,201402,201403,201404,201405,201406,201407",X,-0.8451542547285166,0,0.8451542547285166,regulated_to_intermediary,608,필리핀
81,7,합판,4412,중국,필리핀,대한민국,156,"201311,201312,201401,201402,201403,201404,201405,201406,201407",X,-0.8451542547285166,0,0.8451542547285166,regulated_to_importer,410,대한민국
82,8,폴리에스테르 장섬유 연신가공사(2차재심),5402,말레이시아,벨라루스,대한민국,458,"201312,201401,201402,201403,201404,201405,201406,201407,201408",X,-0.8451542547285166,2,0.8451542547285166,regulated_to_intermediary,112,벨라루스
82,8,폴리에스테르 장섬유 연신가공사(2차재심),5402,말레이시아,벨라루스,대한민국,458,"201312,201401,201402,201403,201404,201405,201406,201407,201408",X,-0.8451542547285166,2,0.8451542547285166,regulated_to_importer,410,대한민국
83,9,OPP필름,392020,중국,튀르키예,대한민국,156,"201312,201401,201402,201403,201404,201405,201406,201407,201408",X,-0.8451542547285166,2,0.8451542547285166,regulated_to_intermediary,792,튀르키예
83,9,OPP필름,392020,중국,튀르키예,대한민국,156,"201312,201401,201402,201403,201404,201405,201406,201407,201408",X,-0.8451542547285166,2,0.8451542547285166,regulated_to_importer,410,대한민국
84,9,OPP필름,392020,태국,스위스,대한민국,764,"201312,201401,201402,201403,201404,201405,201406,201407,201408",X,-0.8451542547285166,0,0.8451542547285166,regulated_to_intermediary,757,스위스
84,9,OPP필름,392020,태국,스위스,대한민국,764,"201312,201401,201402,201403,201404,201405,201406,201407,201408",X,-0.8451542547285166,0,0.8451542547285166,regulated_to_importer,410,대한민국
85,10,합판(1차재심),4412,말레이시아,싱가포르,대한민국,458,"201409,201410,201411,201412,201501,201502,201503,201504,201505",X,-0.8451542547285166,2,0.8451542547285166,regulated_to_intermediary,702,싱가포르
85,10,합판(1차재심),4412,말레이시아,싱가포르,대한민국,458,"201409,201410,201411,201412,201501,201502,201503,201504,201505",X,-0.8451542547285166,2,0.8451542547285166,regulated_to_importer,410,대한민국
86,10,합판(1차재심),4412,말레이시아,캐나다,대한민국,458,"201409,201410,201411,201412,201501,201502,201503,201504,201505",X,-0.8451542547285166,1,0.8451542547285166,regulated_to_intermediary,124,캐나다
86,10,합판(1차재심),4412,말레이시아,캐나다,대한민국,458,"201409,201410,201411,201412,201501,201502,201503,201504,201505",X,-0.8451542547285166,1,0.8451542547285166,regulated_to_importer,410,대한민국
87,14,합판(신규공급자조사),4412,중국,인도,대한민국,156,"201402,201403,201404,201405,201406,201407,201408,201409,201410",X,-0.8451542547285166,1,0.8451542547285166,regulated_to_intermediary,699,인도
87,14,합판(신규공급자조사),4412,중국,인도,대한민국,156,"201402,201403,201404,201405,201406,201407,201408,201409,201410",X,-0.8451542547285166,1,0.8451542547285166,regulated_to_importer,410,대한민국
88,15,합판(신규공급자조사),4412,중국,인도,대한민국,156,"201402,201403,201404,201405,201406,201407,201408,201409,201410",X,-0.8451542547285166,1,0.8451542547285166,regulated_to_intermediary,699,인도
88,15,합판(신규공급자조사),4412,중국,인도,대한민국,156,"201402,201403,201404,201405,201406,201407,201408,201409,201410",X,-0.8451542547285166,1,0.8451542547285166,regulated_to_importer,410,대한민국
89,16,합판(신규공급자조사),4412,중국,인도,대한민국,156,"201402,201403,201404,201405,201406,201407,201408,201409,201410",X,-0.8451542547285166,1,0.8451542547285166,regulated_to_intermediary,699,인도
89,16,합판(신규공급자조사),4412,중국,인도,대한민국,156,"201402,201403,201404,201405,201406,201407,201408,201409,201410",X,-0.8451542547285166,1,0.8451542547285166,regulated_to_importer,410,대한민국
90,29,초산에틸(3차재심),291531,일본,영국,대한민국,392,"201907,201908,201909,201910,201911,201912,202001,202002,202003",X,-0.8451542547285166,3,0.8451542547285166,regulated_to_intermediary,826,영국
90,29,초산에틸(3차재심),291531,일본,영국,대한민국,392,"201907,201908,201909,201910,201911,201912,202001,202002,202003",X,-0.8451542547285166,3,0.8451542547285166,regulated_to_importer,410,대한민국
91,29,초산에틸(3차재심),291531,중국,남아프리카공화국,대한민국,156,"201907,201908,201909,201910,201911,201912,202001,202002,202003",X,-0.8451542547285166,3,0.8451542547285166,regulated_to_intermediary,710,남아프리카공화국
91,29,초산에틸(3차재심),291531,중국,남아프리카공화국,대한민국,156,"201907,201908,201909,201910,201911,201912,202001,202002,202003",X,-0.8451542547285166,3,0.8451542547285166,regulated_to_importer,410,대한민국
92,32,PET필름(3차재심),392062,인도,아랍에미리트 연합,대한민국,699,"201909,201910,201911,201912,202001,202002,202003,202004,202005",X,-0.8451542547285166,1,0.8451542547285166,regulated_to_intermediary,784,아랍에미리트 연합
92,32,PET필름(3차재심),392062,인도,아랍에미리트 연합,대한민국,699,"201909,201910,201911,201912,202001,202002,202003,202004,202005",X,-0.8451542547285166,1,0.8451542547285166,regulated_to_importer,410,대한민국
93,36,합판,4412,베트남,라오스,대한민국,704,"202011,202012,202101,202102,202103,202104,202105,202106,202107",X,-0.8451542547285166,3,0.8451542547285166,regulated_to_intermediary,418,라오스
93,36,합판,4412,베트남,라오스,대한민국,704,"202011,202012,202101,202102,202103,202104,202105,202106,202107",X,-0.8451542547285166,3,0.8451542547285166,regulated_to_importer,410,대한민국
94,37,스테인리스스틸바,7222,인도,아일랜드,대한민국,699,"202101,202102,202103,202104,202105,202106,202107,202108,202109",X,-0.8451542547285166,3,0.8451542547285166,regulated_to_intermediary,372,아일랜드
94,37,스테인리스스틸바,7222,인도,아일랜드,대한민국,699,"202101,202102,202103,202104,202105,202106,202107,202108,202109",X,-0.8451542547285166,3,0.8451542547285166,regulated_to_importer,410,대한민국
95,39,PET필름,392062,대만,룩셈부르그,대한민국,490,"202112,202201,202202,202203,202204,202205,202206,202207,202208",X,-0.8451542547285166,2,0.8451542547285166,regulated_to_intermediary,442,룩셈부르그
95,39,PET필름,392062,대만,룩셈부르그,대한민국,490,"202112,202201,202202,202203,202204,202205,202206,202207,202208",X,-0.8451542547285166,2,0.8451542547285166,regulated_to_importer,410,대한민국
96,39,PET필름,392062,대만,튀르키예,대한민국,490,"202112,202201,202202,202203,202204,202205,202206,202207,202208",X,-0.8451542547285166,1,0.8451542547285166,regulated_to_intermediary,792,튀르키예
96,39,PET필름,392062,대만,튀르키예,대한민국,490,"202112,202201,202202,202203,202204,202205,202206,202207,202208",X,-0.8451542547285166,1,0.8451542547285166,regulated_to_importer,410,대한민국
97,39,PET필름,392062,태국,룩셈부르그,대한민국,764,"202112,202201,202202,202203,202204,202205,202206,202207,202208",X,-0.8451542547285166,2,0.8451542547285166,regulated_to_intermediary,442,룩셈부르그
97,39,PET필름,392062,태국,룩셈부르그,대한민국,764,"202112,202201,202202,202203,202204,202205,202206,202207,202208",X,-0.8451542547285166,2,0.8451542547285166,regulated_to_importer,410,대한민국
98,39,PET필름,392062,태국,튀르키예,대한민국,764,"202112,202201,202202,202203,202204,202205,202206,202207,202208",X,-0.8451542547285166,1,0.8451542547285166,regulated_to_intermediary,792,튀르키예
98,39,PET필름,392062,태국,튀르키예,대한민국,764,"202112,202201,202202,202203,202204,202205,202206,202207,202208",X,-0.8451542547285166,1,0.8451542547285166,regulated_to_importer,410,대한민국
99,48,도공(coated) 인쇄용지,4810,중국,벨기에,대한민국,156,"202403,202404,202405,202406,202407,202408,202409,202410,202411",X,-0.8451542547285166,0,0.8451542547285166,regulated_to_intermediary,56,벨기에
99,48,도공(coated) 인쇄용지,4810,중국,벨기에,대한민국,156,"202403,202404,202405,202406,202407,202408,202409,202410,202411",X,-0.8451542547285166,0,0.8451542547285166,regulated_to_importer,410,대한민국
100,48,도공(coated) 인쇄용지,4810,중국,스페인,대한민국,156,"202403,202404,202405,202406,202407,202408,202409,202410,202411",X,-0.8451542547285166,1,0.8451542547285166,regulated_to_intermediary,724,스페인
100,48,도공(coated) 인쇄용지,4810,중국,스페인,대한민국,156,"202403,202404,202405,202406,202407,202408,202409,202410,202411",X,-0.8451542547285166,1,0.8451542547285166,regulated_to_importer,410,대한민국
101,48,도공(coated) 인쇄용지,4810,중국,캐나다,대한민국,156,"202403,202404,202405,202406,202407,202408,202409,202410,202411",X,-0.8451542547285166,2,0.8451542547285166,regulated_to_intermediary,124,캐나다
101,48,도공(coated) 인쇄용지,4810,중국,캐나다,대한민국,156,"202403,202404,202405,202406,202407,202408,202409,202410,202411",X,-0.8451542547285166,2,0.8451542547285166,regulated_to_importer,410,대한민국
102,51,합판,4412,말레이시아,슬로바키아,대한민국,458,"202407,202408,202409,202410,202411,202412,202501,202502,202503",X,-0.8451542547285166,3,0.8451542547285166,regulated_to_intermediary,703,슬로바키아
102,51,합판,4412,말레이시아,슬로바키아,대한민국,458,"202407,202408,202409,202410,202411,202412,202501,202502,202503",X,-0.8451542547285166,3,0.8451542547285166,regulated_to_importer,410,대한민국
103,52,합판,4412,베트남,슬로바키아,대한민국,704,"202407,202408,202409,202410,202411,202412,202501,202502,202503",X,-0.8451542547285166,3,0.8451542547285166,regulated_to_intermediary,703,슬로바키아
103,52,합판,4412,베트남,슬로바키아,대한민국,704,"202407,202408,202409,202410,202411,202412,202501,202502,202503",X,-0.8451542547285166,3,0.8451542547285166,regulated_to_importer,410,대한민국
104,55,스테인리스강 냉간압연제품,7220,베트남,대만,대한민국,704,"202507,202508,202509,202510,202511,202512,202601,202602,202603",X,-0.8451542547285166,3,0.8451542547285166,regulated_to_intermediary,158,대만
104,55,스테인리스강 냉간압연제품,7220,베트남,대만,대한민국,704,"202507,202508,202509,202510,202511,202512,202601,202602,202603",X,-0.8451542547285166,3,0.8451542547285166,regulated_to_importer,410,대한민국
105,2,크라프트지(1차재심),4804,인도네시아,독일,대한민국,360,"201204,201205,201206,201207,201208,201209,201210,201211,201212",X,-0.8451542547285165,0,0.8451542547285165,regulated_to_intermediary,276,독일
105,2,크라프트지(1차재심),4804,인도네시아,독일,대한민국,360,"201204,201205,201206,201207,201208,201209,201210,201211,201212",X,-0.8451542547285165,0,0.8451542547285165,regulated_to_importer,410,대한민국
106,43,부틸글리콜에테르,290943,사우디아라비아,일본,대한민국,682,"202209,202210,202211,202212,202301,202302,202303,202304,202305",X,-0.8451542547285165,1,0.8451542547285165,regulated_to_intermediary,392,일본
106,43,부틸글리콜에테르,290943,사우디아라비아,일본,대한민국,682,"202209,202210,202211,202212,202301,202302,202303,202304,202305",X,-0.8451542547285165,1,0.8451542547285165,regulated_to_importer,410,대한민국
107,0,초산에틸(1차재심),291531,일본,미국,대한민국,392,"201203,201204,201205,201206,201207,201208,201209,201210,201211",X,-0.8406680016960503,1,0.8406680016960503,regulated_to_intermediary,842,미국
107,0,초산에틸(1차재심),291531,일본,미국,대한민국,392,"201203,201204,201205,201206,201207,201208,201209,201210,201211",X,-0.8406680016960503,1,0.8406680016960503,regulated_to_importer,410,대한민국
108,20,침엽수 합판,441232,중국,독일,대한민국,156,"201603,201604,201605,201606,201607,201608,201609,201610,201611",X,-0.8406680016960503,3,0.8406680016960503,regulated_to_intermediary,276,독일
108,20,침엽수 합판,441232,중국,독일,대한민국,156,"201603,201604,201605,201606,201607,201608,201609,201610,201611",X,-0.8406680016960503,3,0.8406680016960503,regulated_to_importer,410,대한민국
109,26,PET필름,392062,대만,홍콩,대한민국,490,"201804,201805,201806,201807,201808,201809,201810,201811,201812",X,-0.8406680016960503,3,0.8406680016960503,regulated_to_intermediary,344,홍콩
109,26,PET필름,392062,대만,홍콩,대한민국,490,"201804,201805,201806,201807,201808,201809,201810,201811,201812",X,-0.8406680016960503,3,0.8406680016960503,regulated_to_importer,410,대한민국
110,33,스테인리스 스틸바,7222,일본,프랑스,대한민국,392,"202005,202006,202007,202008,202009,202010,202011,202012,202101",X,-0.8406680016960503,3,0.8406680016960503,regulated_to_intermediary,251,프랑스
110,33,스테인리스 스틸바,7222,일본,프랑스,대한민국,392,"202005,202006,202007,202008,202009,202010,202011,202012,202101",X,-0.8406680016960503,3,0.8406680016960503,regulated_to_importer,410,대한민국
111,53,PET수지,390761,중국,대만,대한민국,156,"202411,202412,202501,202502,202503,202504,202505,202506,202507",X,-0.8406680016960503,2,0.8406680016960503,regulated_to_intermediary,158,대만
111,53,PET수지,390761,중국,대만,대한민국,156,"202411,202412,202501,202502,202503,202504,202505,202506,202507",X,-0.8406680016960503,2,0.8406680016960503,regulated_to_importer,410,대한민국
112,46,수산화알루미늄,281830,호주,체코공화국,대한민국,36,"202304,202305,202306,202307,202308,202309,202310,202311,202312",X,-0.840168050416806,1,0.840168050416806,regulated_to_intermediary,203,체코공화국
112,46,수산화알루미늄,281830,호주,체코공화국,대한민국,36,"202304,202305,202306,202307,202308,202309,202310,202311,202312",X,-0.840168050416806,1,0.840168050416806,regulated_to_importer,410,대한민국
113,48,도공(coated) 인쇄용지,4810,일본,네덜란드,대한민국,392,"202403,202404,202405,202406,202407,202408,202409,202410,202411",X,-0.8332380897952965,0,0.8332380897952965,regulated_to_intermediary,528,네덜란드
113,48,도공(coated) 인쇄용지,4810,일본,네덜란드,대한민국,392,"202403,202404,202405,202406,202407,202408,202409,202410,202411",X,-0.8332380897952965,0,0.8332380897952965,regulated_to_importer,410,대한민국
114,2,크라프트지(1차재심),4804,미국,뉴질랜드,대한민국,842,"201204,201205,201206,201207,201208,201209,201210,201211,201212",X,-0.8285714285714287,1,0.8285714285714287,regulated_to_intermediary,554,뉴질랜드
114,2,크라프트지(1차재심),4804,미국,뉴질랜드,대한민국,842,"201204,201205,201206,201207,201208,201209,201210,201211,201212",X,-0.8285714285714287,1,0.8285714285714287,regulated_to_importer,410,대한민국
115,2,크라프트지(1차재심),4804,미국,오스트리아,대한민국,842,"201204,201205,201206,201207,201208,201209,201210,201211,201212",X,-0.8285714285714287,3,0.8285714285714287,regulated_to_intermediary,40,오스트리아
115,2,크라프트지(1차재심),4804,미국,오스트리아,대한민국,842,"201204,201205,201206,201207,201208,201209,201210,201211,201212",X,-0.8285714285714287,3,0.8285714285714287,regulated_to_importer,410,대한민국
116,2,크라프트지(1차재심),4804,미국,폴란드,대한민국,842,"201204,201205,201206,201207,201208,201209,201210,201211,201212",X,-0.8285714285714287,1,0.8285714285714287,regulated_to_intermediary,616,폴란드
116,2,크라프트지(1차재심),4804,미국,폴란드,대한민국,842,"201204,201205,201206,201207,201208,201209,201210,201211,201212",X,-0.8285714285714287,1,0.8285714285714287,regulated_to_importer,410,대한민국
117,2,크라프트지(1차재심),4804,중국,보스니아-헤르체고비나,대한민국,156,"201204,201205,201206,201207,201208,201209,201210,201211,201212",X,-0.8285714285714287,0,0.8285714285714287,regulated_to_intermediary,70,보스니아-헤르체고비나
117,2,크라프트지(1차재심),4804,중국,보스니아-헤르체고비나,대한민국,156,"201204,201205,201206,201207,201208,201209,201210,201211,201212",X,-0.8285714285714287,0,0.8285714285714287,regulated_to_importer,410,대한민국
118,2,크라프트지(1차재심),4804,중국,태국,대한민국,156,"201204,201205,201206,201207,201208,201209,201210,201211,201212",X,-0.8285714285714287,0,0.8285714285714287,regulated_to_intermediary,764,태국
118,2,크라프트지(1차재심),4804,중국,태국,대한민국,156,"201204,201205,201206,201207,201208,201209,201210,201211,201212",X,-0.8285714285714287,0,0.8285714285714287,regulated_to_importer,410,대한민국
119,2,크라프트지(1차재심),4804,중국,프랑스,대한민국,156,"201204,201205,201206,201207,201208,201209,201210,201211,201212",X,-0.8285714285714287,3,0.8285714285714287,regulated_to_intermediary,251,프랑스
119,2,크라프트지(1차재심),4804,중국,프랑스,대한민국,156,"201204,201205,201206,201207,201208,201209,201210,201211,201212",X,-0.8285714285714287,3,0.8285714285714287,regulated_to_importer,410,대한민국
120,2,크라프트지(1차재심),4804,캐나다,러시아 연방,대한민국,124,"201204,201205,201206,201207,201208,201209,201210,201211,201212",X,-0.8285714285714287,1,0.8285714285714287,regulated_to_intermediary,643,러시아 연방
120,2,크라프트지(1차재심),4804,캐나다,러시아 연방,대한민국,124,"201204,201205,201206,201207,201208,201209,201210,201211,201212",X,-0.8285714285714287,1,0.8285714285714287,regulated_to_importer,410,대한민국
121,2,크라프트지(1차재심),4804,캐나다,핀란드,대한민국,124,"201204,201205,201206,201207,201208,201209,201210,201211,201212",X,-0.8285714285714287,3,0.8285714285714287,regulated_to_intermediary,246,핀란드
121,2,크라프트지(1차재심),4804,캐나다,핀란드,대한민국,124,"201204,201205,201206,201207,201208,201209,201210,201211,201212",X,-0.8285714285714287,3,0.8285714285714287,regulated_to_importer,410,대한민국
122,6,스테인레스스틸바(2차재심),7222,인도,오스트리아,대한민국,699,"201311,201312,201401,201402,201403,201404,201405,201406,201407",X,-0.8285714285714287,3,0.8285714285714287,regulated_to_intermediary,40,오스트리아
122,6,스테인레스스틸바(2차재심),7222,인도,오스트리아,대한민국,699,"201311,201312,201401,201402,201403,201404,201405,201406,201407",X,-0.8285714285714287,3,0.8285714285714287,regulated_to_importer,410,대한민국
123,6,스테인레스스틸바(2차재심),7222,일본,이탈리아,대한민국,392,"201311,201312,201401,201402,201403,201404,201405,201406,201407",X,-0.8285714285714287,1,0.8285714285714287,regulated_to_intermediary,380,이탈리아
123,6,스테인레스스틸바(2차재심),7222,일본,이탈리아,대한민국,392,"201311,201312,201401,201402,201403,201404,201405,201406,201407",X,-0.8285714285714287,1,0.8285714285714287,regulated_to_importer,410,대한민국
124,7,합판,4412,중국,오스트리아,대한민국,156,"201311,201312,201401,201402,201403,201404,201405,201406,201407",X,-0.8285714285714287,3,0.8285714285714287,regulated_to_intermediary,40,오스트리아
124,7,합판,4412,중국,오스트리아,대한민국,156,"201311,201312,201401,201402,201403,201404,201405,201406,201407",X,-0.8285714285714287,3,0.8285714285714287,regulated_to_importer,410,대한민국
125,8,폴리에스테르 장섬유 연신가공사(2차재심),5402,대만,스페인,대한민국,490,"201312,201401,201402,201403,201404,201405,201406,201407,201408",X,-0.8285714285714287,3,0.8285714285714287,regulated_to_intermediary,724,스페인
125,8,폴리에스테르 장섬유 연신가공사(2차재심),5402,대만,스페인,대한민국,490,"201312,201401,201402,201403,201404,201405,201406,201407,201408",X,-0.8285714285714287,3,0.8285714285714287,regulated_to_importer,410,대한민국
126,8,폴리에스테르 장섬유 연신가공사(2차재심),5402,중국,스위스,대한민국,156,"201312,201401,201402,201403,201404,201405,201406,201407,201408",X,-0.8285714285714287,0,0.8285714285714287,regulated_to_intermediary,757,스위스
126,8,폴리에스테르 장섬유 연신가공사(2차재심),5402,중국,스위스,대한민국,156,"201312,201401,201402,201403,201404,201405,201406,201407,201408",X,-0.8285714285714287,0,0.8285714285714287,regulated_to_importer,410,대한민국
127,8,폴리에스테르 장섬유 연신가공사(2차재심),5402,중국,캐나다,대한민국,156,"201312,201401,201402,201403,201404,201405,201406,201407,201408",X,-0.8285714285714287,3,0.8285714285714287,regulated_to_intermediary,124,캐나다
127,8,폴리에스테르 장섬유 연신가공사(2차재심),5402,중국,캐나다,대한민국,156,"201312,201401,201402,201403,201404,201405,201406,201407,201408",X,-0.8285714285714287,3,0.8285714285714287,regulated_to_importer,410,대한민국
128,9,OPP필름,392020,인도네시아,일본,대한민국,360,"201312,201401,201402,201403,201404,201405,201406,201407,201408",X,-0.8285714285714287,2,0.8285714285714287,regulated_to_intermediary,392,일본
128,9,OPP필름,392020,인도네시아,일본,대한민국,360,"201312,201401,201402,201403,201404,201405,201406,201407,201408",X,-0.8285714285714287,2,0.8285714285714287,regulated_to_importer,410,대한민국
129,9,OPP필름,392020,태국,프랑스,대한민국,764,"201312,201401,201402,201403,201404,201405,201406,201407,201408",X,-0.8285714285714287,1,0.8285714285714287,regulated_to_intermediary,251,프랑스
129,9,OPP필름,392020,태국,프랑스,대한민국,764,"201312,201401,201402,201403,201404,201405,201406,201407,201408",X,-0.8285714285714287,1,0.8285714285714287,regulated_to_importer,410,대한민국
130,14,합판(신규공급자조사),4412,중국,인도네시아,대한민국,156,"201402,201403,201404,201405,201406,201407,201408,201409,201410",X,-0.8285714285714287,2,0.8285714285714287,regulated_to_intermediary,360,인도네시아
130,14,합판(신규공급자조사),4412,중국,인도네시아,대한민국,156,"201402,201403,201404,201405,201406,201407,201408,201409,201410",X,-0.8285714285714287,2,0.8285714285714287,regulated_to_importer,410,대한민국
131,15,합판(신규공급자조사),4412,중국,인도네시아,대한민국,156,"201402,201403,201404,201405,201406,201407,201408,201409,201410",X,-0.8285714285714287,2,0.8285714285714287,regulated_to_intermediary,360,인도네시아
131,15,합판(신규공급자조사),4412,중국,인도네시아,대한민국,156,"201402,201403,201404,201405,201406,201407,201408,201409,201410",X,-0.8285714285714287,2,0.8285714285714287,regulated_to_importer,410,대한민국
132,16,합판(신규공급자조사),4412,중국,인도네시아,대한민국,156,"201402,201403,201404,201405,201406,201407,201408,201409,201410",X,-0.8285714285714287,2,0.8285714285714287,regulated_to_intermediary,360,인도네시아
132,16,합판(신규공급자조사),4412,중국,인도네시아,대한민국,156,"201402,201403,201404,201405,201406,201407,201408,201409,201410",X,-0.8285714285714287,2,0.8285714285714287,regulated_to_importer,410,대한민국
133,17,초산에틸(2차재심),291531,일본,미국,대한민국,392,"201511,201512,201601,201602,201603,201604,201605,201606,201607",X,-0.8285714285714287,2,0.8285714285714287,regulated_to_intermediary,842,미국
133,17,초산에틸(2차재심),291531,일본,미국,대한민국,392,"201511,201512,201601,201602,201603,201604,201605,201606,201607",X,-0.8285714285714287,2,0.8285714285714287,regulated_to_importer,410,대한민국
134,22,합판(2차재심),4412,말레이시아,일본,대한민국,458,"201705,201706,201707,201708,201709,201710,201711,201712,201801",X,-0.8285714285714287,1,0.8285714285714287,regulated_to_intermediary,392,일본
134,22,합판(2차재심),4412,말레이시아,일본,대한민국,458,"201705,201706,201707,201708,201709,201710,201711,201712,201801",X,-0.8285714285714287,1,0.8285714285714287,regulated_to_importer,410,대한민국
135,26,PET필름,392062,태국,일본,대한민국,764,"201804,201805,201806,201807,201808,201809,201810,201811,201812",X,-0.8285714285714287,0,0.8285714285714287,regulated_to_intermediary,392,일본
135,26,PET필름,392062,태국,일본,대한민국,764,"201804,201805,201806,201807,201808,201809,201810,201811,201812",X,-0.8285714285714287,0,0.8285714285714287,regulated_to_importer,410,대한민국
136,32,PET필름(3차재심),392062,중국,일본,대한민국,156,"201909,201910,201911,201912,202001,202002,202003,202004,202005",X,-0.8285714285714287,1,0.8285714285714287,regulated_to_intermediary,392,일본
136,32,PET필름(3차재심),392062,중국,일본,대한민국,156,"201909,201910,201911,201912,202001,202002,202003,202004,202005",X,-0.8285714285714287,1,0.8285714285714287,regulated_to_importer,410,대한민국
137,33,스테인리스 스틸바,7222,일본,대만,대한민국,392,"202005,202006,202007,202008,202009,202010,202011,202012,202101",X,-0.8285714285714287,3,0.8285714285714287,regulated_to_intermediary,158,대만
137,33,스테인리스 스틸바,7222,일본,대만,대한민국,392,"202005,202006,202007,202008,202009,202010,202011,202012,202101",X,-0.8285714285714287,3,0.8285714285714287,regulated_to_importer,410,대한민국
138,34,합판,4412,말레이시아,라트비아,대한민국,458,"202011,202012,202101,202102,202103,202104,202105,202106,202107",X,-0.8285714285714287,3,0.8285714285714287,regulated_to_intermediary,428,라트비아
138,34,합판,4412,말레이시아,라트비아,대한민국,458,"202011,202012,202101,202102,202103,202104,202105,202106,202107",X,-0.8285714285714287,3,0.8285714285714287,regulated_to_importer,410,대한민국
139,36,합판,4412,베트남,중국,대한민국,704,"202011,202012,202101,202102,202103,202104,202105,202106,202107",X,-0.8285714285714287,2,0.8285714285714287,regulated_to_intermediary,156,중국
139,36,합판,4412,베트남,중국,대한민국,704,"202011,202012,202101,202102,202103,202104,202105,202106,202107",X,-0.8285714285714287,2,0.8285714285714287,regulated_to_importer,410,대한민국
140,37,스테인리스스틸바,7222,일본,우크라이나,대한민국,392,"202101,202102,202103,202104,202105,202106,202107,202108,202109",X,-0.8285714285714287,2,0.8285714285714287,regulated_to_intermediary,804,우크라이나
140,37,스테인리스스틸바,7222,일본,우크라이나,대한민국,392,"202101,202102,202103,202104,202105,202106,202107,202108,202109",X,-0.8285714285714287,2,0.8285714285714287,regulated_to_importer,410,대한민국
141,40,플로트판유리,7005,중국,인도네시아,대한민국,156,"202204,202205,202206,202207,202208,202209,202210,202211,202212",X,-0.8285714285714287,3,0.8285714285714287,regulated_to_intermediary,360,인도네시아
141,40,플로트판유리,7005,중국,인도네시아,대한민국,156,"202204,202205,202206,202207,202208,202209,202210,202211,202212",X,-0.8285714285714287,3,0.8285714285714287,regulated_to_importer,410,대한민국
142,41,"인쇄제판용 평면모양 사진 플레이트(옵셋 인쇄판, 더블레이어 제품)",370130,중국,홍콩,대한민국,156,"202211,202212,202301,202302,202303,202304,202305,202306,202307",X,-0.8285714285714287,2,0.8285714285714287,regulated_to_intermediary,344,홍콩
142,41,"인쇄제판용 평면모양 사진 플레이트(옵셋 인쇄판, 더블레이어 제품)",370130,중국,홍콩,대한민국,156,"202211,202212,202301,202302,202303,202304,202305,202306,202307",X,-0.8285714285714287,2,0.8285714285714287,regulated_to_importer,410,대한민국
143,44,이음매없는동관,7411,중국,미국,대한민국,156,"202303,202304,202305,202306,202307,202308,202309,202310,202311",X,-0.8285714285714287,1,0.8285714285714287,regulated_to_intermediary,842,미국
143,44,이음매없는동관,7411,중국,미국,대한민국,156,"202303,202304,202305,202306,202307,202308,202309,202310,202311",X,-0.8285714285714287,1,0.8285714285714287,regulated_to_importer,410,대한민국
144,48,도공(coated) 인쇄용지,4810,핀란드,대만,대한민국,246,"202403,202404,202405,202406,202407,202408,202409,202410,202411",X,-0.8285714285714287,2,0.8285714285714287,regulated_to_intermediary,158,대만
144,48,도공(coated) 인쇄용지,4810,핀란드,대만,대한민국,246,"202403,202404,202405,202406,202407,202408,202409,202410,202411",X,-0.8285714285714287,2,0.8285714285714287,regulated_to_importer,410,대한민국
145,53,PET수지,390761,중국,이스라엘,대한민국,156,"202411,202412,202501,202502,202503,202504,202505,202506,202507",X,-0.8285714285714287,3,0.8285714285714287,regulated_to_intermediary,376,이스라엘
145,53,PET수지,390761,중국,이스라엘,대한민국,156,"202411,202412,202501,202502,202503,202504,202505,202506,202507",X,-0.8285714285714287,3,0.8285714285714287,regulated_to_importer,410,대한민국
146,54,OPP필름,392020,중국,독일,대한민국,156,"202504,202505,202506,202507,202508,202509,202510,202511,202512",X,-0.8285714285714287,1,0.8285714285714287,regulated_to_intermediary,276,독일
146,54,OPP필름,392020,중국,독일,대한민국,156,"202504,202505,202506,202507,202508,202509,202510,202511,202512",X,-0.8285714285714287,1,0.8285714285714287,regulated_to_importer,410,대한민국
147,54,OPP필름,392020,중국,말레이시아,대한민국,156,"202504,202505,202506,202507,202508,202509,202510,202511,202512",X,-0.8285714285714287,1,0.8285714285714287,regulated_to_intermediary,458,말레이시아
147,54,OPP필름,392020,중국,말레이시아,대한민국,156,"202504,202505,202506,202507,202508,202509,202510,202511,202512",X,-0.8285714285714287,1,0.8285714285714287,regulated_to_importer,410,대한민국
148,54,OPP필름,392020,태국,인도,대한민국,764,"202504,202505,202506,202507,202508,202509,202510,202511,202512",X,-0.8285714285714287,1,0.8285714285714287,regulated_to_intermediary,699,인도
148,54,OPP필름,392020,태국,인도,대한민국,764,"202504,202505,202506,202507,202508,202509,202510,202511,202512",X,-0.8285714285714287,1,0.8285714285714287,regulated_to_importer,410,대한민국
149,56,석유수지,391110,대만,네덜란드,대한민국,490,"202508,202509,202510,202511,202512,202601,202602,202603,202604",X,-0.8285714285714287,2,0.8285714285714287,regulated_to_intermediary,528,네덜란드
149,56,석유수지,391110,대만,네덜란드,대한민국,490,"202508,202509,202510,202511,202512,202601,202602,202603,202604",X,-0.8285714285714287,2,0.8285714285714287,regulated_to_importer,410,대한민국
150,0,초산에틸(1차재심),291531,일본,이탈리아,대한민국,392,"201203,201204,201205,201206,201207,201208,201209,201210,201211",X,-0.8280786712108252,3,0.8280786712108252,regulated_to_intermediary,380,이탈리아
150,0,초산에틸(1차재심),291531,일본,이탈리아,대한민국,392,"201203,201204,201205,201206,201207,201208,201209,201210,201211",X,-0.8280786712108252,3,0.8280786712108252,regulated_to_importer,410,대한민국
151,47,페로실리코망간,720230,베트남,노르웨이,대한민국,704,"202307,202308,202309,202310,202311,202312,202401,202402,202403",X,-0.8280786712108252,1,0.8280786712108252,regulated_to_intermediary,579,노르웨이
151,47,페로실리코망간,720230,베트남,노르웨이,대한민국,704,"202307,202308,202309,202310,202311,202312,202401,202402,202403",X,-0.8280786712108252,1,0.8280786712108252,regulated_to_importer,410,대한민국
152,55,스테인리스강 냉간압연제품,7220,베트남,루마니아,대한민국,704,"202507,202508,202509,202510,202511,202512,202601,202602,202603",X,-0.8280786712108252,3,0.8280786712108252,regulated_to_intermediary,642,루마니아
152,55,스테인리스강 냉간압연제품,7220,베트남,루마니아,대한민국,704,"202507,202508,202509,202510,202511,202512,202601,202602,202603",X,-0.8280786712108252,3,0.8280786712108252,regulated_to_importer,410,대한민국
153,56,석유수지,391110,대만,베트남,대한민국,490,"202508,202509,202510,202511,202512,202601,202602,202603,202604",X,-0.8280786712108252,3,0.8280786712108252,regulated_to_intermediary,704,베트남
153,56,석유수지,391110,대만,베트남,대한민국,490,"202508,202509,202510,202511,202512,202601,202602,202603,202604",X,-0.8280786712108252,3,0.8280786712108252,regulated_to_importer,410,대한민국
154,56,석유수지,391110,중국,베트남,대한민국,156,"202508,202509,202510,202511,202512,202601,202602,202603,202604",X,-0.8280786712108252,3,0.8280786712108252,regulated_to_intermediary,704,베트남
154,56,석유수지,391110,중국,베트남,대한민국,156,"202508,202509,202510,202511,202512,202601,202602,202603,202604",X,-0.8280786712108252,3,0.8280786712108252,regulated_to_importer,410,대한민국
155,9,OPP필름,392020,중국,오스트리아,대한민국,156,"201312,201401,201402,201403,201404,201405,201406,201407,201408",X,-0.8196885999705371,0,0.8196885999705371,regulated_to_intermediary,40,오스트리아
155,9,OPP필름,392020,중국,오스트리아,대한민국,156,"201312,201401,201402,201403,201404,201405,201406,201407,201408",X,-0.8196885999705371,0,0.8196885999705371,regulated_to_importer,410,대한민국
156,54,OPP필름,392020,태국,불가리아,대한민국,764,"202504,202505,202506,202507,202508,202509,202510,202511,202512",X,-0.8196885999705371,2,0.8196885999705371,regulated_to_intermediary,100,불가리아
156,54,OPP필름,392020,태국,불가리아,대한민국,764,"202504,202505,202506,202507,202508,202509,202510,202511,202512",X,-0.8196885999705371,2,0.8196885999705371,regulated_to_importer,410,대한민국
157,54,OPP필름,392020,태국,튀르키예,대한민국,764,"202504,202505,202506,202507,202508,202509,202510,202511,202512",X,-0.8196885999705371,2,0.8196885999705371,regulated_to_intermediary,792,튀르키예
157,54,OPP필름,392020,태국,튀르키예,대한민국,764,"202504,202505,202506,202507,202508,202509,202510,202511,202512",X,-0.8196885999705371,2,0.8196885999705371,regulated_to_importer,410,대한민국
158,2,크라프트지(1차재심),4804,미국,보스니아-헤르체고비나,대한민국,842,"201204,201205,201206,201207,201208,201209,201210,201211,201212",X,-0.8116794499134279,1,0.8116794499134279,regulated_to_intermediary,70,보스니아-헤르체고비나
158,2,크라프트지(1차재심),4804,미국,보스니아-헤르체고비나,대한민국,842,"201204,201205,201206,201207,201208,201209,201210,201211,201212",X,-0.8116794499134279,1,0.8116794499134279,regulated_to_importer,410,대한민국
159,9,OPP필름,392020,중국,이탈리아,대한민국,156,"201312,201401,201402,201403,201404,201405,201406,201407,201408",X,-0.8116794499134279,3,0.8116794499134279,regulated_to_intermediary,380,이탈리아
159,9,OPP필름,392020,중국,이탈리아,대한민국,156,"201312,201401,201402,201403,201404,201405,201406,201407,201408",X,-0.8116794499134279,3,0.8116794499134279,regulated_to_importer,410,대한민국
160,13,공기압 전송용 밸브,848120,일본,싱가포르,대한민국,392,"201508,201509,201510,201511,201512,201601,201602,201603,201604",X,-0.8116794499134279,3,0.8116794499134279,regulated_to_intermediary,702,싱가포르
160,13,공기압 전송용 밸브,848120,일본,싱가포르,대한민국,392,"201508,201509,201510,201511,201512,201601,201602,201603,201604",X,-0.8116794499134279,3,0.8116794499134279,regulated_to_importer,410,대한민국
161,14,합판(신규공급자조사),4412,중국,오스트리아,대한민국,156,"201402,201403,201404,201405,201406,201407,201408,201409,201410",X,-0.8116794499134279,2,0.8116794499134279,regulated_to_intermediary,40,오스트리아
161,14,합판(신규공급자조사),4412,중국,오스트리아,대한민국,156,"201402,201403,201404,201405,201406,201407,201408,201409,201410",X,-0.8116794499134279,2,0.8116794499134279,regulated_to_importer,410,대한민국
162,15,합판(신규공급자조사),4412,중국,오스트리아,대한민국,156,"201402,201403,201404,201405,201406,201407,201408,201409,201410",X,-0.8116794499134279,2,0.8116794499134279,regulated_to_intermediary,40,오스트리아
162,15,합판(신규공급자조사),4412,중국,오스트리아,대한민국,156,"201402,201403,201404,201405,201406,201407,201408,201409,201410",X,-0.8116794499134279,2,0.8116794499134279,regulated_to_importer,410,대한민국
163,16,합판(신규공급자조사),4412,중국,오스트리아,대한민국,156,"201402,201403,201404,201405,201406,201407,201408,201409,201410",X,-0.8116794499134279,2,0.8116794499134279,regulated_to_intermediary,40,오스트리아
163,16,합판(신규공급자조사),4412,중국,오스트리아,대한민국,156,"201402,201403,201404,201405,201406,201407,201408,201409,201410",X,-0.8116794499134279,2,0.8116794499134279,regulated_to_importer,410,대한민국
164,32,PET필름(3차재심),392062,중국,이탈리아,대한민국,156,"201909,201910,201911,201912,202001,202002,202003,202004,202005",X,-0.8116794499134279,1,0.8116794499134279,regulated_to_intermediary,380,이탈리아
164,32,PET필름(3차재심),392062,중국,이탈리아,대한민국,156,"201909,201910,201911,201912,202001,202002,202003,202004,202005",X,-0.8116794499134279,1,0.8116794499134279,regulated_to_importer,410,대한민국
165,35,합판,4412,중국,필리핀,대한민국,156,"202011,202012,202101,202102,202103,202104,202105,202106,202107",X,-0.8116794499134279,2,0.8116794499134279,regulated_to_intermediary,608,필리핀
165,35,합판,4412,중국,필리핀,대한민국,156,"202011,202012,202101,202102,202103,202104,202105,202106,202107",X,-0.8116794499134279,2,0.8116794499134279,regulated_to_importer,410,대한민국
166,50,합판,4412,중국,이탈리아,대한민국,156,"202407,202408,202409,202410,202411,202412,202501,202502,202503",X,-0.8116794499134279,1,0.8116794499134279,regulated_to_intermediary,380,이탈리아
166,50,합판,4412,중국,이탈리아,대한민국,156,"202407,202408,202409,202410,202411,202412,202501,202502,202503",X,-0.8116794499134279,1,0.8116794499134279,regulated_to_importer,410,대한민국
167,59,탄소강과 그밖의 합금강 열간압연 후판제품,7208,중국,아르헨티나,대한민국,156,"202511,202512,202601,202602,202603,202604,202605,202606,202607",X,-0.8116794499134279,0,0.8116794499134279,regulated_to_intermediary,32,아르헨티나
167,59,탄소강과 그밖의 합금강 열간압연 후판제품,7208,중국,아르헨티나,대한민국,156,"202511,202512,202601,202602,202603,202604,202605,202606,202607",X,-0.8116794499134279,0,0.8116794499134279,regulated_to_importer,410,대한민국
168,6,스테인레스스틸바(2차재심),7222,스페인,네덜란드,대한민국,724,"201311,201312,201401,201402,201403,201404,201405,201406,201407",X,-0.8116794499134278,0,0.8116794499134278,regulated_to_intermediary,528,네덜란드
168,6,스테인레스스틸바(2차재심),7222,스페인,네덜란드,대한민국,724,"201311,201312,201401,201402,201403,201404,201405,201406,201407",X,-0.8116794499134278,0,0.8116794499134278,regulated_to_importer,410,대한민국
169,6,스테인레스스틸바(2차재심),7222,스페인,베트남,대한민국,724,"201311,201312,201401,201402,201403,201404,201405,201406,201407",X,-0.8116794499134278,1,0.8116794499134278,regulated_to_intermediary,704,베트남
169,6,스테인레스스틸바(2차재심),7222,스페인,베트남,대한민국,724,"201311,201312,201401,201402,201403,201404,201405,201406,201407",X,-0.8116794499134278,1,0.8116794499134278,regulated_to_importer,410,대한민국
170,6,스테인레스스틸바(2차재심),7222,스페인,노르웨이,대한민국,724,"201311,201312,201401,201402,201403,201404,201405,201406,201407",X,-0.7826908981308054,3,0.7826908981308054,regulated_to_intermediary,579,노르웨이
170,6,스테인레스스틸바(2차재심),7222,스페인,노르웨이,대한민국,724,"201311,201312,201401,201402,201403,201404,201405,201406,201407",X,-0.7826908981308054,3,0.7826908981308054,regulated_to_importer,410,대한민국
171,8,폴리에스테르 장섬유 연신가공사(2차재심),5402,말레이시아,홍콩,대한민국,458,"201312,201401,201402,201403,201404,201405,201406,201407,201408",X,-0.7826908981308054,2,0.7826908981308054,regulated_to_intermediary,344,홍콩
171,8,폴리에스테르 장섬유 연신가공사(2차재심),5402,말레이시아,홍콩,대한민국,458,"201312,201401,201402,201403,201404,201405,201406,201407,201408",X,-0.7826908981308054,2,0.7826908981308054,regulated_to_importer,410,대한민국
172,0,초산에틸(1차재심),291531,중국,스페인,대한민국,156,"201203,201204,201205,201206,201207,201208,201209,201210,201211",X,-0.7775419143502353,0,0.7775419143502353,regulated_to_intermediary,724,스페인
172,0,초산에틸(1차재심),291531,중국,스페인,대한민국,156,"201203,201204,201205,201206,201207,201208,201209,201210,201211",X,-0.7775419143502353,0,0.7775419143502353,regulated_to_importer,410,대한민국
173,2,크라프트지(1차재심),4804,중국,스페인,대한민국,156,"201204,201205,201206,201207,201208,201209,201210,201211,201212",X,-0.7775419143502353,2,0.7775419143502353,regulated_to_intermediary,724,스페인
173,2,크라프트지(1차재심),4804,중국,스페인,대한민국,156,"201204,201205,201206,201207,201208,201209,201210,201211,201212",X,-0.7775419143502353,2,0.7775419143502353,regulated_to_importer,410,대한민국
174,2,크라프트지(1차재심),4804,캐나다,홍콩,대한민국,124,"201204,201205,201206,201207,201208,201209,201210,201211,201212",X,-0.7775419143502353,0,0.7775419143502353,regulated_to_intermediary,344,홍콩
174,2,크라프트지(1차재심),4804,캐나다,홍콩,대한민국,124,"201204,201205,201206,201207,201208,201209,201210,201211,201212",X,-0.7775419143502353,0,0.7775419143502353,regulated_to_importer,410,대한민국
175,8,폴리에스테르 장섬유 연신가공사(2차재심),5402,대만,벨라루스,대한민국,490,"201312,201401,201402,201403,201404,201405,201406,201407,201408",X,-0.7775419143502353,1,0.7775419143502353,regulated_to_intermediary,112,벨라루스
175,8,폴리에스테르 장섬유 연신가공사(2차재심),5402,대만,벨라루스,대한민국,490,"201312,201401,201402,201403,201404,201405,201406,201407,201408",X,-0.7775419143502353,1,0.7775419143502353,regulated_to_importer,410,대한민국
176,9,OPP필름,392020,인도네시아,호주,대한민국,360,"201312,201401,201402,201403,201404,201405,201406,201407,201408",X,-0.7775419143502353,2,0.7775419143502353,regulated_to_intermediary,36,호주
176,9,OPP필름,392020,인도네시아,호주,대한민국,360,"201312,201401,201402,201403,201404,201405,201406,201407,201408",X,-0.7775419143502353,2,0.7775419143502353,regulated_to_importer,410,대한민국
177,10,합판(1차재심),4412,말레이시아,슬로베니아,대한민국,458,"201409,201410,201411,201412,201501,201502,201503,201504,201505",X,-0.7775419143502353,1,0.7775419143502353,regulated_to_intermediary,705,슬로베니아
177,10,합판(1차재심),4412,말레이시아,슬로베니아,대한민국,458,"201409,201410,201411,201412,201501,201502,201503,201504,201505",X,-0.7775419143502353,1,0.7775419143502353,regulated_to_importer,410,대한민국
178,13,공기압 전송용 밸브,848120,일본,말레이시아,대한민국,392,"201508,201509,201510,201511,201512,201601,201602,201603,201604",X,-0.7775419143502353,1,0.7775419143502353,regulated_to_intermediary,458,말레이시아
178,13,공기압 전송용 밸브,848120,일본,말레이시아,대한민국,392,"201508,201509,201510,201511,201512,201601,201602,201603,201604",X,-0.7775419143502353,1,0.7775419143502353,regulated_to_importer,410,대한민국
179,14,합판(신규공급자조사),4412,중국,포루투갈,대한민국,156,"201402,201403,201404,201405,201406,201407,201408,201409,201410",X,-0.7775419143502353,2,0.7775419143502353,regulated_to_intermediary,620,포루투갈
179,14,합판(신규공급자조사),4412,중국,포루투갈,대한민국,156,"201402,201403,201404,201405,201406,201407,201408,201409,201410",X,-0.7775419143502353,2,0.7775419143502353,regulated_to_importer,410,대한민국
180,15,합판(신규공급자조사),4412,중국,포루투갈,대한민국,156,"201402,201403,201404,201405,201406,201407,201408,201409,201410",X,-0.7775419143502353,2,0.7775419143502353,regulated_to_intermediary,620,포루투갈
180,15,합판(신규공급자조사),4412,중국,포루투갈,대한민국,156,"201402,201403,201404,201405,201406,201407,201408,201409,201410",X,-0.7775419143502353,2,0.7775419143502353,regulated_to_importer,410,대한민국
181,16,합판(신규공급자조사),4412,중국,포루투갈,대한민국,156,"201402,201403,201404,201405,201406,201407,201408,201409,201410",X,-0.7775419143502353,2,0.7775419143502353,regulated_to_intermediary,620,포루투갈
181,16,합판(신규공급자조사),4412,중국,포루투갈,대한민국,156,"201402,201403,201404,201405,201406,201407,201408,201409,201410",X,-0.7775419143502353,2,0.7775419143502353,regulated_to_importer,410,대한민국
182,19,PET필름(2차재심),392062,중국,이스라엘,대한민국,156,"201601,201602,201603,201604,201605,201606,201607,201608,201609",X,-0.7775419143502353,0,0.7775419143502353,regulated_to_intermediary,376,이스라엘
182,19,PET필름(2차재심),392062,중국,이스라엘,대한민국,156,"201601,201602,201603,201604,201605,201606,201607,201608,201609",X,-0.7775419143502353,0,0.7775419143502353,regulated_to_importer,410,대한민국
183,19,PET필름(2차재심),392062,중국,필리핀,대한민국,156,"201601,201602,201603,201604,201605,201606,201607,201608,201609",X,-0.7775419143502353,3,0.7775419143502353,regulated_to_intermediary,608,필리핀
183,19,PET필름(2차재심),392062,중국,필리핀,대한민국,156,"201601,201602,201603,201604,201605,201606,201607,201608,201609",X,-0.7775419143502353,3,0.7775419143502353,regulated_to_importer,410,대한민국
184,24,옵셋인쇄판,370130,중국,스페인,대한민국,156,"201709,201710,201711,201712,201801,201802,201803,201804,201805",X,-0.7775419143502353,3,0.7775419143502353,regulated_to_intermediary,724,스페인
184,24,옵셋인쇄판,370130,중국,스페인,대한민국,156,"201709,201710,201711,201712,201801,201802,201803,201804,201805",X,-0.7775419143502353,3,0.7775419143502353,regulated_to_importer,410,대한민국
185,26,PET필름,392062,태국,스페인,대한민국,764,"201804,201805,201806,201807,201808,201809,201810,201811,201812",X,-0.7775419143502353,3,0.7775419143502353,regulated_to_intermediary,724,스페인
185,26,PET필름,392062,태국,스페인,대한민국,764,"201804,201805,201806,201807,201808,201809,201810,201811,201812",X,-0.7775419143502353,3,0.7775419143502353,regulated_to_importer,410,대한민국
186,28,플로트판유리(3차재심),7005,중국,인도,대한민국,156,"201808,201809,201810,201811,201812,201901,201902,201903,201904",X,-0.7775419143502353,2,0.7775419143502353,regulated_to_intermediary,699,인도
186,28,플로트판유리(3차재심),7005,중국,인도,대한민국,156,"201808,201809,201810,201811,201812,201901,201902,201903,201904",X,-0.7775419143502353,2,0.7775419143502353,regulated_to_importer,410,대한민국
187,29,초산에틸(3차재심),291531,중국,스페인,대한민국,156,"201907,201908,201909,201910,201911,201912,202001,202002,202003",X,-0.7775419143502353,2,0.7775419143502353,regulated_to_intermediary,724,스페인
187,29,초산에틸(3차재심),291531,중국,스페인,대한민국,156,"201907,201908,201909,201910,201911,201912,202001,202002,202003",X,-0.7775419143502353,2,0.7775419143502353,regulated_to_importer,410,대한민국
188,32,PET필름(3차재심),392062,인도,폴란드,대한민국,699,"201909,201910,201911,201912,202001,202002,202003,202004,202005",X,-0.7775419143502353,1,0.7775419143502353,regulated_to_intermediary,616,폴란드
188,32,PET필름(3차재심),392062,인도,폴란드,대한민국,699,"201909,201910,201911,201912,202001,202002,202003,202004,202005",X,-0.7775419143502353,1,0.7775419143502353,regulated_to_importer,410,대한민국
189,37,스테인리스스틸바,7222,일본,노르웨이,대한민국,392,"202101,202102,202103,202104,202105,202106,202107,202108,202109",X,-0.7775419143502353,2,0.7775419143502353,regulated_to_intermediary,579,노르웨이
189,37,스테인리스스틸바,7222,일본,노르웨이,대한민국,392,"202101,202102,202103,202104,202105,202106,202107,202108,202109",X,-0.7775419143502353,2,0.7775419143502353,regulated_to_importer,410,대한민국
190,37,스테인리스스틸바,7222,일본,덴마크,대한민국,392,"202101,202102,202103,202104,202105,202106,202107,202108,202109",X,-0.7775419143502353,1,0.7775419143502353,regulated_to_intermediary,208,덴마크
190,37,스테인리스스틸바,7222,일본,덴마크,대한민국,392,"202101,202102,202103,202104,202105,202106,202107,202108,202109",X,-0.7775419143502353,1,0.7775419143502353,regulated_to_importer,410,대한민국
191,44,이음매없는동관,7411,중국,폴란드,대한민국,156,"202303,202304,202305,202306,202307,202308,202309,202310,202311",X,-0.7775419143502353,1,0.7775419143502353,regulated_to_intermediary,616,폴란드
191,44,이음매없는동관,7411,중국,폴란드,대한민국,156,"202303,202304,202305,202306,202307,202308,202309,202310,202311",X,-0.7775419143502353,1,0.7775419143502353,regulated_to_importer,410,대한민국
192,50,합판,4412,중국,스웨덴,대한민국,156,"202407,202408,202409,202410,202411,202412,202501,202502,202503",X,-0.7775419143502353,1,0.7775419143502353,regulated_to_intermediary,752,스웨덴
192,50,합판,4412,중국,스웨덴,대한민국,156,"202407,202408,202409,202410,202411,202412,202501,202502,202503",X,-0.7775419143502353,1,0.7775419143502353,regulated_to_importer,410,대한민국
193,51,합판,4412,말레이시아,독일,대한민국,458,"202407,202408,202409,202410,202411,202412,202501,202502,202503",X,-0.7775419143502353,2,0.7775419143502353,regulated_to_intermediary,276,독일
193,51,합판,4412,말레이시아,독일,대한민국,458,"202407,202408,202409,202410,202411,202412,202501,202502,202503",X,-0.7775419143502353,2,0.7775419143502353,regulated_to_importer,410,대한민국
194,52,합판,4412,베트남,독일,대한민국,704,"202407,202408,202409,202410,202411,202412,202501,202502,202503",X,-0.7775419143502353,2,0.7775419143502353,regulated_to_intermediary,276,독일
194,52,합판,4412,베트남,독일,대한민국,704,"202407,202408,202409,202410,202411,202412,202501,202502,202503",X,-0.7775419143502353,2,0.7775419143502353,regulated_to_importer,410,대한민국
195,53,PET수지,390761,중국,스웨덴,대한민국,156,"202411,202412,202501,202502,202503,202504,202505,202506,202507",X,-0.7775419143502353,2,0.7775419143502353,regulated_to_intermediary,752,스웨덴
195,53,PET수지,390761,중국,스웨덴,대한민국,156,"202411,202412,202501,202502,202503,202504,202505,202506,202507",X,-0.7775419143502353,2,0.7775419143502353,regulated_to_importer,410,대한민국
196,56,석유수지,391110,대만,독일,대한민국,490,"202508,202509,202510,202511,202512,202601,202602,202603,202604",X,-0.7775419143502353,3,0.7775419143502353,regulated_to_intermediary,276,독일
196,56,석유수지,391110,대만,독일,대한민국,490,"202508,202509,202510,202511,202512,202601,202602,202603,202604",X,-0.7775419143502353,3,0.7775419143502353,regulated_to_importer,410,대한민국
197,56,석유수지,391110,중국,독일,대한민국,156,"202508,202509,202510,202511,202512,202601,202602,202603,202604",X,-0.7775419143502353,3,0.7775419143502353,regulated_to_intermediary,276,독일
197,56,석유수지,391110,중국,독일,대한민국,156,"202508,202509,202510,202511,202512,202601,202602,202603,202604",X,-0.7775419143502353,3,0.7775419143502353,regulated_to_importer,410,대한민국
198,59,탄소강과 그밖의 합금강 열간압연 후판제품,7208,중국,이탈리아,대한민국,156,"202511,202512,202601,202602,202603,202604,202605,202606,202607",X,-0.7775419143502353,0,0.7775419143502353,regulated_to_intermediary,380,이탈리아
198,59,탄소강과 그밖의 합금강 열간압연 후판제품,7208,중국,이탈리아,대한민국,156,"202511,202512,202601,202602,202603,202604,202605,202606,202607",X,-0.7775419143502353,0,0.7775419143502353,regulated_to_importer,410,대한민국
199,59,탄소강과 그밖의 합금강 열간압연 후판제품,7208,중국,폴란드,대한민국,156,"202511,202512,202601,202602,202603,202604,202605,202606,202607",X,-0.7775419143502353,0,0.7775419143502353,regulated_to_intermediary,616,폴란드
199,59,탄소강과 그밖의 합금강 열간압연 후판제품,7208,중국,폴란드,대한민국,156,"202511,202512,202601,202602,202603,202604,202605,202606,202607",X,-0.7775419143502353,0,0.7775419143502353,regulated_to_importer,410,대한민국
200,0,초산에틸(1차재심),291531,중국,영국,대한민국,156,"201203,201204,201205,201206,201207,201208,201209,201210,201211",X,-0.7715167498104596,1,0.7715167498104596,regulated_to_intermediary,826,영국
200,0,초산에틸(1차재심),291531,중국,영국,대한민국,156,"201203,201204,201205,201206,201207,201208,201209,201210,201211",X,-0.7715167498104596,1,0.7715167498104596,regulated_to_importer,410,대한민국
201,0,초산에틸(1차재심),291531,일본,인도,대한민국,392,"201203,201204,201205,201206,201207,201208,201209,201210,201211",X,-0.7714285714285715,0,0.7714285714285715,regulated_to_intermediary,699,인도
201,0,초산에틸(1차재심),291531,일본,인도,대한민국,392,"201203,201204,201205,201206,201207,201208,201209,201210,201211",X,-0.7714285714285715,0,0.7714285714285715,regulated_to_importer,410,대한민국
202,1,PET필름(1차재심),392062,인도,미국,대한민국,699,"201205,201206,201207,201208,201209,201210,201211,201212,201301",X,-0.7714285714285715,3,0.7714285714285715,regulated_to_intermediary,842,미국
202,1,PET필름(1차재심),392062,인도,미국,대한민국,699,"201205,201206,201207,201208,201209,201210,201211,201212,201301",X,-0.7714285714285715,3,0.7714285714285715,regulated_to_importer,410,대한민국
203,1,PET필름(1차재심),392062,중국,대만,대한민국,156,"201205,201206,201207,201208,201209,201210,201211,201212,201301",X,-0.7714285714285715,3,0.7714285714285715,regulated_to_intermediary,158,대만
203,1,PET필름(1차재심),392062,중국,대만,대한민국,156,"201205,201206,201207,201208,201209,201210,201211,201212,201301",X,-0.7714285714285715,3,0.7714285714285715,regulated_to_importer,410,대한민국
204,2,크라프트지(1차재심),4804,중국,일본,대한민국,156,"201204,201205,201206,201207,201208,201209,201210,201211,201212",X,-0.7714285714285715,3,0.7714285714285715,regulated_to_intermediary,392,일본
204,2,크라프트지(1차재심),4804,중국,일본,대한민국,156,"201204,201205,201206,201207,201208,201209,201210,201211,201212",X,-0.7714285714285715,3,0.7714285714285715,regulated_to_importer,410,대한민국
205,2,크라프트지(1차재심),4804,중국,폴란드,대한민국,156,"201204,201205,201206,201207,201208,201209,201210,201211,201212",X,-0.7714285714285715,2,0.7714285714285715,regulated_to_intermediary,616,폴란드
205,2,크라프트지(1차재심),4804,중국,폴란드,대한민국,156,"201204,201205,201206,201207,201208,201209,201210,201211,201212",X,-0.7714285714285715,2,0.7714285714285715,regulated_to_importer,410,대한민국
206,4,알루미늄 보틀캔,761290,일본,프랑스,대한민국,392,"201301,201302,201303,201304,201305,201306,201307,201308,201309",X,-0.7714285714285715,3,0.7714285714285715,regulated_to_intermediary,251,프랑스
206,4,알루미늄 보틀캔,761290,일본,프랑스,대한민국,392,"201301,201302,201303,201304,201305,201306,201307,201308,201309",X,-0.7714285714285715,3,0.7714285714285715,regulated_to_importer,410,대한민국
207,6,스테인레스스틸바(2차재심),7222,일본,싱가포르,대한민국,392,"201311,201312,201401,201402,201403,201404,201405,201406,201407",X,-0.7714285714285715,0,0.7714285714285715,regulated_to_intermediary,702,싱가포르
207,6,스테인레스스틸바(2차재심),7222,일본,싱가포르,대한민국,392,"201311,201312,201401,201402,201403,201404,201405,201406,201407",X,-0.7714285714285715,0,0.7714285714285715,regulated_to_importer,410,대한민국
208,8,폴리에스테르 장섬유 연신가공사(2차재심),5402,말레이시아,독일,대한민국,458,"201312,201401,201402,201403,201404,201405,201406,201407,201408",X,-0.7714285714285715,1,0.7714285714285715,regulated_to_intermediary,276,독일
208,8,폴리에스테르 장섬유 연신가공사(2차재심),5402,말레이시아,독일,대한민국,458,"201312,201401,201402,201403,201404,201405,201406,201407,201408",X,-0.7714285714285715,1,0.7714285714285715,regulated_to_importer,410,대한민국
209,8,폴리에스테르 장섬유 연신가공사(2차재심),5402,말레이시아,베트남,대한민국,458,"201312,201401,201402,201403,201404,201405,201406,201407,201408",X,-0.7714285714285715,2,0.7714285714285715,regulated_to_intermediary,704,베트남
209,8,폴리에스테르 장섬유 연신가공사(2차재심),5402,말레이시아,베트남,대한민국,458,"201312,201401,201402,201403,201404,201405,201406,201407,201408",X,-0.7714285714285715,2,0.7714285714285715,regulated_to_importer,410,대한민국
210,8,폴리에스테르 장섬유 연신가공사(2차재심),5402,말레이시아,스위스,대한민국,458,"201312,201401,201402,201403,201404,201405,201406,201407,201408",X,-0.7714285714285715,1,0.7714285714285715,regulated_to_intermediary,757,스위스
210,8,폴리에스테르 장섬유 연신가공사(2차재심),5402,말레이시아,스위스,대한민국,458,"201312,201401,201402,201403,201404,201405,201406,201407,201408",X,-0.7714285714285715,1,0.7714285714285715,regulated_to_importer,410,대한민국
211,8,폴리에스테르 장섬유 연신가공사(2차재심),5402,말레이시아,싱가포르,대한민국,458,"201312,201401,201402,201403,201404,201405,201406,201407,201408",X,-0.7714285714285715,3,0.7714285714285715,regulated_to_intermediary,702,싱가포르
211,8,폴리에스테르 장섬유 연신가공사(2차재심),5402,말레이시아,싱가포르,대한민국,458,"201312,201401,201402,201403,201404,201405,201406,201407,201408",X,-0.7714285714285715,3,0.7714285714285715,regulated_to_importer,410,대한민국
212,8,폴리에스테르 장섬유 연신가공사(2차재심),5402,중국,독일,대한민국,156,"201312,201401,201402,201403,201404,201405,201406,201407,201408",X,-0.7714285714285715,0,0.7714285714285715,regulated_to_intermediary,276,독일
212,8,폴리에스테르 장섬유 연신가공사(2차재심),5402,중국,독일,대한민국,156,"201312,201401,201402,201403,201404,201405,201406,201407,201408",X,-0.7714285714285715,0,0.7714285714285715,regulated_to_importer,410,대한민국
213,9,OPP필름,392020,인도네시아,영국,대한민국,360,"201312,201401,201402,201403,201404,201405,201406,201407,201408",X,-0.7714285714285715,0,0.7714285714285715,regulated_to_intermediary,826,영국
213,9,OPP필름,392020,인도네시아,영국,대한민국,360,"201312,201401,201402,201403,201404,201405,201406,201407,201408",X,-0.7714285714285715,0,0.7714285714285715,regulated_to_importer,410,대한민국
214,10,합판(1차재심),4412,말레이시아,태국,대한민국,458,"201409,201410,201411,201412,201501,201502,201503,201504,201505",X,-0.7714285714285715,2,0.7714285714285715,regulated_to_intermediary,764,태국
214,10,합판(1차재심),4412,말레이시아,태국,대한민국,458,"201409,201410,201411,201412,201501,201502,201503,201504,201505",X,-0.7714285714285715,2,0.7714285714285715,regulated_to_importer,410,대한민국
215,11,두꺼운 PET필름,392062,일본,독일,대한민국,392,"201412,201501,201502,201503,201504,201505,201506,201507,201508",X,-0.7714285714285715,1,0.7714285714285715,regulated_to_intermediary,276,독일
215,11,두꺼운 PET필름,392062,일본,독일,대한민국,392,"201412,201501,201502,201503,201504,201505,201506,201507,201508",X,-0.7714285714285715,1,0.7714285714285715,regulated_to_importer,410,대한민국
216,11,두꺼운 PET필름,392062,일본,영국,대한민국,392,"201412,201501,201502,201503,201504,201505,201506,201507,201508",X,-0.7714285714285715,1,0.7714285714285715,regulated_to_intermediary,826,영국
216,11,두꺼운 PET필름,392062,일본,영국,대한민국,392,"201412,201501,201502,201503,201504,201505,201506,201507,201508",X,-0.7714285714285715,1,0.7714285714285715,regulated_to_importer,410,대한민국
217,13,공기압 전송용 밸브,848120,일본,네덜란드,대한민국,392,"201508,201509,201510,201511,201512,201601,201602,201603,201604",X,-0.7714285714285715,1,0.7714285714285715,regulated_to_intermediary,528,네덜란드
217,13,공기압 전송용 밸브,848120,일본,네덜란드,대한민국,392,"201508,201509,201510,201511,201512,201601,201602,201603,201604",X,-0.7714285714285715,1,0.7714285714285715,regulated_to_importer,410,대한민국
218,13,공기압 전송용 밸브,848120,일본,슬로바키아,대한민국,392,"201508,201509,201510,201511,201512,201601,201602,201603,201604",X,-0.7714285714285715,3,0.7714285714285715,regulated_to_intermediary,703,슬로바키아
218,13,공기압 전송용 밸브,848120,일본,슬로바키아,대한민국,392,"201508,201509,201510,201511,201512,201601,201602,201603,201604",X,-0.7714285714285715,3,0.7714285714285715,regulated_to_importer,410,대한민국
219,13,공기압 전송용 밸브,848120,일본,튀르키예,대한민국,392,"201508,201509,201510,201511,201512,201601,201602,201603,201604",X,-0.7714285714285715,3,0.7714285714285715,regulated_to_intermediary,792,튀르키예
219,13,공기압 전송용 밸브,848120,일본,튀르키예,대한민국,392,"201508,201509,201510,201511,201512,201601,201602,201603,201604",X,-0.7714285714285715,3,0.7714285714285715,regulated_to_importer,410,대한민국
220,14,합판(신규공급자조사),4412,중국,대만,대한민국,156,"201402,201403,201404,201405,201406,201407,201408,201409,201410",X,-0.7714285714285715,2,0.7714285714285715,regulated_to_intermediary,158,대만
220,14,합판(신규공급자조사),4412,중국,대만,대한민국,156,"201402,201403,201404,201405,201406,201407,201408,201409,201410",X,-0.7714285714285715,2,0.7714285714285715,regulated_to_importer,410,대한민국
221,15,합판(신규공급자조사),4412,중국,대만,대한민국,156,"201402,201403,201404,201405,201406,201407,201408,201409,201410",X,-0.7714285714285715,2,0.7714285714285715,regulated_to_intermediary,158,대만
221,15,합판(신규공급자조사),4412,중국,대만,대한민국,156,"201402,201403,201404,201405,201406,201407,201408,201409,201410",X,-0.7714285714285715,2,0.7714285714285715,regulated_to_importer,410,대한민국
222,16,합판(신규공급자조사),4412,중국,대만,대한민국,156,"201402,201403,201404,201405,201406,201407,201408,201409,201410",X,-0.7714285714285715,2,0.7714285714285715,regulated_to_intermediary,158,대만
222,16,합판(신규공급자조사),4412,중국,대만,대한민국,156,"201402,201403,201404,201405,201406,201407,201408,201409,201410",X,-0.7714285714285715,2,0.7714285714285715,regulated_to_importer,410,대한민국
223,31,OPP필름(1차재심),392020,인도네시아,베트남,대한민국,360,"201908,201909,201910,201911,201912,202001,202002,202003,202004",X,-0.7714285714285715,2,0.7714285714285715,regulated_to_intermediary,704,베트남
223,31,OPP필름(1차재심),392020,인도네시아,베트남,대한민국,360,"201908,201909,201910,201911,201912,202001,202002,202003,202004",X,-0.7714285714285715,2,0.7714285714285715,regulated_to_importer,410,대한민국
224,31,OPP필름(1차재심),392020,인도네시아,오스트리아,대한민국,360,"201908,201909,201910,201911,201912,202001,202002,202003,202004",X,-0.7714285714285715,2,0.7714285714285715,regulated_to_intermediary,40,오스트리아
224,31,OPP필름(1차재심),392020,인도네시아,오스트리아,대한민국,360,"201908,201909,201910,201911,201912,202001,202002,202003,202004",X,-0.7714285714285715,2,0.7714285714285715,regulated_to_importer,410,대한민국
225,31,OPP필름(1차재심),392020,중국,스페인,대한민국,156,"201908,201909,201910,201911,201912,202001,202002,202003,202004",X,-0.7714285714285715,3,0.7714285714285715,regulated_to_intermediary,724,스페인
225,31,OPP필름(1차재심),392020,중국,스페인,대한민국,156,"201908,201909,201910,201911,201912,202001,202002,202003,202004",X,-0.7714285714285715,3,0.7714285714285715,regulated_to_importer,410,대한민국
226,31,OPP필름(1차재심),392020,중국,오스트리아,대한민국,156,"201908,201909,201910,201911,201912,202001,202002,202003,202004",X,-0.7714285714285715,2,0.7714285714285715,regulated_to_intermediary,40,오스트리아
226,31,OPP필름(1차재심),392020,중국,오스트리아,대한민국,156,"201908,201909,201910,201911,201912,202001,202002,202003,202004",X,-0.7714285714285715,2,0.7714285714285715,regulated_to_importer,410,대한민국
227,33,스테인리스 스틸바,7222,일본,오스트리아,대한민국,392,"202005,202006,202007,202008,202009,202010,202011,202012,202101",X,-0.7714285714285715,2,0.7714285714285715,regulated_to_intermediary,40,오스트리아
227,33,스테인리스 스틸바,7222,일본,오스트리아,대한민국,392,"202005,202006,202007,202008,202009,202010,202011,202012,202101",X,-0.7714285714285715,2,0.7714285714285715,regulated_to_importer,410,대한민국
228,35,합판,4412,중국,독일,대한민국,156,"202011,202012,202101,202102,202103,202104,202105,202106,202107",X,-0.7714285714285715,1,0.7714285714285715,regulated_to_intermediary,276,독일
228,35,합판,4412,중국,독일,대한민국,156,"202011,202012,202101,202102,202103,202104,202105,202106,202107",X,-0.7714285714285715,1,0.7714285714285715,regulated_to_importer,410,대한민국
229,35,합판,4412,중국,말레이시아,대한민국,156,"202011,202012,202101,202102,202103,202104,202105,202106,202107",X,-0.7714285714285715,1,0.7714285714285715,regulated_to_intermediary,458,말레이시아
229,35,합판,4412,중국,말레이시아,대한민국,156,"202011,202012,202101,202102,202103,202104,202105,202106,202107",X,-0.7714285714285715,1,0.7714285714285715,regulated_to_importer,410,대한민국
230,35,합판,4412,중국,이탈리아,대한민국,156,"202011,202012,202101,202102,202103,202104,202105,202106,202107",X,-0.7714285714285715,2,0.7714285714285715,regulated_to_intermediary,380,이탈리아
230,35,합판,4412,중국,이탈리아,대한민국,156,"202011,202012,202101,202102,202103,202104,202105,202106,202107",X,-0.7714285714285715,2,0.7714285714285715,regulated_to_importer,410,대한민국
231,37,스테인리스스틸바,7222,스페인,네덜란드,대한민국,724,"202101,202102,202103,202104,202105,202106,202107,202108,202109",X,-0.7714285714285715,3,0.7714285714285715,regulated_to_intermediary,528,네덜란드
231,37,스테인리스스틸바,7222,스페인,네덜란드,대한민국,724,"202101,202102,202103,202104,202105,202106,202107,202108,202109",X,-0.7714285714285715,3,0.7714285714285715,regulated_to_importer,410,대한민국
232,37,스테인리스스틸바,7222,인도,오스트리아,대한민국,699,"202101,202102,202103,202104,202105,202106,202107,202108,202109",X,-0.7714285714285715,3,0.7714285714285715,regulated_to_intermediary,40,오스트리아
232,37,스테인리스스틸바,7222,인도,오스트리아,대한민국,699,"202101,202102,202103,202104,202105,202106,202107,202108,202109",X,-0.7714285714285715,3,0.7714285714285715,regulated_to_importer,410,대한민국
233,37,스테인리스스틸바,7222,인도,프랑스,대한민국,699,"202101,202102,202103,202104,202105,202106,202107,202108,202109",X,-0.7714285714285715,2,0.7714285714285715,regulated_to_intermediary,251,프랑스
233,37,스테인리스스틸바,7222,인도,프랑스,대한민국,699,"202101,202102,202103,202104,202105,202106,202107,202108,202109",X,-0.7714285714285715,2,0.7714285714285715,regulated_to_importer,410,대한민국
234,37,스테인리스스틸바,7222,일본,스웨덴,대한민국,392,"202101,202102,202103,202104,202105,202106,202107,202108,202109",X,-0.7714285714285715,3,0.7714285714285715,regulated_to_intermediary,752,스웨덴
234,37,스테인리스스틸바,7222,일본,스웨덴,대한민국,392,"202101,202102,202103,202104,202105,202106,202107,202108,202109",X,-0.7714285714285715,3,0.7714285714285715,regulated_to_importer,410,대한민국
235,38,인쇄제판용 평면모양 사진 플레이트(옵셋 인쇄판),370130,중국,벨기에,대한민국,156,"202105,202106,202107,202108,202109,202110,202111,202112,202201",X,-0.7714285714285715,1,0.7714285714285715,regulated_to_intermediary,56,벨기에
235,38,인쇄제판용 평면모양 사진 플레이트(옵셋 인쇄판),370130,중국,벨기에,대한민국,156,"202105,202106,202107,202108,202109,202110,202111,202112,202201",X,-0.7714285714285715,1,0.7714285714285715,regulated_to_importer,410,대한민국
236,39,PET필름,392062,대만,아랍에미리트 연합,대한민국,490,"202112,202201,202202,202203,202204,202205,202206,202207,202208",X,-0.7714285714285715,3,0.7714285714285715,regulated_to_intermediary,784,아랍에미리트 연합
236,39,PET필름,392062,대만,아랍에미리트 연합,대한민국,490,"202112,202201,202202,202203,202204,202205,202206,202207,202208",X,-0.7714285714285715,3,0.7714285714285715,regulated_to_importer,410,대한민국
237,39,PET필름,392062,대만,인도,대한민국,490,"202112,202201,202202,202203,202204,202205,202206,202207,202208",X,-0.7714285714285715,0,0.7714285714285715,regulated_to_intermediary,699,인도
237,39,PET필름,392062,대만,인도,대한민국,490,"202112,202201,202202,202203,202204,202205,202206,202207,202208",X,-0.7714285714285715,0,0.7714285714285715,regulated_to_importer,410,대한민국
238,39,PET필름,392062,대만,일본,대한민국,490,"202112,202201,202202,202203,202204,202205,202206,202207,202208",X,-0.7714285714285715,3,0.7714285714285715,regulated_to_intermediary,392,일본
238,39,PET필름,392062,대만,일본,대한민국,490,"202112,202201,202202,202203,202204,202205,202206,202207,202208",X,-0.7714285714285715,3,0.7714285714285715,regulated_to_importer,410,대한민국
239,39,PET필름,392062,태국,아랍에미리트 연합,대한민국,764,"202112,202201,202202,202203,202204,202205,202206,202207,202208",X,-0.7714285714285715,3,0.7714285714285715,regulated_to_intermediary,784,아랍에미리트 연합
239,39,PET필름,392062,태국,아랍에미리트 연합,대한민국,764,"202112,202201,202202,202203,202204,202205,202206,202207,202208",X,-0.7714285714285715,3,0.7714285714285715,regulated_to_importer,410,대한민국
240,39,PET필름,392062,태국,인도,대한민국,764,"202112,202201,202202,202203,202204,202205,202206,202207,202208",X,-0.7714285714285715,0,0.7714285714285715,regulated_to_intermediary,699,인도
240,39,PET필름,392062,태국,인도,대한민국,764,"202112,202201,202202,202203,202204,202205,202206,202207,202208",X,-0.7714285714285715,0,0.7714285714285715,regulated_to_importer,410,대한민국
241,39,PET필름,392062,태국,일본,대한민국,764,"202112,202201,202202,202203,202204,202205,202206,202207,202208",X,-0.7714285714285715,3,0.7714285714285715,regulated_to_intermediary,392,일본
241,39,PET필름,392062,태국,일본,대한민국,764,"202112,202201,202202,202203,202204,202205,202206,202207,202208",X,-0.7714285714285715,3,0.7714285714285715,regulated_to_importer,410,대한민국
242,41,"인쇄제판용 평면모양 사진 플레이트(옵셋 인쇄판, 더블레이어 제품)",370130,중국,말레이시아,대한민국,156,"202211,202212,202301,202302,202303,202304,202305,202306,202307",X,-0.7714285714285715,3,0.7714285714285715,regulated_to_intermediary,458,말레이시아
242,41,"인쇄제판용 평면모양 사진 플레이트(옵셋 인쇄판, 더블레이어 제품)",370130,중국,말레이시아,대한민국,156,"202211,202212,202301,202302,202303,202304,202305,202306,202307",X,-0.7714285714285715,3,0.7714285714285715,regulated_to_importer,410,대한민국
243,42,부틸글리콜에테르,290943,미국,일본,대한민국,842,"202207,202208,202209,202210,202211,202212,202301,202302,202303",X,-0.7714285714285715,1,0.7714285714285715,regulated_to_intermediary,392,일본
243,42,부틸글리콜에테르,290943,미국,일본,대한민국,842,"202207,202208,202209,202210,202211,202212,202301,202302,202303",X,-0.7714285714285715,1,0.7714285714285715,regulated_to_importer,410,대한민국
244,44,이음매없는동관,7411,베트남,독일,대한민국,704,"202303,202304,202305,202306,202307,202308,202309,202310,202311",X,-0.7714285714285715,3,0.7714285714285715,regulated_to_intermediary,276,독일
244,44,이음매없는동관,7411,베트남,독일,대한민국,704,"202303,202304,202305,202306,202307,202308,202309,202310,202311",X,-0.7714285714285715,3,0.7714285714285715,regulated_to_importer,410,대한민국
245,44,이음매없는동관,7411,베트남,미국,대한민국,704,"202303,202304,202305,202306,202307,202308,202309,202310,202311",X,-0.7714285714285715,1,0.7714285714285715,regulated_to_intermediary,842,미국
245,44,이음매없는동관,7411,베트남,미국,대한민국,704,"202303,202304,202305,202306,202307,202308,202309,202310,202311",X,-0.7714285714285715,1,0.7714285714285715,regulated_to_importer,410,대한민국
246,48,도공(coated) 인쇄용지,4810,중국,이탈리아,대한민국,156,"202403,202404,202405,202406,202407,202408,202409,202410,202411",X,-0.7714285714285715,2,0.7714285714285715,regulated_to_intermediary,380,이탈리아
246,48,도공(coated) 인쇄용지,4810,중국,이탈리아,대한민국,156,"202403,202404,202405,202406,202407,202408,202409,202410,202411",X,-0.7714285714285715,2,0.7714285714285715,regulated_to_importer,410,대한민국
247,48,도공(coated) 인쇄용지,4810,핀란드,필리핀,대한민국,246,"202403,202404,202405,202406,202407,202408,202409,202410,202411",X,-0.7714285714285715,1,0.7714285714285715,regulated_to_intermediary,608,필리핀
247,48,도공(coated) 인쇄용지,4810,핀란드,필리핀,대한민국,246,"202403,202404,202405,202406,202407,202408,202409,202410,202411",X,-0.7714285714285715,1,0.7714285714285715,regulated_to_importer,410,대한민국
248,51,합판,4412,말레이시아,베트남,대한민국,458,"202407,202408,202409,202410,202411,202412,202501,202502,202503",X,-0.7714285714285715,2,0.7714285714285715,regulated_to_intermediary,704,베트남
248,51,합판,4412,말레이시아,베트남,대한민국,458,"202407,202408,202409,202410,202411,202412,202501,202502,202503",X,-0.7714285714285715,2,0.7714285714285715,regulated_to_importer,410,대한민국
249,51,합판,4412,말레이시아,에스토니아,대한민국,458,"202407,202408,202409,202410,202411,202412,202501,202502,202503",X,-0.7714285714285715,3,0.7714285714285715,regulated_to_intermediary,233,에스토니아
249,51,합판,4412,말레이시아,에스토니아,대한민국,458,"202407,202408,202409,202410,202411,202412,202501,202502,202503",X,-0.7714285714285715,3,0.7714285714285715,regulated_to_importer,410,대한민국
250,52,합판,4412,베트남,중국,대한민국,704,"202407,202408,202409,202410,202411,202412,202501,202502,202503",X,-0.7714285714285715,2,0.7714285714285715,regulated_to_intermediary,156,중국
250,52,합판,4412,베트남,중국,대한민국,704,"202407,202408,202409,202410,202411,202412,202501,202502,202503",X,-0.7714285714285715,2,0.7714285714285715,regulated_to_importer,410,대한민국
251,54,OPP필름,392020,중국,네덜란드,대한민국,156,"202504,202505,202506,202507,202508,202509,202510,202511,202512",X,-0.7714285714285715,2,0.7714285714285715,regulated_to_intermediary,528,네덜란드
251,54,OPP필름,392020,중국,네덜란드,대한민국,156,"202504,202505,202506,202507,202508,202509,202510,202511,202512",X,-0.7714285714285715,2,0.7714285714285715,regulated_to_importer,410,대한민국
252,54,OPP필름,392020,태국,미국,대한민국,764,"202504,202505,202506,202507,202508,202509,202510,202511,202512",X,-0.7714285714285715,3,0.7714285714285715,regulated_to_intermediary,842,미국
252,54,OPP필름,392020,태국,미국,대한민국,764,"202504,202505,202506,202507,202508,202509,202510,202511,202512",X,-0.7714285714285715,3,0.7714285714285715,regulated_to_importer,410,대한민국
253,54,OPP필름,392020,태국,베트남,대한민국,764,"202504,202505,202506,202507,202508,202509,202510,202511,202512",X,-0.7714285714285715,3,0.7714285714285715,regulated_to_intermediary,704,베트남
253,54,OPP필름,392020,태국,베트남,대한민국,764,"202504,202505,202506,202507,202508,202509,202510,202511,202512",X,-0.7714285714285715,3,0.7714285714285715,regulated_to_importer,410,대한민국
254,54,OPP필름,392020,태국,인도네시아,대한민국,764,"202504,202505,202506,202507,202508,202509,202510,202511,202512",X,-0.7714285714285715,1,0.7714285714285715,regulated_to_intermediary,360,인도네시아
254,54,OPP필름,392020,태국,인도네시아,대한민국,764,"202504,202505,202506,202507,202508,202509,202510,202511,202512",X,-0.7714285714285715,1,0.7714285714285715,regulated_to_importer,410,대한민국
255,2,크라프트지(1차재심),4804,중국,남아프리카공화국,대한민국,156,"201204,201205,201206,201207,201208,201209,201210,201211,201212",X,-0.7589709258986453,3,0.7589709258986453,regulated_to_intermediary,710,남아프리카공화국
255,2,크라프트지(1차재심),4804,중국,남아프리카공화국,대한민국,156,"201204,201205,201206,201207,201208,201209,201210,201211,201212",X,-0.7589709258986453,3,0.7589709258986453,regulated_to_importer,410,대한민국
256,10,합판(1차재심),4412,말레이시아,벨기에,대한민국,458,"201409,201410,201411,201412,201501,201502,201503,201504,201505",X,-0.7589709258986453,2,0.7589709258986453,regulated_to_intermediary,56,벨기에
256,10,합판(1차재심),4412,말레이시아,벨기에,대한민국,458,"201409,201410,201411,201412,201501,201502,201503,201504,201505",X,-0.7589709258986453,2,0.7589709258986453,regulated_to_importer,410,대한민국
257,26,PET필름,392062,대만,이스라엘,대한민국,490,"201804,201805,201806,201807,201808,201809,201810,201811,201812",X,-0.7589709258986453,0,0.7589709258986453,regulated_to_intermediary,376,이스라엘
257,26,PET필름,392062,대만,이스라엘,대한민국,490,"201804,201805,201806,201807,201808,201809,201810,201811,201812",X,-0.7589709258986453,0,0.7589709258986453,regulated_to_importer,410,대한민국
258,29,초산에틸(3차재심),291531,중국,프랑스,대한민국,156,"201907,201908,201909,201910,201911,201912,202001,202002,202003",X,-0.7589709258986453,3,0.7589709258986453,regulated_to_intermediary,251,프랑스
258,29,초산에틸(3차재심),291531,중국,프랑스,대한민국,156,"201907,201908,201909,201910,201911,201912,202001,202002,202003",X,-0.7589709258986453,3,0.7589709258986453,regulated_to_importer,410,대한민국
259,32,PET필름(3차재심),392062,인도,싱가포르,대한민국,699,"201909,201910,201911,201912,202001,202002,202003,202004,202005",X,-0.7589709258986453,3,0.7589709258986453,regulated_to_intermediary,702,싱가포르
259,32,PET필름(3차재심),392062,인도,싱가포르,대한민국,699,"201909,201910,201911,201912,202001,202002,202003,202004,202005",X,-0.7589709258986453,3,0.7589709258986453,regulated_to_importer,410,대한민국
260,32,PET필름(3차재심),392062,중국,홍콩,대한민국,156,"201909,201910,201911,201912,202001,202002,202003,202004,202005",X,-0.7589709258986453,2,0.7589709258986453,regulated_to_intermediary,344,홍콩
260,32,PET필름(3차재심),392062,중국,홍콩,대한민국,156,"201909,201910,201911,201912,202001,202002,202003,202004,202005",X,-0.7589709258986453,2,0.7589709258986453,regulated_to_importer,410,대한민국
261,34,합판,4412,말레이시아,슬로바키아,대한민국,458,"202011,202012,202101,202102,202103,202104,202105,202106,202107",X,-0.7589709258986453,2,0.7589709258986453,regulated_to_intermediary,703,슬로바키아
261,34,합판,4412,말레이시아,슬로바키아,대한민국,458,"202011,202012,202101,202102,202103,202104,202105,202106,202107",X,-0.7589709258986453,2,0.7589709258986453,regulated_to_importer,410,대한민국
262,36,합판,4412,베트남,노르웨이,대한민국,704,"202011,202012,202101,202102,202103,202104,202105,202106,202107",X,-0.7589709258986453,2,0.7589709258986453,regulated_to_intermediary,579,노르웨이
262,36,합판,4412,베트남,노르웨이,대한민국,704,"202011,202012,202101,202102,202103,202104,202105,202106,202107",X,-0.7589709258986453,2,0.7589709258986453,regulated_to_importer,410,대한민국
263,48,도공(coated) 인쇄용지,4810,일본,스페인,대한민국,392,"202403,202404,202405,202406,202407,202408,202409,202410,202411",X,-0.7589709258986453,0,0.7589709258986453,regulated_to_intermediary,724,스페인
263,48,도공(coated) 인쇄용지,4810,일본,스페인,대한민국,392,"202403,202404,202405,202406,202407,202408,202409,202410,202411",X,-0.7589709258986453,0,0.7589709258986453,regulated_to_importer,410,대한민국
264,56,석유수지,391110,중국,프랑스,대한민국,156,"202508,202509,202510,202511,202512,202601,202602,202603,202604",X,-0.7589709258986453,2,0.7589709258986453,regulated_to_intermediary,251,프랑스
264,56,석유수지,391110,중국,프랑스,대한민국,156,"202508,202509,202510,202511,202512,202601,202602,202603,202604",X,-0.7589709258986453,2,0.7589709258986453,regulated_to_importer,410,대한민국
265,1,PET필름(1차재심),392062,인도,말레이시아,대한민국,699,"201205,201206,201207,201208,201209,201210,201211,201212,201301",X,-0.753702346348183,3,0.753702346348183,regulated_to_intermediary,458,말레이시아
265,1,PET필름(1차재심),392062,인도,말레이시아,대한민국,699,"201205,201206,201207,201208,201209,201210,201211,201212,201301",X,-0.753702346348183,3,0.753702346348183,regulated_to_importer,410,대한민국
266,2,크라프트지(1차재심),4804,캐나다,체코공화국,대한민국,124,"201204,201205,201206,201207,201208,201209,201210,201211,201212",X,-0.753702346348183,1,0.753702346348183,regulated_to_intermediary,203,체코공화국
266,2,크라프트지(1차재심),4804,캐나다,체코공화국,대한민국,124,"201204,201205,201206,201207,201208,201209,201210,201211,201212",X,-0.753702346348183,1,0.753702346348183,regulated_to_importer,410,대한민국
267,17,초산에틸(2차재심),291531,일본,남아프리카공화국,대한민국,392,"201511,201512,201601,201602,201603,201604,201605,201606,201607",X,-0.753702346348183,1,0.753702346348183,regulated_to_intermediary,710,남아프리카공화국
267,17,초산에틸(2차재심),291531,일본,남아프리카공화국,대한민국,392,"201511,201512,201601,201602,201603,201604,201605,201606,201607",X,-0.753702346348183,1,0.753702346348183,regulated_to_importer,410,대한민국
268,19,PET필름(2차재심),392062,인도,싱가포르,대한민국,699,"201601,201602,201603,201604,201605,201606,201607,201608,201609",X,-0.753702346348183,2,0.753702346348183,regulated_to_intermediary,702,싱가포르
268,19,PET필름(2차재심),392062,인도,싱가포르,대한민국,699,"201601,201602,201603,201604,201605,201606,201607,201608,201609",X,-0.753702346348183,2,0.753702346348183,regulated_to_importer,410,대한민국
269,26,PET필름,392062,대만,프랑스,대한민국,490,"201804,201805,201806,201807,201808,201809,201810,201811,201812",X,-0.753702346348183,3,0.753702346348183,regulated_to_intermediary,251,프랑스
269,26,PET필름,392062,대만,프랑스,대한민국,490,"201804,201805,201806,201807,201808,201809,201810,201811,201812",X,-0.753702346348183,3,0.753702346348183,regulated_to_importer,410,대한민국
270,29,초산에틸(3차재심),291531,일본,미국,대한민국,392,"201907,201908,201909,201910,201911,201912,202001,202002,202003",X,-0.753702346348183,3,0.753702346348183,regulated_to_intermediary,842,미국
270,29,초산에틸(3차재심),291531,일본,미국,대한민국,392,"201907,201908,201909,201910,201911,201912,202001,202002,202003",X,-0.753702346348183,3,0.753702346348183,regulated_to_importer,410,대한민국
271,46,수산화알루미늄,281830,호주,독일,대한민국,36,"202304,202305,202306,202307,202308,202309,202310,202311,202312",X,-0.753702346348183,1,0.753702346348183,regulated_to_intermediary,276,독일
271,46,수산화알루미늄,281830,호주,독일,대한민국,36,"202304,202305,202306,202307,202308,202309,202310,202311,202312",X,-0.753702346348183,1,0.753702346348183,regulated_to_importer,410,대한민국
272,54,OPP필름,392020,중국,프랑스,대한민국,156,"202504,202505,202506,202507,202508,202509,202510,202511,202512",X,-0.753702346348183,0,0.753702346348183,regulated_to_intermediary,251,프랑스
272,54,OPP필름,392020,중국,프랑스,대한민국,156,"202504,202505,202506,202507,202508,202509,202510,202511,202512",X,-0.753702346348183,0,0.753702346348183,regulated_to_importer,410,대한민국
273,3,폴리에스터 장섬유 부분연신사(1차재심),540246,대만,인도,대한민국,490,"201207,201208,201209,201210,201211,201212,201301,201302,201303",X,-0.750366479376867,1,0.750366479376867,regulated_to_intermediary,699,인도
273,3,폴리에스터 장섬유 부분연신사(1차재심),540246,대만,인도,대한민국,490,"201207,201208,201209,201210,201211,201212,201301,201302,201303",X,-0.750366479376867,1,0.750366479376867,regulated_to_importer,410,대한민국
274,19,PET필름(2차재심),392062,인도,벨기에,대한민국,699,"201601,201602,201603,201604,201605,201606,201607,201608,201609",X,-0.7356123579206245,1,0.7356123579206245,regulated_to_intermediary,56,벨기에
274,19,PET필름(2차재심),392062,인도,벨기에,대한민국,699,"201601,201602,201603,201604,201605,201606,201607,201608,201609",X,-0.7356123579206245,1,0.7356123579206245,regulated_to_importer,410,대한민국
275,6,스테인레스스틸바(2차재심),7222,스페인,미국,대한민국,724,"201311,201312,201401,201402,201403,201404,201405,201406,201407",X,-0.7247137945655605,0,0.7247137945655605,regulated_to_intermediary,842,미국
275,6,스테인레스스틸바(2차재심),7222,스페인,미국,대한민국,724,"201311,201312,201401,201402,201403,201404,201405,201406,201407",X,-0.7247137945655605,0,0.7247137945655605,regulated_to_importer,410,대한민국
276,6,스테인레스스틸바(2차재심),7222,스페인,싱가포르,대한민국,724,"201311,201312,201401,201402,201403,201404,201405,201406,201407",X,-0.7247137945655605,1,0.7247137945655605,regulated_to_intermediary,702,싱가포르
276,6,스테인레스스틸바(2차재심),7222,스페인,싱가포르,대한민국,724,"201311,201312,201401,201402,201403,201404,201405,201406,201407",X,-0.7247137945655605,1,0.7247137945655605,regulated_to_importer,410,대한민국
277,9,OPP필름,392020,태국,이탈리아,대한민국,764,"201312,201401,201402,201403,201404,201405,201406,201407,201408",X,-0.7247137945655605,0,0.7247137945655605,regulated_to_intermediary,380,이탈리아
277,9,OPP필름,392020,태국,이탈리아,대한민국,764,"201312,201401,201402,201403,201404,201405,201406,201407,201408",X,-0.7247137945655605,0,0.7247137945655605,regulated_to_importer,410,대한민국
278,37,스테인리스스틸바,7222,인도,네덜란드,대한민국,699,"202101,202102,202103,202104,202105,202106,202107,202108,202109",X,-0.7247137945655605,1,0.7247137945655605,regulated_to_intermediary,528,네덜란드
278,37,스테인리스스틸바,7222,인도,네덜란드,대한민국,699,"202101,202102,202103,202104,202105,202106,202107,202108,202109",X,-0.7247137945655605,1,0.7247137945655605,regulated_to_importer,410,대한민국
279,54,OPP필름,392020,중국,영국,대한민국,156,"202504,202505,202506,202507,202508,202509,202510,202511,202512",X,-0.7247137945655605,2,0.7247137945655605,regulated_to_intermediary,826,영국
279,54,OPP필름,392020,중국,영국,대한민국,156,"202504,202505,202506,202507,202508,202509,202510,202511,202512",X,-0.7247137945655605,2,0.7247137945655605,regulated_to_importer,410,대한민국
280,2,크라프트지(1차재심),4804,미국,태국,대한민국,842,"201204,201205,201206,201207,201208,201209,201210,201211,201212",X,-0.7142857142857143,0,0.7142857142857143,regulated_to_intermediary,764,태국
280,2,크라프트지(1차재심),4804,미국,태국,대한민국,842,"201204,201205,201206,201207,201208,201209,201210,201211,201212",X,-0.7142857142857143,0,0.7142857142857143,regulated_to_importer,410,대한민국
281,2,크라프트지(1차재심),4804,중국,호주,대한민국,156,"201204,201205,201206,201207,201208,201209,201210,201211,201212",X,-0.7142857142857143,0,0.7142857142857143,regulated_to_intermediary,36,호주
281,2,크라프트지(1차재심),4804,중국,호주,대한민국,156,"201204,201205,201206,201207,201208,201209,201210,201211,201212",X,-0.7142857142857143,0,0.7142857142857143,regulated_to_importer,410,대한민국
282,2,크라프트지(1차재심),4804,캐나다,뉴질랜드,대한민국,124,"201204,201205,201206,201207,201208,201209,201210,201211,201212",X,-0.7142857142857143,3,0.7142857142857143,regulated_to_intermediary,554,뉴질랜드
282,2,크라프트지(1차재심),4804,캐나다,뉴질랜드,대한민국,124,"201204,201205,201206,201207,201208,201209,201210,201211,201212",X,-0.7142857142857143,3,0.7142857142857143,regulated_to_importer,410,대한민국
283,8,폴리에스테르 장섬유 연신가공사(2차재심),5402,대만,캐나다,대한민국,490,"201312,201401,201402,201403,201404,201405,201406,201407,201408",X,-0.7142857142857143,3,0.7142857142857143,regulated_to_intermediary,124,캐나다
283,8,폴리에스테르 장섬유 연신가공사(2차재심),5402,대만,캐나다,대한민국,490,"201312,201401,201402,201403,201404,201405,201406,201407,201408",X,-0.7142857142857143,3,0.7142857142857143,regulated_to_importer,410,대한민국
284,8,폴리에스테르 장섬유 연신가공사(2차재심),5402,말레이시아,캐나다,대한민국,458,"201312,201401,201402,201403,201404,201405,201406,201407,201408",X,-0.7142857142857143,3,0.7142857142857143,regulated_to_intermediary,124,캐나다
284,8,폴리에스테르 장섬유 연신가공사(2차재심),5402,말레이시아,캐나다,대한민국,458,"201312,201401,201402,201403,201404,201405,201406,201407,201408",X,-0.7142857142857143,3,0.7142857142857143,regulated_to_importer,410,대한민국
285,9,OPP필름,392020,인도네시아,프랑스,대한민국,360,"201312,201401,201402,201403,201404,201405,201406,201407,201408",X,-0.7142857142857143,1,0.7142857142857143,regulated_to_intermediary,251,프랑스
285,9,OPP필름,392020,인도네시아,프랑스,대한민국,360,"201312,201401,201402,201403,201404,201405,201406,201407,201408",X,-0.7142857142857143,1,0.7142857142857143,regulated_to_importer,410,대한민국
286,9,OPP필름,392020,중국,영국,대한민국,156,"201312,201401,201402,201403,201404,201405,201406,201407,201408",X,-0.7142857142857143,0,0.7142857142857143,regulated_to_intermediary,826,영국
286,9,OPP필름,392020,중국,영국,대한민국,156,"201312,201401,201402,201403,201404,201405,201406,201407,201408",X,-0.7142857142857143,0,0.7142857142857143,regulated_to_importer,410,대한민국
287,9,OPP필름,392020,중국,인도,대한민국,156,"201312,201401,201402,201403,201404,201405,201406,201407,201408",X,-0.7142857142857143,2,0.7142857142857143,regulated_to_intermediary,699,인도
287,9,OPP필름,392020,중국,인도,대한민국,156,"201312,201401,201402,201403,201404,201405,201406,201407,201408",X,-0.7142857142857143,2,0.7142857142857143,regulated_to_importer,410,대한민국
288,10,합판(1차재심),4412,말레이시아,인도네시아,대한민국,458,"201409,201410,201411,201412,201501,201502,201503,201504,201505",X,-0.7142857142857143,1,0.7142857142857143,regulated_to_intermediary,360,인도네시아
288,10,합판(1차재심),4412,말레이시아,인도네시아,대한민국,458,"201409,201410,201411,201412,201501,201502,201503,201504,201505",X,-0.7142857142857143,1,0.7142857142857143,regulated_to_importer,410,대한민국
289,11,두꺼운 PET필름,392062,일본,아랍에미리트 연합,대한민국,392,"201412,201501,201502,201503,201504,201505,201506,201507,201508",X,-0.7142857142857143,2,0.7142857142857143,regulated_to_intermediary,784,아랍에미리트 연합
289,11,두꺼운 PET필름,392062,일본,아랍에미리트 연합,대한민국,392,"201412,201501,201502,201503,201504,201505,201506,201507,201508",X,-0.7142857142857143,2,0.7142857142857143,regulated_to_importer,410,대한민국
290,13,공기압 전송용 밸브,848120,일본,노르웨이,대한민국,392,"201508,201509,201510,201511,201512,201601,201602,201603,201604",X,-0.7142857142857143,3,0.7142857142857143,regulated_to_intermediary,579,노르웨이
290,13,공기압 전송용 밸브,848120,일본,노르웨이,대한민국,392,"201508,201509,201510,201511,201512,201601,201602,201603,201604",X,-0.7142857142857143,3,0.7142857142857143,regulated_to_importer,410,대한민국
291,13,공기압 전송용 밸브,848120,일본,독일,대한민국,392,"201508,201509,201510,201511,201512,201601,201602,201603,201604",X,-0.7142857142857143,1,0.7142857142857143,regulated_to_intermediary,276,독일
291,13,공기압 전송용 밸브,848120,일본,독일,대한민국,392,"201508,201509,201510,201511,201512,201601,201602,201603,201604",X,-0.7142857142857143,1,0.7142857142857143,regulated_to_importer,410,대한민국
292,13,공기압 전송용 밸브,848120,일본,벨기에,대한민국,392,"201508,201509,201510,201511,201512,201601,201602,201603,201604",X,-0.7142857142857143,1,0.7142857142857143,regulated_to_intermediary,56,벨기에
292,13,공기압 전송용 밸브,848120,일본,벨기에,대한민국,392,"201508,201509,201510,201511,201512,201601,201602,201603,201604",X,-0.7142857142857143,1,0.7142857142857143,regulated_to_importer,410,대한민국
293,13,공기압 전송용 밸브,848120,일본,스웨덴,대한민국,392,"201508,201509,201510,201511,201512,201601,201602,201603,201604",X,-0.7142857142857143,1,0.7142857142857143,regulated_to_intermediary,752,스웨덴
293,13,공기압 전송용 밸브,848120,일본,스웨덴,대한민국,392,"201508,201509,201510,201511,201512,201601,201602,201603,201604",X,-0.7142857142857143,1,0.7142857142857143,regulated_to_importer,410,대한민국
294,19,PET필름(2차재심),392062,인도,튀르키예,대한민국,699,"201601,201602,201603,201604,201605,201606,201607,201608,201609",X,-0.7142857142857143,2,0.7142857142857143,regulated_to_intermediary,792,튀르키예
294,19,PET필름(2차재심),392062,인도,튀르키예,대한민국,699,"201601,201602,201603,201604,201605,201606,201607,201608,201609",X,-0.7142857142857143,2,0.7142857142857143,regulated_to_importer,410,대한민국
295,20,침엽수 합판,441232,중국,라트비아,대한민국,156,"201603,201604,201605,201606,201607,201608,201609,201610,201611",X,-0.7142857142857143,1,0.7142857142857143,regulated_to_intermediary,428,라트비아
295,20,침엽수 합판,441232,중국,라트비아,대한민국,156,"201603,201604,201605,201606,201607,201608,201609,201610,201611",X,-0.7142857142857143,1,0.7142857142857143,regulated_to_importer,410,대한민국
296,22,합판(2차재심),4412,말레이시아,스웨덴,대한민국,458,"201705,201706,201707,201708,201709,201710,201711,201712,201801",X,-0.7142857142857143,1,0.7142857142857143,regulated_to_intermediary,752,스웨덴
296,22,합판(2차재심),4412,말레이시아,스웨덴,대한민국,458,"201705,201706,201707,201708,201709,201710,201711,201712,201801",X,-0.7142857142857143,1,0.7142857142857143,regulated_to_importer,410,대한민국
297,23,합판(1차재심),4412,중국,미국,대한민국,156,"201705,201706,201707,201708,201709,201710,201711,201712,201801",X,-0.7142857142857143,1,0.7142857142857143,regulated_to_intermediary,842,미국
297,23,합판(1차재심),4412,중국,미국,대한민국,156,"201705,201706,201707,201708,201709,201710,201711,201712,201801",X,-0.7142857142857143,1,0.7142857142857143,regulated_to_importer,410,대한민국
298,23,합판(1차재심),4412,중국,베트남,대한민국,156,"201705,201706,201707,201708,201709,201710,201711,201712,201801",X,-0.7142857142857143,1,0.7142857142857143,regulated_to_intermediary,704,베트남
298,23,합판(1차재심),4412,중국,베트남,대한민국,156,"201705,201706,201707,201708,201709,201710,201711,201712,201801",X,-0.7142857142857143,1,0.7142857142857143,regulated_to_importer,410,대한민국
299,26,PET필름,392062,태국,미국,대한민국,764,"201804,201805,201806,201807,201808,201809,201810,201811,201812",X,-0.7142857142857143,0,0.7142857142857143,regulated_to_intermediary,842,미국
299,26,PET필름,392062,태국,미국,대한민국,764,"201804,201805,201806,201807,201808,201809,201810,201811,201812",X,-0.7142857142857143,0,0.7142857142857143,regulated_to_importer,410,대한민국
300,26,PET필름,392062,태국,베트남,대한민국,764,"201804,201805,201806,201807,201808,201809,201810,201811,201812",X,-0.7142857142857143,3,0.7142857142857143,regulated_to_intermediary,704,베트남
300,26,PET필름,392062,태국,베트남,대한민국,764,"201804,201805,201806,201807,201808,201809,201810,201811,201812",X,-0.7142857142857143,3,0.7142857142857143,regulated_to_importer,410,대한민국
301,29,초산에틸(3차재심),291531,일본,독일,대한민국,392,"201907,201908,201909,201910,201911,201912,202001,202002,202003",X,-0.7142857142857143,2,0.7142857142857143,regulated_to_intermediary,276,독일
301,29,초산에틸(3차재심),291531,일본,독일,대한민국,392,"201907,201908,201909,201910,201911,201912,202001,202002,202003",X,-0.7142857142857143,2,0.7142857142857143,regulated_to_importer,410,대한민국
302,31,OPP필름(1차재심),392020,인도네시아,일본,대한민국,360,"201908,201909,201910,201911,201912,202001,202002,202003,202004",X,-0.7142857142857143,2,0.7142857142857143,regulated_to_intermediary,392,일본
302,31,OPP필름(1차재심),392020,인도네시아,일본,대한민국,360,"201908,201909,201910,201911,201912,202001,202002,202003,202004",X,-0.7142857142857143,2,0.7142857142857143,regulated_to_importer,410,대한민국
303,31,OPP필름(1차재심),392020,태국,영국,대한민국,764,"201908,201909,201910,201911,201912,202001,202002,202003,202004",X,-0.7142857142857143,2,0.7142857142857143,regulated_to_intermediary,826,영국
303,31,OPP필름(1차재심),392020,태국,영국,대한민국,764,"201908,201909,201910,201911,201912,202001,202002,202003,202004",X,-0.7142857142857143,2,0.7142857142857143,regulated_to_importer,410,대한민국
304,32,PET필름(3차재심),392062,인도,말레이시아,대한민국,699,"201909,201910,201911,201912,202001,202002,202003,202004,202005",X,-0.7142857142857143,2,0.7142857142857143,regulated_to_intermediary,458,말레이시아
304,32,PET필름(3차재심),392062,인도,말레이시아,대한민국,699,"201909,201910,201911,201912,202001,202002,202003,202004,202005",X,-0.7142857142857143,2,0.7142857142857143,regulated_to_importer,410,대한민국
305,32,PET필름(3차재심),392062,중국,대만,대한민국,156,"201909,201910,201911,201912,202001,202002,202003,202004,202005",X,-0.7142857142857143,1,0.7142857142857143,regulated_to_intermediary,158,대만
305,32,PET필름(3차재심),392062,중국,대만,대한민국,156,"201909,201910,201911,201912,202001,202002,202003,202004,202005",X,-0.7142857142857143,1,0.7142857142857143,regulated_to_importer,410,대한민국
306,32,PET필름(3차재심),392062,중국,바레인,대한민국,156,"201909,201910,201911,201912,202001,202002,202003,202004,202005",X,-0.7142857142857143,2,0.7142857142857143,regulated_to_intermediary,48,바레인
306,32,PET필름(3차재심),392062,중국,바레인,대한민국,156,"201909,201910,201911,201912,202001,202002,202003,202004,202005",X,-0.7142857142857143,2,0.7142857142857143,regulated_to_importer,410,대한민국
307,33,스테인리스 스틸바,7222,일본,독일,대한민국,392,"202005,202006,202007,202008,202009,202010,202011,202012,202101",X,-0.7142857142857143,3,0.7142857142857143,regulated_to_intermediary,276,독일
307,33,스테인리스 스틸바,7222,일본,독일,대한민국,392,"202005,202006,202007,202008,202009,202010,202011,202012,202101",X,-0.7142857142857143,3,0.7142857142857143,regulated_to_importer,410,대한민국
308,33,스테인리스 스틸바,7222,일본,이탈리아,대한민국,392,"202005,202006,202007,202008,202009,202010,202011,202012,202101",X,-0.7142857142857143,3,0.7142857142857143,regulated_to_intermediary,380,이탈리아
308,33,스테인리스 스틸바,7222,일본,이탈리아,대한민국,392,"202005,202006,202007,202008,202009,202010,202011,202012,202101",X,-0.7142857142857143,3,0.7142857142857143,regulated_to_importer,410,대한민국
309,34,합판,4412,말레이시아,에스토니아,대한민국,458,"202011,202012,202101,202102,202103,202104,202105,202106,202107",X,-0.7142857142857143,2,0.7142857142857143,regulated_to_intermediary,233,에스토니아
309,34,합판,4412,말레이시아,에스토니아,대한민국,458,"202011,202012,202101,202102,202103,202104,202105,202106,202107",X,-0.7142857142857143,2,0.7142857142857143,regulated_to_importer,410,대한민국
310,35,합판,4412,중국,러시아 연방,대한민국,156,"202011,202012,202101,202102,202103,202104,202105,202106,202107",X,-0.7142857142857143,1,0.7142857142857143,regulated_to_intermediary,643,러시아 연방
310,35,합판,4412,중국,러시아 연방,대한민국,156,"202011,202012,202101,202102,202103,202104,202105,202106,202107",X,-0.7142857142857143,1,0.7142857142857143,regulated_to_importer,410,대한민국
311,35,합판,4412,중국,루마니아,대한민국,156,"202011,202012,202101,202102,202103,202104,202105,202106,202107",X,-0.7142857142857143,0,0.7142857142857143,regulated_to_intermediary,642,루마니아
311,35,합판,4412,중국,루마니아,대한민국,156,"202011,202012,202101,202102,202103,202104,202105,202106,202107",X,-0.7142857142857143,0,0.7142857142857143,regulated_to_importer,410,대한민국
312,35,합판,4412,중국,베트남,대한민국,156,"202011,202012,202101,202102,202103,202104,202105,202106,202107",X,-0.7142857142857143,3,0.7142857142857143,regulated_to_intermediary,704,베트남
312,35,합판,4412,중국,베트남,대한민국,156,"202011,202012,202101,202102,202103,202104,202105,202106,202107",X,-0.7142857142857143,3,0.7142857142857143,regulated_to_importer,410,대한민국
313,35,합판,4412,중국,벨기에,대한민국,156,"202011,202012,202101,202102,202103,202104,202105,202106,202107",X,-0.7142857142857143,2,0.7142857142857143,regulated_to_intermediary,56,벨기에
313,35,합판,4412,중국,벨기에,대한민국,156,"202011,202012,202101,202102,202103,202104,202105,202106,202107",X,-0.7142857142857143,2,0.7142857142857143,regulated_to_importer,410,대한민국
314,35,합판,4412,중국,헝가리,대한민국,156,"202011,202012,202101,202102,202103,202104,202105,202106,202107",X,-0.7142857142857143,1,0.7142857142857143,regulated_to_intermediary,348,헝가리
314,35,합판,4412,중국,헝가리,대한민국,156,"202011,202012,202101,202102,202103,202104,202105,202106,202107",X,-0.7142857142857143,1,0.7142857142857143,regulated_to_importer,410,대한민국
315,36,합판,4412,베트남,독일,대한민국,704,"202011,202012,202101,202102,202103,202104,202105,202106,202107",X,-0.7142857142857143,0,0.7142857142857143,regulated_to_intermediary,276,독일
315,36,합판,4412,베트남,독일,대한민국,704,"202011,202012,202101,202102,202103,202104,202105,202106,202107",X,-0.7142857142857143,0,0.7142857142857143,regulated_to_importer,410,대한민국
316,37,스테인리스스틸바,7222,스페인,독일,대한민국,724,"202101,202102,202103,202104,202105,202106,202107,202108,202109",X,-0.7142857142857143,3,0.7142857142857143,regulated_to_intermediary,276,독일
316,37,스테인리스스틸바,7222,스페인,독일,대한민국,724,"202101,202102,202103,202104,202105,202106,202107,202108,202109",X,-0.7142857142857143,3,0.7142857142857143,regulated_to_importer,410,대한민국
317,37,스테인리스스틸바,7222,스페인,베트남,대한민국,724,"202101,202102,202103,202104,202105,202106,202107,202108,202109",X,-0.7142857142857143,1,0.7142857142857143,regulated_to_intermediary,704,베트남
317,37,스테인리스스틸바,7222,스페인,베트남,대한민국,724,"202101,202102,202103,202104,202105,202106,202107,202108,202109",X,-0.7142857142857143,1,0.7142857142857143,regulated_to_importer,410,대한민국
318,37,스테인리스스틸바,7222,스페인,오스트리아,대한민국,724,"202101,202102,202103,202104,202105,202106,202107,202108,202109",X,-0.7142857142857143,3,0.7142857142857143,regulated_to_intermediary,40,오스트리아
318,37,스테인리스스틸바,7222,스페인,오스트리아,대한민국,724,"202101,202102,202103,202104,202105,202106,202107,202108,202109",X,-0.7142857142857143,3,0.7142857142857143,regulated_to_importer,410,대한민국
319,37,스테인리스스틸바,7222,인도,중국,대한민국,699,"202101,202102,202103,202104,202105,202106,202107,202108,202109",X,-0.7142857142857143,0,0.7142857142857143,regulated_to_intermediary,156,중국
319,37,스테인리스스틸바,7222,인도,중국,대한민국,699,"202101,202102,202103,202104,202105,202106,202107,202108,202109",X,-0.7142857142857143,0,0.7142857142857143,regulated_to_importer,410,대한민국
320,37,스테인리스스틸바,7222,일본,오스트리아,대한민국,392,"202101,202102,202103,202104,202105,202106,202107,202108,202109",X,-0.7142857142857143,0,0.7142857142857143,regulated_to_intermediary,40,오스트리아
320,37,스테인리스스틸바,7222,일본,오스트리아,대한민국,392,"202101,202102,202103,202104,202105,202106,202107,202108,202109",X,-0.7142857142857143,0,0.7142857142857143,regulated_to_importer,410,대한민국
321,45,폴리아미드필름,392092,중국,일본,대한민국,156,"202302,202303,202304,202305,202306,202307,202308,202309,202310",X,-0.7142857142857143,2,0.7142857142857143,regulated_to_intermediary,392,일본
321,45,폴리아미드필름,392092,중국,일본,대한민국,156,"202302,202303,202304,202305,202306,202307,202308,202309,202310",X,-0.7142857142857143,2,0.7142857142857143,regulated_to_importer,410,대한민국
322,46,수산화알루미늄,281830,중국,인도,대한민국,156,"202304,202305,202306,202307,202308,202309,202310,202311,202312",X,-0.7142857142857143,3,0.7142857142857143,regulated_to_intermediary,699,인도
322,46,수산화알루미늄,281830,중국,인도,대한민국,156,"202304,202305,202306,202307,202308,202309,202310,202311,202312",X,-0.7142857142857143,3,0.7142857142857143,regulated_to_importer,410,대한민국
323,47,페로실리코망간,720230,베트남,말레이시아,대한민국,704,"202307,202308,202309,202310,202311,202312,202401,202402,202403",X,-0.7142857142857143,1,0.7142857142857143,regulated_to_intermediary,458,말레이시아
323,47,페로실리코망간,720230,베트남,말레이시아,대한민국,704,"202307,202308,202309,202310,202311,202312,202401,202402,202403",X,-0.7142857142857143,1,0.7142857142857143,regulated_to_importer,410,대한민국
324,48,도공(coated) 인쇄용지,4810,일본,영국,대한민국,392,"202403,202404,202405,202406,202407,202408,202409,202410,202411",X,-0.7142857142857143,1,0.7142857142857143,regulated_to_intermediary,826,영국
324,48,도공(coated) 인쇄용지,4810,일본,영국,대한민국,392,"202403,202404,202405,202406,202407,202408,202409,202410,202411",X,-0.7142857142857143,1,0.7142857142857143,regulated_to_importer,410,대한민국
325,48,도공(coated) 인쇄용지,4810,일본,필리핀,대한민국,392,"202403,202404,202405,202406,202407,202408,202409,202410,202411",X,-0.7142857142857143,0,0.7142857142857143,regulated_to_intermediary,608,필리핀
325,48,도공(coated) 인쇄용지,4810,일본,필리핀,대한민국,392,"202403,202404,202405,202406,202407,202408,202409,202410,202411",X,-0.7142857142857143,0,0.7142857142857143,regulated_to_importer,410,대한민국
326,48,도공(coated) 인쇄용지,4810,중국,뉴질랜드,대한민국,156,"202403,202404,202405,202406,202407,202408,202409,202410,202411",X,-0.7142857142857143,1,0.7142857142857143,regulated_to_intermediary,554,뉴질랜드
326,48,도공(coated) 인쇄용지,4810,중국,뉴질랜드,대한민국,156,"202403,202404,202405,202406,202407,202408,202409,202410,202411",X,-0.7142857142857143,1,0.7142857142857143,regulated_to_importer,410,대한민국
327,48,도공(coated) 인쇄용지,4810,중국,말레이시아,대한민국,156,"202403,202404,202405,202406,202407,202408,202409,202410,202411",X,-0.7142857142857143,1,0.7142857142857143,regulated_to_intermediary,458,말레이시아
327,48,도공(coated) 인쇄용지,4810,중국,말레이시아,대한민국,156,"202403,202404,202405,202406,202407,202408,202409,202410,202411",X,-0.7142857142857143,1,0.7142857142857143,regulated_to_importer,410,대한민국
328,50,합판,4412,중국,러시아 연방,대한민국,156,"202407,202408,202409,202410,202411,202412,202501,202502,202503",X,-0.7142857142857143,3,0.7142857142857143,regulated_to_intermediary,643,러시아 연방
328,50,합판,4412,중국,러시아 연방,대한민국,156,"202407,202408,202409,202410,202411,202412,202501,202502,202503",X,-0.7142857142857143,3,0.7142857142857143,regulated_to_importer,410,대한민국
329,54,OPP필름,392020,태국,영국,대한민국,764,"202504,202505,202506,202507,202508,202509,202510,202511,202512",X,-0.7142857142857143,1,0.7142857142857143,regulated_to_intermediary,826,영국
329,54,OPP필름,392020,태국,영국,대한민국,764,"202504,202505,202506,202507,202508,202509,202510,202511,202512",X,-0.7142857142857143,1,0.7142857142857143,regulated_to_importer,410,대한민국
330,44,이음매없는동관,7411,중국,프랑스,대한민국,156,"202303,202304,202305,202306,202307,202308,202309,202310,202311",X,-0.7061878636037996,2,0.7061878636037996,regulated_to_intermediary,251,프랑스
330,44,이음매없는동관,7411,중국,프랑스,대한민국,156,"202303,202304,202305,202306,202307,202308,202309,202310,202311",X,-0.7061878636037996,2,0.7061878636037996,regulated_to_importer,410,대한민국
331,1,PET필름(1차재심),392062,중국,이탈리아,대한민국,156,"201205,201206,201207,201208,201209,201210,201211,201212,201301",X,-0.6982532518267538,1,0.6982532518267538,regulated_to_intermediary,380,이탈리아
331,1,PET필름(1차재심),392062,중국,이탈리아,대한민국,156,"201205,201206,201207,201208,201209,201210,201211,201212,201301",X,-0.6982532518267538,1,0.6982532518267538,regulated_to_importer,410,대한민국
332,3,폴리에스터 장섬유 부분연신사(1차재심),540246,중국,인도,대한민국,156,"201207,201208,201209,201210,201211,201212,201301,201302,201303",X,-0.6982532518267538,1,0.6982532518267538,regulated_to_intermediary,699,인도
332,3,폴리에스터 장섬유 부분연신사(1차재심),540246,중국,인도,대한민국,156,"201207,201208,201209,201210,201211,201212,201301,201302,201303",X,-0.6982532518267538,1,0.6982532518267538,regulated_to_importer,410,대한민국
333,6,스테인레스스틸바(2차재심),7222,일본,스위스,대한민국,392,"201311,201312,201401,201402,201403,201404,201405,201406,201407",X,-0.6982532518267538,2,0.6982532518267538,regulated_to_intermediary,757,스위스
333,6,스테인레스스틸바(2차재심),7222,일본,스위스,대한민국,392,"201311,201312,201401,201402,201403,201404,201405,201406,201407",X,-0.6982532518267538,2,0.6982532518267538,regulated_to_importer,410,대한민국
334,7,합판,4412,중국,스웨덴,대한민국,156,"201311,201312,201401,201402,201403,201404,201405,201406,201407",X,-0.6982532518267538,0,0.6982532518267538,regulated_to_intermediary,752,스웨덴
334,7,합판,4412,중국,스웨덴,대한민국,156,"201311,201312,201401,201402,201403,201404,201405,201406,201407",X,-0.6982532518267538,0,0.6982532518267538,regulated_to_importer,410,대한민국
335,9,OPP필름,392020,인도네시아,슬로베니아,대한민국,360,"201312,201401,201402,201403,201404,201405,201406,201407,201408",X,-0.6982532518267538,0,0.6982532518267538,regulated_to_intermediary,705,슬로베니아
335,9,OPP필름,392020,인도네시아,슬로베니아,대한민국,360,"201312,201401,201402,201403,201404,201405,201406,201407,201408",X,-0.6982532518267538,0,0.6982532518267538,regulated_to_importer,410,대한민국
336,14,합판(신규공급자조사),4412,중국,노르웨이,대한민국,156,"201402,201403,201404,201405,201406,201407,201408,201409,201410",X,-0.6982532518267538,3,0.6982532518267538,regulated_to_intermediary,579,노르웨이
336,14,합판(신규공급자조사),4412,중국,노르웨이,대한민국,156,"201402,201403,201404,201405,201406,201407,201408,201409,201410",X,-0.6982532518267538,3,0.6982532518267538,regulated_to_importer,410,대한민국
337,15,합판(신규공급자조사),4412,중국,노르웨이,대한민국,156,"201402,201403,201404,201405,201406,201407,201408,201409,201410",X,-0.6982532518267538,3,0.6982532518267538,regulated_to_intermediary,579,노르웨이
337,15,합판(신규공급자조사),4412,중국,노르웨이,대한민국,156,"201402,201403,201404,201405,201406,201407,201408,201409,201410",X,-0.6982532518267538,3,0.6982532518267538,regulated_to_importer,410,대한민국
338,16,합판(신규공급자조사),4412,중국,노르웨이,대한민국,156,"201402,201403,201404,201405,201406,201407,201408,201409,201410",X,-0.6982532518267538,3,0.6982532518267538,regulated_to_intermediary,579,노르웨이
338,16,합판(신규공급자조사),4412,중국,노르웨이,대한민국,156,"201402,201403,201404,201405,201406,201407,201408,201409,201410",X,-0.6982532518267538,3,0.6982532518267538,regulated_to_importer,410,대한민국
339,37,스테인리스스틸바,7222,일본,아일랜드,대한민국,392,"202101,202102,202103,202104,202105,202106,202107,202108,202109",X,-0.6982532518267538,0,0.6982532518267538,regulated_to_intermediary,372,아일랜드
339,37,스테인리스스틸바,7222,일본,아일랜드,대한민국,392,"202101,202102,202103,202104,202105,202106,202107,202108,202109",X,-0.6982532518267538,0,0.6982532518267538,regulated_to_importer,410,대한민국
340,44,이음매없는동관,7411,중국,슬로베니아,대한민국,156,"202303,202304,202305,202306,202307,202308,202309,202310,202311",X,-0.6982532518267538,1,0.6982532518267538,regulated_to_intermediary,705,슬로베니아
340,44,이음매없는동관,7411,중국,슬로베니아,대한민국,156,"202303,202304,202305,202306,202307,202308,202309,202310,202311",X,-0.6982532518267538,1,0.6982532518267538,regulated_to_importer,410,대한민국
341,48,도공(coated) 인쇄용지,4810,일본,덴마크,대한민국,392,"202403,202404,202405,202406,202407,202408,202409,202410,202411",X,-0.6982532518267538,3,0.6982532518267538,regulated_to_intermediary,208,덴마크
341,48,도공(coated) 인쇄용지,4810,일본,덴마크,대한민국,392,"202403,202404,202405,202406,202407,202408,202409,202410,202411",X,-0.6982532518267538,3,0.6982532518267538,regulated_to_importer,410,대한민국
342,54,OPP필름,392020,태국,프랑스,대한민국,764,"202504,202505,202506,202507,202508,202509,202510,202511,202512",X,-0.6982532518267538,3,0.6982532518267538,regulated_to_intermediary,251,프랑스
342,54,OPP필름,392020,태국,프랑스,대한민국,764,"202504,202505,202506,202507,202508,202509,202510,202511,202512",X,-0.6982532518267538,3,0.6982532518267538,regulated_to_importer,410,대한민국
343,10,합판(1차재심),4412,말레이시아,인도,대한민국,458,"201409,201410,201411,201412,201501,201502,201503,201504,201505",X,-0.6957252427829382,2,0.6957252427829382,regulated_to_intermediary,699,인도
343,10,합판(1차재심),4412,말레이시아,인도,대한민국,458,"201409,201410,201411,201412,201501,201502,201503,201504,201505",X,-0.6957252427829382,2,0.6957252427829382,regulated_to_importer,410,대한민국
344,48,도공(coated) 인쇄용지,4810,핀란드,이스라엘,대한민국,246,"202403,202404,202405,202406,202407,202408,202409,202410,202411",X,-0.6957252427829382,2,0.6957252427829382,regulated_to_intermediary,376,이스라엘
344,48,도공(coated) 인쇄용지,4810,핀란드,이스라엘,대한민국,246,"202403,202404,202405,202406,202407,202408,202409,202410,202411",X,-0.6957252427829382,2,0.6957252427829382,regulated_to_importer,410,대한민국
345,48,도공(coated) 인쇄용지,4810,핀란드,프랑스,대한민국,246,"202403,202404,202405,202406,202407,202408,202409,202410,202411",X,-0.6957252427829382,2,0.6957252427829382,regulated_to_intermediary,251,프랑스
345,48,도공(coated) 인쇄용지,4810,핀란드,프랑스,대한민국,246,"202403,202404,202405,202406,202407,202408,202409,202410,202411",X,-0.6957252427829382,2,0.6957252427829382,regulated_to_importer,410,대한민국
346,51,합판,4412,말레이시아,벨기에,대한민국,458,"202407,202408,202409,202410,202411,202412,202501,202502,202503",X,-0.6957252427829382,3,0.6957252427829382,regulated_to_intermediary,56,벨기에
346,51,합판,4412,말레이시아,벨기에,대한민국,458,"202407,202408,202409,202410,202411,202412,202501,202502,202503",X,-0.6957252427829382,3,0.6957252427829382,regulated_to_importer,410,대한민국
347,6,스테인레스스틸바(2차재심),7222,스페인,포루투갈,대한민국,724,"201311,201312,201401,201402,201403,201404,201405,201406,201407",X,-0.6957252427829381,1,0.6957252427829381,regulated_to_intermediary,620,포루투갈
347,6,스테인레스스틸바(2차재심),7222,스페인,포루투갈,대한민국,724,"201311,201312,201401,201402,201403,201404,201405,201406,201407",X,-0.6957252427829381,1,0.6957252427829381,regulated_to_importer,410,대한민국
348,5,염화콜린(2차재심),292310,인도,스페인,대한민국,699,"201308,201309,201310,201311,201312,201401,201402,201403,201404",X,-0.6878359394287946,1,0.6878359394287946,regulated_to_intermediary,724,스페인
348,5,염화콜린(2차재심),292310,인도,스페인,대한민국,699,"201308,201309,201310,201311,201312,201401,201402,201403,201404",X,-0.6878359394287946,1,0.6878359394287946,regulated_to_importer,410,대한민국
349,20,침엽수 합판,441232,중국,영국,대한민국,156,"201603,201604,201605,201606,201607,201608,201609,201610,201611",X,-0.6831300510639732,2,0.6831300510639732,regulated_to_intermediary,826,영국
349,20,침엽수 합판,441232,중국,영국,대한민국,156,"201603,201604,201605,201606,201607,201608,201609,201610,201611",X,-0.6831300510639732,2,0.6831300510639732,regulated_to_importer,410,대한민국
350,25,페로실리코망간,720230,베트남,노르웨이,대한민국,704,"201711,201712,201801,201802,201803,201804,201805,201806,201807",X,-0.6789347398332045,3,0.6789347398332045,regulated_to_intermediary,579,노르웨이
350,25,페로실리코망간,720230,베트남,노르웨이,대한민국,704,"201711,201712,201801,201802,201803,201804,201805,201806,201807",X,-0.6789347398332045,3,0.6789347398332045,regulated_to_importer,410,대한민국
351,0,초산에틸(1차재심),291531,일본,스웨덴,대한민국,392,"201203,201204,201205,201206,201207,201208,201209,201210,201211",X,-0.6761234037828133,0,0.6761234037828133,regulated_to_intermediary,752,스웨덴
351,0,초산에틸(1차재심),291531,일본,스웨덴,대한민국,392,"201203,201204,201205,201206,201207,201208,201209,201210,201211",X,-0.6761234037828133,0,0.6761234037828133,regulated_to_importer,410,대한민국
352,2,크라프트지(1차재심),4804,미국,홍콩,대한민국,842,"201204,201205,201206,201207,201208,201209,201210,201211,201212",X,-0.6761234037828133,0,0.6761234037828133,regulated_to_intermediary,344,홍콩
352,2,크라프트지(1차재심),4804,미국,홍콩,대한민국,842,"201204,201205,201206,201207,201208,201209,201210,201211,201212",X,-0.6761234037828133,0,0.6761234037828133,regulated_to_importer,410,대한민국
353,9,OPP필름,392020,인도네시아,네덜란드,대한민국,360,"201312,201401,201402,201403,201404,201405,201406,201407,201408",X,-0.6761234037828133,2,0.6761234037828133,regulated_to_intermediary,528,네덜란드
353,9,OPP필름,392020,인도네시아,네덜란드,대한민국,360,"201312,201401,201402,201403,201404,201405,201406,201407,201408",X,-0.6761234037828133,2,0.6761234037828133,regulated_to_importer,410,대한민국
354,9,OPP필름,392020,인도네시아,스페인,대한민국,360,"201312,201401,201402,201403,201404,201405,201406,201407,201408",X,-0.6761234037828133,0,0.6761234037828133,regulated_to_intermediary,724,스페인
354,9,OPP필름,392020,인도네시아,스페인,대한민국,360,"201312,201401,201402,201403,201404,201405,201406,201407,201408",X,-0.6761234037828133,0,0.6761234037828133,regulated_to_importer,410,대한민국
355,9,OPP필름,392020,태국,호주,대한민국,764,"201312,201401,201402,201403,201404,201405,201406,201407,201408",X,-0.6761234037828133,2,0.6761234037828133,regulated_to_intermediary,36,호주
355,9,OPP필름,392020,태국,호주,대한민국,764,"201312,201401,201402,201403,201404,201405,201406,201407,201408",X,-0.6761234037828133,2,0.6761234037828133,regulated_to_importer,410,대한민국
356,12,플로트판유리(2차재심),7005,중국,스페인,대한민국,156,"201501,201502,201503,201504,201505,201506,201507,201508,201509",X,-0.6761234037828133,1,0.6761234037828133,regulated_to_intermediary,724,스페인
356,12,플로트판유리(2차재심),7005,중국,스페인,대한민국,156,"201501,201502,201503,201504,201505,201506,201507,201508,201509",X,-0.6761234037828133,1,0.6761234037828133,regulated_to_importer,410,대한민국
357,19,PET필름(2차재심),392062,인도,이스라엘,대한민국,699,"201601,201602,201603,201604,201605,201606,201607,201608,201609",X,-0.6761234037828133,0,0.6761234037828133,regulated_to_intermediary,376,이스라엘
357,19,PET필름(2차재심),392062,인도,이스라엘,대한민국,699,"201601,201602,201603,201604,201605,201606,201607,201608,201609",X,-0.6761234037828133,0,0.6761234037828133,regulated_to_importer,410,대한민국
358,19,PET필름(2차재심),392062,인도,필리핀,대한민국,699,"201601,201602,201603,201604,201605,201606,201607,201608,201609",X,-0.6761234037828133,3,0.6761234037828133,regulated_to_intermediary,608,필리핀
358,19,PET필름(2차재심),392062,인도,필리핀,대한민국,699,"201601,201602,201603,201604,201605,201606,201607,201608,201609",X,-0.6761234037828133,3,0.6761234037828133,regulated_to_importer,410,대한민국
359,26,PET필름,392062,대만,네덜란드,대한민국,490,"201804,201805,201806,201807,201808,201809,201810,201811,201812",X,-0.6761234037828133,3,0.6761234037828133,regulated_to_intermediary,528,네덜란드
359,26,PET필름,392062,대만,네덜란드,대한민국,490,"201804,201805,201806,201807,201808,201809,201810,201811,201812",X,-0.6761234037828133,3,0.6761234037828133,regulated_to_importer,410,대한민국
360,26,PET필름,392062,태국,스위스,대한민국,764,"201804,201805,201806,201807,201808,201809,201810,201811,201812",X,-0.6761234037828133,3,0.6761234037828133,regulated_to_intermediary,757,스위스
360,26,PET필름,392062,태국,스위스,대한민국,764,"201804,201805,201806,201807,201808,201809,201810,201811,201812",X,-0.6761234037828133,3,0.6761234037828133,regulated_to_importer,410,대한민국
361,26,PET필름,392062,태국,이집트,대한민국,764,"201804,201805,201806,201807,201808,201809,201810,201811,201812",X,-0.6761234037828133,1,0.6761234037828133,regulated_to_intermediary,818,이집트
361,26,PET필름,392062,태국,이집트,대한민국,764,"201804,201805,201806,201807,201808,201809,201810,201811,201812",X,-0.6761234037828133,1,0.6761234037828133,regulated_to_importer,410,대한민국
362,26,PET필름,392062,태국,튀르키예,대한민국,764,"201804,201805,201806,201807,201808,201809,201810,201811,201812",X,-0.6761234037828133,1,0.6761234037828133,regulated_to_intermediary,792,튀르키예
362,26,PET필름,392062,태국,튀르키예,대한민국,764,"201804,201805,201806,201807,201808,201809,201810,201811,201812",X,-0.6761234037828133,1,0.6761234037828133,regulated_to_importer,410,대한민국
363,26,PET필름,392062,태국,필리핀,대한민국,764,"201804,201805,201806,201807,201808,201809,201810,201811,201812",X,-0.6761234037828133,2,0.6761234037828133,regulated_to_intermediary,608,필리핀
363,26,PET필름,392062,태국,필리핀,대한민국,764,"201804,201805,201806,201807,201808,201809,201810,201811,201812",X,-0.6761234037828133,2,0.6761234037828133,regulated_to_importer,410,대한민국
364,29,초산에틸(3차재심),291531,중국,사우디아라비아,대한민국,156,"201907,201908,201909,201910,201911,201912,202001,202002,202003",X,-0.6761234037828133,1,0.6761234037828133,regulated_to_intermediary,682,사우디아라비아
364,29,초산에틸(3차재심),291531,중국,사우디아라비아,대한민국,156,"201907,201908,201909,201910,201911,201912,202001,202002,202003",X,-0.6761234037828133,1,0.6761234037828133,regulated_to_importer,410,대한민국
365,33,스테인리스 스틸바,7222,일본,싱가포르,대한민국,392,"202005,202006,202007,202008,202009,202010,202011,202012,202101",X,-0.6761234037828133,1,0.6761234037828133,regulated_to_intermediary,702,싱가포르
365,33,스테인리스 스틸바,7222,일본,싱가포르,대한민국,392,"202005,202006,202007,202008,202009,202010,202011,202012,202101",X,-0.6761234037828133,1,0.6761234037828133,regulated_to_importer,410,대한민국
366,37,스테인리스스틸바,7222,일본,남아프리카공화국,대한민국,392,"202101,202102,202103,202104,202105,202106,202107,202108,202109",X,-0.6761234037828133,0,0.6761234037828133,regulated_to_intermediary,710,남아프리카공화국
366,37,스테인리스스틸바,7222,일본,남아프리카공화국,대한민국,392,"202101,202102,202103,202104,202105,202106,202107,202108,202109",X,-0.6761234037828133,0,0.6761234037828133,regulated_to_importer,410,대한민국
367,37,스테인리스스틸바,7222,일본,슬로바키아,대한민국,392,"202101,202102,202103,202104,202105,202106,202107,202108,202109",X,-0.6761234037828133,2,0.6761234037828133,regulated_to_intermediary,703,슬로바키아
367,37,스테인리스스틸바,7222,일본,슬로바키아,대한민국,392,"202101,202102,202103,202104,202105,202106,202107,202108,202109",X,-0.6761234037828133,2,0.6761234037828133,regulated_to_importer,410,대한민국
368,38,인쇄제판용 평면모양 사진 플레이트(옵셋 인쇄판),370130,중국,브라질,대한민국,156,"202105,202106,202107,202108,202109,202110,202111,202112,202201",X,-0.6761234037828133,1,0.6761234037828133,regulated_to_intermediary,76,브라질
368,38,인쇄제판용 평면모양 사진 플레이트(옵셋 인쇄판),370130,중국,브라질,대한민국,156,"202105,202106,202107,202108,202109,202110,202111,202112,202201",X,-0.6761234037828133,1,0.6761234037828133,regulated_to_importer,410,대한민국
369,39,PET필름,392062,대만,네덜란드,대한민국,490,"202112,202201,202202,202203,202204,202205,202206,202207,202208",X,-0.6761234037828133,1,0.6761234037828133,regulated_to_intermediary,528,네덜란드
369,39,PET필름,392062,대만,네덜란드,대한민국,490,"202112,202201,202202,202203,202204,202205,202206,202207,202208",X,-0.6761234037828133,1,0.6761234037828133,regulated_to_importer,410,대한민국
370,39,PET필름,392062,태국,네덜란드,대한민국,764,"202112,202201,202202,202203,202204,202205,202206,202207,202208",X,-0.6761234037828133,1,0.6761234037828133,regulated_to_intermediary,528,네덜란드
370,39,PET필름,392062,태국,네덜란드,대한민국,764,"202112,202201,202202,202203,202204,202205,202206,202207,202208",X,-0.6761234037828133,1,0.6761234037828133,regulated_to_importer,410,대한민국
371,47,페로실리코망간,720230,베트남,중국,대한민국,704,"202307,202308,202309,202310,202311,202312,202401,202402,202403",X,-0.6761234037828133,3,0.6761234037828133,regulated_to_intermediary,156,중국
371,47,페로실리코망간,720230,베트남,중국,대한민국,704,"202307,202308,202309,202310,202311,202312,202401,202402,202403",X,-0.6761234037828133,3,0.6761234037828133,regulated_to_importer,410,대한민국
372,47,페로실리코망간,720230,인도,중국,대한민국,699,"202307,202308,202309,202310,202311,202312,202401,202402,202403",X,-0.6761234037828133,3,0.6761234037828133,regulated_to_intermediary,156,중국
372,47,페로실리코망간,720230,인도,중국,대한민국,699,"202307,202308,202309,202310,202311,202312,202401,202402,202403",X,-0.6761234037828133,3,0.6761234037828133,regulated_to_importer,410,대한민국
373,48,도공(coated) 인쇄용지,4810,일본,멕시코,대한민국,392,"202403,202404,202405,202406,202407,202408,202409,202410,202411",X,-0.6761234037828133,2,0.6761234037828133,regulated_to_intermediary,484,멕시코
373,48,도공(coated) 인쇄용지,4810,일본,멕시코,대한민국,392,"202403,202404,202405,202406,202407,202408,202409,202410,202411",X,-0.6761234037828133,2,0.6761234037828133,regulated_to_importer,410,대한민국
374,52,합판,4412,베트남,프랑스,대한민국,704,"202407,202408,202409,202410,202411,202412,202501,202502,202503",X,-0.6761234037828133,2,0.6761234037828133,regulated_to_intermediary,251,프랑스
374,52,합판,4412,베트남,프랑스,대한민국,704,"202407,202408,202409,202410,202411,202412,202501,202502,202503",X,-0.6761234037828133,2,0.6761234037828133,regulated_to_importer,410,대한민국
375,54,OPP필름,392020,중국,대만,대한민국,156,"202504,202505,202506,202507,202508,202509,202510,202511,202512",X,-0.6761234037828133,3,0.6761234037828133,regulated_to_intermediary,158,대만
375,54,OPP필름,392020,중국,대만,대한민국,156,"202504,202505,202506,202507,202508,202509,202510,202511,202512",X,-0.6761234037828133,3,0.6761234037828133,regulated_to_importer,410,대한민국
376,54,OPP필름,392020,중국,핀란드,대한민국,156,"202504,202505,202506,202507,202508,202509,202510,202511,202512",X,-0.6761234037828133,0,0.6761234037828133,regulated_to_intermediary,246,핀란드
376,54,OPP필름,392020,중국,핀란드,대한민국,156,"202504,202505,202506,202507,202508,202509,202510,202511,202512",X,-0.6761234037828133,0,0.6761234037828133,regulated_to_importer,410,대한민국
377,59,탄소강과 그밖의 합금강 열간압연 후판제품,7208,중국,핀란드,대한민국,156,"202511,202512,202601,202602,202603,202604,202605,202606,202607",X,-0.6761234037828133,0,0.6761234037828133,regulated_to_intermediary,246,핀란드
377,59,탄소강과 그밖의 합금강 열간압연 후판제품,7208,중국,핀란드,대한민국,156,"202511,202512,202601,202602,202603,202604,202605,202606,202607",X,-0.6761234037828133,0,0.6761234037828133,regulated_to_importer,410,대한민국
378,4,알루미늄 보틀캔,761290,일본,스웨덴,대한민국,392,"201301,201302,201303,201304,201305,201306,201307,201308,201309",X,-0.6667366910003157,0,0.6667366910003157,regulated_to_intermediary,752,스웨덴
378,4,알루미늄 보틀캔,761290,일본,스웨덴,대한민국,392,"201301,201302,201303,201304,201305,201306,201307,201308,201309",X,-0.6667366910003157,0,0.6667366910003157,regulated_to_importer,410,대한민국
379,11,두꺼운 PET필름,392062,일본,싱가포르,대한민국,392,"201412,201501,201502,201503,201504,201505,201506,201507,201508",X,-0.6667366910003157,0,0.6667366910003157,regulated_to_intermediary,702,싱가포르
379,11,두꺼운 PET필름,392062,일본,싱가포르,대한민국,392,"201412,201501,201502,201503,201504,201505,201506,201507,201508",X,-0.6667366910003157,0,0.6667366910003157,regulated_to_importer,410,대한민국
380,13,공기압 전송용 밸브,848120,일본,홍콩,대한민국,392,"201508,201509,201510,201511,201512,201601,201602,201603,201604",X,-0.6667366910003157,1,0.6667366910003157,regulated_to_intermediary,344,홍콩
380,13,공기압 전송용 밸브,848120,일본,홍콩,대한민국,392,"201508,201509,201510,201511,201512,201601,201602,201603,201604",X,-0.6667366910003157,1,0.6667366910003157,regulated_to_importer,410,대한민국
381,26,PET필름,392062,대만,이탈리아,대한민국,490,"201804,201805,201806,201807,201808,201809,201810,201811,201812",X,-0.6667366910003157,2,0.6667366910003157,regulated_to_intermediary,380,이탈리아
381,26,PET필름,392062,대만,이탈리아,대한민국,490,"201804,201805,201806,201807,201808,201809,201810,201811,201812",X,-0.6667366910003157,2,0.6667366910003157,regulated_to_importer,410,대한민국
382,48,도공(coated) 인쇄용지,4810,중국,이스라엘,대한민국,156,"202403,202404,202405,202406,202407,202408,202409,202410,202411",X,-0.6667366910003157,0,0.6667366910003157,regulated_to_intermediary,376,이스라엘
382,48,도공(coated) 인쇄용지,4810,중국,이스라엘,대한민국,156,"202403,202404,202405,202406,202407,202408,202409,202410,202411",X,-0.6667366910003157,0,0.6667366910003157,regulated_to_importer,410,대한민국
383,53,PET수지,390761,중국,영국,대한민국,156,"202411,202412,202501,202502,202503,202504,202505,202506,202507",X,-0.6667366910003157,2,0.6667366910003157,regulated_to_intermediary,826,영국
383,53,PET수지,390761,중국,영국,대한민국,156,"202411,202412,202501,202502,202503,202504,202505,202506,202507",X,-0.6667366910003157,2,0.6667366910003157,regulated_to_importer,410,대한민국
384,21,부틸글리콜에테르,290943,미국,벨기에,대한민국,842,"201612,201701,201702,201703,201704,201705,201706,201707,201708",X,-0.6642111641550715,1,0.6642111641550715,regulated_to_intermediary,56,벨기에
384,21,부틸글리콜에테르,290943,미국,벨기에,대한민국,842,"201612,201701,201702,201703,201704,201705,201706,201707,201708",X,-0.6642111641550715,1,0.6642111641550715,regulated_to_importer,410,대한민국
385,21,부틸글리콜에테르,290943,미국,이탈리아,대한민국,842,"201612,201701,201702,201703,201704,201705,201706,201707,201708",X,-0.6642111641550715,2,0.6642111641550715,regulated_to_intermediary,380,이탈리아
385,21,부틸글리콜에테르,290943,미국,이탈리아,대한민국,842,"201612,201701,201702,201703,201704,201705,201706,201707,201708",X,-0.6642111641550715,2,0.6642111641550715,regulated_to_importer,410,대한민국
386,1,PET필름(1차재심),392062,중국,태국,대한민국,156,"201205,201206,201207,201208,201209,201210,201211,201212,201301",X,-0.6571428571428573,1,0.6571428571428573,regulated_to_intermediary,764,태국
386,1,PET필름(1차재심),392062,중국,태국,대한민국,156,"201205,201206,201207,201208,201209,201210,201211,201212,201301",X,-0.6571428571428573,1,0.6571428571428573,regulated_to_importer,410,대한민국
387,2,크라프트지(1차재심),4804,미국,러시아 연방,대한민국,842,"201204,201205,201206,201207,201208,201209,201210,201211,201212",X,-0.6571428571428573,1,0.6571428571428573,regulated_to_intermediary,643,러시아 연방
387,2,크라프트지(1차재심),4804,미국,러시아 연방,대한민국,842,"201204,201205,201206,201207,201208,201209,201210,201211,201212",X,-0.6571428571428573,1,0.6571428571428573,regulated_to_importer,410,대한민국
388,2,크라프트지(1차재심),4804,중국,뉴질랜드,대한민국,156,"201204,201205,201206,201207,201208,201209,201210,201211,201212",X,-0.6571428571428573,2,0.6571428571428573,regulated_to_intermediary,554,뉴질랜드
388,2,크라프트지(1차재심),4804,중국,뉴질랜드,대한민국,156,"201204,201205,201206,201207,201208,201209,201210,201211,201212",X,-0.6571428571428573,2,0.6571428571428573,regulated_to_importer,410,대한민국
389,2,크라프트지(1차재심),4804,캐나다,스웨덴,대한민국,124,"201204,201205,201206,201207,201208,201209,201210,201211,201212",X,-0.6571428571428573,3,0.6571428571428573,regulated_to_intermediary,752,스웨덴
389,2,크라프트지(1차재심),4804,캐나다,스웨덴,대한민국,124,"201204,201205,201206,201207,201208,201209,201210,201211,201212",X,-0.6571428571428573,3,0.6571428571428573,regulated_to_importer,410,대한민국
390,2,크라프트지(1차재심),4804,캐나다,태국,대한민국,124,"201204,201205,201206,201207,201208,201209,201210,201211,201212",X,-0.6571428571428573,1,0.6571428571428573,regulated_to_intermediary,764,태국
390,2,크라프트지(1차재심),4804,캐나다,태국,대한민국,124,"201204,201205,201206,201207,201208,201209,201210,201211,201212",X,-0.6571428571428573,1,0.6571428571428573,regulated_to_importer,410,대한민국
391,2,크라프트지(1차재심),4804,캐나다,프랑스,대한민국,124,"201204,201205,201206,201207,201208,201209,201210,201211,201212",X,-0.6571428571428573,1,0.6571428571428573,regulated_to_intermediary,251,프랑스
391,2,크라프트지(1차재심),4804,캐나다,프랑스,대한민국,124,"201204,201205,201206,201207,201208,201209,201210,201211,201212",X,-0.6571428571428573,1,0.6571428571428573,regulated_to_importer,410,대한민국
392,7,합판,4412,중국,말레이시아,대한민국,156,"201311,201312,201401,201402,201403,201404,201405,201406,201407",X,-0.6571428571428573,2,0.6571428571428573,regulated_to_intermediary,458,말레이시아
392,7,합판,4412,중국,말레이시아,대한민국,156,"201311,201312,201401,201402,201403,201404,201405,201406,201407",X,-0.6571428571428573,2,0.6571428571428573,regulated_to_importer,410,대한민국
393,10,합판(1차재심),4412,말레이시아,미국,대한민국,458,"201409,201410,201411,201412,201501,201502,201503,201504,201505",X,-0.6571428571428573,2,0.6571428571428573,regulated_to_intermediary,842,미국
393,10,합판(1차재심),4412,말레이시아,미국,대한민국,458,"201409,201410,201411,201412,201501,201502,201503,201504,201505",X,-0.6571428571428573,2,0.6571428571428573,regulated_to_importer,410,대한민국
394,12,플로트판유리(2차재심),7005,중국,아랍에미리트 연합,대한민국,156,"201501,201502,201503,201504,201505,201506,201507,201508,201509",X,-0.6571428571428573,1,0.6571428571428573,regulated_to_intermediary,784,아랍에미리트 연합
394,12,플로트판유리(2차재심),7005,중국,아랍에미리트 연합,대한민국,156,"201501,201502,201503,201504,201505,201506,201507,201508,201509",X,-0.6571428571428573,1,0.6571428571428573,regulated_to_importer,410,대한민국
395,13,공기압 전송용 밸브,848120,일본,헝가리,대한민국,392,"201508,201509,201510,201511,201512,201601,201602,201603,201604",X,-0.6571428571428573,1,0.6571428571428573,regulated_to_intermediary,348,헝가리
395,13,공기압 전송용 밸브,848120,일본,헝가리,대한민국,392,"201508,201509,201510,201511,201512,201601,201602,201603,201604",X,-0.6571428571428573,1,0.6571428571428573,regulated_to_importer,410,대한민국
396,14,합판(신규공급자조사),4412,중국,독일,대한민국,156,"201402,201403,201404,201405,201406,201407,201408,201409,201410",X,-0.6571428571428573,1,0.6571428571428573,regulated_to_intermediary,276,독일
396,14,합판(신규공급자조사),4412,중국,독일,대한민국,156,"201402,201403,201404,201405,201406,201407,201408,201409,201410",X,-0.6571428571428573,1,0.6571428571428573,regulated_to_importer,410,대한민국
397,15,합판(신규공급자조사),4412,중국,독일,대한민국,156,"201402,201403,201404,201405,201406,201407,201408,201409,201410",X,-0.6571428571428573,1,0.6571428571428573,regulated_to_intermediary,276,독일
397,15,합판(신규공급자조사),4412,중국,독일,대한민국,156,"201402,201403,201404,201405,201406,201407,201408,201409,201410",X,-0.6571428571428573,1,0.6571428571428573,regulated_to_importer,410,대한민국
398,16,합판(신규공급자조사),4412,중국,독일,대한민국,156,"201402,201403,201404,201405,201406,201407,201408,201409,201410",X,-0.6571428571428573,1,0.6571428571428573,regulated_to_intermediary,276,독일
398,16,합판(신규공급자조사),4412,중국,독일,대한민국,156,"201402,201403,201404,201405,201406,201407,201408,201409,201410",X,-0.6571428571428573,1,0.6571428571428573,regulated_to_importer,410,대한민국
399,17,초산에틸(2차재심),291531,중국,스웨덴,대한민국,156,"201511,201512,201601,201602,201603,201604,201605,201606,201607",X,-0.6571428571428573,3,0.6571428571428573,regulated_to_intermediary,752,스웨덴
399,17,초산에틸(2차재심),291531,중국,스웨덴,대한민국,156,"201511,201512,201601,201602,201603,201604,201605,201606,201607",X,-0.6571428571428573,3,0.6571428571428573,regulated_to_importer,410,대한민국
400,19,PET필름(2차재심),392062,인도,인도네시아,대한민국,699,"201601,201602,201603,201604,201605,201606,201607,201608,201609",X,-0.6571428571428573,3,0.6571428571428573,regulated_to_intermediary,360,인도네시아
400,19,PET필름(2차재심),392062,인도,인도네시아,대한민국,699,"201601,201602,201603,201604,201605,201606,201607,201608,201609",X,-0.6571428571428573,3,0.6571428571428573,regulated_to_importer,410,대한민국
401,19,PET필름(2차재심),392062,중국,싱가포르,대한민국,156,"201601,201602,201603,201604,201605,201606,201607,201608,201609",X,-0.6571428571428573,0,0.6571428571428573,regulated_to_intermediary,702,싱가포르
401,19,PET필름(2차재심),392062,중국,싱가포르,대한민국,156,"201601,201602,201603,201604,201605,201606,201607,201608,201609",X,-0.6571428571428573,0,0.6571428571428573,regulated_to_importer,410,대한민국
402,28,플로트판유리(3차재심),7005,중국,말레이시아,대한민국,156,"201808,201809,201810,201811,201812,201901,201902,201903,201904",X,-0.6571428571428573,2,0.6571428571428573,regulated_to_intermediary,458,말레이시아
402,28,플로트판유리(3차재심),7005,중국,말레이시아,대한민국,156,"201808,201809,201810,201811,201812,201901,201902,201903,201904",X,-0.6571428571428573,2,0.6571428571428573,regulated_to_importer,410,대한민국
403,28,플로트판유리(3차재심),7005,중국,태국,대한민국,156,"201808,201809,201810,201811,201812,201901,201902,201903,201904",X,-0.6571428571428573,3,0.6571428571428573,regulated_to_intermediary,764,태국
403,28,플로트판유리(3차재심),7005,중국,태국,대한민국,156,"201808,201809,201810,201811,201812,201901,201902,201903,201904",X,-0.6571428571428573,3,0.6571428571428573,regulated_to_importer,410,대한민국
404,29,초산에틸(3차재심),291531,중국,미국,대한민국,156,"201907,201908,201909,201910,201911,201912,202001,202002,202003",X,-0.6571428571428573,2,0.6571428571428573,regulated_to_intermediary,842,미국
404,29,초산에틸(3차재심),291531,중국,미국,대한민국,156,"201907,201908,201909,201910,201911,201912,202001,202002,202003",X,-0.6571428571428573,2,0.6571428571428573,regulated_to_importer,410,대한민국
405,31,OPP필름(1차재심),392020,인도네시아,대만,대한민국,360,"201908,201909,201910,201911,201912,202001,202002,202003,202004",X,-0.6571428571428573,2,0.6571428571428573,regulated_to_intermediary,158,대만
405,31,OPP필름(1차재심),392020,인도네시아,대만,대한민국,360,"201908,201909,201910,201911,201912,202001,202002,202003,202004",X,-0.6571428571428573,2,0.6571428571428573,regulated_to_importer,410,대한민국
406,31,OPP필름(1차재심),392020,태국,오스트리아,대한민국,764,"201908,201909,201910,201911,201912,202001,202002,202003,202004",X,-0.6571428571428573,3,0.6571428571428573,regulated_to_intermediary,40,오스트리아
406,31,OPP필름(1차재심),392020,태국,오스트리아,대한민국,764,"201908,201909,201910,201911,201912,202001,202002,202003,202004",X,-0.6571428571428573,3,0.6571428571428573,regulated_to_importer,410,대한민국
407,32,PET필름(3차재심),392062,인도,영국,대한민국,699,"201909,201910,201911,201912,202001,202002,202003,202004,202005",X,-0.6571428571428573,2,0.6571428571428573,regulated_to_intermediary,826,영국
407,32,PET필름(3차재심),392062,인도,영국,대한민국,699,"201909,201910,201911,201912,202001,202002,202003,202004,202005",X,-0.6571428571428573,2,0.6571428571428573,regulated_to_importer,410,대한민국
408,34,합판,4412,말레이시아,대만,대한민국,458,"202011,202012,202101,202102,202103,202104,202105,202106,202107",X,-0.6571428571428573,1,0.6571428571428573,regulated_to_intermediary,158,대만
408,34,합판,4412,말레이시아,대만,대한민국,458,"202011,202012,202101,202102,202103,202104,202105,202106,202107",X,-0.6571428571428573,1,0.6571428571428573,regulated_to_importer,410,대한민국
409,34,합판,4412,말레이시아,루마니아,대한민국,458,"202011,202012,202101,202102,202103,202104,202105,202106,202107",X,-0.6571428571428573,1,0.6571428571428573,regulated_to_intermediary,642,루마니아
409,34,합판,4412,말레이시아,루마니아,대한민국,458,"202011,202012,202101,202102,202103,202104,202105,202106,202107",X,-0.6571428571428573,1,0.6571428571428573,regulated_to_importer,410,대한민국
410,35,합판,4412,중국,인도네시아,대한민국,156,"202011,202012,202101,202102,202103,202104,202105,202106,202107",X,-0.6571428571428573,1,0.6571428571428573,regulated_to_intermediary,360,인도네시아
410,35,합판,4412,중국,인도네시아,대한민국,156,"202011,202012,202101,202102,202103,202104,202105,202106,202107",X,-0.6571428571428573,1,0.6571428571428573,regulated_to_importer,410,대한민국
411,36,합판,4412,베트남,스페인,대한민국,704,"202011,202012,202101,202102,202103,202104,202105,202106,202107",X,-0.6571428571428573,3,0.6571428571428573,regulated_to_intermediary,724,스페인
411,36,합판,4412,베트남,스페인,대한민국,704,"202011,202012,202101,202102,202103,202104,202105,202106,202107",X,-0.6571428571428573,3,0.6571428571428573,regulated_to_importer,410,대한민국
412,37,스테인리스스틸바,7222,스페인,스위스,대한민국,724,"202101,202102,202103,202104,202105,202106,202107,202108,202109",X,-0.6571428571428573,1,0.6571428571428573,regulated_to_intermediary,757,스위스
412,37,스테인리스스틸바,7222,스페인,스위스,대한민국,724,"202101,202102,202103,202104,202105,202106,202107,202108,202109",X,-0.6571428571428573,1,0.6571428571428573,regulated_to_importer,410,대한민국
413,37,스테인리스스틸바,7222,인도,영국,대한민국,699,"202101,202102,202103,202104,202105,202106,202107,202108,202109",X,-0.6571428571428573,3,0.6571428571428573,regulated_to_intermediary,826,영국
413,37,스테인리스스틸바,7222,인도,영국,대한민국,699,"202101,202102,202103,202104,202105,202106,202107,202108,202109",X,-0.6571428571428573,3,0.6571428571428573,regulated_to_importer,410,대한민국
414,38,인쇄제판용 평면모양 사진 플레이트(옵셋 인쇄판),370130,중국,대만,대한민국,156,"202105,202106,202107,202108,202109,202110,202111,202112,202201",X,-0.6571428571428573,1,0.6571428571428573,regulated_to_intermediary,158,대만
414,38,인쇄제판용 평면모양 사진 플레이트(옵셋 인쇄판),370130,중국,대만,대한민국,156,"202105,202106,202107,202108,202109,202110,202111,202112,202201",X,-0.6571428571428573,1,0.6571428571428573,regulated_to_importer,410,대한민국
415,40,플로트판유리,7005,중국,일본,대한민국,156,"202204,202205,202206,202207,202208,202209,202210,202211,202212",X,-0.6571428571428573,3,0.6571428571428573,regulated_to_intermediary,392,일본
415,40,플로트판유리,7005,중국,일본,대한민국,156,"202204,202205,202206,202207,202208,202209,202210,202211,202212",X,-0.6571428571428573,3,0.6571428571428573,regulated_to_importer,410,대한민국
416,40,플로트판유리,7005,중국,프랑스,대한민국,156,"202204,202205,202206,202207,202208,202209,202210,202211,202212",X,-0.6571428571428573,2,0.6571428571428573,regulated_to_intermediary,251,프랑스
416,40,플로트판유리,7005,중국,프랑스,대한민국,156,"202204,202205,202206,202207,202208,202209,202210,202211,202212",X,-0.6571428571428573,2,0.6571428571428573,regulated_to_importer,410,대한민국
417,42,부틸글리콜에테르,290943,미국,독일,대한민국,842,"202207,202208,202209,202210,202211,202212,202301,202302,202303",X,-0.6571428571428573,3,0.6571428571428573,regulated_to_intermediary,276,독일
417,42,부틸글리콜에테르,290943,미국,독일,대한민국,842,"202207,202208,202209,202210,202211,202212,202301,202302,202303",X,-0.6571428571428573,3,0.6571428571428573,regulated_to_importer,410,대한민국
418,44,이음매없는동관,7411,베트남,일본,대한민국,704,"202303,202304,202305,202306,202307,202308,202309,202310,202311",X,-0.6571428571428573,3,0.6571428571428573,regulated_to_intermediary,392,일본
418,44,이음매없는동관,7411,베트남,일본,대한민국,704,"202303,202304,202305,202306,202307,202308,202309,202310,202311",X,-0.6571428571428573,3,0.6571428571428573,regulated_to_importer,410,대한민국
419,44,이음매없는동관,7411,중국,튀니지,대한민국,156,"202303,202304,202305,202306,202307,202308,202309,202310,202311",X,-0.6571428571428573,2,0.6571428571428573,regulated_to_intermediary,788,튀니지
419,44,이음매없는동관,7411,중국,튀니지,대한민국,156,"202303,202304,202305,202306,202307,202308,202309,202310,202311",X,-0.6571428571428573,2,0.6571428571428573,regulated_to_importer,410,대한민국
420,47,페로실리코망간,720230,인도,말레이시아,대한민국,699,"202307,202308,202309,202310,202311,202312,202401,202402,202403",X,-0.6571428571428573,1,0.6571428571428573,regulated_to_intermediary,458,말레이시아
420,47,페로실리코망간,720230,인도,말레이시아,대한민국,699,"202307,202308,202309,202310,202311,202312,202401,202402,202403",X,-0.6571428571428573,1,0.6571428571428573,regulated_to_importer,410,대한민국
421,48,도공(coated) 인쇄용지,4810,중국,오스트리아,대한민국,156,"202403,202404,202405,202406,202407,202408,202409,202410,202411",X,-0.6571428571428573,1,0.6571428571428573,regulated_to_intermediary,40,오스트리아
421,48,도공(coated) 인쇄용지,4810,중국,오스트리아,대한민국,156,"202403,202404,202405,202406,202407,202408,202409,202410,202411",X,-0.6571428571428573,1,0.6571428571428573,regulated_to_importer,410,대한민국
422,51,합판,4412,말레이시아,러시아 연방,대한민국,458,"202407,202408,202409,202410,202411,202412,202501,202502,202503",X,-0.6571428571428573,3,0.6571428571428573,regulated_to_intermediary,643,러시아 연방
422,51,합판,4412,말레이시아,러시아 연방,대한민국,458,"202407,202408,202409,202410,202411,202412,202501,202502,202503",X,-0.6571428571428573,3,0.6571428571428573,regulated_to_importer,410,대한민국
423,54,OPP필름,392020,중국,불가리아,대한민국,156,"202504,202505,202506,202507,202508,202509,202510,202511,202512",X,-0.6571428571428573,0,0.6571428571428573,regulated_to_intermediary,100,불가리아
423,54,OPP필름,392020,중국,불가리아,대한민국,156,"202504,202505,202506,202507,202508,202509,202510,202511,202512",X,-0.6571428571428573,0,0.6571428571428573,regulated_to_importer,410,대한민국
424,54,OPP필름,392020,태국,말레이시아,대한민국,764,"202504,202505,202506,202507,202508,202509,202510,202511,202512",X,-0.6571428571428573,3,0.6571428571428573,regulated_to_intermediary,458,말레이시아
424,54,OPP필름,392020,태국,말레이시아,대한민국,764,"202504,202505,202506,202507,202508,202509,202510,202511,202512",X,-0.6571428571428573,3,0.6571428571428573,regulated_to_importer,410,대한민국
425,55,스테인리스강 냉간압연제품,7220,베트남,이탈리아,대한민국,704,"202507,202508,202509,202510,202511,202512,202601,202602,202603",X,-0.6571428571428573,3,0.6571428571428573,regulated_to_intermediary,380,이탈리아
425,55,스테인리스강 냉간압연제품,7220,베트남,이탈리아,대한민국,704,"202507,202508,202509,202510,202511,202512,202601,202602,202603",X,-0.6571428571428573,3,0.6571428571428573,regulated_to_importer,410,대한민국
426,0,초산에틸(1차재심),291531,중국,이탈리아,대한민국,156,"201203,201204,201205,201206,201207,201208,201209,201210,201211",X,-0.6546536707079772,2,0.6546536707079772,regulated_to_intermediary,380,이탈리아
426,0,초산에틸(1차재심),291531,중국,이탈리아,대한민국,156,"201203,201204,201205,201206,201207,201208,201209,201210,201211",X,-0.6546536707079772,2,0.6546536707079772,regulated_to_importer,410,대한민국
427,1,PET필름(1차재심),392062,인도,베트남,대한민국,699,"201205,201206,201207,201208,201209,201210,201211,201212,201301",X,-0.6546536707079772,3,0.6546536707079772,regulated_to_intermediary,704,베트남
427,1,PET필름(1차재심),392062,인도,베트남,대한민국,699,"201205,201206,201207,201208,201209,201210,201211,201212,201301",X,-0.6546536707079772,3,0.6546536707079772,regulated_to_importer,410,대한민국
428,1,PET필름(1차재심),392062,인도,필리핀,대한민국,699,"201205,201206,201207,201208,201209,201210,201211,201212,201301",X,-0.6546536707079772,2,0.6546536707079772,regulated_to_intermediary,608,필리핀
428,1,PET필름(1차재심),392062,인도,필리핀,대한민국,699,"201205,201206,201207,201208,201209,201210,201211,201212,201301",X,-0.6546536707079772,2,0.6546536707079772,regulated_to_importer,410,대한민국
429,1,PET필름(1차재심),392062,중국,베트남,대한민국,156,"201205,201206,201207,201208,201209,201210,201211,201212,201301",X,-0.6546536707079772,3,0.6546536707079772,regulated_to_intermediary,704,베트남
429,1,PET필름(1차재심),392062,중국,베트남,대한민국,156,"201205,201206,201207,201208,201209,201210,201211,201212,201301",X,-0.6546536707079772,3,0.6546536707079772,regulated_to_importer,410,대한민국
430,1,PET필름(1차재심),392062,중국,필리핀,대한민국,156,"201205,201206,201207,201208,201209,201210,201211,201212,201301",X,-0.6546536707079772,2,0.6546536707079772,regulated_to_intermediary,608,필리핀
430,1,PET필름(1차재심),392062,중국,필리핀,대한민국,156,"201205,201206,201207,201208,201209,201210,201211,201212,201301",X,-0.6546536707079772,2,0.6546536707079772,regulated_to_importer,410,대한민국
431,2,크라프트지(1차재심),4804,미국,덴마크,대한민국,842,"201204,201205,201206,201207,201208,201209,201210,201211,201212",X,-0.6546536707079772,0,0.6546536707079772,regulated_to_intermediary,208,덴마크
431,2,크라프트지(1차재심),4804,미국,덴마크,대한민국,842,"201204,201205,201206,201207,201208,201209,201210,201211,201212",X,-0.6546536707079772,0,0.6546536707079772,regulated_to_importer,410,대한민국
432,2,크라프트지(1차재심),4804,미국,말레이시아,대한민국,842,"201204,201205,201206,201207,201208,201209,201210,201211,201212",X,-0.6546536707079772,3,0.6546536707079772,regulated_to_intermediary,458,말레이시아
432,2,크라프트지(1차재심),4804,미국,말레이시아,대한민국,842,"201204,201205,201206,201207,201208,201209,201210,201211,201212",X,-0.6546536707079772,3,0.6546536707079772,regulated_to_importer,410,대한민국
433,2,크라프트지(1차재심),4804,미국,베트남,대한민국,842,"201204,201205,201206,201207,201208,201209,201210,201211,201212",X,-0.6546536707079772,2,0.6546536707079772,regulated_to_intermediary,704,베트남
433,2,크라프트지(1차재심),4804,미국,베트남,대한민국,842,"201204,201205,201206,201207,201208,201209,201210,201211,201212",X,-0.6546536707079772,2,0.6546536707079772,regulated_to_importer,410,대한민국
434,2,크라프트지(1차재심),4804,미국,벨기에,대한민국,842,"201204,201205,201206,201207,201208,201209,201210,201211,201212",X,-0.6546536707079772,0,0.6546536707079772,regulated_to_intermediary,56,벨기에
434,2,크라프트지(1차재심),4804,미국,벨기에,대한민국,842,"201204,201205,201206,201207,201208,201209,201210,201211,201212",X,-0.6546536707079772,0,0.6546536707079772,regulated_to_importer,410,대한민국
435,2,크라프트지(1차재심),4804,미국,브라질,대한민국,842,"201204,201205,201206,201207,201208,201209,201210,201211,201212",X,-0.6546536707079772,2,0.6546536707079772,regulated_to_intermediary,76,브라질
435,2,크라프트지(1차재심),4804,미국,브라질,대한민국,842,"201204,201205,201206,201207,201208,201209,201210,201211,201212",X,-0.6546536707079772,2,0.6546536707079772,regulated_to_importer,410,대한민국
436,2,크라프트지(1차재심),4804,미국,스페인,대한민국,842,"201204,201205,201206,201207,201208,201209,201210,201211,201212",X,-0.6546536707079772,1,0.6546536707079772,regulated_to_intermediary,724,스페인
436,2,크라프트지(1차재심),4804,미국,스페인,대한민국,842,"201204,201205,201206,201207,201208,201209,201210,201211,201212",X,-0.6546536707079772,1,0.6546536707079772,regulated_to_importer,410,대한민국
437,2,크라프트지(1차재심),4804,미국,우크라이나,대한민국,842,"201204,201205,201206,201207,201208,201209,201210,201211,201212",X,-0.6546536707079772,3,0.6546536707079772,regulated_to_intermediary,804,우크라이나
437,2,크라프트지(1차재심),4804,미국,우크라이나,대한민국,842,"201204,201205,201206,201207,201208,201209,201210,201211,201212",X,-0.6546536707079772,3,0.6546536707079772,regulated_to_importer,410,대한민국
438,2,크라프트지(1차재심),4804,중국,벨기에,대한민국,156,"201204,201205,201206,201207,201208,201209,201210,201211,201212",X,-0.6546536707079772,3,0.6546536707079772,regulated_to_intermediary,56,벨기에
438,2,크라프트지(1차재심),4804,중국,벨기에,대한민국,156,"201204,201205,201206,201207,201208,201209,201210,201211,201212",X,-0.6546536707079772,3,0.6546536707079772,regulated_to_importer,410,대한민국
439,2,크라프트지(1차재심),4804,중국,스위스,대한민국,156,"201204,201205,201206,201207,201208,201209,201210,201211,201212",X,-0.6546536707079772,0,0.6546536707079772,regulated_to_intermediary,757,스위스
439,2,크라프트지(1차재심),4804,중국,스위스,대한민국,156,"201204,201205,201206,201207,201208,201209,201210,201211,201212",X,-0.6546536707079772,0,0.6546536707079772,regulated_to_importer,410,대한민국
440,2,크라프트지(1차재심),4804,중국,싱가포르,대한민국,156,"201204,201205,201206,201207,201208,201209,201210,201211,201212",X,-0.6546536707079772,0,0.6546536707079772,regulated_to_intermediary,702,싱가포르
440,2,크라프트지(1차재심),4804,중국,싱가포르,대한민국,156,"201204,201205,201206,201207,201208,201209,201210,201211,201212",X,-0.6546536707079772,0,0.6546536707079772,regulated_to_importer,410,대한민국
441,2,크라프트지(1차재심),4804,중국,튀르키예,대한민국,156,"201204,201205,201206,201207,201208,201209,201210,201211,201212",X,-0.6546536707079772,2,0.6546536707079772,regulated_to_intermediary,792,튀르키예
441,2,크라프트지(1차재심),4804,중국,튀르키예,대한민국,156,"201204,201205,201206,201207,201208,201209,201210,201211,201212",X,-0.6546536707079772,2,0.6546536707079772,regulated_to_importer,410,대한민국
442,2,크라프트지(1차재심),4804,캐나다,스위스,대한민국,124,"201204,201205,201206,201207,201208,201209,201210,201211,201212",X,-0.6546536707079772,1,0.6546536707079772,regulated_to_intermediary,757,스위스
442,2,크라프트지(1차재심),4804,캐나다,스위스,대한민국,124,"201204,201205,201206,201207,201208,201209,201210,201211,201212",X,-0.6546536707079772,1,0.6546536707079772,regulated_to_importer,410,대한민국
443,2,크라프트지(1차재심),4804,캐나다,싱가포르,대한민국,124,"201204,201205,201206,201207,201208,201209,201210,201211,201212",X,-0.6546536707079772,1,0.6546536707079772,regulated_to_intermediary,702,싱가포르
443,2,크라프트지(1차재심),4804,캐나다,싱가포르,대한민국,124,"201204,201205,201206,201207,201208,201209,201210,201211,201212",X,-0.6546536707079772,1,0.6546536707079772,regulated_to_importer,410,대한민국
444,2,크라프트지(1차재심),4804,캐나다,우크라이나,대한민국,124,"201204,201205,201206,201207,201208,201209,201210,201211,201212",X,-0.6546536707079772,0,0.6546536707079772,regulated_to_intermediary,804,우크라이나
444,2,크라프트지(1차재심),4804,캐나다,우크라이나,대한민국,124,"201204,201205,201206,201207,201208,201209,201210,201211,201212",X,-0.6546536707079772,0,0.6546536707079772,regulated_to_importer,410,대한민국
445,2,크라프트지(1차재심),4804,캐나다,튀르키예,대한민국,124,"201204,201205,201206,201207,201208,201209,201210,201211,201212",X,-0.6546536707079772,3,0.6546536707079772,regulated_to_intermediary,792,튀르키예
445,2,크라프트지(1차재심),4804,캐나다,튀르키예,대한민국,124,"201204,201205,201206,201207,201208,201209,201210,201211,201212",X,-0.6546536707079772,3,0.6546536707079772,regulated_to_importer,410,대한민국
446,4,알루미늄 보틀캔,761290,일본,노르웨이,대한민국,392,"201301,201302,201303,201304,201305,201306,201307,201308,201309",X,-0.6546536707079772,0,0.6546536707079772,regulated_to_intermediary,579,노르웨이
446,4,알루미늄 보틀캔,761290,일본,노르웨이,대한민국,392,"201301,201302,201303,201304,201305,201306,201307,201308,201309",X,-0.6546536707079772,0,0.6546536707079772,regulated_to_importer,410,대한민국
447,4,알루미늄 보틀캔,761290,일본,뉴질랜드,대한민국,392,"201301,201302,201303,201304,201305,201306,201307,201308,201309",X,-0.6546536707079772,1,0.6546536707079772,regulated_to_intermediary,554,뉴질랜드
447,4,알루미늄 보틀캔,761290,일본,뉴질랜드,대한민국,392,"201301,201302,201303,201304,201305,201306,201307,201308,201309",X,-0.6546536707079772,1,0.6546536707079772,regulated_to_importer,410,대한민국
448,4,알루미늄 보틀캔,761290,일본,튀르키예,대한민국,392,"201301,201302,201303,201304,201305,201306,201307,201308,201309",X,-0.6546536707079772,0,0.6546536707079772,regulated_to_intermediary,792,튀르키예
448,4,알루미늄 보틀캔,761290,일본,튀르키예,대한민국,392,"201301,201302,201303,201304,201305,201306,201307,201308,201309",X,-0.6546536707079772,0,0.6546536707079772,regulated_to_importer,410,대한민국
449,4,알루미늄 보틀캔,761290,일본,폴란드,대한민국,392,"201301,201302,201303,201304,201305,201306,201307,201308,201309",X,-0.6546536707079772,0,0.6546536707079772,regulated_to_intermediary,616,폴란드
449,4,알루미늄 보틀캔,761290,일본,폴란드,대한민국,392,"201301,201302,201303,201304,201305,201306,201307,201308,201309",X,-0.6546536707079772,0,0.6546536707079772,regulated_to_importer,410,대한민국
450,4,알루미늄 보틀캔,761290,일본,헝가리,대한민국,392,"201301,201302,201303,201304,201305,201306,201307,201308,201309",X,-0.6546536707079772,3,0.6546536707079772,regulated_to_intermediary,348,헝가리
450,4,알루미늄 보틀캔,761290,일본,헝가리,대한민국,392,"201301,201302,201303,201304,201305,201306,201307,201308,201309",X,-0.6546536707079772,3,0.6546536707079772,regulated_to_importer,410,대한민국
451,4,알루미늄 보틀캔,761290,일본,호주,대한민국,392,"201301,201302,201303,201304,201305,201306,201307,201308,201309",X,-0.6546536707079772,1,0.6546536707079772,regulated_to_intermediary,36,호주
451,4,알루미늄 보틀캔,761290,일본,호주,대한민국,392,"201301,201302,201303,201304,201305,201306,201307,201308,201309",X,-0.6546536707079772,1,0.6546536707079772,regulated_to_importer,410,대한민국
452,5,염화콜린(2차재심),292310,중국,러시아 연방,대한민국,156,"201308,201309,201310,201311,201312,201401,201402,201403,201404",X,-0.6546536707079772,1,0.6546536707079772,regulated_to_intermediary,643,러시아 연방
452,5,염화콜린(2차재심),292310,중국,러시아 연방,대한민국,156,"201308,201309,201310,201311,201312,201401,201402,201403,201404",X,-0.6546536707079772,1,0.6546536707079772,regulated_to_importer,410,대한민국
453,6,스테인레스스틸바(2차재심),7222,인도,말레이시아,대한민국,699,"201311,201312,201401,201402,201403,201404,201405,201406,201407",X,-0.6546536707079772,0,0.6546536707079772,regulated_to_intermediary,458,말레이시아
453,6,스테인레스스틸바(2차재심),7222,인도,말레이시아,대한민국,699,"201311,201312,201401,201402,201403,201404,201405,201406,201407",X,-0.6546536707079772,0,0.6546536707079772,regulated_to_importer,410,대한민국
454,6,스테인레스스틸바(2차재심),7222,인도,캐나다,대한민국,699,"201311,201312,201401,201402,201403,201404,201405,201406,201407",X,-0.6546536707079772,1,0.6546536707079772,regulated_to_intermediary,124,캐나다
454,6,스테인레스스틸바(2차재심),7222,인도,캐나다,대한민국,699,"201311,201312,201401,201402,201403,201404,201405,201406,201407",X,-0.6546536707079772,1,0.6546536707079772,regulated_to_importer,410,대한민국
455,6,스테인레스스틸바(2차재심),7222,인도,파키스탄,대한민국,699,"201311,201312,201401,201402,201403,201404,201405,201406,201407",X,-0.6546536707079772,2,0.6546536707079772,regulated_to_intermediary,586,파키스탄
455,6,스테인레스스틸바(2차재심),7222,인도,파키스탄,대한민국,699,"201311,201312,201401,201402,201403,201404,201405,201406,201407",X,-0.6546536707079772,2,0.6546536707079772,regulated_to_importer,410,대한민국
456,6,스테인레스스틸바(2차재심),7222,일본,말레이시아,대한민국,392,"201311,201312,201401,201402,201403,201404,201405,201406,201407",X,-0.6546536707079772,1,0.6546536707079772,regulated_to_intermediary,458,말레이시아
456,6,스테인레스스틸바(2차재심),7222,일본,말레이시아,대한민국,392,"201311,201312,201401,201402,201403,201404,201405,201406,201407",X,-0.6546536707079772,1,0.6546536707079772,regulated_to_importer,410,대한민국
457,6,스테인레스스틸바(2차재심),7222,일본,체코공화국,대한민국,392,"201311,201312,201401,201402,201403,201404,201405,201406,201407",X,-0.6546536707079772,0,0.6546536707079772,regulated_to_intermediary,203,체코공화국
457,6,스테인레스스틸바(2차재심),7222,일본,체코공화국,대한민국,392,"201311,201312,201401,201402,201403,201404,201405,201406,201407",X,-0.6546536707079772,0,0.6546536707079772,regulated_to_importer,410,대한민국
458,6,스테인레스스틸바(2차재심),7222,일본,파키스탄,대한민국,392,"201311,201312,201401,201402,201403,201404,201405,201406,201407",X,-0.6546536707079772,3,0.6546536707079772,regulated_to_intermediary,586,파키스탄
458,6,스테인레스스틸바(2차재심),7222,일본,파키스탄,대한민국,392,"201311,201312,201401,201402,201403,201404,201405,201406,201407",X,-0.6546536707079772,3,0.6546536707079772,regulated_to_importer,410,대한민국
459,7,합판,4412,중국,가나,대한민국,156,"201311,201312,201401,201402,201403,201404,201405,201406,201407",X,-0.6546536707079772,2,0.6546536707079772,regulated_to_intermediary,288,가나
459,7,합판,4412,중국,가나,대한민국,156,"201311,201312,201401,201402,201403,201404,201405,201406,201407",X,-0.6546536707079772,2,0.6546536707079772,regulated_to_importer,410,대한민국
460,7,합판,4412,중국,노르웨이,대한민국,156,"201311,201312,201401,201402,201403,201404,201405,201406,201407",X,-0.6546536707079772,0,0.6546536707079772,regulated_to_intermediary,579,노르웨이
460,7,합판,4412,중국,노르웨이,대한민국,156,"201311,201312,201401,201402,201403,201404,201405,201406,201407",X,-0.6546536707079772,0,0.6546536707079772,regulated_to_importer,410,대한민국
461,7,합판,4412,중국,스페인,대한민국,156,"201311,201312,201401,201402,201403,201404,201405,201406,201407",X,-0.6546536707079772,3,0.6546536707079772,regulated_to_intermediary,724,스페인
461,7,합판,4412,중국,스페인,대한민국,156,"201311,201312,201401,201402,201403,201404,201405,201406,201407",X,-0.6546536707079772,3,0.6546536707079772,regulated_to_importer,410,대한민국
462,7,합판,4412,중국,싱가포르,대한민국,156,"201311,201312,201401,201402,201403,201404,201405,201406,201407",X,-0.6546536707079772,2,0.6546536707079772,regulated_to_intermediary,702,싱가포르
462,7,합판,4412,중국,싱가포르,대한민국,156,"201311,201312,201401,201402,201403,201404,201405,201406,201407",X,-0.6546536707079772,2,0.6546536707079772,regulated_to_importer,410,대한민국
463,7,합판,4412,중국,아랍에미리트 연합,대한민국,156,"201311,201312,201401,201402,201403,201404,201405,201406,201407",X,-0.6546536707079772,3,0.6546536707079772,regulated_to_intermediary,784,아랍에미리트 연합
463,7,합판,4412,중국,아랍에미리트 연합,대한민국,156,"201311,201312,201401,201402,201403,201404,201405,201406,201407",X,-0.6546536707079772,3,0.6546536707079772,regulated_to_importer,410,대한민국
464,7,합판,4412,중국,칠레,대한민국,156,"201311,201312,201401,201402,201403,201404,201405,201406,201407",X,-0.6546536707079772,0,0.6546536707079772,regulated_to_intermediary,152,칠레
464,7,합판,4412,중국,칠레,대한민국,156,"201311,201312,201401,201402,201403,201404,201405,201406,201407",X,-0.6546536707079772,0,0.6546536707079772,regulated_to_importer,410,대한민국
465,7,합판,4412,중국,캐나다,대한민국,156,"201311,201312,201401,201402,201403,201404,201405,201406,201407",X,-0.6546536707079772,2,0.6546536707079772,regulated_to_intermediary,124,캐나다
465,7,합판,4412,중국,캐나다,대한민국,156,"201311,201312,201401,201402,201403,201404,201405,201406,201407",X,-0.6546536707079772,2,0.6546536707079772,regulated_to_importer,410,대한민국
466,7,합판,4412,중국,콩고,대한민국,156,"201311,201312,201401,201402,201403,201404,201405,201406,201407",X,-0.6546536707079772,2,0.6546536707079772,regulated_to_intermediary,178,콩고
466,7,합판,4412,중국,콩고,대한민국,156,"201311,201312,201401,201402,201403,201404,201405,201406,201407",X,-0.6546536707079772,2,0.6546536707079772,regulated_to_importer,410,대한민국
467,7,합판,4412,중국,폴란드,대한민국,156,"201311,201312,201401,201402,201403,201404,201405,201406,201407",X,-0.6546536707079772,2,0.6546536707079772,regulated_to_intermediary,616,폴란드
467,7,합판,4412,중국,폴란드,대한민국,156,"201311,201312,201401,201402,201403,201404,201405,201406,201407",X,-0.6546536707079772,2,0.6546536707079772,regulated_to_importer,410,대한민국
468,7,합판,4412,중국,호주,대한민국,156,"201311,201312,201401,201402,201403,201404,201405,201406,201407",X,-0.6546536707079772,3,0.6546536707079772,regulated_to_intermediary,36,호주
468,7,합판,4412,중국,호주,대한민국,156,"201311,201312,201401,201402,201403,201404,201405,201406,201407",X,-0.6546536707079772,3,0.6546536707079772,regulated_to_importer,410,대한민국
469,8,폴리에스테르 장섬유 연신가공사(2차재심),5402,대만,브라질,대한민국,490,"201312,201401,201402,201403,201404,201405,201406,201407,201408",X,-0.6546536707079772,0,0.6546536707079772,regulated_to_intermediary,76,브라질
469,8,폴리에스테르 장섬유 연신가공사(2차재심),5402,대만,브라질,대한민국,490,"201312,201401,201402,201403,201404,201405,201406,201407,201408",X,-0.6546536707079772,0,0.6546536707079772,regulated_to_importer,410,대한민국
470,8,폴리에스테르 장섬유 연신가공사(2차재심),5402,대만,콜롬비아,대한민국,490,"201312,201401,201402,201403,201404,201405,201406,201407,201408",X,-0.6546536707079772,2,0.6546536707079772,regulated_to_intermediary,170,콜롬비아
470,8,폴리에스테르 장섬유 연신가공사(2차재심),5402,대만,콜롬비아,대한민국,490,"201312,201401,201402,201403,201404,201405,201406,201407,201408",X,-0.6546536707079772,2,0.6546536707079772,regulated_to_importer,410,대한민국
471,8,폴리에스테르 장섬유 연신가공사(2차재심),5402,말레이시아,브라질,대한민국,458,"201312,201401,201402,201403,201404,201405,201406,201407,201408",X,-0.6546536707079772,0,0.6546536707079772,regulated_to_intermediary,76,브라질
471,8,폴리에스테르 장섬유 연신가공사(2차재심),5402,말레이시아,브라질,대한민국,458,"201312,201401,201402,201403,201404,201405,201406,201407,201408",X,-0.6546536707079772,0,0.6546536707079772,regulated_to_importer,410,대한민국
472,8,폴리에스테르 장섬유 연신가공사(2차재심),5402,말레이시아,콜롬비아,대한민국,458,"201312,201401,201402,201403,201404,201405,201406,201407,201408",X,-0.6546536707079772,2,0.6546536707079772,regulated_to_intermediary,170,콜롬비아
472,8,폴리에스테르 장섬유 연신가공사(2차재심),5402,말레이시아,콜롬비아,대한민국,458,"201312,201401,201402,201403,201404,201405,201406,201407,201408",X,-0.6546536707079772,2,0.6546536707079772,regulated_to_importer,410,대한민국
473,8,폴리에스테르 장섬유 연신가공사(2차재심),5402,중국,도미니카 공화국,대한민국,156,"201312,201401,201402,201403,201404,201405,201406,201407,201408",X,-0.6546536707079772,0,0.6546536707079772,regulated_to_intermediary,214,도미니카 공화국
473,8,폴리에스테르 장섬유 연신가공사(2차재심),5402,중국,도미니카 공화국,대한민국,156,"201312,201401,201402,201403,201404,201405,201406,201407,201408",X,-0.6546536707079772,0,0.6546536707079772,regulated_to_importer,410,대한민국
474,8,폴리에스테르 장섬유 연신가공사(2차재심),5402,중국,벨라루스,대한민국,156,"201312,201401,201402,201403,201404,201405,201406,201407,201408",X,-0.6546536707079772,3,0.6546536707079772,regulated_to_intermediary,112,벨라루스
474,8,폴리에스테르 장섬유 연신가공사(2차재심),5402,중국,벨라루스,대한민국,156,"201312,201401,201402,201403,201404,201405,201406,201407,201408",X,-0.6546536707079772,3,0.6546536707079772,regulated_to_importer,410,대한민국
475,8,폴리에스테르 장섬유 연신가공사(2차재심),5402,중국,브라질,대한민국,156,"201312,201401,201402,201403,201404,201405,201406,201407,201408",X,-0.6546536707079772,1,0.6546536707079772,regulated_to_intermediary,76,브라질
475,8,폴리에스테르 장섬유 연신가공사(2차재심),5402,중국,브라질,대한민국,156,"201312,201401,201402,201403,201404,201405,201406,201407,201408",X,-0.6546536707079772,1,0.6546536707079772,regulated_to_importer,410,대한민국
476,8,폴리에스테르 장섬유 연신가공사(2차재심),5402,중국,스리랑카,대한민국,156,"201312,201401,201402,201403,201404,201405,201406,201407,201408",X,-0.6546536707079772,0,0.6546536707079772,regulated_to_intermediary,144,스리랑카
476,8,폴리에스테르 장섬유 연신가공사(2차재심),5402,중국,스리랑카,대한민국,156,"201312,201401,201402,201403,201404,201405,201406,201407,201408",X,-0.6546536707079772,0,0.6546536707079772,regulated_to_importer,410,대한민국
477,8,폴리에스테르 장섬유 연신가공사(2차재심),5402,중국,아랍에미리트 연합,대한민국,156,"201312,201401,201402,201403,201404,201405,201406,201407,201408",X,-0.6546536707079772,0,0.6546536707079772,regulated_to_intermediary,784,아랍에미리트 연합
477,8,폴리에스테르 장섬유 연신가공사(2차재심),5402,중국,아랍에미리트 연합,대한민국,156,"201312,201401,201402,201403,201404,201405,201406,201407,201408",X,-0.6546536707079772,0,0.6546536707079772,regulated_to_importer,410,대한민국
478,8,폴리에스테르 장섬유 연신가공사(2차재심),5402,중국,콜롬비아,대한민국,156,"201312,201401,201402,201403,201404,201405,201406,201407,201408",X,-0.6546536707079772,3,0.6546536707079772,regulated_to_intermediary,170,콜롬비아
478,8,폴리에스테르 장섬유 연신가공사(2차재심),5402,중국,콜롬비아,대한민국,156,"201312,201401,201402,201403,201404,201405,201406,201407,201408",X,-0.6546536707079772,3,0.6546536707079772,regulated_to_importer,410,대한민국
479,9,OPP필름,392020,인도네시아,러시아 연방,대한민국,360,"201312,201401,201402,201403,201404,201405,201406,201407,201408",X,-0.6546536707079772,2,0.6546536707079772,regulated_to_intermediary,643,러시아 연방
479,9,OPP필름,392020,인도네시아,러시아 연방,대한민국,360,"201312,201401,201402,201403,201404,201405,201406,201407,201408",X,-0.6546536707079772,2,0.6546536707079772,regulated_to_importer,410,대한민국
480,9,OPP필름,392020,인도네시아,체코공화국,대한민국,360,"201312,201401,201402,201403,201404,201405,201406,201407,201408",X,-0.6546536707079772,3,0.6546536707079772,regulated_to_intermediary,203,체코공화국
480,9,OPP필름,392020,인도네시아,체코공화국,대한민국,360,"201312,201401,201402,201403,201404,201405,201406,201407,201408",X,-0.6546536707079772,3,0.6546536707079772,regulated_to_importer,410,대한민국
481,9,OPP필름,392020,중국,스페인,대한민국,156,"201312,201401,201402,201403,201404,201405,201406,201407,201408",X,-0.6546536707079772,3,0.6546536707079772,regulated_to_intermediary,724,스페인
481,9,OPP필름,392020,중국,스페인,대한민국,156,"201312,201401,201402,201403,201404,201405,201406,201407,201408",X,-0.6546536707079772,3,0.6546536707079772,regulated_to_importer,410,대한민국
482,9,OPP필름,392020,중국,슬로베니아,대한민국,156,"201312,201401,201402,201403,201404,201405,201406,201407,201408",X,-0.6546536707079772,3,0.6546536707079772,regulated_to_intermediary,705,슬로베니아
482,9,OPP필름,392020,중국,슬로베니아,대한민국,156,"201312,201401,201402,201403,201404,201405,201406,201407,201408",X,-0.6546536707079772,3,0.6546536707079772,regulated_to_importer,410,대한민국
483,9,OPP필름,392020,태국,스페인,대한민국,764,"201312,201401,201402,201403,201404,201405,201406,201407,201408",X,-0.6546536707079772,3,0.6546536707079772,regulated_to_intermediary,724,스페인
483,9,OPP필름,392020,태국,스페인,대한민국,764,"201312,201401,201402,201403,201404,201405,201406,201407,201408",X,-0.6546536707079772,3,0.6546536707079772,regulated_to_importer,410,대한민국
484,9,OPP필름,392020,태국,슬로베니아,대한민국,764,"201312,201401,201402,201403,201404,201405,201406,201407,201408",X,-0.6546536707079772,3,0.6546536707079772,regulated_to_intermediary,705,슬로베니아
484,9,OPP필름,392020,태국,슬로베니아,대한민국,764,"201312,201401,201402,201403,201404,201405,201406,201407,201408",X,-0.6546536707079772,3,0.6546536707079772,regulated_to_importer,410,대한민국
485,10,합판(1차재심),4412,말레이시아,덴마크,대한민국,458,"201409,201410,201411,201412,201501,201502,201503,201504,201505",X,-0.6546536707079772,3,0.6546536707079772,regulated_to_intermediary,208,덴마크
485,10,합판(1차재심),4412,말레이시아,덴마크,대한민국,458,"201409,201410,201411,201412,201501,201502,201503,201504,201505",X,-0.6546536707079772,3,0.6546536707079772,regulated_to_importer,410,대한민국
486,10,합판(1차재심),4412,말레이시아,브라질,대한민국,458,"201409,201410,201411,201412,201501,201502,201503,201504,201505",X,-0.6546536707079772,2,0.6546536707079772,regulated_to_intermediary,76,브라질
486,10,합판(1차재심),4412,말레이시아,브라질,대한민국,458,"201409,201410,201411,201412,201501,201502,201503,201504,201505",X,-0.6546536707079772,2,0.6546536707079772,regulated_to_importer,410,대한민국
487,10,합판(1차재심),4412,말레이시아,포루투갈,대한민국,458,"201409,201410,201411,201412,201501,201502,201503,201504,201505",X,-0.6546536707079772,1,0.6546536707079772,regulated_to_intermediary,620,포루투갈
487,10,합판(1차재심),4412,말레이시아,포루투갈,대한민국,458,"201409,201410,201411,201412,201501,201502,201503,201504,201505",X,-0.6546536707079772,1,0.6546536707079772,regulated_to_importer,410,대한민국
488,10,합판(1차재심),4412,말레이시아,필리핀,대한민국,458,"201409,201410,201411,201412,201501,201502,201503,201504,201505",X,-0.6546536707079772,2,0.6546536707079772,regulated_to_intermediary,608,필리핀
488,10,합판(1차재심),4412,말레이시아,필리핀,대한민국,458,"201409,201410,201411,201412,201501,201502,201503,201504,201505",X,-0.6546536707079772,2,0.6546536707079772,regulated_to_importer,410,대한민국
489,11,두꺼운 PET필름,392062,일본,루마니아,대한민국,392,"201412,201501,201502,201503,201504,201505,201506,201507,201508",X,-0.6546536707079772,3,0.6546536707079772,regulated_to_intermediary,642,루마니아
489,11,두꺼운 PET필름,392062,일본,루마니아,대한민국,392,"201412,201501,201502,201503,201504,201505,201506,201507,201508",X,-0.6546536707079772,3,0.6546536707079772,regulated_to_importer,410,대한민국
490,11,두꺼운 PET필름,392062,일본,멕시코,대한민국,392,"201412,201501,201502,201503,201504,201505,201506,201507,201508",X,-0.6546536707079772,1,0.6546536707079772,regulated_to_intermediary,484,멕시코
490,11,두꺼운 PET필름,392062,일본,멕시코,대한민국,392,"201412,201501,201502,201503,201504,201505,201506,201507,201508",X,-0.6546536707079772,1,0.6546536707079772,regulated_to_importer,410,대한민국
491,11,두꺼운 PET필름,392062,일본,바레인,대한민국,392,"201412,201501,201502,201503,201504,201505,201506,201507,201508",X,-0.6546536707079772,0,0.6546536707079772,regulated_to_intermediary,48,바레인
491,11,두꺼운 PET필름,392062,일본,바레인,대한민국,392,"201412,201501,201502,201503,201504,201505,201506,201507,201508",X,-0.6546536707079772,0,0.6546536707079772,regulated_to_importer,410,대한민국
492,11,두꺼운 PET필름,392062,일본,스웨덴,대한민국,392,"201412,201501,201502,201503,201504,201505,201506,201507,201508",X,-0.6546536707079772,1,0.6546536707079772,regulated_to_intermediary,752,스웨덴
492,11,두꺼운 PET필름,392062,일본,스웨덴,대한민국,392,"201412,201501,201502,201503,201504,201505,201506,201507,201508",X,-0.6546536707079772,1,0.6546536707079772,regulated_to_importer,410,대한민국
493,11,두꺼운 PET필름,392062,일본,튀르키예,대한민국,392,"201412,201501,201502,201503,201504,201505,201506,201507,201508",X,-0.6546536707079772,0,0.6546536707079772,regulated_to_intermediary,792,튀르키예
493,11,두꺼운 PET필름,392062,일본,튀르키예,대한민국,392,"201412,201501,201502,201503,201504,201505,201506,201507,201508",X,-0.6546536707079772,0,0.6546536707079772,regulated_to_importer,410,대한민국
494,11,두꺼운 PET필름,392062,일본,프랑스,대한민국,392,"201412,201501,201502,201503,201504,201505,201506,201507,201508",X,-0.6546536707079772,2,0.6546536707079772,regulated_to_intermediary,251,프랑스
494,11,두꺼운 PET필름,392062,일본,프랑스,대한민국,392,"201412,201501,201502,201503,201504,201505,201506,201507,201508",X,-0.6546536707079772,2,0.6546536707079772,regulated_to_importer,410,대한민국
495,12,플로트판유리(2차재심),7005,중국,라트비아,대한민국,156,"201501,201502,201503,201504,201505,201506,201507,201508,201509",X,-0.6546536707079772,1,0.6546536707079772,regulated_to_intermediary,428,라트비아
495,12,플로트판유리(2차재심),7005,중국,라트비아,대한민국,156,"201501,201502,201503,201504,201505,201506,201507,201508,201509",X,-0.6546536707079772,1,0.6546536707079772,regulated_to_importer,410,대한민국
496,12,플로트판유리(2차재심),7005,중국,러시아 연방,대한민국,156,"201501,201502,201503,201504,201505,201506,201507,201508,201509",X,-0.6546536707079772,1,0.6546536707079772,regulated_to_intermediary,643,러시아 연방
496,12,플로트판유리(2차재심),7005,중국,러시아 연방,대한민국,156,"201501,201502,201503,201504,201505,201506,201507,201508,201509",X,-0.6546536707079772,1,0.6546536707079772,regulated_to_importer,410,대한민국
497,12,플로트판유리(2차재심),7005,중국,룩셈부르그,대한민국,156,"201501,201502,201503,201504,201505,201506,201507,201508,201509",X,-0.6546536707079772,1,0.6546536707079772,regulated_to_intermediary,442,룩셈부르그
497,12,플로트판유리(2차재심),7005,중국,룩셈부르그,대한민국,156,"201501,201502,201503,201504,201505,201506,201507,201508,201509",X,-0.6546536707079772,1,0.6546536707079772,regulated_to_importer,410,대한민국
498,12,플로트판유리(2차재심),7005,중국,말레이시아,대한민국,156,"201501,201502,201503,201504,201505,201506,201507,201508,201509",X,-0.6546536707079772,3,0.6546536707079772,regulated_to_intermediary,458,말레이시아
498,12,플로트판유리(2차재심),7005,중국,말레이시아,대한민국,156,"201501,201502,201503,201504,201505,201506,201507,201508,201509",X,-0.6546536707079772,3,0.6546536707079772,regulated_to_importer,410,대한민국
499,12,플로트판유리(2차재심),7005,중국,벨기에,대한민국,156,"201501,201502,201503,201504,201505,201506,201507,201508,201509",X,-0.6546536707079772,2,0.6546536707079772,regulated_to_intermediary,56,벨기에
499,12,플로트판유리(2차재심),7005,중국,벨기에,대한민국,156,"201501,201502,201503,201504,201505,201506,201507,201508,201509",X,-0.6546536707079772,2,0.6546536707079772,regulated_to_importer,410,대한민국
500,12,플로트판유리(2차재심),7005,중국,싱가포르,대한민국,156,"201501,201502,201503,201504,201505,201506,201507,201508,201509",X,-0.6546536707079772,0,0.6546536707079772,regulated_to_intermediary,702,싱가포르
500,12,플로트판유리(2차재심),7005,중국,싱가포르,대한민국,156,"201501,201502,201503,201504,201505,201506,201507,201508,201509",X,-0.6546536707079772,0,0.6546536707079772,regulated_to_importer,410,대한민국
501,12,플로트판유리(2차재심),7005,중국,영국,대한민국,156,"201501,201502,201503,201504,201505,201506,201507,201508,201509",X,-0.6546536707079772,2,0.6546536707079772,regulated_to_intermediary,826,영국
501,12,플로트판유리(2차재심),7005,중국,영국,대한민국,156,"201501,201502,201503,201504,201505,201506,201507,201508,201509",X,-0.6546536707079772,2,0.6546536707079772,regulated_to_importer,410,대한민국
502,12,플로트판유리(2차재심),7005,중국,이탈리아,대한민국,156,"201501,201502,201503,201504,201505,201506,201507,201508,201509",X,-0.6546536707079772,3,0.6546536707079772,regulated_to_intermediary,380,이탈리아
502,12,플로트판유리(2차재심),7005,중국,이탈리아,대한민국,156,"201501,201502,201503,201504,201505,201506,201507,201508,201509",X,-0.6546536707079772,3,0.6546536707079772,regulated_to_importer,410,대한민국
503,13,공기압 전송용 밸브,848120,일본,기타국,대한민국,392,"201508,201509,201510,201511,201512,201601,201602,201603,201604",X,-0.6546536707079772,1,0.6546536707079772,regulated_to_intermediary,899,기타국
503,13,공기압 전송용 밸브,848120,일본,기타국,대한민국,392,"201508,201509,201510,201511,201512,201601,201602,201603,201604",X,-0.6546536707079772,1,0.6546536707079772,regulated_to_importer,410,대한민국
504,13,공기압 전송용 밸브,848120,일본,베트남,대한민국,392,"201508,201509,201510,201511,201512,201601,201602,201603,201604",X,-0.6546536707079772,1,0.6546536707079772,regulated_to_intermediary,704,베트남
504,13,공기압 전송용 밸브,848120,일본,베트남,대한민국,392,"201508,201509,201510,201511,201512,201601,201602,201603,201604",X,-0.6546536707079772,1,0.6546536707079772,regulated_to_importer,410,대한민국
505,13,공기압 전송용 밸브,848120,일본,인도네시아,대한민국,392,"201508,201509,201510,201511,201512,201601,201602,201603,201604",X,-0.6546536707079772,1,0.6546536707079772,regulated_to_intermediary,360,인도네시아
505,13,공기압 전송용 밸브,848120,일본,인도네시아,대한민국,392,"201508,201509,201510,201511,201512,201601,201602,201603,201604",X,-0.6546536707079772,1,0.6546536707079772,regulated_to_importer,410,대한민국
506,13,공기압 전송용 밸브,848120,일본,크로아티아,대한민국,392,"201508,201509,201510,201511,201512,201601,201602,201603,201604",X,-0.6546536707079772,1,0.6546536707079772,regulated_to_intermediary,191,크로아티아
506,13,공기압 전송용 밸브,848120,일본,크로아티아,대한민국,392,"201508,201509,201510,201511,201512,201601,201602,201603,201604",X,-0.6546536707079772,1,0.6546536707079772,regulated_to_importer,410,대한민국
507,14,합판(신규공급자조사),4412,중국,가나,대한민국,156,"201402,201403,201404,201405,201406,201407,201408,201409,201410",X,-0.6546536707079772,0,0.6546536707079772,regulated_to_intermediary,288,가나
507,14,합판(신규공급자조사),4412,중국,가나,대한민국,156,"201402,201403,201404,201405,201406,201407,201408,201409,201410",X,-0.6546536707079772,0,0.6546536707079772,regulated_to_importer,410,대한민국
508,14,합판(신규공급자조사),4412,중국,스페인,대한민국,156,"201402,201403,201404,201405,201406,201407,201408,201409,201410",X,-0.6546536707079772,1,0.6546536707079772,regulated_to_intermediary,724,스페인
508,14,합판(신규공급자조사),4412,중국,스페인,대한민국,156,"201402,201403,201404,201405,201406,201407,201408,201409,201410",X,-0.6546536707079772,1,0.6546536707079772,regulated_to_importer,410,대한민국
509,14,합판(신규공급자조사),4412,중국,싱가포르,대한민국,156,"201402,201403,201404,201405,201406,201407,201408,201409,201410",X,-0.6546536707079772,0,0.6546536707079772,regulated_to_intermediary,702,싱가포르
509,14,합판(신규공급자조사),4412,중국,싱가포르,대한민국,156,"201402,201403,201404,201405,201406,201407,201408,201409,201410",X,-0.6546536707079772,0,0.6546536707079772,regulated_to_importer,410,대한민국
510,14,합판(신규공급자조사),4412,중국,아랍에미리트 연합,대한민국,156,"201402,201403,201404,201405,201406,201407,201408,201409,201410",X,-0.6546536707079772,1,0.6546536707079772,regulated_to_intermediary,784,아랍에미리트 연합
510,14,합판(신규공급자조사),4412,중국,아랍에미리트 연합,대한민국,156,"201402,201403,201404,201405,201406,201407,201408,201409,201410",X,-0.6546536707079772,1,0.6546536707079772,regulated_to_importer,410,대한민국
511,14,합판(신규공급자조사),4412,중국,체코공화국,대한민국,156,"201402,201403,201404,201405,201406,201407,201408,201409,201410",X,-0.6546536707079772,2,0.6546536707079772,regulated_to_intermediary,203,체코공화국
511,14,합판(신규공급자조사),4412,중국,체코공화국,대한민국,156,"201402,201403,201404,201405,201406,201407,201408,201409,201410",X,-0.6546536707079772,2,0.6546536707079772,regulated_to_importer,410,대한민국
512,14,합판(신규공급자조사),4412,중국,캐나다,대한민국,156,"201402,201403,201404,201405,201406,201407,201408,201409,201410",X,-0.6546536707079772,0,0.6546536707079772,regulated_to_intermediary,124,캐나다
512,14,합판(신규공급자조사),4412,중국,캐나다,대한민국,156,"201402,201403,201404,201405,201406,201407,201408,201409,201410",X,-0.6546536707079772,0,0.6546536707079772,regulated_to_importer,410,대한민국
513,14,합판(신규공급자조사),4412,중국,코스타리카,대한민국,156,"201402,201403,201404,201405,201406,201407,201408,201409,201410",X,-0.6546536707079772,3,0.6546536707079772,regulated_to_intermediary,188,코스타리카
513,14,합판(신규공급자조사),4412,중국,코스타리카,대한민국,156,"201402,201403,201404,201405,201406,201407,201408,201409,201410",X,-0.6546536707079772,3,0.6546536707079772,regulated_to_importer,410,대한민국
514,14,합판(신규공급자조사),4412,중국,콩고,대한민국,156,"201402,201403,201404,201405,201406,201407,201408,201409,201410",X,-0.6546536707079772,0,0.6546536707079772,regulated_to_intermediary,178,콩고
514,14,합판(신규공급자조사),4412,중국,콩고,대한민국,156,"201402,201403,201404,201405,201406,201407,201408,201409,201410",X,-0.6546536707079772,0,0.6546536707079772,regulated_to_importer,410,대한민국
515,14,합판(신규공급자조사),4412,중국,폴란드,대한민국,156,"201402,201403,201404,201405,201406,201407,201408,201409,201410",X,-0.6546536707079772,0,0.6546536707079772,regulated_to_intermediary,616,폴란드
515,14,합판(신규공급자조사),4412,중국,폴란드,대한민국,156,"201402,201403,201404,201405,201406,201407,201408,201409,201410",X,-0.6546536707079772,0,0.6546536707079772,regulated_to_importer,410,대한민국
516,14,합판(신규공급자조사),4412,중국,호주,대한민국,156,"201402,201403,201404,201405,201406,201407,201408,201409,201410",X,-0.6546536707079772,1,0.6546536707079772,regulated_to_intermediary,36,호주
516,14,합판(신규공급자조사),4412,중국,호주,대한민국,156,"201402,201403,201404,201405,201406,201407,201408,201409,201410",X,-0.6546536707079772,1,0.6546536707079772,regulated_to_importer,410,대한민국
517,15,합판(신규공급자조사),4412,중국,가나,대한민국,156,"201402,201403,201404,201405,201406,201407,201408,201409,201410",X,-0.6546536707079772,0,0.6546536707079772,regulated_to_intermediary,288,가나
517,15,합판(신규공급자조사),4412,중국,가나,대한민국,156,"201402,201403,201404,201405,201406,201407,201408,201409,201410",X,-0.6546536707079772,0,0.6546536707079772,regulated_to_importer,410,대한민국
518,15,합판(신규공급자조사),4412,중국,스페인,대한민국,156,"201402,201403,201404,201405,201406,201407,201408,201409,201410",X,-0.6546536707079772,1,0.6546536707079772,regulated_to_intermediary,724,스페인
518,15,합판(신규공급자조사),4412,중국,스페인,대한민국,156,"201402,201403,201404,201405,201406,201407,201408,201409,201410",X,-0.6546536707079772,1,0.6546536707079772,regulated_to_importer,410,대한민국
519,15,합판(신규공급자조사),4412,중국,싱가포르,대한민국,156,"201402,201403,201404,201405,201406,201407,201408,201409,201410",X,-0.6546536707079772,0,0.6546536707079772,regulated_to_intermediary,702,싱가포르
519,15,합판(신규공급자조사),4412,중국,싱가포르,대한민국,156,"201402,201403,201404,201405,201406,201407,201408,201409,201410",X,-0.6546536707079772,0,0.6546536707079772,regulated_to_importer,410,대한민국
520,15,합판(신규공급자조사),4412,중국,아랍에미리트 연합,대한민국,156,"201402,201403,201404,201405,201406,201407,201408,201409,201410",X,-0.6546536707079772,1,0.6546536707079772,regulated_to_intermediary,784,아랍에미리트 연합
520,15,합판(신규공급자조사),4412,중국,아랍에미리트 연합,대한민국,156,"201402,201403,201404,201405,201406,201407,201408,201409,201410",X,-0.6546536707079772,1,0.6546536707079772,regulated_to_importer,410,대한민국
521,15,합판(신규공급자조사),4412,중국,체코공화국,대한민국,156,"201402,201403,201404,201405,201406,201407,201408,201409,201410",X,-0.6546536707079772,2,0.6546536707079772,regulated_to_intermediary,203,체코공화국
521,15,합판(신규공급자조사),4412,중국,체코공화국,대한민국,156,"201402,201403,201404,201405,201406,201407,201408,201409,201410",X,-0.6546536707079772,2,0.6546536707079772,regulated_to_importer,410,대한민국
522,15,합판(신규공급자조사),4412,중국,캐나다,대한민국,156,"201402,201403,201404,201405,201406,201407,201408,201409,201410",X,-0.6546536707079772,0,0.6546536707079772,regulated_to_intermediary,124,캐나다
522,15,합판(신규공급자조사),4412,중국,캐나다,대한민국,156,"201402,201403,201404,201405,201406,201407,201408,201409,201410",X,-0.6546536707079772,0,0.6546536707079772,regulated_to_importer,410,대한민국
523,15,합판(신규공급자조사),4412,중국,코스타리카,대한민국,156,"201402,201403,201404,201405,201406,201407,201408,201409,201410",X,-0.6546536707079772,3,0.6546536707079772,regulated_to_intermediary,188,코스타리카
523,15,합판(신규공급자조사),4412,중국,코스타리카,대한민국,156,"201402,201403,201404,201405,201406,201407,201408,201409,201410",X,-0.6546536707079772,3,0.6546536707079772,regulated_to_importer,410,대한민국
524,15,합판(신규공급자조사),4412,중국,콩고,대한민국,156,"201402,201403,201404,201405,201406,201407,201408,201409,201410",X,-0.6546536707079772,0,0.6546536707079772,regulated_to_intermediary,178,콩고
524,15,합판(신규공급자조사),4412,중국,콩고,대한민국,156,"201402,201403,201404,201405,201406,201407,201408,201409,201410",X,-0.6546536707079772,0,0.6546536707079772,regulated_to_importer,410,대한민국
525,15,합판(신규공급자조사),4412,중국,폴란드,대한민국,156,"201402,201403,201404,201405,201406,201407,201408,201409,201410",X,-0.6546536707079772,0,0.6546536707079772,regulated_to_intermediary,616,폴란드
525,15,합판(신규공급자조사),4412,중국,폴란드,대한민국,156,"201402,201403,201404,201405,201406,201407,201408,201409,201410",X,-0.6546536707079772,0,0.6546536707079772,regulated_to_importer,410,대한민국
526,15,합판(신규공급자조사),4412,중국,호주,대한민국,156,"201402,201403,201404,201405,201406,201407,201408,201409,201410",X,-0.6546536707079772,1,0.6546536707079772,regulated_to_intermediary,36,호주
526,15,합판(신규공급자조사),4412,중국,호주,대한민국,156,"201402,201403,201404,201405,201406,201407,201408,201409,201410",X,-0.6546536707079772,1,0.6546536707079772,regulated_to_importer,410,대한민국
527,16,합판(신규공급자조사),4412,중국,가나,대한민국,156,"201402,201403,201404,201405,201406,201407,201408,201409,201410",X,-0.6546536707079772,0,0.6546536707079772,regulated_to_intermediary,288,가나
527,16,합판(신규공급자조사),4412,중국,가나,대한민국,156,"201402,201403,201404,201405,201406,201407,201408,201409,201410",X,-0.6546536707079772,0,0.6546536707079772,regulated_to_importer,410,대한민국
528,16,합판(신규공급자조사),4412,중국,스페인,대한민국,156,"201402,201403,201404,201405,201406,201407,201408,201409,201410",X,-0.6546536707079772,1,0.6546536707079772,regulated_to_intermediary,724,스페인
528,16,합판(신규공급자조사),4412,중국,스페인,대한민국,156,"201402,201403,201404,201405,201406,201407,201408,201409,201410",X,-0.6546536707079772,1,0.6546536707079772,regulated_to_importer,410,대한민국
529,16,합판(신규공급자조사),4412,중국,싱가포르,대한민국,156,"201402,201403,201404,201405,201406,201407,201408,201409,201410",X,-0.6546536707079772,0,0.6546536707079772,regulated_to_intermediary,702,싱가포르
529,16,합판(신규공급자조사),4412,중국,싱가포르,대한민국,156,"201402,201403,201404,201405,201406,201407,201408,201409,201410",X,-0.6546536707079772,0,0.6546536707079772,regulated_to_importer,410,대한민국
530,16,합판(신규공급자조사),4412,중국,아랍에미리트 연합,대한민국,156,"201402,201403,201404,201405,201406,201407,201408,201409,201410",X,-0.6546536707079772,1,0.6546536707079772,regulated_to_intermediary,784,아랍에미리트 연합
530,16,합판(신규공급자조사),4412,중국,아랍에미리트 연합,대한민국,156,"201402,201403,201404,201405,201406,201407,201408,201409,201410",X,-0.6546536707079772,1,0.6546536707079772,regulated_to_importer,410,대한민국
531,16,합판(신규공급자조사),4412,중국,체코공화국,대한민국,156,"201402,201403,201404,201405,201406,201407,201408,201409,201410",X,-0.6546536707079772,2,0.6546536707079772,regulated_to_intermediary,203,체코공화국
531,16,합판(신규공급자조사),4412,중국,체코공화국,대한민국,156,"201402,201403,201404,201405,201406,201407,201408,201409,201410",X,-0.6546536707079772,2,0.6546536707079772,regulated_to_importer,410,대한민국
532,16,합판(신규공급자조사),4412,중국,캐나다,대한민국,156,"201402,201403,201404,201405,201406,201407,201408,201409,201410",X,-0.6546536707079772,0,0.6546536707079772,regulated_to_intermediary,124,캐나다
532,16,합판(신규공급자조사),4412,중국,캐나다,대한민국,156,"201402,201403,201404,201405,201406,201407,201408,201409,201410",X,-0.6546536707079772,0,0.6546536707079772,regulated_to_importer,410,대한민국
533,16,합판(신규공급자조사),4412,중국,코스타리카,대한민국,156,"201402,201403,201404,201405,201406,201407,201408,201409,201410",X,-0.6546536707079772,3,0.6546536707079772,regulated_to_intermediary,188,코스타리카
533,16,합판(신규공급자조사),4412,중국,코스타리카,대한민국,156,"201402,201403,201404,201405,201406,201407,201408,201409,201410",X,-0.6546536707079772,3,0.6546536707079772,regulated_to_importer,410,대한민국
534,16,합판(신규공급자조사),4412,중국,콩고,대한민국,156,"201402,201403,201404,201405,201406,201407,201408,201409,201410",X,-0.6546536707079772,0,0.6546536707079772,regulated_to_intermediary,178,콩고
534,16,합판(신규공급자조사),4412,중국,콩고,대한민국,156,"201402,201403,201404,201405,201406,201407,201408,201409,201410",X,-0.6546536707079772,0,0.6546536707079772,regulated_to_importer,410,대한민국
535,16,합판(신규공급자조사),4412,중국,폴란드,대한민국,156,"201402,201403,201404,201405,201406,201407,201408,201409,201410",X,-0.6546536707079772,0,0.6546536707079772,regulated_to_intermediary,616,폴란드
535,16,합판(신규공급자조사),4412,중국,폴란드,대한민국,156,"201402,201403,201404,201405,201406,201407,201408,201409,201410",X,-0.6546536707079772,0,0.6546536707079772,regulated_to_importer,410,대한민국
536,16,합판(신규공급자조사),4412,중국,호주,대한민국,156,"201402,201403,201404,201405,201406,201407,201408,201409,201410",X,-0.6546536707079772,1,0.6546536707079772,regulated_to_intermediary,36,호주
536,16,합판(신규공급자조사),4412,중국,호주,대한민국,156,"201402,201403,201404,201405,201406,201407,201408,201409,201410",X,-0.6546536707079772,1,0.6546536707079772,regulated_to_importer,410,대한민국
537,17,초산에틸(2차재심),291531,일본,사우디아라비아,대한민국,392,"201511,201512,201601,201602,201603,201604,201605,201606,201607",X,-0.6546536707079772,2,0.6546536707079772,regulated_to_intermediary,682,사우디아라비아
537,17,초산에틸(2차재심),291531,일본,사우디아라비아,대한민국,392,"201511,201512,201601,201602,201603,201604,201605,201606,201607",X,-0.6546536707079772,2,0.6546536707079772,regulated_to_importer,410,대한민국
538,17,초산에틸(2차재심),291531,중국,프랑스,대한민국,156,"201511,201512,201601,201602,201603,201604,201605,201606,201607",X,-0.6546536707079772,2,0.6546536707079772,regulated_to_intermediary,251,프랑스
538,17,초산에틸(2차재심),291531,중국,프랑스,대한민국,156,"201511,201512,201601,201602,201603,201604,201605,201606,201607",X,-0.6546536707079772,2,0.6546536707079772,regulated_to_importer,410,대한민국
539,19,PET필름(2차재심),392062,인도,스위스,대한민국,699,"201601,201602,201603,201604,201605,201606,201607,201608,201609",X,-0.6546536707079772,0,0.6546536707079772,regulated_to_intermediary,757,스위스
539,19,PET필름(2차재심),392062,인도,스위스,대한민국,699,"201601,201602,201603,201604,201605,201606,201607,201608,201609",X,-0.6546536707079772,0,0.6546536707079772,regulated_to_importer,410,대한민국
540,19,PET필름(2차재심),392062,인도,아일랜드,대한민국,699,"201601,201602,201603,201604,201605,201606,201607,201608,201609",X,-0.6546536707079772,1,0.6546536707079772,regulated_to_intermediary,372,아일랜드
540,19,PET필름(2차재심),392062,인도,아일랜드,대한민국,699,"201601,201602,201603,201604,201605,201606,201607,201608,201609",X,-0.6546536707079772,1,0.6546536707079772,regulated_to_importer,410,대한민국
541,19,PET필름(2차재심),392062,중국,네덜란드,대한민국,156,"201601,201602,201603,201604,201605,201606,201607,201608,201609",X,-0.6546536707079772,1,0.6546536707079772,regulated_to_intermediary,528,네덜란드
541,19,PET필름(2차재심),392062,중국,네덜란드,대한민국,156,"201601,201602,201603,201604,201605,201606,201607,201608,201609",X,-0.6546536707079772,1,0.6546536707079772,regulated_to_importer,410,대한민국
542,19,PET필름(2차재심),392062,중국,아일랜드,대한민국,156,"201601,201602,201603,201604,201605,201606,201607,201608,201609",X,-0.6546536707079772,0,0.6546536707079772,regulated_to_intermediary,372,아일랜드
542,19,PET필름(2차재심),392062,중국,아일랜드,대한민국,156,"201601,201602,201603,201604,201605,201606,201607,201608,201609",X,-0.6546536707079772,0,0.6546536707079772,regulated_to_importer,410,대한민국
543,19,PET필름(2차재심),392062,중국,우루과이,대한민국,156,"201601,201602,201603,201604,201605,201606,201607,201608,201609",X,-0.6546536707079772,3,0.6546536707079772,regulated_to_intermediary,858,우루과이
543,19,PET필름(2차재심),392062,중국,우루과이,대한민국,156,"201601,201602,201603,201604,201605,201606,201607,201608,201609",X,-0.6546536707079772,3,0.6546536707079772,regulated_to_importer,410,대한민국
544,20,침엽수 합판,441232,중국,미얀마,대한민국,156,"201603,201604,201605,201606,201607,201608,201609,201610,201611",X,-0.6546536707079772,0,0.6546536707079772,regulated_to_intermediary,104,미얀마
544,20,침엽수 합판,441232,중국,미얀마,대한민국,156,"201603,201604,201605,201606,201607,201608,201609,201610,201611",X,-0.6546536707079772,0,0.6546536707079772,regulated_to_importer,410,대한민국
545,20,침엽수 합판,441232,중국,슬로베니아,대한민국,156,"201603,201604,201605,201606,201607,201608,201609,201610,201611",X,-0.6546536707079772,1,0.6546536707079772,regulated_to_intermediary,705,슬로베니아
545,20,침엽수 합판,441232,중국,슬로베니아,대한민국,156,"201603,201604,201605,201606,201607,201608,201609,201610,201611",X,-0.6546536707079772,1,0.6546536707079772,regulated_to_importer,410,대한민국
546,20,침엽수 합판,441232,중국,프랑스,대한민국,156,"201603,201604,201605,201606,201607,201608,201609,201610,201611",X,-0.6546536707079772,3,0.6546536707079772,regulated_to_intermediary,251,프랑스
546,20,침엽수 합판,441232,중국,프랑스,대한민국,156,"201603,201604,201605,201606,201607,201608,201609,201610,201611",X,-0.6546536707079772,3,0.6546536707079772,regulated_to_importer,410,대한민국
547,21,부틸글리콜에테르,290943,프랑스,독일,대한민국,251,"201612,201701,201702,201703,201704,201705,201706,201707,201708",X,-0.6546536707079772,3,0.6546536707079772,regulated_to_intermediary,276,독일
547,21,부틸글리콜에테르,290943,프랑스,독일,대한민국,251,"201612,201701,201702,201703,201704,201705,201706,201707,201708",X,-0.6546536707079772,3,0.6546536707079772,regulated_to_importer,410,대한민국
548,21,부틸글리콜에테르,290943,프랑스,일본,대한민국,251,"201612,201701,201702,201703,201704,201705,201706,201707,201708",X,-0.6546536707079772,3,0.6546536707079772,regulated_to_intermediary,392,일본
548,21,부틸글리콜에테르,290943,프랑스,일본,대한민국,251,"201612,201701,201702,201703,201704,201705,201706,201707,201708",X,-0.6546536707079772,3,0.6546536707079772,regulated_to_importer,410,대한민국
549,22,합판(2차재심),4412,말레이시아,가나,대한민국,458,"201705,201706,201707,201708,201709,201710,201711,201712,201801",X,-0.6546536707079772,2,0.6546536707079772,regulated_to_intermediary,288,가나
549,22,합판(2차재심),4412,말레이시아,가나,대한민국,458,"201705,201706,201707,201708,201709,201710,201711,201712,201801",X,-0.6546536707079772,2,0.6546536707079772,regulated_to_importer,410,대한민국
550,22,합판(2차재심),4412,말레이시아,가봉,대한민국,458,"201705,201706,201707,201708,201709,201710,201711,201712,201801",X,-0.6546536707079772,3,0.6546536707079772,regulated_to_intermediary,266,가봉
550,22,합판(2차재심),4412,말레이시아,가봉,대한민국,458,"201705,201706,201707,201708,201709,201710,201711,201712,201801",X,-0.6546536707079772,3,0.6546536707079772,regulated_to_importer,410,대한민국
551,22,합판(2차재심),4412,말레이시아,오스트리아,대한민국,458,"201705,201706,201707,201708,201709,201710,201711,201712,201801",X,-0.6546536707079772,3,0.6546536707079772,regulated_to_intermediary,40,오스트리아
551,22,합판(2차재심),4412,말레이시아,오스트리아,대한민국,458,"201705,201706,201707,201708,201709,201710,201711,201712,201801",X,-0.6546536707079772,3,0.6546536707079772,regulated_to_importer,410,대한민국
552,22,합판(2차재심),4412,말레이시아,인도,대한민국,458,"201705,201706,201707,201708,201709,201710,201711,201712,201801",X,-0.6546536707079772,3,0.6546536707079772,regulated_to_intermediary,699,인도
552,22,합판(2차재심),4412,말레이시아,인도,대한민국,458,"201705,201706,201707,201708,201709,201710,201711,201712,201801",X,-0.6546536707079772,3,0.6546536707079772,regulated_to_importer,410,대한민국
553,22,합판(2차재심),4412,말레이시아,프랑스,대한민국,458,"201705,201706,201707,201708,201709,201710,201711,201712,201801",X,-0.6546536707079772,1,0.6546536707079772,regulated_to_intermediary,251,프랑스
553,22,합판(2차재심),4412,말레이시아,프랑스,대한민국,458,"201705,201706,201707,201708,201709,201710,201711,201712,201801",X,-0.6546536707079772,1,0.6546536707079772,regulated_to_importer,410,대한민국
554,22,합판(2차재심),4412,말레이시아,홍콩,대한민국,458,"201705,201706,201707,201708,201709,201710,201711,201712,201801",X,-0.6546536707079772,3,0.6546536707079772,regulated_to_intermediary,344,홍콩
554,22,합판(2차재심),4412,말레이시아,홍콩,대한민국,458,"201705,201706,201707,201708,201709,201710,201711,201712,201801",X,-0.6546536707079772,3,0.6546536707079772,regulated_to_importer,410,대한민국
555,23,합판(1차재심),4412,중국,가나,대한민국,156,"201705,201706,201707,201708,201709,201710,201711,201712,201801",X,-0.6546536707079772,2,0.6546536707079772,regulated_to_intermediary,288,가나
555,23,합판(1차재심),4412,중국,가나,대한민국,156,"201705,201706,201707,201708,201709,201710,201711,201712,201801",X,-0.6546536707079772,2,0.6546536707079772,regulated_to_importer,410,대한민국
556,23,합판(1차재심),4412,중국,가봉,대한민국,156,"201705,201706,201707,201708,201709,201710,201711,201712,201801",X,-0.6546536707079772,3,0.6546536707079772,regulated_to_intermediary,266,가봉
556,23,합판(1차재심),4412,중국,가봉,대한민국,156,"201705,201706,201707,201708,201709,201710,201711,201712,201801",X,-0.6546536707079772,3,0.6546536707079772,regulated_to_importer,410,대한민국
557,23,합판(1차재심),4412,중국,오스트리아,대한민국,156,"201705,201706,201707,201708,201709,201710,201711,201712,201801",X,-0.6546536707079772,3,0.6546536707079772,regulated_to_intermediary,40,오스트리아
557,23,합판(1차재심),4412,중국,오스트리아,대한민국,156,"201705,201706,201707,201708,201709,201710,201711,201712,201801",X,-0.6546536707079772,3,0.6546536707079772,regulated_to_importer,410,대한민국
558,23,합판(1차재심),4412,중국,인도,대한민국,156,"201705,201706,201707,201708,201709,201710,201711,201712,201801",X,-0.6546536707079772,3,0.6546536707079772,regulated_to_intermediary,699,인도
558,23,합판(1차재심),4412,중국,인도,대한민국,156,"201705,201706,201707,201708,201709,201710,201711,201712,201801",X,-0.6546536707079772,3,0.6546536707079772,regulated_to_importer,410,대한민국
559,23,합판(1차재심),4412,중국,프랑스,대한민국,156,"201705,201706,201707,201708,201709,201710,201711,201712,201801",X,-0.6546536707079772,1,0.6546536707079772,regulated_to_intermediary,251,프랑스
559,23,합판(1차재심),4412,중국,프랑스,대한민국,156,"201705,201706,201707,201708,201709,201710,201711,201712,201801",X,-0.6546536707079772,1,0.6546536707079772,regulated_to_importer,410,대한민국
560,23,합판(1차재심),4412,중국,홍콩,대한민국,156,"201705,201706,201707,201708,201709,201710,201711,201712,201801",X,-0.6546536707079772,3,0.6546536707079772,regulated_to_intermediary,344,홍콩
560,23,합판(1차재심),4412,중국,홍콩,대한민국,156,"201705,201706,201707,201708,201709,201710,201711,201712,201801",X,-0.6546536707079772,3,0.6546536707079772,regulated_to_importer,410,대한민국
561,24,옵셋인쇄판,370130,중국,인도,대한민국,156,"201709,201710,201711,201712,201801,201802,201803,201804,201805",X,-0.6546536707079772,3,0.6546536707079772,regulated_to_intermediary,699,인도
561,24,옵셋인쇄판,370130,중국,인도,대한민국,156,"201709,201710,201711,201712,201801,201802,201803,201804,201805",X,-0.6546536707079772,3,0.6546536707079772,regulated_to_importer,410,대한민국
562,24,옵셋인쇄판,370130,중국,홍콩,대한민국,156,"201709,201710,201711,201712,201801,201802,201803,201804,201805",X,-0.6546536707079772,1,0.6546536707079772,regulated_to_intermediary,344,홍콩
562,24,옵셋인쇄판,370130,중국,홍콩,대한민국,156,"201709,201710,201711,201712,201801,201802,201803,201804,201805",X,-0.6546536707079772,1,0.6546536707079772,regulated_to_importer,410,대한민국
563,25,페로실리코망간,720230,베트남,네덜란드,대한민국,704,"201711,201712,201801,201802,201803,201804,201805,201806,201807",X,-0.6546536707079772,2,0.6546536707079772,regulated_to_intermediary,528,네덜란드
563,25,페로실리코망간,720230,베트남,네덜란드,대한민국,704,"201711,201712,201801,201802,201803,201804,201805,201806,201807",X,-0.6546536707079772,2,0.6546536707079772,regulated_to_importer,410,대한민국
564,25,페로실리코망간,720230,베트남,튀르키예,대한민국,704,"201711,201712,201801,201802,201803,201804,201805,201806,201807",X,-0.6546536707079772,0,0.6546536707079772,regulated_to_intermediary,792,튀르키예
564,25,페로실리코망간,720230,베트남,튀르키예,대한민국,704,"201711,201712,201801,201802,201803,201804,201805,201806,201807",X,-0.6546536707079772,0,0.6546536707079772,regulated_to_importer,410,대한민국
565,25,페로실리코망간,720230,인도,스페인,대한민국,699,"201711,201712,201801,201802,201803,201804,201805,201806,201807",X,-0.6546536707079772,2,0.6546536707079772,regulated_to_intermediary,724,스페인
565,25,페로실리코망간,720230,인도,스페인,대한민국,699,"201711,201712,201801,201802,201803,201804,201805,201806,201807",X,-0.6546536707079772,2,0.6546536707079772,regulated_to_importer,410,대한민국
566,25,페로실리코망간,720230,인도,조지아,대한민국,699,"201711,201712,201801,201802,201803,201804,201805,201806,201807",X,-0.6546536707079772,1,0.6546536707079772,regulated_to_intermediary,268,조지아
566,25,페로실리코망간,720230,인도,조지아,대한민국,699,"201711,201712,201801,201802,201803,201804,201805,201806,201807",X,-0.6546536707079772,1,0.6546536707079772,regulated_to_importer,410,대한민국
567,26,PET필름,392062,대만,아일랜드,대한민국,490,"201804,201805,201806,201807,201808,201809,201810,201811,201812",X,-0.6546536707079772,2,0.6546536707079772,regulated_to_intermediary,372,아일랜드
567,26,PET필름,392062,대만,아일랜드,대한민국,490,"201804,201805,201806,201807,201808,201809,201810,201811,201812",X,-0.6546536707079772,2,0.6546536707079772,regulated_to_importer,410,대한민국
568,26,PET필름,392062,대만,오스트리아,대한민국,490,"201804,201805,201806,201807,201808,201809,201810,201811,201812",X,-0.6546536707079772,3,0.6546536707079772,regulated_to_intermediary,40,오스트리아
568,26,PET필름,392062,대만,오스트리아,대한민국,490,"201804,201805,201806,201807,201808,201809,201810,201811,201812",X,-0.6546536707079772,3,0.6546536707079772,regulated_to_importer,410,대한민국
569,26,PET필름,392062,대만,페루,대한민국,490,"201804,201805,201806,201807,201808,201809,201810,201811,201812",X,-0.6546536707079772,0,0.6546536707079772,regulated_to_intermediary,604,페루
569,26,PET필름,392062,대만,페루,대한민국,490,"201804,201805,201806,201807,201808,201809,201810,201811,201812",X,-0.6546536707079772,0,0.6546536707079772,regulated_to_importer,410,대한민국
570,26,PET필름,392062,태국,스웨덴,대한민국,764,"201804,201805,201806,201807,201808,201809,201810,201811,201812",X,-0.6546536707079772,1,0.6546536707079772,regulated_to_intermediary,752,스웨덴
570,26,PET필름,392062,태국,스웨덴,대한민국,764,"201804,201805,201806,201807,201808,201809,201810,201811,201812",X,-0.6546536707079772,1,0.6546536707079772,regulated_to_importer,410,대한민국
571,26,PET필름,392062,태국,에쿠아도르,대한민국,764,"201804,201805,201806,201807,201808,201809,201810,201811,201812",X,-0.6546536707079772,2,0.6546536707079772,regulated_to_intermediary,218,에쿠아도르
571,26,PET필름,392062,태국,에쿠아도르,대한민국,764,"201804,201805,201806,201807,201808,201809,201810,201811,201812",X,-0.6546536707079772,2,0.6546536707079772,regulated_to_importer,410,대한민국
572,26,PET필름,392062,태국,오스트리아,대한민국,764,"201804,201805,201806,201807,201808,201809,201810,201811,201812",X,-0.6546536707079772,1,0.6546536707079772,regulated_to_intermediary,40,오스트리아
572,26,PET필름,392062,태국,오스트리아,대한민국,764,"201804,201805,201806,201807,201808,201809,201810,201811,201812",X,-0.6546536707079772,1,0.6546536707079772,regulated_to_importer,410,대한민국
573,26,PET필름,392062,태국,캐나다,대한민국,764,"201804,201805,201806,201807,201808,201809,201810,201811,201812",X,-0.6546536707079772,3,0.6546536707079772,regulated_to_intermediary,124,캐나다
573,26,PET필름,392062,태국,캐나다,대한민국,764,"201804,201805,201806,201807,201808,201809,201810,201811,201812",X,-0.6546536707079772,3,0.6546536707079772,regulated_to_importer,410,대한민국
574,26,PET필름,392062,태국,폴란드,대한민국,764,"201804,201805,201806,201807,201808,201809,201810,201811,201812",X,-0.6546536707079772,1,0.6546536707079772,regulated_to_intermediary,616,폴란드
574,26,PET필름,392062,태국,폴란드,대한민국,764,"201804,201805,201806,201807,201808,201809,201810,201811,201812",X,-0.6546536707079772,1,0.6546536707079772,regulated_to_importer,410,대한민국
575,27,아연도금철선,721720,중국,말레이시아,대한민국,156,"201808,201809,201810,201811,201812,201901,201902,201903,201904",X,-0.6546536707079772,2,0.6546536707079772,regulated_to_intermediary,458,말레이시아
575,27,아연도금철선,721720,중국,말레이시아,대한민국,156,"201808,201809,201810,201811,201812,201901,201902,201903,201904",X,-0.6546536707079772,2,0.6546536707079772,regulated_to_importer,410,대한민국
576,27,아연도금철선,721720,중국,멕시코,대한민국,156,"201808,201809,201810,201811,201812,201901,201902,201903,201904",X,-0.6546536707079772,1,0.6546536707079772,regulated_to_intermediary,484,멕시코
576,27,아연도금철선,721720,중국,멕시코,대한민국,156,"201808,201809,201810,201811,201812,201901,201902,201903,201904",X,-0.6546536707079772,1,0.6546536707079772,regulated_to_importer,410,대한민국
577,27,아연도금철선,721720,중국,브라질,대한민국,156,"201808,201809,201810,201811,201812,201901,201902,201903,201904",X,-0.6546536707079772,2,0.6546536707079772,regulated_to_intermediary,76,브라질
577,27,아연도금철선,721720,중국,브라질,대한민국,156,"201808,201809,201810,201811,201812,201901,201902,201903,201904",X,-0.6546536707079772,2,0.6546536707079772,regulated_to_importer,410,대한민국
578,27,아연도금철선,721720,중국,프랑스,대한민국,156,"201808,201809,201810,201811,201812,201901,201902,201903,201904",X,-0.6546536707079772,1,0.6546536707079772,regulated_to_intermediary,251,프랑스
578,27,아연도금철선,721720,중국,프랑스,대한민국,156,"201808,201809,201810,201811,201812,201901,201902,201903,201904",X,-0.6546536707079772,1,0.6546536707079772,regulated_to_importer,410,대한민국
579,28,플로트판유리(3차재심),7005,중국,러시아 연방,대한민국,156,"201808,201809,201810,201811,201812,201901,201902,201903,201904",X,-0.6546536707079772,2,0.6546536707079772,regulated_to_intermediary,643,러시아 연방
579,28,플로트판유리(3차재심),7005,중국,러시아 연방,대한민국,156,"201808,201809,201810,201811,201812,201901,201902,201903,201904",X,-0.6546536707079772,2,0.6546536707079772,regulated_to_importer,410,대한민국
580,28,플로트판유리(3차재심),7005,중국,루마니아,대한민국,156,"201808,201809,201810,201811,201812,201901,201902,201903,201904",X,-0.6546536707079772,2,0.6546536707079772,regulated_to_intermediary,642,루마니아
580,28,플로트판유리(3차재심),7005,중국,루마니아,대한민국,156,"201808,201809,201810,201811,201812,201901,201902,201903,201904",X,-0.6546536707079772,2,0.6546536707079772,regulated_to_importer,410,대한민국
581,28,플로트판유리(3차재심),7005,중국,베트남,대한민국,156,"201808,201809,201810,201811,201812,201901,201902,201903,201904",X,-0.6546536707079772,3,0.6546536707079772,regulated_to_intermediary,704,베트남
581,28,플로트판유리(3차재심),7005,중국,베트남,대한민국,156,"201808,201809,201810,201811,201812,201901,201902,201903,201904",X,-0.6546536707079772,3,0.6546536707079772,regulated_to_importer,410,대한민국
582,28,플로트판유리(3차재심),7005,중국,싱가포르,대한민국,156,"201808,201809,201810,201811,201812,201901,201902,201903,201904",X,-0.6546536707079772,1,0.6546536707079772,regulated_to_intermediary,702,싱가포르
582,28,플로트판유리(3차재심),7005,중국,싱가포르,대한민국,156,"201808,201809,201810,201811,201812,201901,201902,201903,201904",X,-0.6546536707079772,1,0.6546536707079772,regulated_to_importer,410,대한민국
583,28,플로트판유리(3차재심),7005,중국,이집트,대한민국,156,"201808,201809,201810,201811,201812,201901,201902,201903,201904",X,-0.6546536707079772,1,0.6546536707079772,regulated_to_intermediary,818,이집트
583,28,플로트판유리(3차재심),7005,중국,이집트,대한민국,156,"201808,201809,201810,201811,201812,201901,201902,201903,201904",X,-0.6546536707079772,1,0.6546536707079772,regulated_to_importer,410,대한민국
584,29,초산에틸(3차재심),291531,일본,체코공화국,대한민국,392,"201907,201908,201909,201910,201911,201912,202001,202002,202003",X,-0.6546536707079772,2,0.6546536707079772,regulated_to_intermediary,203,체코공화국
584,29,초산에틸(3차재심),291531,일본,체코공화국,대한민국,392,"201907,201908,201909,201910,201911,201912,202001,202002,202003",X,-0.6546536707079772,2,0.6546536707079772,regulated_to_importer,410,대한민국
585,29,초산에틸(3차재심),291531,중국,체코공화국,대한민국,156,"201907,201908,201909,201910,201911,201912,202001,202002,202003",X,-0.6546536707079772,2,0.6546536707079772,regulated_to_intermediary,203,체코공화국
585,29,초산에틸(3차재심),291531,중국,체코공화국,대한민국,156,"201907,201908,201909,201910,201911,201912,202001,202002,202003",X,-0.6546536707079772,2,0.6546536707079772,regulated_to_importer,410,대한민국
586,31,OPP필름(1차재심),392020,인도네시아,벨기에,대한민국,360,"201908,201909,201910,201911,201912,202001,202002,202003,202004",X,-0.6546536707079772,3,0.6546536707079772,regulated_to_intermediary,56,벨기에
586,31,OPP필름(1차재심),392020,인도네시아,벨기에,대한민국,360,"201908,201909,201910,201911,201912,202001,202002,202003,202004",X,-0.6546536707079772,3,0.6546536707079772,regulated_to_importer,410,대한민국
587,31,OPP필름(1차재심),392020,인도네시아,아르헨티나,대한민국,360,"201908,201909,201910,201911,201912,202001,202002,202003,202004",X,-0.6546536707079772,1,0.6546536707079772,regulated_to_intermediary,32,아르헨티나
587,31,OPP필름(1차재심),392020,인도네시아,아르헨티나,대한민국,360,"201908,201909,201910,201911,201912,202001,202002,202003,202004",X,-0.6546536707079772,1,0.6546536707079772,regulated_to_importer,410,대한민국
588,31,OPP필름(1차재심),392020,인도네시아,카타르,대한민국,360,"201908,201909,201910,201911,201912,202001,202002,202003,202004",X,-0.6546536707079772,1,0.6546536707079772,regulated_to_intermediary,634,카타르
588,31,OPP필름(1차재심),392020,인도네시아,카타르,대한민국,360,"201908,201909,201910,201911,201912,202001,202002,202003,202004",X,-0.6546536707079772,1,0.6546536707079772,regulated_to_importer,410,대한민국
589,31,OPP필름(1차재심),392020,인도네시아,핀란드,대한민국,360,"201908,201909,201910,201911,201912,202001,202002,202003,202004",X,-0.6546536707079772,2,0.6546536707079772,regulated_to_intermediary,246,핀란드
589,31,OPP필름(1차재심),392020,인도네시아,핀란드,대한민국,360,"201908,201909,201910,201911,201912,202001,202002,202003,202004",X,-0.6546536707079772,2,0.6546536707079772,regulated_to_importer,410,대한민국
590,31,OPP필름(1차재심),392020,중국,벨기에,대한민국,156,"201908,201909,201910,201911,201912,202001,202002,202003,202004",X,-0.6546536707079772,3,0.6546536707079772,regulated_to_intermediary,56,벨기에
590,31,OPP필름(1차재심),392020,중국,벨기에,대한민국,156,"201908,201909,201910,201911,201912,202001,202002,202003,202004",X,-0.6546536707079772,3,0.6546536707079772,regulated_to_importer,410,대한민국
591,31,OPP필름(1차재심),392020,중국,아르헨티나,대한민국,156,"201908,201909,201910,201911,201912,202001,202002,202003,202004",X,-0.6546536707079772,1,0.6546536707079772,regulated_to_intermediary,32,아르헨티나
591,31,OPP필름(1차재심),392020,중국,아르헨티나,대한민국,156,"201908,201909,201910,201911,201912,202001,202002,202003,202004",X,-0.6546536707079772,1,0.6546536707079772,regulated_to_importer,410,대한민국
592,31,OPP필름(1차재심),392020,중국,카타르,대한민국,156,"201908,201909,201910,201911,201912,202001,202002,202003,202004",X,-0.6546536707079772,1,0.6546536707079772,regulated_to_intermediary,634,카타르
592,31,OPP필름(1차재심),392020,중국,카타르,대한민국,156,"201908,201909,201910,201911,201912,202001,202002,202003,202004",X,-0.6546536707079772,1,0.6546536707079772,regulated_to_importer,410,대한민국
593,31,OPP필름(1차재심),392020,중국,핀란드,대한민국,156,"201908,201909,201910,201911,201912,202001,202002,202003,202004",X,-0.6546536707079772,2,0.6546536707079772,regulated_to_intermediary,246,핀란드
593,31,OPP필름(1차재심),392020,중국,핀란드,대한민국,156,"201908,201909,201910,201911,201912,202001,202002,202003,202004",X,-0.6546536707079772,2,0.6546536707079772,regulated_to_importer,410,대한민국
594,31,OPP필름(1차재심),392020,태국,벨기에,대한민국,764,"201908,201909,201910,201911,201912,202001,202002,202003,202004",X,-0.6546536707079772,3,0.6546536707079772,regulated_to_intermediary,56,벨기에
594,31,OPP필름(1차재심),392020,태국,벨기에,대한민국,764,"201908,201909,201910,201911,201912,202001,202002,202003,202004",X,-0.6546536707079772,3,0.6546536707079772,regulated_to_importer,410,대한민국
595,31,OPP필름(1차재심),392020,태국,아르헨티나,대한민국,764,"201908,201909,201910,201911,201912,202001,202002,202003,202004",X,-0.6546536707079772,1,0.6546536707079772,regulated_to_intermediary,32,아르헨티나
595,31,OPP필름(1차재심),392020,태국,아르헨티나,대한민국,764,"201908,201909,201910,201911,201912,202001,202002,202003,202004",X,-0.6546536707079772,1,0.6546536707079772,regulated_to_importer,410,대한민국
596,31,OPP필름(1차재심),392020,태국,카타르,대한민국,764,"201908,201909,201910,201911,201912,202001,202002,202003,202004",X,-0.6546536707079772,1,0.6546536707079772,regulated_to_intermediary,634,카타르
596,31,OPP필름(1차재심),392020,태국,카타르,대한민국,764,"201908,201909,201910,201911,201912,202001,202002,202003,202004",X,-0.6546536707079772,1,0.6546536707079772,regulated_to_importer,410,대한민국
597,31,OPP필름(1차재심),392020,태국,핀란드,대한민국,764,"201908,201909,201910,201911,201912,202001,202002,202003,202004",X,-0.6546536707079772,2,0.6546536707079772,regulated_to_intermediary,246,핀란드
597,31,OPP필름(1차재심),392020,태국,핀란드,대한민국,764,"201908,201909,201910,201911,201912,202001,202002,202003,202004",X,-0.6546536707079772,2,0.6546536707079772,regulated_to_importer,410,대한민국
598,33,스테인리스 스틸바,7222,일본,남아프리카공화국,대한민국,392,"202005,202006,202007,202008,202009,202010,202011,202012,202101",X,-0.6546536707079772,3,0.6546536707079772,regulated_to_intermediary,710,남아프리카공화국
598,33,스테인리스 스틸바,7222,일본,남아프리카공화국,대한민국,392,"202005,202006,202007,202008,202009,202010,202011,202012,202101",X,-0.6546536707079772,3,0.6546536707079772,regulated_to_importer,410,대한민국
599,33,스테인리스 스틸바,7222,일본,노르웨이,대한민국,392,"202005,202006,202007,202008,202009,202010,202011,202012,202101",X,-0.6546536707079772,3,0.6546536707079772,regulated_to_intermediary,579,노르웨이
599,33,스테인리스 스틸바,7222,일본,노르웨이,대한민국,392,"202005,202006,202007,202008,202009,202010,202011,202012,202101",X,-0.6546536707079772,3,0.6546536707079772,regulated_to_importer,410,대한민국
600,33,스테인리스 스틸바,7222,일본,멕시코,대한민국,392,"202005,202006,202007,202008,202009,202010,202011,202012,202101",X,-0.6546536707079772,1,0.6546536707079772,regulated_to_intermediary,484,멕시코
600,33,스테인리스 스틸바,7222,일본,멕시코,대한민국,392,"202005,202006,202007,202008,202009,202010,202011,202012,202101",X,-0.6546536707079772,1,0.6546536707079772,regulated_to_importer,410,대한민국
601,33,스테인리스 스틸바,7222,일본,슬로베니아,대한민국,392,"202005,202006,202007,202008,202009,202010,202011,202012,202101",X,-0.6546536707079772,2,0.6546536707079772,regulated_to_intermediary,705,슬로베니아
601,33,스테인리스 스틸바,7222,일본,슬로베니아,대한민국,392,"202005,202006,202007,202008,202009,202010,202011,202012,202101",X,-0.6546536707079772,2,0.6546536707079772,regulated_to_importer,410,대한민국
602,33,스테인리스 스틸바,7222,일본,캐나다,대한민국,392,"202005,202006,202007,202008,202009,202010,202011,202012,202101",X,-0.6546536707079772,1,0.6546536707079772,regulated_to_intermediary,124,캐나다
602,33,스테인리스 스틸바,7222,일본,캐나다,대한민국,392,"202005,202006,202007,202008,202009,202010,202011,202012,202101",X,-0.6546536707079772,1,0.6546536707079772,regulated_to_importer,410,대한민국
603,34,합판,4412,말레이시아,니카라과,대한민국,458,"202011,202012,202101,202102,202103,202104,202105,202106,202107",X,-0.6546536707079772,2,0.6546536707079772,regulated_to_intermediary,558,니카라과
603,34,합판,4412,말레이시아,니카라과,대한민국,458,"202011,202012,202101,202102,202103,202104,202105,202106,202107",X,-0.6546536707079772,2,0.6546536707079772,regulated_to_importer,410,대한민국
604,34,합판,4412,말레이시아,스위스,대한민국,458,"202011,202012,202101,202102,202103,202104,202105,202106,202107",X,-0.6546536707079772,0,0.6546536707079772,regulated_to_intermediary,757,스위스
604,34,합판,4412,말레이시아,스위스,대한민국,458,"202011,202012,202101,202102,202103,202104,202105,202106,202107",X,-0.6546536707079772,0,0.6546536707079772,regulated_to_importer,410,대한민국
605,34,합판,4412,말레이시아,우크라이나,대한민국,458,"202011,202012,202101,202102,202103,202104,202105,202106,202107",X,-0.6546536707079772,0,0.6546536707079772,regulated_to_intermediary,804,우크라이나
605,34,합판,4412,말레이시아,우크라이나,대한민국,458,"202011,202012,202101,202102,202103,202104,202105,202106,202107",X,-0.6546536707079772,0,0.6546536707079772,regulated_to_importer,410,대한민국
606,34,합판,4412,말레이시아,태국,대한민국,458,"202011,202012,202101,202102,202103,202104,202105,202106,202107",X,-0.6546536707079772,0,0.6546536707079772,regulated_to_intermediary,764,태국
606,34,합판,4412,말레이시아,태국,대한민국,458,"202011,202012,202101,202102,202103,202104,202105,202106,202107",X,-0.6546536707079772,0,0.6546536707079772,regulated_to_importer,410,대한민국
607,34,합판,4412,말레이시아,튀르키예,대한민국,458,"202011,202012,202101,202102,202103,202104,202105,202106,202107",X,-0.6546536707079772,0,0.6546536707079772,regulated_to_intermediary,792,튀르키예
607,34,합판,4412,말레이시아,튀르키예,대한민국,458,"202011,202012,202101,202102,202103,202104,202105,202106,202107",X,-0.6546536707079772,0,0.6546536707079772,regulated_to_importer,410,대한민국
608,34,합판,4412,말레이시아,폴란드,대한민국,458,"202011,202012,202101,202102,202103,202104,202105,202106,202107",X,-0.6546536707079772,1,0.6546536707079772,regulated_to_intermediary,616,폴란드
608,34,합판,4412,말레이시아,폴란드,대한민국,458,"202011,202012,202101,202102,202103,202104,202105,202106,202107",X,-0.6546536707079772,1,0.6546536707079772,regulated_to_importer,410,대한민국
609,35,합판,4412,중국,니카라과,대한민국,156,"202011,202012,202101,202102,202103,202104,202105,202106,202107",X,-0.6546536707079772,1,0.6546536707079772,regulated_to_intermediary,558,니카라과
609,35,합판,4412,중국,니카라과,대한민국,156,"202011,202012,202101,202102,202103,202104,202105,202106,202107",X,-0.6546536707079772,1,0.6546536707079772,regulated_to_importer,410,대한민국
610,35,합판,4412,중국,오스트리아,대한민국,156,"202011,202012,202101,202102,202103,202104,202105,202106,202107",X,-0.6546536707079772,3,0.6546536707079772,regulated_to_intermediary,40,오스트리아
610,35,합판,4412,중국,오스트리아,대한민국,156,"202011,202012,202101,202102,202103,202104,202105,202106,202107",X,-0.6546536707079772,3,0.6546536707079772,regulated_to_importer,410,대한민국
611,35,합판,4412,중국,폴란드,대한민국,156,"202011,202012,202101,202102,202103,202104,202105,202106,202107",X,-0.6546536707079772,0,0.6546536707079772,regulated_to_intermediary,616,폴란드
611,35,합판,4412,중국,폴란드,대한민국,156,"202011,202012,202101,202102,202103,202104,202105,202106,202107",X,-0.6546536707079772,0,0.6546536707079772,regulated_to_importer,410,대한민국
612,36,합판,4412,베트남,덴마크,대한민국,704,"202011,202012,202101,202102,202103,202104,202105,202106,202107",X,-0.6546536707079772,3,0.6546536707079772,regulated_to_intermediary,208,덴마크
612,36,합판,4412,베트남,덴마크,대한민국,704,"202011,202012,202101,202102,202103,202104,202105,202106,202107",X,-0.6546536707079772,3,0.6546536707079772,regulated_to_importer,410,대한민국
613,36,합판,4412,베트남,벨라루스,대한민국,704,"202011,202012,202101,202102,202103,202104,202105,202106,202107",X,-0.6546536707079772,1,0.6546536707079772,regulated_to_intermediary,112,벨라루스
613,36,합판,4412,베트남,벨라루스,대한민국,704,"202011,202012,202101,202102,202103,202104,202105,202106,202107",X,-0.6546536707079772,1,0.6546536707079772,regulated_to_importer,410,대한민국
614,36,합판,4412,베트남,영국,대한민국,704,"202011,202012,202101,202102,202103,202104,202105,202106,202107",X,-0.6546536707079772,3,0.6546536707079772,regulated_to_intermediary,826,영국
614,36,합판,4412,베트남,영국,대한민국,704,"202011,202012,202101,202102,202103,202104,202105,202106,202107",X,-0.6546536707079772,3,0.6546536707079772,regulated_to_importer,410,대한민국
615,36,합판,4412,베트남,오스트리아,대한민국,704,"202011,202012,202101,202102,202103,202104,202105,202106,202107",X,-0.6546536707079772,1,0.6546536707079772,regulated_to_intermediary,40,오스트리아
615,36,합판,4412,베트남,오스트리아,대한민국,704,"202011,202012,202101,202102,202103,202104,202105,202106,202107",X,-0.6546536707079772,1,0.6546536707079772,regulated_to_importer,410,대한민국
616,37,스테인리스스틸바,7222,스페인,남아프리카공화국,대한민국,724,"202101,202102,202103,202104,202105,202106,202107,202108,202109",X,-0.6546536707079772,3,0.6546536707079772,regulated_to_intermediary,710,남아프리카공화국
616,37,스테인리스스틸바,7222,스페인,남아프리카공화국,대한민국,724,"202101,202102,202103,202104,202105,202106,202107,202108,202109",X,-0.6546536707079772,3,0.6546536707079772,regulated_to_importer,410,대한민국
617,37,스테인리스스틸바,7222,스페인,룩셈부르그,대한민국,724,"202101,202102,202103,202104,202105,202106,202107,202108,202109",X,-0.6546536707079772,0,0.6546536707079772,regulated_to_intermediary,442,룩셈부르그
617,37,스테인리스스틸바,7222,스페인,룩셈부르그,대한민국,724,"202101,202102,202103,202104,202105,202106,202107,202108,202109",X,-0.6546536707079772,0,0.6546536707079772,regulated_to_importer,410,대한민국
618,37,스테인리스스틸바,7222,스페인,벨기에,대한민국,724,"202101,202102,202103,202104,202105,202106,202107,202108,202109",X,-0.6546536707079772,2,0.6546536707079772,regulated_to_intermediary,56,벨기에
618,37,스테인리스스틸바,7222,스페인,벨기에,대한민국,724,"202101,202102,202103,202104,202105,202106,202107,202108,202109",X,-0.6546536707079772,2,0.6546536707079772,regulated_to_importer,410,대한민국
619,37,스테인리스스틸바,7222,스페인,싱가포르,대한민국,724,"202101,202102,202103,202104,202105,202106,202107,202108,202109",X,-0.6546536707079772,3,0.6546536707079772,regulated_to_intermediary,702,싱가포르
619,37,스테인리스스틸바,7222,스페인,싱가포르,대한민국,724,"202101,202102,202103,202104,202105,202106,202107,202108,202109",X,-0.6546536707079772,3,0.6546536707079772,regulated_to_importer,410,대한민국
620,37,스테인리스스틸바,7222,스페인,태국,대한민국,724,"202101,202102,202103,202104,202105,202106,202107,202108,202109",X,-0.6546536707079772,3,0.6546536707079772,regulated_to_intermediary,764,태국
620,37,스테인리스스틸바,7222,스페인,태국,대한민국,724,"202101,202102,202103,202104,202105,202106,202107,202108,202109",X,-0.6546536707079772,3,0.6546536707079772,regulated_to_importer,410,대한민국
621,37,스테인리스스틸바,7222,스페인,홍콩,대한민국,724,"202101,202102,202103,202104,202105,202106,202107,202108,202109",X,-0.6546536707079772,2,0.6546536707079772,regulated_to_intermediary,344,홍콩
621,37,스테인리스스틸바,7222,스페인,홍콩,대한민국,724,"202101,202102,202103,202104,202105,202106,202107,202108,202109",X,-0.6546536707079772,2,0.6546536707079772,regulated_to_importer,410,대한민국
622,37,스테인리스스틸바,7222,인도,남아프리카공화국,대한민국,699,"202101,202102,202103,202104,202105,202106,202107,202108,202109",X,-0.6546536707079772,3,0.6546536707079772,regulated_to_intermediary,710,남아프리카공화국
622,37,스테인리스스틸바,7222,인도,남아프리카공화국,대한민국,699,"202101,202102,202103,202104,202105,202106,202107,202108,202109",X,-0.6546536707079772,3,0.6546536707079772,regulated_to_importer,410,대한민국
623,37,스테인리스스틸바,7222,인도,룩셈부르그,대한민국,699,"202101,202102,202103,202104,202105,202106,202107,202108,202109",X,-0.6546536707079772,0,0.6546536707079772,regulated_to_intermediary,442,룩셈부르그
623,37,스테인리스스틸바,7222,인도,룩셈부르그,대한민국,699,"202101,202102,202103,202104,202105,202106,202107,202108,202109",X,-0.6546536707079772,0,0.6546536707079772,regulated_to_importer,410,대한민국
624,37,스테인리스스틸바,7222,인도,벨기에,대한민국,699,"202101,202102,202103,202104,202105,202106,202107,202108,202109",X,-0.6546536707079772,2,0.6546536707079772,regulated_to_intermediary,56,벨기에
624,37,스테인리스스틸바,7222,인도,벨기에,대한민국,699,"202101,202102,202103,202104,202105,202106,202107,202108,202109",X,-0.6546536707079772,2,0.6546536707079772,regulated_to_importer,410,대한민국
625,37,스테인리스스틸바,7222,인도,싱가포르,대한민국,699,"202101,202102,202103,202104,202105,202106,202107,202108,202109",X,-0.6546536707079772,3,0.6546536707079772,regulated_to_intermediary,702,싱가포르
625,37,스테인리스스틸바,7222,인도,싱가포르,대한민국,699,"202101,202102,202103,202104,202105,202106,202107,202108,202109",X,-0.6546536707079772,3,0.6546536707079772,regulated_to_importer,410,대한민국
626,37,스테인리스스틸바,7222,인도,태국,대한민국,699,"202101,202102,202103,202104,202105,202106,202107,202108,202109",X,-0.6546536707079772,3,0.6546536707079772,regulated_to_intermediary,764,태국
626,37,스테인리스스틸바,7222,인도,태국,대한민국,699,"202101,202102,202103,202104,202105,202106,202107,202108,202109",X,-0.6546536707079772,3,0.6546536707079772,regulated_to_importer,410,대한민국
627,37,스테인리스스틸바,7222,인도,홍콩,대한민국,699,"202101,202102,202103,202104,202105,202106,202107,202108,202109",X,-0.6546536707079772,2,0.6546536707079772,regulated_to_intermediary,344,홍콩
627,37,스테인리스스틸바,7222,인도,홍콩,대한민국,699,"202101,202102,202103,202104,202105,202106,202107,202108,202109",X,-0.6546536707079772,2,0.6546536707079772,regulated_to_importer,410,대한민국
628,37,스테인리스스틸바,7222,일본,룩셈부르그,대한민국,392,"202101,202102,202103,202104,202105,202106,202107,202108,202109",X,-0.6546536707079772,1,0.6546536707079772,regulated_to_intermediary,442,룩셈부르그
628,37,스테인리스스틸바,7222,일본,룩셈부르그,대한민국,392,"202101,202102,202103,202104,202105,202106,202107,202108,202109",X,-0.6546536707079772,1,0.6546536707079772,regulated_to_importer,410,대한민국
629,37,스테인리스스틸바,7222,일본,홍콩,대한민국,392,"202101,202102,202103,202104,202105,202106,202107,202108,202109",X,-0.6546536707079772,3,0.6546536707079772,regulated_to_intermediary,344,홍콩
629,37,스테인리스스틸바,7222,일본,홍콩,대한민국,392,"202101,202102,202103,202104,202105,202106,202107,202108,202109",X,-0.6546536707079772,3,0.6546536707079772,regulated_to_importer,410,대한민국
630,38,인쇄제판용 평면모양 사진 플레이트(옵셋 인쇄판),370130,중국,이탈리아,대한민국,156,"202105,202106,202107,202108,202109,202110,202111,202112,202201",X,-0.6546536707079772,2,0.6546536707079772,regulated_to_intermediary,380,이탈리아
630,38,인쇄제판용 평면모양 사진 플레이트(옵셋 인쇄판),370130,중국,이탈리아,대한민국,156,"202105,202106,202107,202108,202109,202110,202111,202112,202201",X,-0.6546536707079772,2,0.6546536707079772,regulated_to_importer,410,대한민국
631,39,PET필름,392062,대만,포루투갈,대한민국,490,"202112,202201,202202,202203,202204,202205,202206,202207,202208",X,-0.6546536707079772,3,0.6546536707079772,regulated_to_intermediary,620,포루투갈
631,39,PET필름,392062,대만,포루투갈,대한민국,490,"202112,202201,202202,202203,202204,202205,202206,202207,202208",X,-0.6546536707079772,3,0.6546536707079772,regulated_to_importer,410,대한민국
632,39,PET필름,392062,태국,포루투갈,대한민국,764,"202112,202201,202202,202203,202204,202205,202206,202207,202208",X,-0.6546536707079772,3,0.6546536707079772,regulated_to_intermediary,620,포루투갈
632,39,PET필름,392062,태국,포루투갈,대한민국,764,"202112,202201,202202,202203,202204,202205,202206,202207,202208",X,-0.6546536707079772,3,0.6546536707079772,regulated_to_importer,410,대한민국
633,40,플로트판유리,7005,중국,덴마크,대한민국,156,"202204,202205,202206,202207,202208,202209,202210,202211,202212",X,-0.6546536707079772,0,0.6546536707079772,regulated_to_intermediary,208,덴마크
633,40,플로트판유리,7005,중국,덴마크,대한민국,156,"202204,202205,202206,202207,202208,202209,202210,202211,202212",X,-0.6546536707079772,0,0.6546536707079772,regulated_to_importer,410,대한민국
634,40,플로트판유리,7005,중국,스페인,대한민국,156,"202204,202205,202206,202207,202208,202209,202210,202211,202212",X,-0.6546536707079772,1,0.6546536707079772,regulated_to_intermediary,724,스페인
634,40,플로트판유리,7005,중국,스페인,대한민국,156,"202204,202205,202206,202207,202208,202209,202210,202211,202212",X,-0.6546536707079772,1,0.6546536707079772,regulated_to_importer,410,대한민국
635,40,플로트판유리,7005,중국,영국,대한민국,156,"202204,202205,202206,202207,202208,202209,202210,202211,202212",X,-0.6546536707079772,3,0.6546536707079772,regulated_to_intermediary,826,영국
635,40,플로트판유리,7005,중국,영국,대한민국,156,"202204,202205,202206,202207,202208,202209,202210,202211,202212",X,-0.6546536707079772,3,0.6546536707079772,regulated_to_importer,410,대한민국
636,40,플로트판유리,7005,중국,이스라엘,대한민국,156,"202204,202205,202206,202207,202208,202209,202210,202211,202212",X,-0.6546536707079772,3,0.6546536707079772,regulated_to_intermediary,376,이스라엘
636,40,플로트판유리,7005,중국,이스라엘,대한민국,156,"202204,202205,202206,202207,202208,202209,202210,202211,202212",X,-0.6546536707079772,3,0.6546536707079772,regulated_to_importer,410,대한민국
637,40,플로트판유리,7005,중국,폴란드,대한민국,156,"202204,202205,202206,202207,202208,202209,202210,202211,202212",X,-0.6546536707079772,3,0.6546536707079772,regulated_to_intermediary,616,폴란드
637,40,플로트판유리,7005,중국,폴란드,대한민국,156,"202204,202205,202206,202207,202208,202209,202210,202211,202212",X,-0.6546536707079772,3,0.6546536707079772,regulated_to_importer,410,대한민국
638,40,플로트판유리,7005,중국,필리핀,대한민국,156,"202204,202205,202206,202207,202208,202209,202210,202211,202212",X,-0.6546536707079772,0,0.6546536707079772,regulated_to_intermediary,608,필리핀
638,40,플로트판유리,7005,중국,필리핀,대한민국,156,"202204,202205,202206,202207,202208,202209,202210,202211,202212",X,-0.6546536707079772,0,0.6546536707079772,regulated_to_importer,410,대한민국
639,42,부틸글리콜에테르,290943,미국,베트남,대한민국,842,"202207,202208,202209,202210,202211,202212,202301,202302,202303",X,-0.6546536707079772,1,0.6546536707079772,regulated_to_intermediary,704,베트남
639,42,부틸글리콜에테르,290943,미국,베트남,대한민국,842,"202207,202208,202209,202210,202211,202212,202301,202302,202303",X,-0.6546536707079772,1,0.6546536707079772,regulated_to_importer,410,대한민국
640,44,이음매없는동관,7411,베트남,대만,대한민국,704,"202303,202304,202305,202306,202307,202308,202309,202310,202311",X,-0.6546536707079772,2,0.6546536707079772,regulated_to_intermediary,158,대만
640,44,이음매없는동관,7411,베트남,대만,대한민국,704,"202303,202304,202305,202306,202307,202308,202309,202310,202311",X,-0.6546536707079772,2,0.6546536707079772,regulated_to_importer,410,대한민국
641,44,이음매없는동관,7411,베트남,아일랜드,대한민국,704,"202303,202304,202305,202306,202307,202308,202309,202310,202311",X,-0.6546536707079772,2,0.6546536707079772,regulated_to_intermediary,372,아일랜드
641,44,이음매없는동관,7411,베트남,아일랜드,대한민국,704,"202303,202304,202305,202306,202307,202308,202309,202310,202311",X,-0.6546536707079772,2,0.6546536707079772,regulated_to_importer,410,대한민국
642,44,이음매없는동관,7411,베트남,카타르,대한민국,704,"202303,202304,202305,202306,202307,202308,202309,202310,202311",X,-0.6546536707079772,3,0.6546536707079772,regulated_to_intermediary,634,카타르
642,44,이음매없는동관,7411,베트남,카타르,대한민국,704,"202303,202304,202305,202306,202307,202308,202309,202310,202311",X,-0.6546536707079772,3,0.6546536707079772,regulated_to_importer,410,대한민국
643,44,이음매없는동관,7411,중국,대만,대한민국,156,"202303,202304,202305,202306,202307,202308,202309,202310,202311",X,-0.6546536707079772,2,0.6546536707079772,regulated_to_intermediary,158,대만
643,44,이음매없는동관,7411,중국,대만,대한민국,156,"202303,202304,202305,202306,202307,202308,202309,202310,202311",X,-0.6546536707079772,2,0.6546536707079772,regulated_to_importer,410,대한민국
644,44,이음매없는동관,7411,중국,아일랜드,대한민국,156,"202303,202304,202305,202306,202307,202308,202309,202310,202311",X,-0.6546536707079772,2,0.6546536707079772,regulated_to_intermediary,372,아일랜드
644,44,이음매없는동관,7411,중국,아일랜드,대한민국,156,"202303,202304,202305,202306,202307,202308,202309,202310,202311",X,-0.6546536707079772,2,0.6546536707079772,regulated_to_importer,410,대한민국
645,44,이음매없는동관,7411,중국,카타르,대한민국,156,"202303,202304,202305,202306,202307,202308,202309,202310,202311",X,-0.6546536707079772,3,0.6546536707079772,regulated_to_intermediary,634,카타르
645,44,이음매없는동관,7411,중국,카타르,대한민국,156,"202303,202304,202305,202306,202307,202308,202309,202310,202311",X,-0.6546536707079772,3,0.6546536707079772,regulated_to_importer,410,대한민국
646,45,폴리아미드필름,392092,중국,스위스,대한민국,156,"202302,202303,202304,202305,202306,202307,202308,202309,202310",X,-0.6546536707079772,1,0.6546536707079772,regulated_to_intermediary,757,스위스
646,45,폴리아미드필름,392092,중국,스위스,대한민국,156,"202302,202303,202304,202305,202306,202307,202308,202309,202310",X,-0.6546536707079772,1,0.6546536707079772,regulated_to_importer,410,대한민국
647,45,폴리아미드필름,392092,중국,핀란드,대한민국,156,"202302,202303,202304,202305,202306,202307,202308,202309,202310",X,-0.6546536707079772,2,0.6546536707079772,regulated_to_intermediary,246,핀란드
647,45,폴리아미드필름,392092,중국,핀란드,대한민국,156,"202302,202303,202304,202305,202306,202307,202308,202309,202310",X,-0.6546536707079772,2,0.6546536707079772,regulated_to_importer,410,대한민국
648,46,수산화알루미늄,281830,중국,체코공화국,대한민국,156,"202304,202305,202306,202307,202308,202309,202310,202311,202312",X,-0.6546536707079772,2,0.6546536707079772,regulated_to_intermediary,203,체코공화국
648,46,수산화알루미늄,281830,중국,체코공화국,대한민국,156,"202304,202305,202306,202307,202308,202309,202310,202311,202312",X,-0.6546536707079772,2,0.6546536707079772,regulated_to_importer,410,대한민국
649,46,수산화알루미늄,281830,중국,폴란드,대한민국,156,"202304,202305,202306,202307,202308,202309,202310,202311,202312",X,-0.6546536707079772,3,0.6546536707079772,regulated_to_intermediary,616,폴란드
649,46,수산화알루미늄,281830,중국,폴란드,대한민국,156,"202304,202305,202306,202307,202308,202309,202310,202311,202312",X,-0.6546536707079772,3,0.6546536707079772,regulated_to_importer,410,대한민국
650,46,수산화알루미늄,281830,중국,헝가리,대한민국,156,"202304,202305,202306,202307,202308,202309,202310,202311,202312",X,-0.6546536707079772,2,0.6546536707079772,regulated_to_intermediary,348,헝가리
650,46,수산화알루미늄,281830,중국,헝가리,대한민국,156,"202304,202305,202306,202307,202308,202309,202310,202311,202312",X,-0.6546536707079772,2,0.6546536707079772,regulated_to_importer,410,대한민국
651,47,페로실리코망간,720230,베트남,브라질,대한민국,704,"202307,202308,202309,202310,202311,202312,202401,202402,202403",X,-0.6546536707079772,3,0.6546536707079772,regulated_to_intermediary,76,브라질
651,47,페로실리코망간,720230,베트남,브라질,대한민국,704,"202307,202308,202309,202310,202311,202312,202401,202402,202403",X,-0.6546536707079772,3,0.6546536707079772,regulated_to_importer,410,대한민국
652,47,페로실리코망간,720230,베트남,조지아,대한민국,704,"202307,202308,202309,202310,202311,202312,202401,202402,202403",X,-0.6546536707079772,3,0.6546536707079772,regulated_to_intermediary,268,조지아
652,47,페로실리코망간,720230,베트남,조지아,대한민국,704,"202307,202308,202309,202310,202311,202312,202401,202402,202403",X,-0.6546536707079772,3,0.6546536707079772,regulated_to_importer,410,대한민국
653,47,페로실리코망간,720230,베트남,홍콩,대한민국,704,"202307,202308,202309,202310,202311,202312,202401,202402,202403",X,-0.6546536707079772,3,0.6546536707079772,regulated_to_intermediary,344,홍콩
653,47,페로실리코망간,720230,베트남,홍콩,대한민국,704,"202307,202308,202309,202310,202311,202312,202401,202402,202403",X,-0.6546536707079772,3,0.6546536707079772,regulated_to_importer,410,대한민국
654,47,페로실리코망간,720230,인도,브라질,대한민국,699,"202307,202308,202309,202310,202311,202312,202401,202402,202403",X,-0.6546536707079772,3,0.6546536707079772,regulated_to_intermediary,76,브라질
654,47,페로실리코망간,720230,인도,브라질,대한민국,699,"202307,202308,202309,202310,202311,202312,202401,202402,202403",X,-0.6546536707079772,3,0.6546536707079772,regulated_to_importer,410,대한민국
655,47,페로실리코망간,720230,인도,조지아,대한민국,699,"202307,202308,202309,202310,202311,202312,202401,202402,202403",X,-0.6546536707079772,3,0.6546536707079772,regulated_to_intermediary,268,조지아
655,47,페로실리코망간,720230,인도,조지아,대한민국,699,"202307,202308,202309,202310,202311,202312,202401,202402,202403",X,-0.6546536707079772,3,0.6546536707079772,regulated_to_importer,410,대한민국
656,47,페로실리코망간,720230,인도,홍콩,대한민국,699,"202307,202308,202309,202310,202311,202312,202401,202402,202403",X,-0.6546536707079772,3,0.6546536707079772,regulated_to_intermediary,344,홍콩
656,47,페로실리코망간,720230,인도,홍콩,대한민국,699,"202307,202308,202309,202310,202311,202312,202401,202402,202403",X,-0.6546536707079772,3,0.6546536707079772,regulated_to_importer,410,대한민국
657,48,도공(coated) 인쇄용지,4810,일본,남아프리카공화국,대한민국,392,"202403,202404,202405,202406,202407,202408,202409,202410,202411",X,-0.6546536707079772,3,0.6546536707079772,regulated_to_intermediary,710,남아프리카공화국
657,48,도공(coated) 인쇄용지,4810,일본,남아프리카공화국,대한민국,392,"202403,202404,202405,202406,202407,202408,202409,202410,202411",X,-0.6546536707079772,3,0.6546536707079772,regulated_to_importer,410,대한민국
658,48,도공(coated) 인쇄용지,4810,일본,미얀마,대한민국,392,"202403,202404,202405,202406,202407,202408,202409,202410,202411",X,-0.6546536707079772,2,0.6546536707079772,regulated_to_intermediary,104,미얀마
658,48,도공(coated) 인쇄용지,4810,일본,미얀마,대한민국,392,"202403,202404,202405,202406,202407,202408,202409,202410,202411",X,-0.6546536707079772,2,0.6546536707079772,regulated_to_importer,410,대한민국
659,48,도공(coated) 인쇄용지,4810,일본,브라질,대한민국,392,"202403,202404,202405,202406,202407,202408,202409,202410,202411",X,-0.6546536707079772,3,0.6546536707079772,regulated_to_intermediary,76,브라질
659,48,도공(coated) 인쇄용지,4810,일본,브라질,대한민국,392,"202403,202404,202405,202406,202407,202408,202409,202410,202411",X,-0.6546536707079772,3,0.6546536707079772,regulated_to_importer,410,대한민국
660,48,도공(coated) 인쇄용지,4810,일본,세이쉘,대한민국,392,"202403,202404,202405,202406,202407,202408,202409,202410,202411",X,-0.6546536707079772,0,0.6546536707079772,regulated_to_intermediary,690,세이쉘
660,48,도공(coated) 인쇄용지,4810,일본,세이쉘,대한민국,392,"202403,202404,202405,202406,202407,202408,202409,202410,202411",X,-0.6546536707079772,0,0.6546536707079772,regulated_to_importer,410,대한민국
661,48,도공(coated) 인쇄용지,4810,일본,튀르키예,대한민국,392,"202403,202404,202405,202406,202407,202408,202409,202410,202411",X,-0.6546536707079772,0,0.6546536707079772,regulated_to_intermediary,792,튀르키예
661,48,도공(coated) 인쇄용지,4810,일본,튀르키예,대한민국,392,"202403,202404,202405,202406,202407,202408,202409,202410,202411",X,-0.6546536707079772,0,0.6546536707079772,regulated_to_importer,410,대한민국
662,48,도공(coated) 인쇄용지,4810,일본,포루투갈,대한민국,392,"202403,202404,202405,202406,202407,202408,202409,202410,202411",X,-0.6546536707079772,2,0.6546536707079772,regulated_to_intermediary,620,포루투갈
662,48,도공(coated) 인쇄용지,4810,일본,포루투갈,대한민국,392,"202403,202404,202405,202406,202407,202408,202409,202410,202411",X,-0.6546536707079772,2,0.6546536707079772,regulated_to_importer,410,대한민국
663,48,도공(coated) 인쇄용지,4810,일본,호주,대한민국,392,"202403,202404,202405,202406,202407,202408,202409,202410,202411",X,-0.6546536707079772,1,0.6546536707079772,regulated_to_intermediary,36,호주
663,48,도공(coated) 인쇄용지,4810,일본,호주,대한민국,392,"202403,202404,202405,202406,202407,202408,202409,202410,202411",X,-0.6546536707079772,1,0.6546536707079772,regulated_to_importer,410,대한민국
664,48,도공(coated) 인쇄용지,4810,중국,남아프리카공화국,대한민국,156,"202403,202404,202405,202406,202407,202408,202409,202410,202411",X,-0.6546536707079772,3,0.6546536707079772,regulated_to_intermediary,710,남아프리카공화국
664,48,도공(coated) 인쇄용지,4810,중국,남아프리카공화국,대한민국,156,"202403,202404,202405,202406,202407,202408,202409,202410,202411",X,-0.6546536707079772,3,0.6546536707079772,regulated_to_importer,410,대한민국
665,48,도공(coated) 인쇄용지,4810,중국,멕시코,대한민국,156,"202403,202404,202405,202406,202407,202408,202409,202410,202411",X,-0.6546536707079772,3,0.6546536707079772,regulated_to_intermediary,484,멕시코
665,48,도공(coated) 인쇄용지,4810,중국,멕시코,대한민국,156,"202403,202404,202405,202406,202407,202408,202409,202410,202411",X,-0.6546536707079772,3,0.6546536707079772,regulated_to_importer,410,대한민국
666,48,도공(coated) 인쇄용지,4810,중국,미얀마,대한민국,156,"202403,202404,202405,202406,202407,202408,202409,202410,202411",X,-0.6546536707079772,2,0.6546536707079772,regulated_to_intermediary,104,미얀마
666,48,도공(coated) 인쇄용지,4810,중국,미얀마,대한민국,156,"202403,202404,202405,202406,202407,202408,202409,202410,202411",X,-0.6546536707079772,2,0.6546536707079772,regulated_to_importer,410,대한민국
667,48,도공(coated) 인쇄용지,4810,중국,브라질,대한민국,156,"202403,202404,202405,202406,202407,202408,202409,202410,202411",X,-0.6546536707079772,3,0.6546536707079772,regulated_to_intermediary,76,브라질
667,48,도공(coated) 인쇄용지,4810,중국,브라질,대한민국,156,"202403,202404,202405,202406,202407,202408,202409,202410,202411",X,-0.6546536707079772,3,0.6546536707079772,regulated_to_importer,410,대한민국
668,48,도공(coated) 인쇄용지,4810,중국,세이쉘,대한민국,156,"202403,202404,202405,202406,202407,202408,202409,202410,202411",X,-0.6546536707079772,0,0.6546536707079772,regulated_to_intermediary,690,세이쉘
668,48,도공(coated) 인쇄용지,4810,중국,세이쉘,대한민국,156,"202403,202404,202405,202406,202407,202408,202409,202410,202411",X,-0.6546536707079772,0,0.6546536707079772,regulated_to_importer,410,대한민국
669,48,도공(coated) 인쇄용지,4810,중국,튀르키예,대한민국,156,"202403,202404,202405,202406,202407,202408,202409,202410,202411",X,-0.6546536707079772,0,0.6546536707079772,regulated_to_intermediary,792,튀르키예
669,48,도공(coated) 인쇄용지,4810,중국,튀르키예,대한민국,156,"202403,202404,202405,202406,202407,202408,202409,202410,202411",X,-0.6546536707079772,0,0.6546536707079772,regulated_to_importer,410,대한민국
670,48,도공(coated) 인쇄용지,4810,중국,포루투갈,대한민국,156,"202403,202404,202405,202406,202407,202408,202409,202410,202411",X,-0.6546536707079772,2,0.6546536707079772,regulated_to_intermediary,620,포루투갈
670,48,도공(coated) 인쇄용지,4810,중국,포루투갈,대한민국,156,"202403,202404,202405,202406,202407,202408,202409,202410,202411",X,-0.6546536707079772,2,0.6546536707079772,regulated_to_importer,410,대한민국
671,48,도공(coated) 인쇄용지,4810,중국,호주,대한민국,156,"202403,202404,202405,202406,202407,202408,202409,202410,202411",X,-0.6546536707079772,1,0.6546536707079772,regulated_to_intermediary,36,호주
671,48,도공(coated) 인쇄용지,4810,중국,호주,대한민국,156,"202403,202404,202405,202406,202407,202408,202409,202410,202411",X,-0.6546536707079772,1,0.6546536707079772,regulated_to_importer,410,대한민국
672,48,도공(coated) 인쇄용지,4810,핀란드,남아프리카공화국,대한민국,246,"202403,202404,202405,202406,202407,202408,202409,202410,202411",X,-0.6546536707079772,1,0.6546536707079772,regulated_to_intermediary,710,남아프리카공화국
672,48,도공(coated) 인쇄용지,4810,핀란드,남아프리카공화국,대한민국,246,"202403,202404,202405,202406,202407,202408,202409,202410,202411",X,-0.6546536707079772,1,0.6546536707079772,regulated_to_importer,410,대한민국
673,48,도공(coated) 인쇄용지,4810,핀란드,몽골,대한민국,246,"202403,202404,202405,202406,202407,202408,202409,202410,202411",X,-0.6546536707079772,3,0.6546536707079772,regulated_to_intermediary,496,몽골
673,48,도공(coated) 인쇄용지,4810,핀란드,몽골,대한민국,246,"202403,202404,202405,202406,202407,202408,202409,202410,202411",X,-0.6546536707079772,3,0.6546536707079772,regulated_to_importer,410,대한민국
674,48,도공(coated) 인쇄용지,4810,핀란드,미얀마,대한민국,246,"202403,202404,202405,202406,202407,202408,202409,202410,202411",X,-0.6546536707079772,0,0.6546536707079772,regulated_to_intermediary,104,미얀마
674,48,도공(coated) 인쇄용지,4810,핀란드,미얀마,대한민국,246,"202403,202404,202405,202406,202407,202408,202409,202410,202411",X,-0.6546536707079772,0,0.6546536707079772,regulated_to_importer,410,대한민국
675,48,도공(coated) 인쇄용지,4810,핀란드,벨기에,대한민국,246,"202403,202404,202405,202406,202407,202408,202409,202410,202411",X,-0.6546536707079772,2,0.6546536707079772,regulated_to_intermediary,56,벨기에
675,48,도공(coated) 인쇄용지,4810,핀란드,벨기에,대한민국,246,"202403,202404,202405,202406,202407,202408,202409,202410,202411",X,-0.6546536707079772,2,0.6546536707079772,regulated_to_importer,410,대한민국
676,48,도공(coated) 인쇄용지,4810,핀란드,브라질,대한민국,246,"202403,202404,202405,202406,202407,202408,202409,202410,202411",X,-0.6546536707079772,1,0.6546536707079772,regulated_to_intermediary,76,브라질
676,48,도공(coated) 인쇄용지,4810,핀란드,브라질,대한민국,246,"202403,202404,202405,202406,202407,202408,202409,202410,202411",X,-0.6546536707079772,1,0.6546536707079772,regulated_to_importer,410,대한민국
677,48,도공(coated) 인쇄용지,4810,핀란드,캐나다,대한민국,246,"202403,202404,202405,202406,202407,202408,202409,202410,202411",X,-0.6546536707079772,0,0.6546536707079772,regulated_to_intermediary,124,캐나다
677,48,도공(coated) 인쇄용지,4810,핀란드,캐나다,대한민국,246,"202403,202404,202405,202406,202407,202408,202409,202410,202411",X,-0.6546536707079772,0,0.6546536707079772,regulated_to_importer,410,대한민국
678,48,도공(coated) 인쇄용지,4810,핀란드,콜롬비아,대한민국,246,"202403,202404,202405,202406,202407,202408,202409,202410,202411",X,-0.6546536707079772,2,0.6546536707079772,regulated_to_intermediary,170,콜롬비아
678,48,도공(coated) 인쇄용지,4810,핀란드,콜롬비아,대한민국,246,"202403,202404,202405,202406,202407,202408,202409,202410,202411",X,-0.6546536707079772,2,0.6546536707079772,regulated_to_importer,410,대한민국
679,48,도공(coated) 인쇄용지,4810,핀란드,포루투갈,대한민국,246,"202403,202404,202405,202406,202407,202408,202409,202410,202411",X,-0.6546536707079772,0,0.6546536707079772,regulated_to_intermediary,620,포루투갈
679,48,도공(coated) 인쇄용지,4810,핀란드,포루투갈,대한민국,246,"202403,202404,202405,202406,202407,202408,202409,202410,202411",X,-0.6546536707079772,0,0.6546536707079772,regulated_to_importer,410,대한민국
680,49,백시멘트,252321,이집트,중국,대한민국,818,"202404,202405,202406,202407,202408,202409,202410,202411,202412",X,-0.6546536707079772,0,0.6546536707079772,regulated_to_intermediary,156,중국
680,49,백시멘트,252321,이집트,중국,대한민국,818,"202404,202405,202406,202407,202408,202409,202410,202411,202412",X,-0.6546536707079772,0,0.6546536707079772,regulated_to_importer,410,대한민국
681,50,합판,4412,중국,노르웨이,대한민국,156,"202407,202408,202409,202410,202411,202412,202501,202502,202503",X,-0.6546536707079772,2,0.6546536707079772,regulated_to_intermediary,579,노르웨이
681,50,합판,4412,중국,노르웨이,대한민국,156,"202407,202408,202409,202410,202411,202412,202501,202502,202503",X,-0.6546536707079772,2,0.6546536707079772,regulated_to_importer,410,대한민국
682,50,합판,4412,중국,대만,대한민국,156,"202407,202408,202409,202410,202411,202412,202501,202502,202503",X,-0.6546536707079772,2,0.6546536707079772,regulated_to_intermediary,158,대만
682,50,합판,4412,중국,대만,대한민국,156,"202407,202408,202409,202410,202411,202412,202501,202502,202503",X,-0.6546536707079772,2,0.6546536707079772,regulated_to_importer,410,대한민국
683,50,합판,4412,중국,이집트,대한민국,156,"202407,202408,202409,202410,202411,202412,202501,202502,202503",X,-0.6546536707079772,1,0.6546536707079772,regulated_to_intermediary,818,이집트
683,50,합판,4412,중국,이집트,대한민국,156,"202407,202408,202409,202410,202411,202412,202501,202502,202503",X,-0.6546536707079772,1,0.6546536707079772,regulated_to_importer,410,대한민국
684,51,합판,4412,말레이시아,노르웨이,대한민국,458,"202407,202408,202409,202410,202411,202412,202501,202502,202503",X,-0.6546536707079772,2,0.6546536707079772,regulated_to_intermediary,579,노르웨이
684,51,합판,4412,말레이시아,노르웨이,대한민국,458,"202407,202408,202409,202410,202411,202412,202501,202502,202503",X,-0.6546536707079772,2,0.6546536707079772,regulated_to_importer,410,대한민국
685,51,합판,4412,말레이시아,대만,대한민국,458,"202407,202408,202409,202410,202411,202412,202501,202502,202503",X,-0.6546536707079772,2,0.6546536707079772,regulated_to_intermediary,158,대만
685,51,합판,4412,말레이시아,대만,대한민국,458,"202407,202408,202409,202410,202411,202412,202501,202502,202503",X,-0.6546536707079772,2,0.6546536707079772,regulated_to_importer,410,대한민국
686,51,합판,4412,말레이시아,이집트,대한민국,458,"202407,202408,202409,202410,202411,202412,202501,202502,202503",X,-0.6546536707079772,1,0.6546536707079772,regulated_to_intermediary,818,이집트
686,51,합판,4412,말레이시아,이집트,대한민국,458,"202407,202408,202409,202410,202411,202412,202501,202502,202503",X,-0.6546536707079772,1,0.6546536707079772,regulated_to_importer,410,대한민국
687,52,합판,4412,베트남,노르웨이,대한민국,704,"202407,202408,202409,202410,202411,202412,202501,202502,202503",X,-0.6546536707079772,2,0.6546536707079772,regulated_to_intermediary,579,노르웨이
687,52,합판,4412,베트남,노르웨이,대한민국,704,"202407,202408,202409,202410,202411,202412,202501,202502,202503",X,-0.6546536707079772,2,0.6546536707079772,regulated_to_importer,410,대한민국
688,52,합판,4412,베트남,대만,대한민국,704,"202407,202408,202409,202410,202411,202412,202501,202502,202503",X,-0.6546536707079772,2,0.6546536707079772,regulated_to_intermediary,158,대만
688,52,합판,4412,베트남,대만,대한민국,704,"202407,202408,202409,202410,202411,202412,202501,202502,202503",X,-0.6546536707079772,2,0.6546536707079772,regulated_to_importer,410,대한민국
689,52,합판,4412,베트남,이집트,대한민국,704,"202407,202408,202409,202410,202411,202412,202501,202502,202503",X,-0.6546536707079772,1,0.6546536707079772,regulated_to_intermediary,818,이집트
689,52,합판,4412,베트남,이집트,대한민국,704,"202407,202408,202409,202410,202411,202412,202501,202502,202503",X,-0.6546536707079772,1,0.6546536707079772,regulated_to_importer,410,대한민국
690,53,PET수지,390761,중국,멕시코,대한민국,156,"202411,202412,202501,202502,202503,202504,202505,202506,202507",X,-0.6546536707079772,2,0.6546536707079772,regulated_to_intermediary,484,멕시코
690,53,PET수지,390761,중국,멕시코,대한민국,156,"202411,202412,202501,202502,202503,202504,202505,202506,202507",X,-0.6546536707079772,2,0.6546536707079772,regulated_to_importer,410,대한민국
691,53,PET수지,390761,중국,미국,대한민국,156,"202411,202412,202501,202502,202503,202504,202505,202506,202507",X,-0.6546536707079772,0,0.6546536707079772,regulated_to_intermediary,842,미국
691,53,PET수지,390761,중국,미국,대한민국,156,"202411,202412,202501,202502,202503,202504,202505,202506,202507",X,-0.6546536707079772,0,0.6546536707079772,regulated_to_importer,410,대한민국
692,53,PET수지,390761,중국,스페인,대한민국,156,"202411,202412,202501,202502,202503,202504,202505,202506,202507",X,-0.6546536707079772,2,0.6546536707079772,regulated_to_intermediary,724,스페인
692,53,PET수지,390761,중국,스페인,대한민국,156,"202411,202412,202501,202502,202503,202504,202505,202506,202507",X,-0.6546536707079772,2,0.6546536707079772,regulated_to_importer,410,대한민국
693,53,PET수지,390761,중국,오만,대한민국,156,"202411,202412,202501,202502,202503,202504,202505,202506,202507",X,-0.6546536707079772,2,0.6546536707079772,regulated_to_intermediary,512,오만
693,53,PET수지,390761,중국,오만,대한민국,156,"202411,202412,202501,202502,202503,202504,202505,202506,202507",X,-0.6546536707079772,2,0.6546536707079772,regulated_to_importer,410,대한민국
694,53,PET수지,390761,중국,폴란드,대한민국,156,"202411,202412,202501,202502,202503,202504,202505,202506,202507",X,-0.6546536707079772,2,0.6546536707079772,regulated_to_intermediary,616,폴란드
694,53,PET수지,390761,중국,폴란드,대한민국,156,"202411,202412,202501,202502,202503,202504,202505,202506,202507",X,-0.6546536707079772,2,0.6546536707079772,regulated_to_importer,410,대한민국
695,54,OPP필름,392020,중국,멕시코,대한민국,156,"202504,202505,202506,202507,202508,202509,202510,202511,202512",X,-0.6546536707079772,0,0.6546536707079772,regulated_to_intermediary,484,멕시코
695,54,OPP필름,392020,중국,멕시코,대한민국,156,"202504,202505,202506,202507,202508,202509,202510,202511,202512",X,-0.6546536707079772,0,0.6546536707079772,regulated_to_importer,410,대한민국
696,54,OPP필름,392020,중국,바레인,대한민국,156,"202504,202505,202506,202507,202508,202509,202510,202511,202512",X,-0.6546536707079772,3,0.6546536707079772,regulated_to_intermediary,48,바레인
696,54,OPP필름,392020,중국,바레인,대한민국,156,"202504,202505,202506,202507,202508,202509,202510,202511,202512",X,-0.6546536707079772,3,0.6546536707079772,regulated_to_importer,410,대한민국
697,54,OPP필름,392020,중국,스위스,대한민국,156,"202504,202505,202506,202507,202508,202509,202510,202511,202512",X,-0.6546536707079772,2,0.6546536707079772,regulated_to_intermediary,757,스위스
697,54,OPP필름,392020,중국,스위스,대한민국,156,"202504,202505,202506,202507,202508,202509,202510,202511,202512",X,-0.6546536707079772,2,0.6546536707079772,regulated_to_importer,410,대한민국
698,54,OPP필름,392020,중국,이스라엘,대한민국,156,"202504,202505,202506,202507,202508,202509,202510,202511,202512",X,-0.6546536707079772,1,0.6546536707079772,regulated_to_intermediary,376,이스라엘
698,54,OPP필름,392020,중국,이스라엘,대한민국,156,"202504,202505,202506,202507,202508,202509,202510,202511,202512",X,-0.6546536707079772,1,0.6546536707079772,regulated_to_importer,410,대한민국
699,54,OPP필름,392020,중국,이집트,대한민국,156,"202504,202505,202506,202507,202508,202509,202510,202511,202512",X,-0.6546536707079772,1,0.6546536707079772,regulated_to_intermediary,818,이집트
699,54,OPP필름,392020,중국,이집트,대한민국,156,"202504,202505,202506,202507,202508,202509,202510,202511,202512",X,-0.6546536707079772,1,0.6546536707079772,regulated_to_importer,410,대한민국
700,54,OPP필름,392020,중국,케냐,대한민국,156,"202504,202505,202506,202507,202508,202509,202510,202511,202512",X,-0.6546536707079772,0,0.6546536707079772,regulated_to_intermediary,404,케냐
700,54,OPP필름,392020,중국,케냐,대한민국,156,"202504,202505,202506,202507,202508,202509,202510,202511,202512",X,-0.6546536707079772,0,0.6546536707079772,regulated_to_importer,410,대한민국
701,54,OPP필름,392020,중국,필리핀,대한민국,156,"202504,202505,202506,202507,202508,202509,202510,202511,202512",X,-0.6546536707079772,0,0.6546536707079772,regulated_to_intermediary,608,필리핀
701,54,OPP필름,392020,중국,필리핀,대한민국,156,"202504,202505,202506,202507,202508,202509,202510,202511,202512",X,-0.6546536707079772,0,0.6546536707079772,regulated_to_importer,410,대한민국
702,54,OPP필름,392020,태국,바레인,대한민국,764,"202504,202505,202506,202507,202508,202509,202510,202511,202512",X,-0.6546536707079772,2,0.6546536707079772,regulated_to_intermediary,48,바레인
702,54,OPP필름,392020,태국,바레인,대한민국,764,"202504,202505,202506,202507,202508,202509,202510,202511,202512",X,-0.6546536707079772,2,0.6546536707079772,regulated_to_importer,410,대한민국
703,54,OPP필름,392020,태국,스위스,대한민국,764,"202504,202505,202506,202507,202508,202509,202510,202511,202512",X,-0.6546536707079772,1,0.6546536707079772,regulated_to_intermediary,757,스위스
703,54,OPP필름,392020,태국,스위스,대한민국,764,"202504,202505,202506,202507,202508,202509,202510,202511,202512",X,-0.6546536707079772,1,0.6546536707079772,regulated_to_importer,410,대한민국
704,54,OPP필름,392020,태국,이스라엘,대한민국,764,"202504,202505,202506,202507,202508,202509,202510,202511,202512",X,-0.6546536707079772,0,0.6546536707079772,regulated_to_intermediary,376,이스라엘
704,54,OPP필름,392020,태국,이스라엘,대한민국,764,"202504,202505,202506,202507,202508,202509,202510,202511,202512",X,-0.6546536707079772,0,0.6546536707079772,regulated_to_importer,410,대한민국
705,54,OPP필름,392020,태국,이집트,대한민국,764,"202504,202505,202506,202507,202508,202509,202510,202511,202512",X,-0.6546536707079772,0,0.6546536707079772,regulated_to_intermediary,818,이집트
705,54,OPP필름,392020,태국,이집트,대한민국,764,"202504,202505,202506,202507,202508,202509,202510,202511,202512",X,-0.6546536707079772,0,0.6546536707079772,regulated_to_importer,410,대한민국
706,54,OPP필름,392020,태국,핀란드,대한민국,764,"202504,202505,202506,202507,202508,202509,202510,202511,202512",X,-0.6546536707079772,1,0.6546536707079772,regulated_to_intermediary,246,핀란드
706,54,OPP필름,392020,태국,핀란드,대한민국,764,"202504,202505,202506,202507,202508,202509,202510,202511,202512",X,-0.6546536707079772,1,0.6546536707079772,regulated_to_importer,410,대한민국
707,55,스테인리스강 냉간압연제품,7220,베트남,멕시코,대한민국,704,"202507,202508,202509,202510,202511,202512,202601,202602,202603",X,-0.6546536707079772,3,0.6546536707079772,regulated_to_intermediary,484,멕시코
707,55,스테인리스강 냉간압연제품,7220,베트남,멕시코,대한민국,704,"202507,202508,202509,202510,202511,202512,202601,202602,202603",X,-0.6546536707079772,3,0.6546536707079772,regulated_to_importer,410,대한민국
708,55,스테인리스강 냉간압연제품,7220,베트남,브라질,대한민국,704,"202507,202508,202509,202510,202511,202512,202601,202602,202603",X,-0.6546536707079772,3,0.6546536707079772,regulated_to_intermediary,76,브라질
708,55,스테인리스강 냉간압연제품,7220,베트남,브라질,대한민국,704,"202507,202508,202509,202510,202511,202512,202601,202602,202603",X,-0.6546536707079772,3,0.6546536707079772,regulated_to_importer,410,대한민국
709,55,스테인리스강 냉간압연제품,7220,베트남,체코공화국,대한민국,704,"202507,202508,202509,202510,202511,202512,202601,202602,202603",X,-0.6546536707079772,3,0.6546536707079772,regulated_to_intermediary,203,체코공화국
709,55,스테인리스강 냉간압연제품,7220,베트남,체코공화국,대한민국,704,"202507,202508,202509,202510,202511,202512,202601,202602,202603",X,-0.6546536707079772,3,0.6546536707079772,regulated_to_importer,410,대한민국
710,56,석유수지,391110,대만,말레이시아,대한민국,490,"202508,202509,202510,202511,202512,202601,202602,202603,202604",X,-0.6546536707079772,2,0.6546536707079772,regulated_to_intermediary,458,말레이시아
710,56,석유수지,391110,대만,말레이시아,대한민국,490,"202508,202509,202510,202511,202512,202601,202602,202603,202604",X,-0.6546536707079772,2,0.6546536707079772,regulated_to_importer,410,대한민국
711,56,석유수지,391110,대만,벨기에,대한민국,490,"202508,202509,202510,202511,202512,202601,202602,202603,202604",X,-0.6546536707079772,2,0.6546536707079772,regulated_to_intermediary,56,벨기에
711,56,석유수지,391110,대만,벨기에,대한민국,490,"202508,202509,202510,202511,202512,202601,202602,202603,202604",X,-0.6546536707079772,2,0.6546536707079772,regulated_to_importer,410,대한민국
712,56,석유수지,391110,대만,스페인,대한민국,490,"202508,202509,202510,202511,202512,202601,202602,202603,202604",X,-0.6546536707079772,3,0.6546536707079772,regulated_to_intermediary,724,스페인
712,56,석유수지,391110,대만,스페인,대한민국,490,"202508,202509,202510,202511,202512,202601,202602,202603,202604",X,-0.6546536707079772,3,0.6546536707079772,regulated_to_importer,410,대한민국
713,56,석유수지,391110,중국,말레이시아,대한민국,156,"202508,202509,202510,202511,202512,202601,202602,202603,202604",X,-0.6546536707079772,2,0.6546536707079772,regulated_to_intermediary,458,말레이시아
713,56,석유수지,391110,중국,말레이시아,대한민국,156,"202508,202509,202510,202511,202512,202601,202602,202603,202604",X,-0.6546536707079772,2,0.6546536707079772,regulated_to_importer,410,대한민국
714,56,석유수지,391110,중국,벨기에,대한민국,156,"202508,202509,202510,202511,202512,202601,202602,202603,202604",X,-0.6546536707079772,2,0.6546536707079772,regulated_to_intermediary,56,벨기에
714,56,석유수지,391110,중국,벨기에,대한민국,156,"202508,202509,202510,202511,202512,202601,202602,202603,202604",X,-0.6546536707079772,2,0.6546536707079772,regulated_to_importer,410,대한민국
715,56,석유수지,391110,중국,스페인,대한민국,156,"202508,202509,202510,202511,202512,202601,202602,202603,202604",X,-0.6546536707079772,3,0.6546536707079772,regulated_to_intermediary,724,스페인
715,56,석유수지,391110,중국,스페인,대한민국,156,"202508,202509,202510,202511,202512,202601,202602,202603,202604",X,-0.6546536707079772,3,0.6546536707079772,regulated_to_importer,410,대한민국
716,59,탄소강과 그밖의 합금강 열간압연 후판제품,7208,중국,캐나다,대한민국,156,"202511,202512,202601,202602,202603,202604,202605,202606,202607",X,-0.6546536707079772,0,0.6546536707079772,regulated_to_intermediary,124,캐나다
716,59,탄소강과 그밖의 합금강 열간압연 후판제품,7208,중국,캐나다,대한민국,156,"202511,202512,202601,202602,202603,202604,202605,202606,202607",X,-0.6546536707079772,0,0.6546536707079772,regulated_to_importer,410,대한민국
717,46,수산화알루미늄,281830,호주,덴마크,대한민국,36,"202304,202305,202306,202307,202308,202309,202310,202311,202312",X,-0.6470588235294118,2,0.6470588235294118,regulated_to_intermediary,208,덴마크
717,46,수산화알루미늄,281830,호주,덴마크,대한민국,36,"202304,202305,202306,202307,202308,202309,202310,202311,202312",X,-0.6470588235294118,2,0.6470588235294118,regulated_to_importer,410,대한민국
718,2,크라프트지(1차재심),4804,인도네시아,이탈리아,대한민국,360,"201204,201205,201206,201207,201208,201209,201210,201211,201212",X,-0.6465790872963896,3,0.6465790872963896,regulated_to_intermediary,380,이탈리아
718,2,크라프트지(1차재심),4804,인도네시아,이탈리아,대한민국,360,"201204,201205,201206,201207,201208,201209,201210,201211,201212",X,-0.6465790872963896,3,0.6465790872963896,regulated_to_importer,410,대한민국
719,17,초산에틸(2차재심),291531,싱가포르,남아프리카공화국,대한민국,702,"201511,201512,201601,201602,201603,201604,201605,201606,201607",X,-0.6465790872963896,2,0.6465790872963896,regulated_to_intermediary,710,남아프리카공화국
719,17,초산에틸(2차재심),291531,싱가포르,남아프리카공화국,대한민국,702,"201511,201512,201601,201602,201603,201604,201605,201606,201607",X,-0.6465790872963896,2,0.6465790872963896,regulated_to_importer,410,대한민국
720,43,부틸글리콜에테르,290943,사우디아라비아,중국,대한민국,682,"202209,202210,202211,202212,202301,202302,202303,202304,202305",X,-0.6465790872963896,1,0.6465790872963896,regulated_to_intermediary,156,중국
720,43,부틸글리콜에테르,290943,사우디아라비아,중국,대한민국,682,"202209,202210,202211,202212,202301,202302,202303,202304,202305",X,-0.6465790872963896,1,0.6465790872963896,regulated_to_importer,410,대한민국
721,2,크라프트지(1차재심),4804,중국,체코공화국,대한민국,156,"201204,201205,201206,201207,201208,201209,201210,201211,201212",X,-0.6377481392176932,2,0.6377481392176932,regulated_to_intermediary,203,체코공화국
721,2,크라프트지(1차재심),4804,중국,체코공화국,대한민국,156,"201204,201205,201206,201207,201208,201209,201210,201211,201212",X,-0.6377481392176932,2,0.6377481392176932,regulated_to_importer,410,대한민국
722,6,스테인레스스틸바(2차재심),7222,스페인,대만,대한민국,724,"201311,201312,201401,201402,201403,201404,201405,201406,201407",X,-0.6377481392176932,3,0.6377481392176932,regulated_to_intermediary,158,대만
722,6,스테인레스스틸바(2차재심),7222,스페인,대만,대한민국,724,"201311,201312,201401,201402,201403,201404,201405,201406,201407",X,-0.6377481392176932,3,0.6377481392176932,regulated_to_importer,410,대한민국
723,9,OPP필름,392020,인도네시아,이탈리아,대한민국,360,"201312,201401,201402,201403,201404,201405,201406,201407,201408",X,-0.6377481392176932,0,0.6377481392176932,regulated_to_intermediary,380,이탈리아
723,9,OPP필름,392020,인도네시아,이탈리아,대한민국,360,"201312,201401,201402,201403,201404,201405,201406,201407,201408",X,-0.6377481392176932,0,0.6377481392176932,regulated_to_importer,410,대한민국
724,32,PET필름(3차재심),392062,인도,이탈리아,대한민국,699,"201909,201910,201911,201912,202001,202002,202003,202004,202005",X,-0.6377481392176932,1,0.6377481392176932,regulated_to_intermediary,380,이탈리아
724,32,PET필름(3차재심),392062,인도,이탈리아,대한민국,699,"201909,201910,201911,201912,202001,202002,202003,202004,202005",X,-0.6377481392176932,1,0.6377481392176932,regulated_to_importer,410,대한민국
725,32,PET필름(3차재심),392062,인도,홍콩,대한민국,699,"201909,201910,201911,201912,202001,202002,202003,202004,202005",X,-0.6377481392176932,3,0.6377481392176932,regulated_to_intermediary,344,홍콩
725,32,PET필름(3차재심),392062,인도,홍콩,대한민국,699,"201909,201910,201911,201912,202001,202002,202003,202004,202005",X,-0.6377481392176932,3,0.6377481392176932,regulated_to_importer,410,대한민국
726,37,스테인리스스틸바,7222,스페인,체코공화국,대한민국,724,"202101,202102,202103,202104,202105,202106,202107,202108,202109",X,-0.6377481392176932,1,0.6377481392176932,regulated_to_intermediary,203,체코공화국
726,37,스테인리스스틸바,7222,스페인,체코공화국,대한민국,724,"202101,202102,202103,202104,202105,202106,202107,202108,202109",X,-0.6377481392176932,1,0.6377481392176932,regulated_to_importer,410,대한민국
727,37,스테인리스스틸바,7222,일본,체코공화국,대한민국,392,"202101,202102,202103,202104,202105,202106,202107,202108,202109",X,-0.6377481392176932,1,0.6377481392176932,regulated_to_intermediary,203,체코공화국
727,37,스테인리스스틸바,7222,일본,체코공화국,대한민국,392,"202101,202102,202103,202104,202105,202106,202107,202108,202109",X,-0.6377481392176932,1,0.6377481392176932,regulated_to_importer,410,대한민국
728,44,이음매없는동관,7411,중국,체코공화국,대한민국,156,"202303,202304,202305,202306,202307,202308,202309,202310,202311",X,-0.6377481392176932,3,0.6377481392176932,regulated_to_intermediary,203,체코공화국
728,44,이음매없는동관,7411,중국,체코공화국,대한민국,156,"202303,202304,202305,202306,202307,202308,202309,202310,202311",X,-0.6377481392176932,3,0.6377481392176932,regulated_to_importer,410,대한민국
729,46,수산화알루미늄,281830,호주,인도네시아,대한민국,36,"202304,202305,202306,202307,202308,202309,202310,202311,202312",X,-0.6377481392176932,1,0.6377481392176932,regulated_to_intermediary,360,인도네시아
729,46,수산화알루미늄,281830,호주,인도네시아,대한민국,36,"202304,202305,202306,202307,202308,202309,202310,202311,202312",X,-0.6377481392176932,1,0.6377481392176932,regulated_to_importer,410,대한민국
730,52,합판,4412,베트남,칠레,대한민국,704,"202407,202408,202409,202410,202411,202412,202501,202502,202503",X,-0.6377481392176932,3,0.6377481392176932,regulated_to_intermediary,152,칠레
730,52,합판,4412,베트남,칠레,대한민국,704,"202407,202408,202409,202410,202411,202412,202501,202502,202503",X,-0.6377481392176932,3,0.6377481392176932,regulated_to_importer,410,대한민국
731,55,스테인리스강 냉간압연제품,7220,베트남,벨기에,대한민국,704,"202507,202508,202509,202510,202511,202512,202601,202602,202603",X,-0.6377481392176932,3,0.6377481392176932,regulated_to_intermediary,56,벨기에
731,55,스테인리스강 냉간압연제품,7220,베트남,벨기에,대한민국,704,"202507,202508,202509,202510,202511,202512,202601,202602,202603",X,-0.6377481392176932,3,0.6377481392176932,regulated_to_importer,410,대한민국
732,2,크라프트지(1차재심),4804,캐나다,이탈리아,대한민국,124,"201204,201205,201206,201207,201208,201209,201210,201211,201212",X,-0.6375355777548621,3,0.6375355777548621,regulated_to_intermediary,380,이탈리아
732,2,크라프트지(1차재심),4804,캐나다,이탈리아,대한민국,124,"201204,201205,201206,201207,201208,201209,201210,201211,201212",X,-0.6375355777548621,3,0.6375355777548621,regulated_to_importer,410,대한민국
733,5,염화콜린(2차재심),292310,중국,벨기에,대한민국,156,"201308,201309,201310,201311,201312,201401,201402,201403,201404",X,-0.6375355777548621,1,0.6375355777548621,regulated_to_intermediary,56,벨기에
733,5,염화콜린(2차재심),292310,중국,벨기에,대한민국,156,"201308,201309,201310,201311,201312,201401,201402,201403,201404",X,-0.6375355777548621,1,0.6375355777548621,regulated_to_importer,410,대한민국
734,13,공기압 전송용 밸브,848120,일본,캐나다,대한민국,392,"201508,201509,201510,201511,201512,201601,201602,201603,201604",X,-0.6375355777548621,2,0.6375355777548621,regulated_to_intermediary,124,캐나다
734,13,공기압 전송용 밸브,848120,일본,캐나다,대한민국,392,"201508,201509,201510,201511,201512,201601,201602,201603,201604",X,-0.6375355777548621,2,0.6375355777548621,regulated_to_importer,410,대한민국
735,26,PET필름,392062,태국,싱가포르,대한민국,764,"201804,201805,201806,201807,201808,201809,201810,201811,201812",X,-0.6375355777548621,3,0.6375355777548621,regulated_to_intermediary,702,싱가포르
735,26,PET필름,392062,태국,싱가포르,대한민국,764,"201804,201805,201806,201807,201808,201809,201810,201811,201812",X,-0.6375355777548621,3,0.6375355777548621,regulated_to_importer,410,대한민국
736,28,플로트판유리(3차재심),7005,중국,필리핀,대한민국,156,"201808,201809,201810,201811,201812,201901,201902,201903,201904",X,-0.6375355777548621,2,0.6375355777548621,regulated_to_intermediary,608,필리핀
736,28,플로트판유리(3차재심),7005,중국,필리핀,대한민국,156,"201808,201809,201810,201811,201812,201901,201902,201903,201904",X,-0.6375355777548621,2,0.6375355777548621,regulated_to_importer,410,대한민국
737,21,부틸글리콜에테르,290943,프랑스,싱가포르,대한민국,251,"201612,201701,201702,201703,201704,201705,201706,201707,201708",X,-0.632455532033676,2,0.632455532033676,regulated_to_intermediary,702,싱가포르
737,21,부틸글리콜에테르,290943,프랑스,싱가포르,대한민국,251,"201612,201701,201702,201703,201704,201705,201706,201707,201708",X,-0.632455532033676,2,0.632455532033676,regulated_to_importer,410,대한민국
738,46,수산화알루미늄,281830,호주,프랑스,대한민국,36,"202304,202305,202306,202307,202308,202309,202310,202311,202312",X,-0.6176470588235294,0,0.6176470588235294,regulated_to_intermediary,251,프랑스
738,46,수산화알루미늄,281830,호주,프랑스,대한민국,36,"202304,202305,202306,202307,202308,202309,202310,202311,202312",X,-0.6176470588235294,0,0.6176470588235294,regulated_to_importer,410,대한민국
739,0,초산에틸(1차재심),291531,일본,영국,대한민국,392,"201203,201204,201205,201206,201207,201208,201209,201210,201211",X,-0.6172133998483678,2,0.6172133998483678,regulated_to_intermediary,826,영국
739,0,초산에틸(1차재심),291531,일본,영국,대한민국,392,"201203,201204,201205,201206,201207,201208,201209,201210,201211",X,-0.6172133998483678,2,0.6172133998483678,regulated_to_importer,410,대한민국
740,13,공기압 전송용 밸브,848120,일본,아일랜드,대한민국,392,"201508,201509,201510,201511,201512,201601,201602,201603,201604",X,-0.6172133998483678,1,0.6172133998483678,regulated_to_intermediary,372,아일랜드
740,13,공기압 전송용 밸브,848120,일본,아일랜드,대한민국,392,"201508,201509,201510,201511,201512,201601,201602,201603,201604",X,-0.6172133998483678,1,0.6172133998483678,regulated_to_importer,410,대한민국
741,36,합판,4412,베트남,싱가포르,대한민국,704,"202011,202012,202101,202102,202103,202104,202105,202106,202107",X,-0.6172133998483678,0,0.6172133998483678,regulated_to_intermediary,702,싱가포르
741,36,합판,4412,베트남,싱가포르,대한민국,704,"202011,202012,202101,202102,202103,202104,202105,202106,202107",X,-0.6172133998483678,0,0.6172133998483678,regulated_to_importer,410,대한민국
742,21,부틸글리콜에테르,290943,미국,일본,대한민국,842,"201612,201701,201702,201703,201704,201705,201706,201707,201708",X,-0.6087595874350709,0,0.6087595874350709,regulated_to_intermediary,392,일본
742,21,부틸글리콜에테르,290943,미국,일본,대한민국,842,"201612,201701,201702,201703,201704,201705,201706,201707,201708",X,-0.6087595874350709,0,0.6087595874350709,regulated_to_importer,410,대한민국
743,0,초산에틸(1차재심),291531,중국,남아프리카공화국,대한민국,156,"201203,201204,201205,201206,201207,201208,201209,201210,201211",X,-0.6,3,0.6,regulated_to_intermediary,710,남아프리카공화국
743,0,초산에틸(1차재심),291531,중국,남아프리카공화국,대한민국,156,"201203,201204,201205,201206,201207,201208,201209,201210,201211",X,-0.6,3,0.6,regulated_to_importer,410,대한민국
744,1,PET필름(1차재심),392062,중국,독일,대한민국,156,"201205,201206,201207,201208,201209,201210,201211,201212,201301",X,-0.6,3,0.6,regulated_to_intermediary,276,독일
744,1,PET필름(1차재심),392062,중국,독일,대한민국,156,"201205,201206,201207,201208,201209,201210,201211,201212,201301",X,-0.6,3,0.6,regulated_to_importer,410,대한민국
745,1,PET필름(1차재심),392062,중국,미국,대한민국,156,"201205,201206,201207,201208,201209,201210,201211,201212,201301",X,-0.6,3,0.6,regulated_to_intermediary,842,미국
745,1,PET필름(1차재심),392062,중국,미국,대한민국,156,"201205,201206,201207,201208,201209,201210,201211,201212,201301",X,-0.6,3,0.6,regulated_to_importer,410,대한민국
746,1,PET필름(1차재심),392062,중국,아랍에미리트 연합,대한민국,156,"201205,201206,201207,201208,201209,201210,201211,201212,201301",X,-0.6,3,0.6,regulated_to_intermediary,784,아랍에미리트 연합
746,1,PET필름(1차재심),392062,중국,아랍에미리트 연합,대한민국,156,"201205,201206,201207,201208,201209,201210,201211,201212,201301",X,-0.6,3,0.6,regulated_to_importer,410,대한민국
747,1,PET필름(1차재심),392062,중국,영국,대한민국,156,"201205,201206,201207,201208,201209,201210,201211,201212,201301",X,-0.6,1,0.6,regulated_to_intermediary,826,영국
747,1,PET필름(1차재심),392062,중국,영국,대한민국,156,"201205,201206,201207,201208,201209,201210,201211,201212,201301",X,-0.6,1,0.6,regulated_to_importer,410,대한민국
748,1,PET필름(1차재심),392062,중국,일본,대한민국,156,"201205,201206,201207,201208,201209,201210,201211,201212,201301",X,-0.6,1,0.6,regulated_to_intermediary,392,일본
748,1,PET필름(1차재심),392062,중국,일본,대한민국,156,"201205,201206,201207,201208,201209,201210,201211,201212,201301",X,-0.6,1,0.6,regulated_to_importer,410,대한민국
749,2,크라프트지(1차재심),4804,미국,네덜란드,대한민국,842,"201204,201205,201206,201207,201208,201209,201210,201211,201212",X,-0.6,1,0.6,regulated_to_intermediary,528,네덜란드
749,2,크라프트지(1차재심),4804,미국,네덜란드,대한민국,842,"201204,201205,201206,201207,201208,201209,201210,201211,201212",X,-0.6,1,0.6,regulated_to_importer,410,대한민국
750,2,크라프트지(1차재심),4804,미국,영국,대한민국,842,"201204,201205,201206,201207,201208,201209,201210,201211,201212",X,-0.6,3,0.6,regulated_to_intermediary,826,영국
750,2,크라프트지(1차재심),4804,미국,영국,대한민국,842,"201204,201205,201206,201207,201208,201209,201210,201211,201212",X,-0.6,3,0.6,regulated_to_importer,410,대한민국
751,2,크라프트지(1차재심),4804,미국,프랑스,대한민국,842,"201204,201205,201206,201207,201208,201209,201210,201211,201212",X,-0.6,1,0.6,regulated_to_intermediary,251,프랑스
751,2,크라프트지(1차재심),4804,미국,프랑스,대한민국,842,"201204,201205,201206,201207,201208,201209,201210,201211,201212",X,-0.6,1,0.6,regulated_to_importer,410,대한민국
752,2,크라프트지(1차재심),4804,미국,핀란드,대한민국,842,"201204,201205,201206,201207,201208,201209,201210,201211,201212",X,-0.6,3,0.6,regulated_to_intermediary,246,핀란드
752,2,크라프트지(1차재심),4804,미국,핀란드,대한민국,842,"201204,201205,201206,201207,201208,201209,201210,201211,201212",X,-0.6,3,0.6,regulated_to_importer,410,대한민국
753,2,크라프트지(1차재심),4804,중국,네덜란드,대한민국,156,"201204,201205,201206,201207,201208,201209,201210,201211,201212",X,-0.6,2,0.6,regulated_to_intermediary,528,네덜란드
753,2,크라프트지(1차재심),4804,중국,네덜란드,대한민국,156,"201204,201205,201206,201207,201208,201209,201210,201211,201212",X,-0.6,2,0.6,regulated_to_importer,410,대한민국
754,2,크라프트지(1차재심),4804,캐나다,영국,대한민국,124,"201204,201205,201206,201207,201208,201209,201210,201211,201212",X,-0.6,3,0.6,regulated_to_intermediary,826,영국
754,2,크라프트지(1차재심),4804,캐나다,영국,대한민국,124,"201204,201205,201206,201207,201208,201209,201210,201211,201212",X,-0.6,3,0.6,regulated_to_importer,410,대한민국
755,4,알루미늄 보틀캔,761290,일본,대만,대한민국,392,"201301,201302,201303,201304,201305,201306,201307,201308,201309",X,-0.6,0,0.6,regulated_to_intermediary,158,대만
755,4,알루미늄 보틀캔,761290,일본,대만,대한민국,392,"201301,201302,201303,201304,201305,201306,201307,201308,201309",X,-0.6,0,0.6,regulated_to_importer,410,대한민국
756,6,스테인레스스틸바(2차재심),7222,일본,미국,대한민국,392,"201311,201312,201401,201402,201403,201404,201405,201406,201407",X,-0.6,3,0.6,regulated_to_intermediary,842,미국
756,6,스테인레스스틸바(2차재심),7222,일본,미국,대한민국,392,"201311,201312,201401,201402,201403,201404,201405,201406,201407",X,-0.6,3,0.6,regulated_to_importer,410,대한민국
757,6,스테인레스스틸바(2차재심),7222,일본,중국,대한민국,392,"201311,201312,201401,201402,201403,201404,201405,201406,201407",X,-0.6,0,0.6,regulated_to_intermediary,156,중국
757,6,스테인레스스틸바(2차재심),7222,일본,중국,대한민국,392,"201311,201312,201401,201402,201403,201404,201405,201406,201407",X,-0.6,0,0.6,regulated_to_importer,410,대한민국
758,7,합판,4412,중국,대만,대한민국,156,"201311,201312,201401,201402,201403,201404,201405,201406,201407",X,-0.6,3,0.6,regulated_to_intermediary,158,대만
758,7,합판,4412,중국,대만,대한민국,156,"201311,201312,201401,201402,201403,201404,201405,201406,201407",X,-0.6,3,0.6,regulated_to_importer,410,대한민국
759,7,합판,4412,중국,독일,대한민국,156,"201311,201312,201401,201402,201403,201404,201405,201406,201407",X,-0.6,3,0.6,regulated_to_intermediary,276,독일
759,7,합판,4412,중국,독일,대한민국,156,"201311,201312,201401,201402,201403,201404,201405,201406,201407",X,-0.6,3,0.6,regulated_to_importer,410,대한민국
760,7,합판,4412,중국,에스토니아,대한민국,156,"201311,201312,201401,201402,201403,201404,201405,201406,201407",X,-0.6,1,0.6,regulated_to_intermediary,233,에스토니아
760,7,합판,4412,중국,에스토니아,대한민국,156,"201311,201312,201401,201402,201403,201404,201405,201406,201407",X,-0.6,1,0.6,regulated_to_importer,410,대한민국
761,7,합판,4412,중국,인도네시아,대한민국,156,"201311,201312,201401,201402,201403,201404,201405,201406,201407",X,-0.6,3,0.6,regulated_to_intermediary,360,인도네시아
761,7,합판,4412,중국,인도네시아,대한민국,156,"201311,201312,201401,201402,201403,201404,201405,201406,201407",X,-0.6,3,0.6,regulated_to_importer,410,대한민국
762,8,폴리에스테르 장섬유 연신가공사(2차재심),5402,대만,베트남,대한민국,490,"201312,201401,201402,201403,201404,201405,201406,201407,201408",X,-0.6,1,0.6,regulated_to_intermediary,704,베트남
762,8,폴리에스테르 장섬유 연신가공사(2차재심),5402,대만,베트남,대한민국,490,"201312,201401,201402,201403,201404,201405,201406,201407,201408",X,-0.6,1,0.6,regulated_to_importer,410,대한민국
763,8,폴리에스테르 장섬유 연신가공사(2차재심),5402,대만,스위스,대한민국,490,"201312,201401,201402,201403,201404,201405,201406,201407,201408",X,-0.6,0,0.6,regulated_to_intermediary,757,스위스
763,8,폴리에스테르 장섬유 연신가공사(2차재심),5402,대만,스위스,대한민국,490,"201312,201401,201402,201403,201404,201405,201406,201407,201408",X,-0.6,0,0.6,regulated_to_importer,410,대한민국
764,8,폴리에스테르 장섬유 연신가공사(2차재심),5402,대만,싱가포르,대한민국,490,"201312,201401,201402,201403,201404,201405,201406,201407,201408",X,-0.6,2,0.6,regulated_to_intermediary,702,싱가포르
764,8,폴리에스테르 장섬유 연신가공사(2차재심),5402,대만,싱가포르,대한민국,490,"201312,201401,201402,201403,201404,201405,201406,201407,201408",X,-0.6,2,0.6,regulated_to_importer,410,대한민국
765,8,폴리에스테르 장섬유 연신가공사(2차재심),5402,중국,베트남,대한민국,156,"201312,201401,201402,201403,201404,201405,201406,201407,201408",X,-0.6,0,0.6,regulated_to_intermediary,704,베트남
765,8,폴리에스테르 장섬유 연신가공사(2차재심),5402,중국,베트남,대한민국,156,"201312,201401,201402,201403,201404,201405,201406,201407,201408",X,-0.6,0,0.6,regulated_to_importer,410,대한민국
766,9,OPP필름,392020,중국,독일,대한민국,156,"201312,201401,201402,201403,201404,201405,201406,201407,201408",X,-0.6,2,0.6,regulated_to_intermediary,276,독일
766,9,OPP필름,392020,중국,독일,대한민국,156,"201312,201401,201402,201403,201404,201405,201406,201407,201408",X,-0.6,2,0.6,regulated_to_importer,410,대한민국
767,9,OPP필름,392020,태국,일본,대한민국,764,"201312,201401,201402,201403,201404,201405,201406,201407,201408",X,-0.6,2,0.6,regulated_to_intermediary,392,일본
767,9,OPP필름,392020,태국,일본,대한민국,764,"201312,201401,201402,201403,201404,201405,201406,201407,201408",X,-0.6,2,0.6,regulated_to_importer,410,대한민국
768,10,합판(1차재심),4412,말레이시아,독일,대한민국,458,"201409,201410,201411,201412,201501,201502,201503,201504,201505",X,-0.6,1,0.6,regulated_to_intermediary,276,독일
768,10,합판(1차재심),4412,말레이시아,독일,대한민국,458,"201409,201410,201411,201412,201501,201502,201503,201504,201505",X,-0.6,1,0.6,regulated_to_importer,410,대한민국
769,10,합판(1차재심),4412,말레이시아,러시아 연방,대한민국,458,"201409,201410,201411,201412,201501,201502,201503,201504,201505",X,-0.6,1,0.6,regulated_to_intermediary,643,러시아 연방
769,10,합판(1차재심),4412,말레이시아,러시아 연방,대한민국,458,"201409,201410,201411,201412,201501,201502,201503,201504,201505",X,-0.6,1,0.6,regulated_to_importer,410,대한민국
770,10,합판(1차재심),4412,말레이시아,오스트리아,대한민국,458,"201409,201410,201411,201412,201501,201502,201503,201504,201505",X,-0.6,1,0.6,regulated_to_intermediary,40,오스트리아
770,10,합판(1차재심),4412,말레이시아,오스트리아,대한민국,458,"201409,201410,201411,201412,201501,201502,201503,201504,201505",X,-0.6,1,0.6,regulated_to_importer,410,대한민국
771,12,플로트판유리(2차재심),7005,중국,일본,대한민국,156,"201501,201502,201503,201504,201505,201506,201507,201508,201509",X,-0.6,2,0.6,regulated_to_intermediary,392,일본
771,12,플로트판유리(2차재심),7005,중국,일본,대한민국,156,"201501,201502,201503,201504,201505,201506,201507,201508,201509",X,-0.6,2,0.6,regulated_to_importer,410,대한민국
772,13,공기압 전송용 밸브,848120,일본,영국,대한민국,392,"201508,201509,201510,201511,201512,201601,201602,201603,201604",X,-0.6,1,0.6,regulated_to_intermediary,826,영국
772,13,공기압 전송용 밸브,848120,일본,영국,대한민국,392,"201508,201509,201510,201511,201512,201601,201602,201603,201604",X,-0.6,1,0.6,regulated_to_importer,410,대한민국
773,14,합판(신규공급자조사),4412,중국,말레이시아,대한민국,156,"201402,201403,201404,201405,201406,201407,201408,201409,201410",X,-0.6,0,0.6,regulated_to_intermediary,458,말레이시아
773,14,합판(신규공급자조사),4412,중국,말레이시아,대한민국,156,"201402,201403,201404,201405,201406,201407,201408,201409,201410",X,-0.6,0,0.6,regulated_to_importer,410,대한민국
774,14,합판(신규공급자조사),4412,중국,핀란드,대한민국,156,"201402,201403,201404,201405,201406,201407,201408,201409,201410",X,-0.6,2,0.6,regulated_to_intermediary,246,핀란드
774,14,합판(신규공급자조사),4412,중국,핀란드,대한민국,156,"201402,201403,201404,201405,201406,201407,201408,201409,201410",X,-0.6,2,0.6,regulated_to_importer,410,대한민국
775,15,합판(신규공급자조사),4412,중국,말레이시아,대한민국,156,"201402,201403,201404,201405,201406,201407,201408,201409,201410",X,-0.6,0,0.6,regulated_to_intermediary,458,말레이시아
775,15,합판(신규공급자조사),4412,중국,말레이시아,대한민국,156,"201402,201403,201404,201405,201406,201407,201408,201409,201410",X,-0.6,0,0.6,regulated_to_importer,410,대한민국
776,15,합판(신규공급자조사),4412,중국,핀란드,대한민국,156,"201402,201403,201404,201405,201406,201407,201408,201409,201410",X,-0.6,2,0.6,regulated_to_intermediary,246,핀란드
776,15,합판(신규공급자조사),4412,중국,핀란드,대한민국,156,"201402,201403,201404,201405,201406,201407,201408,201409,201410",X,-0.6,2,0.6,regulated_to_importer,410,대한민국
777,16,합판(신규공급자조사),4412,중국,말레이시아,대한민국,156,"201402,201403,201404,201405,201406,201407,201408,201409,201410",X,-0.6,0,0.6,regulated_to_intermediary,458,말레이시아
777,16,합판(신규공급자조사),4412,중국,말레이시아,대한민국,156,"201402,201403,201404,201405,201406,201407,201408,201409,201410",X,-0.6,0,0.6,regulated_to_importer,410,대한민국
778,16,합판(신규공급자조사),4412,중국,핀란드,대한민국,156,"201402,201403,201404,201405,201406,201407,201408,201409,201410",X,-0.6,2,0.6,regulated_to_intermediary,246,핀란드
778,16,합판(신규공급자조사),4412,중국,핀란드,대한민국,156,"201402,201403,201404,201405,201406,201407,201408,201409,201410",X,-0.6,2,0.6,regulated_to_importer,410,대한민국
779,19,PET필름(2차재심),392062,인도,일본,대한민국,699,"201601,201602,201603,201604,201605,201606,201607,201608,201609",X,-0.6,3,0.6,regulated_to_intermediary,392,일본
779,19,PET필름(2차재심),392062,인도,일본,대한민국,699,"201601,201602,201603,201604,201605,201606,201607,201608,201609",X,-0.6,3,0.6,regulated_to_importer,410,대한민국
780,22,합판(2차재심),4412,말레이시아,라트비아,대한민국,458,"201705,201706,201707,201708,201709,201710,201711,201712,201801",X,-0.6,3,0.6,regulated_to_intermediary,428,라트비아
780,22,합판(2차재심),4412,말레이시아,라트비아,대한민국,458,"201705,201706,201707,201708,201709,201710,201711,201712,201801",X,-0.6,3,0.6,regulated_to_importer,410,대한민국
781,22,합판(2차재심),4412,말레이시아,러시아 연방,대한민국,458,"201705,201706,201707,201708,201709,201710,201711,201712,201801",X,-0.6,1,0.6,regulated_to_intermediary,643,러시아 연방
781,22,합판(2차재심),4412,말레이시아,러시아 연방,대한민국,458,"201705,201706,201707,201708,201709,201710,201711,201712,201801",X,-0.6,1,0.6,regulated_to_importer,410,대한민국
782,22,합판(2차재심),4412,말레이시아,인도네시아,대한민국,458,"201705,201706,201707,201708,201709,201710,201711,201712,201801",X,-0.6,1,0.6,regulated_to_intermediary,360,인도네시아
782,22,합판(2차재심),4412,말레이시아,인도네시아,대한민국,458,"201705,201706,201707,201708,201709,201710,201711,201712,201801",X,-0.6,1,0.6,regulated_to_importer,410,대한민국
783,23,합판(1차재심),4412,중국,라트비아,대한민국,156,"201705,201706,201707,201708,201709,201710,201711,201712,201801",X,-0.6,3,0.6,regulated_to_intermediary,428,라트비아
783,23,합판(1차재심),4412,중국,라트비아,대한민국,156,"201705,201706,201707,201708,201709,201710,201711,201712,201801",X,-0.6,3,0.6,regulated_to_importer,410,대한민국
784,24,옵셋인쇄판,370130,중국,브라질,대한민국,156,"201709,201710,201711,201712,201801,201802,201803,201804,201805",X,-0.6,3,0.6,regulated_to_intermediary,76,브라질
784,24,옵셋인쇄판,370130,중국,브라질,대한민국,156,"201709,201710,201711,201712,201801,201802,201803,201804,201805",X,-0.6,3,0.6,regulated_to_importer,410,대한민국
785,25,페로실리코망간,720230,베트남,말레이시아,대한민국,704,"201711,201712,201801,201802,201803,201804,201805,201806,201807",X,-0.6,0,0.6,regulated_to_intermediary,458,말레이시아
785,25,페로실리코망간,720230,베트남,말레이시아,대한민국,704,"201711,201712,201801,201802,201803,201804,201805,201806,201807",X,-0.6,0,0.6,regulated_to_importer,410,대한민국
786,26,PET필름,392062,대만,일본,대한민국,490,"201804,201805,201806,201807,201808,201809,201810,201811,201812",X,-0.6,3,0.6,regulated_to_intermediary,392,일본
786,26,PET필름,392062,대만,일본,대한민국,490,"201804,201805,201806,201807,201808,201809,201810,201811,201812",X,-0.6,3,0.6,regulated_to_importer,410,대한민국
787,26,PET필름,392062,태국,독일,대한민국,764,"201804,201805,201806,201807,201808,201809,201810,201811,201812",X,-0.6,0,0.6,regulated_to_intermediary,276,독일
787,26,PET필름,392062,태국,독일,대한민국,764,"201804,201805,201806,201807,201808,201809,201810,201811,201812",X,-0.6,0,0.6,regulated_to_importer,410,대한민국
788,26,PET필름,392062,태국,영국,대한민국,764,"201804,201805,201806,201807,201808,201809,201810,201811,201812",X,-0.6,2,0.6,regulated_to_intermediary,826,영국
788,26,PET필름,392062,태국,영국,대한민국,764,"201804,201805,201806,201807,201808,201809,201810,201811,201812",X,-0.6,2,0.6,regulated_to_importer,410,대한민국
789,28,플로트판유리(3차재심),7005,중국,미국,대한민국,156,"201808,201809,201810,201811,201812,201901,201902,201903,201904",X,-0.6,2,0.6,regulated_to_intermediary,842,미국
789,28,플로트판유리(3차재심),7005,중국,미국,대한민국,156,"201808,201809,201810,201811,201812,201901,201902,201903,201904",X,-0.6,2,0.6,regulated_to_importer,410,대한민국
790,29,초산에틸(3차재심),291531,중국,독일,대한민국,156,"201907,201908,201909,201910,201911,201912,202001,202002,202003",X,-0.6,1,0.6,regulated_to_intermediary,276,독일
790,29,초산에틸(3차재심),291531,중국,독일,대한민국,156,"201907,201908,201909,201910,201911,201912,202001,202002,202003",X,-0.6,1,0.6,regulated_to_importer,410,대한민국
791,31,OPP필름(1차재심),392020,인도네시아,말레이시아,대한민국,360,"201908,201909,201910,201911,201912,202001,202002,202003,202004",X,-0.6,2,0.6,regulated_to_intermediary,458,말레이시아
791,31,OPP필름(1차재심),392020,인도네시아,말레이시아,대한민국,360,"201908,201909,201910,201911,201912,202001,202002,202003,202004",X,-0.6,2,0.6,regulated_to_importer,410,대한민국
792,32,PET필름(3차재심),392062,인도,대만,대한민국,699,"201909,201910,201911,201912,202001,202002,202003,202004,202005",X,-0.6,1,0.6,regulated_to_intermediary,158,대만
792,32,PET필름(3차재심),392062,인도,대만,대한민국,699,"201909,201910,201911,201912,202001,202002,202003,202004,202005",X,-0.6,1,0.6,regulated_to_importer,410,대한민국
793,32,PET필름(3차재심),392062,중국,벨기에,대한민국,156,"201909,201910,201911,201912,202001,202002,202003,202004,202005",X,-0.6,2,0.6,regulated_to_intermediary,56,벨기에
793,32,PET필름(3차재심),392062,중국,벨기에,대한민국,156,"201909,201910,201911,201912,202001,202002,202003,202004,202005",X,-0.6,2,0.6,regulated_to_importer,410,대한민국
794,33,스테인리스 스틸바,7222,일본,영국,대한민국,392,"202005,202006,202007,202008,202009,202010,202011,202012,202101",X,-0.6,3,0.6,regulated_to_intermediary,826,영국
794,33,스테인리스 스틸바,7222,일본,영국,대한민국,392,"202005,202006,202007,202008,202009,202010,202011,202012,202101",X,-0.6,3,0.6,regulated_to_importer,410,대한민국
795,34,합판,4412,말레이시아,헝가리,대한민국,458,"202011,202012,202101,202102,202103,202104,202105,202106,202107",X,-0.6,2,0.6,regulated_to_intermediary,348,헝가리
795,34,합판,4412,말레이시아,헝가리,대한민국,458,"202011,202012,202101,202102,202103,202104,202105,202106,202107",X,-0.6,2,0.6,regulated_to_importer,410,대한민국
796,36,합판,4412,베트남,이탈리아,대한민국,704,"202011,202012,202101,202102,202103,202104,202105,202106,202107",X,-0.6,1,0.6,regulated_to_intermediary,380,이탈리아
796,36,합판,4412,베트남,이탈리아,대한민국,704,"202011,202012,202101,202102,202103,202104,202105,202106,202107",X,-0.6,1,0.6,regulated_to_importer,410,대한민국
797,36,합판,4412,베트남,일본,대한민국,704,"202011,202012,202101,202102,202103,202104,202105,202106,202107",X,-0.6,0,0.6,regulated_to_intermediary,392,일본
797,36,합판,4412,베트남,일본,대한민국,704,"202011,202012,202101,202102,202103,202104,202105,202106,202107",X,-0.6,0,0.6,regulated_to_importer,410,대한민국
798,36,합판,4412,베트남,핀란드,대한민국,704,"202011,202012,202101,202102,202103,202104,202105,202106,202107",X,-0.6,0,0.6,regulated_to_intermediary,246,핀란드
798,36,합판,4412,베트남,핀란드,대한민국,704,"202011,202012,202101,202102,202103,202104,202105,202106,202107",X,-0.6,0,0.6,regulated_to_importer,410,대한민국
799,36,합판,4412,베트남,헝가리,대한민국,704,"202011,202012,202101,202102,202103,202104,202105,202106,202107",X,-0.6,0,0.6,regulated_to_intermediary,348,헝가리
799,36,합판,4412,베트남,헝가리,대한민국,704,"202011,202012,202101,202102,202103,202104,202105,202106,202107",X,-0.6,0,0.6,regulated_to_importer,410,대한민국
800,37,스테인리스스틸바,7222,일본,네덜란드,대한민국,392,"202101,202102,202103,202104,202105,202106,202107,202108,202109",X,-0.6,3,0.6,regulated_to_intermediary,528,네덜란드
800,37,스테인리스스틸바,7222,일본,네덜란드,대한민국,392,"202101,202102,202103,202104,202105,202106,202107,202108,202109",X,-0.6,3,0.6,regulated_to_importer,410,대한민국
801,39,PET필름,392062,대만,베트남,대한민국,490,"202112,202201,202202,202203,202204,202205,202206,202207,202208",X,-0.6,0,0.6,regulated_to_intermediary,704,베트남
801,39,PET필름,392062,대만,베트남,대한민국,490,"202112,202201,202202,202203,202204,202205,202206,202207,202208",X,-0.6,0,0.6,regulated_to_importer,410,대한민국
802,39,PET필름,392062,대만,프랑스,대한민국,490,"202112,202201,202202,202203,202204,202205,202206,202207,202208",X,-0.6,3,0.6,regulated_to_intermediary,251,프랑스
802,39,PET필름,392062,대만,프랑스,대한민국,490,"202112,202201,202202,202203,202204,202205,202206,202207,202208",X,-0.6,3,0.6,regulated_to_importer,410,대한민국
803,39,PET필름,392062,태국,베트남,대한민국,764,"202112,202201,202202,202203,202204,202205,202206,202207,202208",X,-0.6,0,0.6,regulated_to_intermediary,704,베트남
803,39,PET필름,392062,태국,베트남,대한민국,764,"202112,202201,202202,202203,202204,202205,202206,202207,202208",X,-0.6,0,0.6,regulated_to_importer,410,대한민국
804,39,PET필름,392062,태국,프랑스,대한민국,764,"202112,202201,202202,202203,202204,202205,202206,202207,202208",X,-0.6,3,0.6,regulated_to_intermediary,251,프랑스
804,39,PET필름,392062,태국,프랑스,대한민국,764,"202112,202201,202202,202203,202204,202205,202206,202207,202208",X,-0.6,3,0.6,regulated_to_importer,410,대한민국
805,44,이음매없는동관,7411,베트남,태국,대한민국,704,"202303,202304,202305,202306,202307,202308,202309,202310,202311",X,-0.6,0,0.6,regulated_to_intermediary,764,태국
805,44,이음매없는동관,7411,베트남,태국,대한민국,704,"202303,202304,202305,202306,202307,202308,202309,202310,202311",X,-0.6,0,0.6,regulated_to_importer,410,대한민국
806,44,이음매없는동관,7411,중국,태국,대한민국,156,"202303,202304,202305,202306,202307,202308,202309,202310,202311",X,-0.6,1,0.6,regulated_to_intermediary,764,태국
806,44,이음매없는동관,7411,중국,태국,대한민국,156,"202303,202304,202305,202306,202307,202308,202309,202310,202311",X,-0.6,1,0.6,regulated_to_importer,410,대한민국
807,46,수산화알루미늄,281830,중국,일본,대한민국,156,"202304,202305,202306,202307,202308,202309,202310,202311,202312",X,-0.6,2,0.6,regulated_to_intermediary,392,일본
807,46,수산화알루미늄,281830,중국,일본,대한민국,156,"202304,202305,202306,202307,202308,202309,202310,202311,202312",X,-0.6,2,0.6,regulated_to_importer,410,대한민국
808,48,도공(coated) 인쇄용지,4810,중국,영국,대한민국,156,"202403,202404,202405,202406,202407,202408,202409,202410,202411",X,-0.6,2,0.6,regulated_to_intermediary,826,영국
808,48,도공(coated) 인쇄용지,4810,중국,영국,대한민국,156,"202403,202404,202405,202406,202407,202408,202409,202410,202411",X,-0.6,2,0.6,regulated_to_importer,410,대한민국
809,48,도공(coated) 인쇄용지,4810,중국,인도,대한민국,156,"202403,202404,202405,202406,202407,202408,202409,202410,202411",X,-0.6,2,0.6,regulated_to_intermediary,699,인도
809,48,도공(coated) 인쇄용지,4810,중국,인도,대한민국,156,"202403,202404,202405,202406,202407,202408,202409,202410,202411",X,-0.6,2,0.6,regulated_to_importer,410,대한민국
810,48,도공(coated) 인쇄용지,4810,핀란드,베트남,대한민국,246,"202403,202404,202405,202406,202407,202408,202409,202410,202411",X,-0.6,1,0.6,regulated_to_intermediary,704,베트남
810,48,도공(coated) 인쇄용지,4810,핀란드,베트남,대한민국,246,"202403,202404,202405,202406,202407,202408,202409,202410,202411",X,-0.6,1,0.6,regulated_to_importer,410,대한민국
811,48,도공(coated) 인쇄용지,4810,핀란드,싱가포르,대한민국,246,"202403,202404,202405,202406,202407,202408,202409,202410,202411",X,-0.6,2,0.6,regulated_to_intermediary,702,싱가포르
811,48,도공(coated) 인쇄용지,4810,핀란드,싱가포르,대한민국,246,"202403,202404,202405,202406,202407,202408,202409,202410,202411",X,-0.6,2,0.6,regulated_to_importer,410,대한민국
812,51,합판,4412,말레이시아,중국,대한민국,458,"202407,202408,202409,202410,202411,202412,202501,202502,202503",X,-0.6,3,0.6,regulated_to_intermediary,156,중국
812,51,합판,4412,말레이시아,중국,대한민국,458,"202407,202408,202409,202410,202411,202412,202501,202502,202503",X,-0.6,3,0.6,regulated_to_importer,410,대한민국
813,52,합판,4412,베트남,루마니아,대한민국,704,"202407,202408,202409,202410,202411,202412,202501,202502,202503",X,-0.6,3,0.6,regulated_to_intermediary,642,루마니아
813,52,합판,4412,베트남,루마니아,대한민국,704,"202407,202408,202409,202410,202411,202412,202501,202502,202503",X,-0.6,3,0.6,regulated_to_importer,410,대한민국
814,52,합판,4412,베트남,인도네시아,대한민국,704,"202407,202408,202409,202410,202411,202412,202501,202502,202503",X,-0.6,2,0.6,regulated_to_intermediary,360,인도네시아
814,52,합판,4412,베트남,인도네시아,대한민국,704,"202407,202408,202409,202410,202411,202412,202501,202502,202503",X,-0.6,2,0.6,regulated_to_importer,410,대한민국
815,53,PET수지,390761,중국,필리핀,대한민국,156,"202411,202412,202501,202502,202503,202504,202505,202506,202507",X,-0.6,3,0.6,regulated_to_intermediary,608,필리핀
815,53,PET수지,390761,중국,필리핀,대한민국,156,"202411,202412,202501,202502,202503,202504,202505,202506,202507",X,-0.6,3,0.6,regulated_to_importer,410,대한민국
816,54,OPP필름,392020,중국,미국,대한민국,156,"202504,202505,202506,202507,202508,202509,202510,202511,202512",X,-0.6,1,0.6,regulated_to_intermediary,842,미국
816,54,OPP필름,392020,중국,미국,대한민국,156,"202504,202505,202506,202507,202508,202509,202510,202511,202512",X,-0.6,1,0.6,regulated_to_importer,410,대한민국
817,54,OPP필름,392020,중국,베트남,대한민국,156,"202504,202505,202506,202507,202508,202509,202510,202511,202512",X,-0.6,1,0.6,regulated_to_intermediary,704,베트남
817,54,OPP필름,392020,중국,베트남,대한민국,156,"202504,202505,202506,202507,202508,202509,202510,202511,202512",X,-0.6,1,0.6,regulated_to_importer,410,대한민국
818,54,OPP필름,392020,중국,이탈리아,대한민국,156,"202504,202505,202506,202507,202508,202509,202510,202511,202512",X,-0.6,2,0.6,regulated_to_intermediary,380,이탈리아
818,54,OPP필름,392020,중국,이탈리아,대한민국,156,"202504,202505,202506,202507,202508,202509,202510,202511,202512",X,-0.6,2,0.6,regulated_to_importer,410,대한민국
819,54,OPP필름,392020,태국,이탈리아,대한민국,764,"202504,202505,202506,202507,202508,202509,202510,202511,202512",X,-0.6,0,0.6,regulated_to_intermediary,380,이탈리아
819,54,OPP필름,392020,태국,이탈리아,대한민국,764,"202504,202505,202506,202507,202508,202509,202510,202511,202512",X,-0.6,0,0.6,regulated_to_importer,410,대한민국
820,54,OPP필름,392020,태국,일본,대한민국,764,"202504,202505,202506,202507,202508,202509,202510,202511,202512",X,-0.6,1,0.6,regulated_to_intermediary,392,일본
820,54,OPP필름,392020,태국,일본,대한민국,764,"202504,202505,202506,202507,202508,202509,202510,202511,202512",X,-0.6,1,0.6,regulated_to_importer,410,대한민국
821,55,스테인리스강 냉간압연제품,7220,베트남,스웨덴,대한민국,704,"202507,202508,202509,202510,202511,202512,202601,202602,202603",X,-0.6,2,0.6,regulated_to_intermediary,752,스웨덴
821,55,스테인리스강 냉간압연제품,7220,베트남,스웨덴,대한민국,704,"202507,202508,202509,202510,202511,202512,202601,202602,202603",X,-0.6,2,0.6,regulated_to_importer,410,대한민국
822,56,석유수지,391110,중국,싱가포르,대한민국,156,"202508,202509,202510,202511,202512,202601,202602,202603,202604",X,-0.6,1,0.6,regulated_to_intermediary,702,싱가포르
822,56,석유수지,391110,중국,싱가포르,대한민국,156,"202508,202509,202510,202511,202512,202601,202602,202603,202604",X,-0.6,1,0.6,regulated_to_importer,410,대한민국
823,59,탄소강과 그밖의 합금강 열간압연 후판제품,7208,중국,대만,대한민국,156,"202511,202512,202601,202602,202603,202604,202605,202606,202607",X,-0.6,0,0.6,regulated_to_intermediary,158,대만
823,59,탄소강과 그밖의 합금강 열간압연 후판제품,7208,중국,대만,대한민국,156,"202511,202512,202601,202602,202603,202604,202605,202606,202607",X,-0.6,0,0.6,regulated_to_importer,410,대한민국
824,59,탄소강과 그밖의 합금강 열간압연 후판제품,7208,중국,벨기에,대한민국,156,"202511,202512,202601,202602,202603,202604,202605,202606,202607",X,-0.6,0,0.6,regulated_to_intermediary,56,벨기에
824,59,탄소강과 그밖의 합금강 열간압연 후판제품,7208,중국,벨기에,대한민국,156,"202511,202512,202601,202602,202603,202604,202605,202606,202607",X,-0.6,0,0.6,regulated_to_importer,410,대한민국
825,2,크라프트지(1차재심),4804,미국,남아프리카공화국,대한민국,842,"201204,201205,201206,201207,201208,201209,201210,201211,201212",X,-0.5797710356524484,1,0.5797710356524484,regulated_to_intermediary,710,남아프리카공화국
825,2,크라프트지(1차재심),4804,미국,남아프리카공화국,대한민국,842,"201204,201205,201206,201207,201208,201209,201210,201211,201212",X,-0.5797710356524484,1,0.5797710356524484,regulated_to_importer,410,대한민국
826,6,스테인레스스틸바(2차재심),7222,인도,노르웨이,대한민국,699,"201311,201312,201401,201402,201403,201404,201405,201406,201407",X,-0.5797710356524484,2,0.5797710356524484,regulated_to_intermediary,579,노르웨이
826,6,스테인레스스틸바(2차재심),7222,인도,노르웨이,대한민국,699,"201311,201312,201401,201402,201403,201404,201405,201406,201407",X,-0.5797710356524484,2,0.5797710356524484,regulated_to_importer,410,대한민국
827,8,폴리에스테르 장섬유 연신가공사(2차재심),5402,대만,홍콩,대한민국,490,"201312,201401,201402,201403,201404,201405,201406,201407,201408",X,-0.5797710356524484,1,0.5797710356524484,regulated_to_intermediary,344,홍콩
827,8,폴리에스테르 장섬유 연신가공사(2차재심),5402,대만,홍콩,대한민국,490,"201312,201401,201402,201403,201404,201405,201406,201407,201408",X,-0.5797710356524484,1,0.5797710356524484,regulated_to_importer,410,대한민국
828,9,OPP필름,392020,인도네시아,오스트리아,대한민국,360,"201312,201401,201402,201403,201404,201405,201406,201407,201408",X,-0.5797710356524484,1,0.5797710356524484,regulated_to_intermediary,40,오스트리아
828,9,OPP필름,392020,인도네시아,오스트리아,대한민국,360,"201312,201401,201402,201403,201404,201405,201406,201407,201408",X,-0.5797710356524484,1,0.5797710356524484,regulated_to_importer,410,대한민국
829,11,두꺼운 PET필름,392062,일본,파키스탄,대한민국,392,"201412,201501,201502,201503,201504,201505,201506,201507,201508",X,-0.5797710356524484,0,0.5797710356524484,regulated_to_intermediary,586,파키스탄
829,11,두꺼운 PET필름,392062,일본,파키스탄,대한민국,392,"201412,201501,201502,201503,201504,201505,201506,201507,201508",X,-0.5797710356524484,0,0.5797710356524484,regulated_to_importer,410,대한민국
830,26,PET필름,392062,태국,기타국,대한민국,764,"201804,201805,201806,201807,201808,201809,201810,201811,201812",X,-0.5797710356524484,0,0.5797710356524484,regulated_to_intermediary,899,기타국
830,26,PET필름,392062,태국,기타국,대한민국,764,"201804,201805,201806,201807,201808,201809,201810,201811,201812",X,-0.5797710356524484,0,0.5797710356524484,regulated_to_importer,410,대한민국
831,26,PET필름,392062,태국,프랑스,대한민국,764,"201804,201805,201806,201807,201808,201809,201810,201811,201812",X,-0.5797710356524484,3,0.5797710356524484,regulated_to_intermediary,251,프랑스
831,26,PET필름,392062,태국,프랑스,대한민국,764,"201804,201805,201806,201807,201808,201809,201810,201811,201812",X,-0.5797710356524484,3,0.5797710356524484,regulated_to_importer,410,대한민국
832,32,PET필름(3차재심),392062,중국,핀란드,대한민국,156,"201909,201910,201911,201912,202001,202002,202003,202004,202005",X,-0.5797710356524484,1,0.5797710356524484,regulated_to_intermediary,246,핀란드
832,32,PET필름(3차재심),392062,중국,핀란드,대한민국,156,"201909,201910,201911,201912,202001,202002,202003,202004,202005",X,-0.5797710356524484,1,0.5797710356524484,regulated_to_importer,410,대한민국
833,33,스테인리스 스틸바,7222,일본,포루투갈,대한민국,392,"202005,202006,202007,202008,202009,202010,202011,202012,202101",X,-0.5797710356524484,3,0.5797710356524484,regulated_to_intermediary,620,포루투갈
833,33,스테인리스 스틸바,7222,일본,포루투갈,대한민국,392,"202005,202006,202007,202008,202009,202010,202011,202012,202101",X,-0.5797710356524484,3,0.5797710356524484,regulated_to_importer,410,대한민국
834,46,수산화알루미늄,281830,중국,베트남,대한민국,156,"202304,202305,202306,202307,202308,202309,202310,202311,202312",X,-0.5797710356524484,3,0.5797710356524484,regulated_to_intermediary,704,베트남
834,46,수산화알루미늄,281830,중국,베트남,대한민국,156,"202304,202305,202306,202307,202308,202309,202310,202311,202312",X,-0.5797710356524484,3,0.5797710356524484,regulated_to_importer,410,대한민국
835,50,합판,4412,중국,스페인,대한민국,156,"202407,202408,202409,202410,202411,202412,202501,202502,202503",X,-0.5797710356524484,1,0.5797710356524484,regulated_to_intermediary,724,스페인
835,50,합판,4412,중국,스페인,대한민국,156,"202407,202408,202409,202410,202411,202412,202501,202502,202503",X,-0.5797710356524484,1,0.5797710356524484,regulated_to_importer,410,대한민국
836,1,PET필름(1차재심),392062,중국,오스트리아,대한민국,156,"201205,201206,201207,201208,201209,201210,201211,201212,201301",X,-0.5768179036829705,1,0.5768179036829705,regulated_to_intermediary,40,오스트리아
836,1,PET필름(1차재심),392062,중국,오스트리아,대한민국,156,"201205,201206,201207,201208,201209,201210,201211,201212,201301",X,-0.5768179036829705,1,0.5768179036829705,regulated_to_importer,410,대한민국
837,2,크라프트지(1차재심),4804,중국,이탈리아,대한민국,156,"201204,201205,201206,201207,201208,201209,201210,201211,201212",X,-0.5768179036829705,2,0.5768179036829705,regulated_to_intermediary,380,이탈리아
837,2,크라프트지(1차재심),4804,중국,이탈리아,대한민국,156,"201204,201205,201206,201207,201208,201209,201210,201211,201212",X,-0.5768179036829705,2,0.5768179036829705,regulated_to_importer,410,대한민국
838,8,폴리에스테르 장섬유 연신가공사(2차재심),5402,중국,홍콩,대한민국,156,"201312,201401,201402,201403,201404,201405,201406,201407,201408",X,-0.5768179036829705,3,0.5768179036829705,regulated_to_intermediary,344,홍콩
838,8,폴리에스테르 장섬유 연신가공사(2차재심),5402,중국,홍콩,대한민국,156,"201312,201401,201402,201403,201404,201405,201406,201407,201408",X,-0.5768179036829705,3,0.5768179036829705,regulated_to_importer,410,대한민국
839,10,합판(1차재심),4412,말레이시아,루마니아,대한민국,458,"201409,201410,201411,201412,201501,201502,201503,201504,201505",X,-0.5768179036829705,3,0.5768179036829705,regulated_to_intermediary,642,루마니아
839,10,합판(1차재심),4412,말레이시아,루마니아,대한민국,458,"201409,201410,201411,201412,201501,201502,201503,201504,201505",X,-0.5768179036829705,3,0.5768179036829705,regulated_to_importer,410,대한민국
840,22,합판(2차재심),4412,말레이시아,네덜란드,대한민국,458,"201705,201706,201707,201708,201709,201710,201711,201712,201801",X,-0.5768179036829705,2,0.5768179036829705,regulated_to_intermediary,528,네덜란드
840,22,합판(2차재심),4412,말레이시아,네덜란드,대한민국,458,"201705,201706,201707,201708,201709,201710,201711,201712,201801",X,-0.5768179036829705,2,0.5768179036829705,regulated_to_importer,410,대한민국
841,22,합판(2차재심),4412,말레이시아,미얀마,대한민국,458,"201705,201706,201707,201708,201709,201710,201711,201712,201801",X,-0.5768179036829705,1,0.5768179036829705,regulated_to_intermediary,104,미얀마
841,22,합판(2차재심),4412,말레이시아,미얀마,대한민국,458,"201705,201706,201707,201708,201709,201710,201711,201712,201801",X,-0.5768179036829705,1,0.5768179036829705,regulated_to_importer,410,대한민국
842,22,합판(2차재심),4412,말레이시아,영국,대한민국,458,"201705,201706,201707,201708,201709,201710,201711,201712,201801",X,-0.5768179036829705,2,0.5768179036829705,regulated_to_intermediary,826,영국
842,22,합판(2차재심),4412,말레이시아,영국,대한민국,458,"201705,201706,201707,201708,201709,201710,201711,201712,201801",X,-0.5768179036829705,2,0.5768179036829705,regulated_to_importer,410,대한민국
843,32,PET필름(3차재심),392062,중국,네덜란드,대한민국,156,"201909,201910,201911,201912,202001,202002,202003,202004,202005",X,-0.5768179036829705,3,0.5768179036829705,regulated_to_intermediary,528,네덜란드
843,32,PET필름(3차재심),392062,중국,네덜란드,대한민국,156,"201909,201910,201911,201912,202001,202002,202003,202004,202005",X,-0.5768179036829705,3,0.5768179036829705,regulated_to_importer,410,대한민국
844,39,PET필름,392062,대만,이스라엘,대한민국,490,"202112,202201,202202,202203,202204,202205,202206,202207,202208",X,-0.5768179036829705,2,0.5768179036829705,regulated_to_intermediary,376,이스라엘
844,39,PET필름,392062,대만,이스라엘,대한민국,490,"202112,202201,202202,202203,202204,202205,202206,202207,202208",X,-0.5768179036829705,2,0.5768179036829705,regulated_to_importer,410,대한민국
845,39,PET필름,392062,태국,이스라엘,대한민국,764,"202112,202201,202202,202203,202204,202205,202206,202207,202208",X,-0.5768179036829705,2,0.5768179036829705,regulated_to_intermediary,376,이스라엘
845,39,PET필름,392062,태국,이스라엘,대한민국,764,"202112,202201,202202,202203,202204,202205,202206,202207,202208",X,-0.5768179036829705,2,0.5768179036829705,regulated_to_importer,410,대한민국
846,48,도공(coated) 인쇄용지,4810,핀란드,덴마크,대한민국,246,"202403,202404,202405,202406,202407,202408,202409,202410,202411",X,-0.5768179036829705,2,0.5768179036829705,regulated_to_intermediary,208,덴마크
846,48,도공(coated) 인쇄용지,4810,핀란드,덴마크,대한민국,246,"202403,202404,202405,202406,202407,202408,202409,202410,202411",X,-0.5768179036829705,2,0.5768179036829705,regulated_to_importer,410,대한민국
847,54,OPP필름,392020,태국,벨기에,대한민국,764,"202504,202505,202506,202507,202508,202509,202510,202511,202512",X,-0.5768179036829705,3,0.5768179036829705,regulated_to_intermediary,56,벨기에
847,54,OPP필름,392020,태국,벨기에,대한민국,764,"202504,202505,202506,202507,202508,202509,202510,202511,202512",X,-0.5768179036829705,3,0.5768179036829705,regulated_to_importer,410,대한민국
848,54,OPP필름,392020,태국,스페인,대한민국,764,"202504,202505,202506,202507,202508,202509,202510,202511,202512",X,-0.5768179036829705,0,0.5768179036829705,regulated_to_intermediary,724,스페인
848,54,OPP필름,392020,태국,스페인,대한민국,764,"202504,202505,202506,202507,202508,202509,202510,202511,202512",X,-0.5768179036829705,0,0.5768179036829705,regulated_to_importer,410,대한민국
849,5,염화콜린(2차재심),292310,미국,영국,대한민국,842,"201308,201309,201310,201311,201312,201401,201402,201403,201404",X,-0.5659453309702792,0,0.5659453309702792,regulated_to_intermediary,826,영국
849,5,염화콜린(2차재심),292310,미국,영국,대한민국,842,"201308,201309,201310,201311,201312,201401,201402,201403,201404",X,-0.5659453309702792,0,0.5659453309702792,regulated_to_importer,410,대한민국
850,2,크라프트지(1차재심),4804,미국,에스토니아,대한민국,842,"201204,201205,201206,201207,201208,201209,201210,201211,201212",X,-0.5507824838698261,2,0.5507824838698261,regulated_to_intermediary,233,에스토니아
850,2,크라프트지(1차재심),4804,미국,에스토니아,대한민국,842,"201204,201205,201206,201207,201208,201209,201210,201211,201212",X,-0.5507824838698261,2,0.5507824838698261,regulated_to_importer,410,대한민국
851,4,알루미늄 보틀캔,761290,일본,네덜란드,대한민국,392,"201301,201302,201303,201304,201305,201306,201307,201308,201309",X,-0.5507824838698261,1,0.5507824838698261,regulated_to_intermediary,528,네덜란드
851,4,알루미늄 보틀캔,761290,일본,네덜란드,대한민국,392,"201301,201302,201303,201304,201305,201306,201307,201308,201309",X,-0.5507824838698261,1,0.5507824838698261,regulated_to_importer,410,대한민국
852,26,PET필름,392062,태국,인도,대한민국,764,"201804,201805,201806,201807,201808,201809,201810,201811,201812",X,-0.5507824838698261,3,0.5507824838698261,regulated_to_intermediary,699,인도
852,26,PET필름,392062,태국,인도,대한민국,764,"201804,201805,201806,201807,201808,201809,201810,201811,201812",X,-0.5507824838698261,3,0.5507824838698261,regulated_to_importer,410,대한민국
853,33,스테인리스 스틸바,7222,일본,네덜란드,대한민국,392,"202005,202006,202007,202008,202009,202010,202011,202012,202101",X,-0.5507824838698261,3,0.5507824838698261,regulated_to_intermediary,528,네덜란드
853,33,스테인리스 스틸바,7222,일본,네덜란드,대한민국,392,"202005,202006,202007,202008,202009,202010,202011,202012,202101",X,-0.5507824838698261,3,0.5507824838698261,regulated_to_importer,410,대한민국
854,35,합판,4412,중국,스페인,대한민국,156,"202011,202012,202101,202102,202103,202104,202105,202106,202107",X,-0.5507824838698261,0,0.5507824838698261,regulated_to_intermediary,724,스페인
854,35,합판,4412,중국,스페인,대한민국,156,"202011,202012,202101,202102,202103,202104,202105,202106,202107",X,-0.5507824838698261,0,0.5507824838698261,regulated_to_importer,410,대한민국
855,44,이음매없는동관,7411,중국,필리핀,대한민국,156,"202303,202304,202305,202306,202307,202308,202309,202310,202311",X,-0.5507824838698261,3,0.5507824838698261,regulated_to_intermediary,608,필리핀
855,44,이음매없는동관,7411,중국,필리핀,대한민국,156,"202303,202304,202305,202306,202307,202308,202309,202310,202311",X,-0.5507824838698261,3,0.5507824838698261,regulated_to_importer,410,대한민국
856,45,폴리아미드필름,392092,중국,러시아 연방,대한민국,156,"202302,202303,202304,202305,202306,202307,202308,202309,202310",X,-0.5507824838698261,0,0.5507824838698261,regulated_to_intermediary,643,러시아 연방
856,45,폴리아미드필름,392092,중국,러시아 연방,대한민국,156,"202302,202303,202304,202305,202306,202307,202308,202309,202310",X,-0.5507824838698261,0,0.5507824838698261,regulated_to_importer,410,대한민국
857,46,수산화알루미늄,281830,중국,덴마크,대한민국,156,"202304,202305,202306,202307,202308,202309,202310,202311,202312",X,-0.5507824838698261,3,0.5507824838698261,regulated_to_intermediary,208,덴마크
857,46,수산화알루미늄,281830,중국,덴마크,대한민국,156,"202304,202305,202306,202307,202308,202309,202310,202311,202312",X,-0.5507824838698261,3,0.5507824838698261,regulated_to_importer,410,대한민국
858,52,합판,4412,베트남,벨기에,대한민국,704,"202407,202408,202409,202410,202411,202412,202501,202502,202503",X,-0.5507824838698261,3,0.5507824838698261,regulated_to_intermediary,56,벨기에
858,52,합판,4412,베트남,벨기에,대한민국,704,"202407,202408,202409,202410,202411,202412,202501,202502,202503",X,-0.5507824838698261,3,0.5507824838698261,regulated_to_importer,410,대한민국
859,55,스테인리스강 냉간압연제품,7220,베트남,스위스,대한민국,704,"202507,202508,202509,202510,202511,202512,202601,202602,202603",X,-0.5507824838698261,3,0.5507824838698261,regulated_to_intermediary,757,스위스
859,55,스테인리스강 냉간압연제품,7220,베트남,스위스,대한민국,704,"202507,202508,202509,202510,202511,202512,202601,202602,202603",X,-0.5507824838698261,3,0.5507824838698261,regulated_to_importer,410,대한민국
860,56,석유수지,391110,대만,태국,대한민국,490,"202508,202509,202510,202511,202512,202601,202602,202603,202604",X,-0.5507824838698261,3,0.5507824838698261,regulated_to_intermediary,764,태국
860,56,석유수지,391110,대만,태국,대한민국,490,"202508,202509,202510,202511,202512,202601,202602,202603,202604",X,-0.5507824838698261,3,0.5507824838698261,regulated_to_importer,410,대한민국
861,46,수산화알루미늄,281830,호주,일본,대한민국,36,"202304,202305,202306,202307,202308,202309,202310,202311,202312",X,-0.550782483869826,1,0.550782483869826,regulated_to_intermediary,392,일본
861,46,수산화알루미늄,281830,호주,일본,대한민국,36,"202304,202305,202306,202307,202308,202309,202310,202311,202312",X,-0.550782483869826,1,0.550782483869826,regulated_to_importer,410,대한민국
862,1,PET필름(1차재심),392062,인도,영국,대한민국,699,"201205,201206,201207,201208,201209,201210,201211,201212,201301",X,-0.5428571428571429,1,0.5428571428571429,regulated_to_intermediary,826,영국
862,1,PET필름(1차재심),392062,인도,영국,대한민국,699,"201205,201206,201207,201208,201209,201210,201211,201212,201301",X,-0.5428571428571429,1,0.5428571428571429,regulated_to_importer,410,대한민국
863,1,PET필름(1차재심),392062,인도,일본,대한민국,699,"201205,201206,201207,201208,201209,201210,201211,201212,201301",X,-0.5428571428571429,1,0.5428571428571429,regulated_to_intermediary,392,일본
863,1,PET필름(1차재심),392062,인도,일본,대한민국,699,"201205,201206,201207,201208,201209,201210,201211,201212,201301",X,-0.5428571428571429,1,0.5428571428571429,regulated_to_importer,410,대한민국
864,1,PET필름(1차재심),392062,인도,태국,대한민국,699,"201205,201206,201207,201208,201209,201210,201211,201212,201301",X,-0.5428571428571429,3,0.5428571428571429,regulated_to_intermediary,764,태국
864,1,PET필름(1차재심),392062,인도,태국,대한민국,699,"201205,201206,201207,201208,201209,201210,201211,201212,201301",X,-0.5428571428571429,3,0.5428571428571429,regulated_to_importer,410,대한민국
865,1,PET필름(1차재심),392062,인도,홍콩,대한민국,699,"201205,201206,201207,201208,201209,201210,201211,201212,201301",X,-0.5428571428571429,3,0.5428571428571429,regulated_to_intermediary,344,홍콩
865,1,PET필름(1차재심),392062,인도,홍콩,대한민국,699,"201205,201206,201207,201208,201209,201210,201211,201212,201301",X,-0.5428571428571429,3,0.5428571428571429,regulated_to_importer,410,대한민국
866,2,크라프트지(1차재심),4804,미국,일본,대한민국,842,"201204,201205,201206,201207,201208,201209,201210,201211,201212",X,-0.5428571428571429,1,0.5428571428571429,regulated_to_intermediary,392,일본
866,2,크라프트지(1차재심),4804,미국,일본,대한민국,842,"201204,201205,201206,201207,201208,201209,201210,201211,201212",X,-0.5428571428571429,1,0.5428571428571429,regulated_to_importer,410,대한민국
867,2,크라프트지(1차재심),4804,중국,핀란드,대한민국,156,"201204,201205,201206,201207,201208,201209,201210,201211,201212",X,-0.5428571428571429,2,0.5428571428571429,regulated_to_intermediary,246,핀란드
867,2,크라프트지(1차재심),4804,중국,핀란드,대한민국,156,"201204,201205,201206,201207,201208,201209,201210,201211,201212",X,-0.5428571428571429,2,0.5428571428571429,regulated_to_importer,410,대한민국
868,2,크라프트지(1차재심),4804,캐나다,폴란드,대한민국,124,"201204,201205,201206,201207,201208,201209,201210,201211,201212",X,-0.5428571428571429,1,0.5428571428571429,regulated_to_intermediary,616,폴란드
868,2,크라프트지(1차재심),4804,캐나다,폴란드,대한민국,124,"201204,201205,201206,201207,201208,201209,201210,201211,201212",X,-0.5428571428571429,1,0.5428571428571429,regulated_to_importer,410,대한민국
869,2,크라프트지(1차재심),4804,캐나다,호주,대한민국,124,"201204,201205,201206,201207,201208,201209,201210,201211,201212",X,-0.5428571428571429,1,0.5428571428571429,regulated_to_intermediary,36,호주
869,2,크라프트지(1차재심),4804,캐나다,호주,대한민국,124,"201204,201205,201206,201207,201208,201209,201210,201211,201212",X,-0.5428571428571429,1,0.5428571428571429,regulated_to_importer,410,대한민국
870,5,염화콜린(2차재심),292310,중국,독일,대한민국,156,"201308,201309,201310,201311,201312,201401,201402,201403,201404",X,-0.5428571428571429,3,0.5428571428571429,regulated_to_intermediary,276,독일
870,5,염화콜린(2차재심),292310,중국,독일,대한민국,156,"201308,201309,201310,201311,201312,201401,201402,201403,201404",X,-0.5428571428571429,3,0.5428571428571429,regulated_to_importer,410,대한민국
871,6,스테인레스스틸바(2차재심),7222,일본,베트남,대한민국,392,"201311,201312,201401,201402,201403,201404,201405,201406,201407",X,-0.5428571428571429,0,0.5428571428571429,regulated_to_intermediary,704,베트남
871,6,스테인레스스틸바(2차재심),7222,일본,베트남,대한민국,392,"201311,201312,201401,201402,201403,201404,201405,201406,201407",X,-0.5428571428571429,0,0.5428571428571429,regulated_to_importer,410,대한민국
872,6,스테인레스스틸바(2차재심),7222,일본,프랑스,대한민국,392,"201311,201312,201401,201402,201403,201404,201405,201406,201407",X,-0.5428571428571429,2,0.5428571428571429,regulated_to_intermediary,251,프랑스
872,6,스테인레스스틸바(2차재심),7222,일본,프랑스,대한민국,392,"201311,201312,201401,201402,201403,201404,201405,201406,201407",X,-0.5428571428571429,2,0.5428571428571429,regulated_to_importer,410,대한민국
873,8,폴리에스테르 장섬유 연신가공사(2차재심),5402,대만,독일,대한민국,490,"201312,201401,201402,201403,201404,201405,201406,201407,201408",X,-0.5428571428571429,0,0.5428571428571429,regulated_to_intermediary,276,독일
873,8,폴리에스테르 장섬유 연신가공사(2차재심),5402,대만,독일,대한민국,490,"201312,201401,201402,201403,201404,201405,201406,201407,201408",X,-0.5428571428571429,0,0.5428571428571429,regulated_to_importer,410,대한민국
874,8,폴리에스테르 장섬유 연신가공사(2차재심),5402,중국,스페인,대한민국,156,"201312,201401,201402,201403,201404,201405,201406,201407,201408",X,-0.5428571428571429,2,0.5428571428571429,regulated_to_intermediary,724,스페인
874,8,폴리에스테르 장섬유 연신가공사(2차재심),5402,중국,스페인,대한민국,156,"201312,201401,201402,201403,201404,201405,201406,201407,201408",X,-0.5428571428571429,2,0.5428571428571429,regulated_to_importer,410,대한민국
875,9,OPP필름,392020,인도네시아,말레이시아,대한민국,360,"201312,201401,201402,201403,201404,201405,201406,201407,201408",X,-0.5428571428571429,0,0.5428571428571429,regulated_to_intermediary,458,말레이시아
875,9,OPP필름,392020,인도네시아,말레이시아,대한민국,360,"201312,201401,201402,201403,201404,201405,201406,201407,201408",X,-0.5428571428571429,0,0.5428571428571429,regulated_to_importer,410,대한민국
876,9,OPP필름,392020,인도네시아,필리핀,대한민국,360,"201312,201401,201402,201403,201404,201405,201406,201407,201408",X,-0.5428571428571429,2,0.5428571428571429,regulated_to_intermediary,608,필리핀
876,9,OPP필름,392020,인도네시아,필리핀,대한민국,360,"201312,201401,201402,201403,201404,201405,201406,201407,201408",X,-0.5428571428571429,2,0.5428571428571429,regulated_to_importer,410,대한민국
877,9,OPP필름,392020,중국,말레이시아,대한민국,156,"201312,201401,201402,201403,201404,201405,201406,201407,201408",X,-0.5428571428571429,0,0.5428571428571429,regulated_to_intermediary,458,말레이시아
877,9,OPP필름,392020,중국,말레이시아,대한민국,156,"201312,201401,201402,201403,201404,201405,201406,201407,201408",X,-0.5428571428571429,0,0.5428571428571429,regulated_to_importer,410,대한민국
878,9,OPP필름,392020,태국,독일,대한민국,764,"201312,201401,201402,201403,201404,201405,201406,201407,201408",X,-0.5428571428571429,3,0.5428571428571429,regulated_to_intermediary,276,독일
878,9,OPP필름,392020,태국,독일,대한민국,764,"201312,201401,201402,201403,201404,201405,201406,201407,201408",X,-0.5428571428571429,3,0.5428571428571429,regulated_to_importer,410,대한민국
879,9,OPP필름,392020,태국,말레이시아,대한민국,764,"201312,201401,201402,201403,201404,201405,201406,201407,201408",X,-0.5428571428571429,0,0.5428571428571429,regulated_to_intermediary,458,말레이시아
879,9,OPP필름,392020,태국,말레이시아,대한민국,764,"201312,201401,201402,201403,201404,201405,201406,201407,201408",X,-0.5428571428571429,0,0.5428571428571429,regulated_to_importer,410,대한민국
880,10,합판(1차재심),4412,말레이시아,베트남,대한민국,458,"201409,201410,201411,201412,201501,201502,201503,201504,201505",X,-0.5428571428571429,2,0.5428571428571429,regulated_to_intermediary,704,베트남
880,10,합판(1차재심),4412,말레이시아,베트남,대한민국,458,"201409,201410,201411,201412,201501,201502,201503,201504,201505",X,-0.5428571428571429,2,0.5428571428571429,regulated_to_importer,410,대한민국
881,10,합판(1차재심),4412,말레이시아,칠레,대한민국,458,"201409,201410,201411,201412,201501,201502,201503,201504,201505",X,-0.5428571428571429,1,0.5428571428571429,regulated_to_intermediary,152,칠레
881,10,합판(1차재심),4412,말레이시아,칠레,대한민국,458,"201409,201410,201411,201412,201501,201502,201503,201504,201505",X,-0.5428571428571429,1,0.5428571428571429,regulated_to_importer,410,대한민국
882,10,합판(1차재심),4412,말레이시아,핀란드,대한민국,458,"201409,201410,201411,201412,201501,201502,201503,201504,201505",X,-0.5428571428571429,1,0.5428571428571429,regulated_to_intermediary,246,핀란드
882,10,합판(1차재심),4412,말레이시아,핀란드,대한민국,458,"201409,201410,201411,201412,201501,201502,201503,201504,201505",X,-0.5428571428571429,1,0.5428571428571429,regulated_to_importer,410,대한민국
883,12,플로트판유리(2차재심),7005,중국,홍콩,대한민국,156,"201501,201502,201503,201504,201505,201506,201507,201508,201509",X,-0.5428571428571429,2,0.5428571428571429,regulated_to_intermediary,344,홍콩
883,12,플로트판유리(2차재심),7005,중국,홍콩,대한민국,156,"201501,201502,201503,201504,201505,201506,201507,201508,201509",X,-0.5428571428571429,2,0.5428571428571429,regulated_to_importer,410,대한민국
884,13,공기압 전송용 밸브,848120,일본,덴마크,대한민국,392,"201508,201509,201510,201511,201512,201601,201602,201603,201604",X,-0.5428571428571429,1,0.5428571428571429,regulated_to_intermediary,208,덴마크
884,13,공기압 전송용 밸브,848120,일본,덴마크,대한민국,392,"201508,201509,201510,201511,201512,201601,201602,201603,201604",X,-0.5428571428571429,1,0.5428571428571429,regulated_to_importer,410,대한민국
885,13,공기압 전송용 밸브,848120,일본,핀란드,대한민국,392,"201508,201509,201510,201511,201512,201601,201602,201603,201604",X,-0.5428571428571429,1,0.5428571428571429,regulated_to_intermediary,246,핀란드
885,13,공기압 전송용 밸브,848120,일본,핀란드,대한민국,392,"201508,201509,201510,201511,201512,201601,201602,201603,201604",X,-0.5428571428571429,1,0.5428571428571429,regulated_to_importer,410,대한민국
886,14,합판(신규공급자조사),4412,중국,태국,대한민국,156,"201402,201403,201404,201405,201406,201407,201408,201409,201410",X,-0.5428571428571429,2,0.5428571428571429,regulated_to_intermediary,764,태국
886,14,합판(신규공급자조사),4412,중국,태국,대한민국,156,"201402,201403,201404,201405,201406,201407,201408,201409,201410",X,-0.5428571428571429,2,0.5428571428571429,regulated_to_importer,410,대한민국
887,15,합판(신규공급자조사),4412,중국,태국,대한민국,156,"201402,201403,201404,201405,201406,201407,201408,201409,201410",X,-0.5428571428571429,2,0.5428571428571429,regulated_to_intermediary,764,태국
887,15,합판(신규공급자조사),4412,중국,태국,대한민국,156,"201402,201403,201404,201405,201406,201407,201408,201409,201410",X,-0.5428571428571429,2,0.5428571428571429,regulated_to_importer,410,대한민국
888,16,합판(신규공급자조사),4412,중국,태국,대한민국,156,"201402,201403,201404,201405,201406,201407,201408,201409,201410",X,-0.5428571428571429,2,0.5428571428571429,regulated_to_intermediary,764,태국
888,16,합판(신규공급자조사),4412,중국,태국,대한민국,156,"201402,201403,201404,201405,201406,201407,201408,201409,201410",X,-0.5428571428571429,2,0.5428571428571429,regulated_to_importer,410,대한민국
889,19,PET필름(2차재심),392062,인도,이탈리아,대한민국,699,"201601,201602,201603,201604,201605,201606,201607,201608,201609",X,-0.5428571428571429,0,0.5428571428571429,regulated_to_intermediary,380,이탈리아
889,19,PET필름(2차재심),392062,인도,이탈리아,대한민국,699,"201601,201602,201603,201604,201605,201606,201607,201608,201609",X,-0.5428571428571429,0,0.5428571428571429,regulated_to_importer,410,대한민국
890,20,침엽수 합판,441232,중국,인도네시아,대한민국,156,"201603,201604,201605,201606,201607,201608,201609,201610,201611",X,-0.5428571428571429,2,0.5428571428571429,regulated_to_intermediary,360,인도네시아
890,20,침엽수 합판,441232,중국,인도네시아,대한민국,156,"201603,201604,201605,201606,201607,201608,201609,201610,201611",X,-0.5428571428571429,2,0.5428571428571429,regulated_to_importer,410,대한민국
891,23,합판(1차재심),4412,중국,러시아 연방,대한민국,156,"201705,201706,201707,201708,201709,201710,201711,201712,201801",X,-0.5428571428571429,3,0.5428571428571429,regulated_to_intermediary,643,러시아 연방
891,23,합판(1차재심),4412,중국,러시아 연방,대한민국,156,"201705,201706,201707,201708,201709,201710,201711,201712,201801",X,-0.5428571428571429,3,0.5428571428571429,regulated_to_importer,410,대한민국
892,23,합판(1차재심),4412,중국,스웨덴,대한민국,156,"201705,201706,201707,201708,201709,201710,201711,201712,201801",X,-0.5428571428571429,3,0.5428571428571429,regulated_to_intermediary,752,스웨덴
892,23,합판(1차재심),4412,중국,스웨덴,대한민국,156,"201705,201706,201707,201708,201709,201710,201711,201712,201801",X,-0.5428571428571429,3,0.5428571428571429,regulated_to_importer,410,대한민국
893,23,합판(1차재심),4412,중국,일본,대한민국,156,"201705,201706,201707,201708,201709,201710,201711,201712,201801",X,-0.5428571428571429,1,0.5428571428571429,regulated_to_intermediary,392,일본
893,23,합판(1차재심),4412,중국,일본,대한민국,156,"201705,201706,201707,201708,201709,201710,201711,201712,201801",X,-0.5428571428571429,1,0.5428571428571429,regulated_to_importer,410,대한민국
894,24,옵셋인쇄판,370130,중국,벨기에,대한민국,156,"201709,201710,201711,201712,201801,201802,201803,201804,201805",X,-0.5428571428571429,3,0.5428571428571429,regulated_to_intermediary,56,벨기에
894,24,옵셋인쇄판,370130,중국,벨기에,대한민국,156,"201709,201710,201711,201712,201801,201802,201803,201804,201805",X,-0.5428571428571429,3,0.5428571428571429,regulated_to_importer,410,대한민국
895,26,PET필름,392062,대만,독일,대한민국,490,"201804,201805,201806,201807,201808,201809,201810,201811,201812",X,-0.5428571428571429,3,0.5428571428571429,regulated_to_intermediary,276,독일
895,26,PET필름,392062,대만,독일,대한민국,490,"201804,201805,201806,201807,201808,201809,201810,201811,201812",X,-0.5428571428571429,3,0.5428571428571429,regulated_to_importer,410,대한민국
896,28,플로트판유리(3차재심),7005,중국,일본,대한민국,156,"201808,201809,201810,201811,201812,201901,201902,201903,201904",X,-0.5428571428571429,2,0.5428571428571429,regulated_to_intermediary,392,일본
896,28,플로트판유리(3차재심),7005,중국,일본,대한민국,156,"201808,201809,201810,201811,201812,201901,201902,201903,201904",X,-0.5428571428571429,2,0.5428571428571429,regulated_to_importer,410,대한민국
897,31,OPP필름(1차재심),392020,인도네시아,인도,대한민국,360,"201908,201909,201910,201911,201912,202001,202002,202003,202004",X,-0.5428571428571429,1,0.5428571428571429,regulated_to_intermediary,699,인도
897,31,OPP필름(1차재심),392020,인도네시아,인도,대한민국,360,"201908,201909,201910,201911,201912,202001,202002,202003,202004",X,-0.5428571428571429,1,0.5428571428571429,regulated_to_importer,410,대한민국
898,31,OPP필름(1차재심),392020,중국,영국,대한민국,156,"201908,201909,201910,201911,201912,202001,202002,202003,202004",X,-0.5428571428571429,2,0.5428571428571429,regulated_to_intermediary,826,영국
898,31,OPP필름(1차재심),392020,중국,영국,대한민국,156,"201908,201909,201910,201911,201912,202001,202002,202003,202004",X,-0.5428571428571429,2,0.5428571428571429,regulated_to_importer,410,대한민국
899,31,OPP필름(1차재심),392020,태국,베트남,대한민국,764,"201908,201909,201910,201911,201912,202001,202002,202003,202004",X,-0.5428571428571429,3,0.5428571428571429,regulated_to_intermediary,704,베트남
899,31,OPP필름(1차재심),392020,태국,베트남,대한민국,764,"201908,201909,201910,201911,201912,202001,202002,202003,202004",X,-0.5428571428571429,3,0.5428571428571429,regulated_to_importer,410,대한민국
900,32,PET필름(3차재심),392062,인도,독일,대한민국,699,"201909,201910,201911,201912,202001,202002,202003,202004,202005",X,-0.5428571428571429,1,0.5428571428571429,regulated_to_intermediary,276,독일
900,32,PET필름(3차재심),392062,인도,독일,대한민국,699,"201909,201910,201911,201912,202001,202002,202003,202004,202005",X,-0.5428571428571429,1,0.5428571428571429,regulated_to_importer,410,대한민국
901,32,PET필름(3차재심),392062,인도,일본,대한민국,699,"201909,201910,201911,201912,202001,202002,202003,202004,202005",X,-0.5428571428571429,2,0.5428571428571429,regulated_to_intermediary,392,일본
901,32,PET필름(3차재심),392062,인도,일본,대한민국,699,"201909,201910,201911,201912,202001,202002,202003,202004,202005",X,-0.5428571428571429,2,0.5428571428571429,regulated_to_importer,410,대한민국
902,32,PET필름(3차재심),392062,중국,독일,대한민국,156,"201909,201910,201911,201912,202001,202002,202003,202004,202005",X,-0.5428571428571429,1,0.5428571428571429,regulated_to_intermediary,276,독일
902,32,PET필름(3차재심),392062,중국,독일,대한민국,156,"201909,201910,201911,201912,202001,202002,202003,202004,202005",X,-0.5428571428571429,1,0.5428571428571429,regulated_to_importer,410,대한민국
903,32,PET필름(3차재심),392062,중국,태국,대한민국,156,"201909,201910,201911,201912,202001,202002,202003,202004,202005",X,-0.5428571428571429,3,0.5428571428571429,regulated_to_intermediary,764,태국
903,32,PET필름(3차재심),392062,중국,태국,대한민국,156,"201909,201910,201911,201912,202001,202002,202003,202004,202005",X,-0.5428571428571429,3,0.5428571428571429,regulated_to_importer,410,대한민국
904,33,스테인리스 스틸바,7222,일본,중국,대한민국,392,"202005,202006,202007,202008,202009,202010,202011,202012,202101",X,-0.5428571428571429,3,0.5428571428571429,regulated_to_intermediary,156,중국
904,33,스테인리스 스틸바,7222,일본,중국,대한민국,392,"202005,202006,202007,202008,202009,202010,202011,202012,202101",X,-0.5428571428571429,3,0.5428571428571429,regulated_to_importer,410,대한민국
905,34,합판,4412,말레이시아,인도네시아,대한민국,458,"202011,202012,202101,202102,202103,202104,202105,202106,202107",X,-0.5428571428571429,2,0.5428571428571429,regulated_to_intermediary,360,인도네시아
905,34,합판,4412,말레이시아,인도네시아,대한민국,458,"202011,202012,202101,202102,202103,202104,202105,202106,202107",X,-0.5428571428571429,2,0.5428571428571429,regulated_to_importer,410,대한민국
906,37,스테인리스스틸바,7222,인도,스위스,대한민국,699,"202101,202102,202103,202104,202105,202106,202107,202108,202109",X,-0.5428571428571429,1,0.5428571428571429,regulated_to_intermediary,757,스위스
906,37,스테인리스스틸바,7222,인도,스위스,대한민국,699,"202101,202102,202103,202104,202105,202106,202107,202108,202109",X,-0.5428571428571429,1,0.5428571428571429,regulated_to_importer,410,대한민국
907,37,스테인리스스틸바,7222,인도,이탈리아,대한민국,699,"202101,202102,202103,202104,202105,202106,202107,202108,202109",X,-0.5428571428571429,2,0.5428571428571429,regulated_to_intermediary,380,이탈리아
907,37,스테인리스스틸바,7222,인도,이탈리아,대한민국,699,"202101,202102,202103,202104,202105,202106,202107,202108,202109",X,-0.5428571428571429,2,0.5428571428571429,regulated_to_importer,410,대한민국
908,37,스테인리스스틸바,7222,인도,포루투갈,대한민국,699,"202101,202102,202103,202104,202105,202106,202107,202108,202109",X,-0.5428571428571429,3,0.5428571428571429,regulated_to_intermediary,620,포루투갈
908,37,스테인리스스틸바,7222,인도,포루투갈,대한민국,699,"202101,202102,202103,202104,202105,202106,202107,202108,202109",X,-0.5428571428571429,3,0.5428571428571429,regulated_to_importer,410,대한민국
909,37,스테인리스스틸바,7222,일본,미국,대한민국,392,"202101,202102,202103,202104,202105,202106,202107,202108,202109",X,-0.5428571428571429,0,0.5428571428571429,regulated_to_intermediary,842,미국
909,37,스테인리스스틸바,7222,일본,미국,대한민국,392,"202101,202102,202103,202104,202105,202106,202107,202108,202109",X,-0.5428571428571429,0,0.5428571428571429,regulated_to_importer,410,대한민국
910,38,인쇄제판용 평면모양 사진 플레이트(옵셋 인쇄판),370130,중국,독일,대한민국,156,"202105,202106,202107,202108,202109,202110,202111,202112,202201",X,-0.5428571428571429,1,0.5428571428571429,regulated_to_intermediary,276,독일
910,38,인쇄제판용 평면모양 사진 플레이트(옵셋 인쇄판),370130,중국,독일,대한민국,156,"202105,202106,202107,202108,202109,202110,202111,202112,202201",X,-0.5428571428571429,1,0.5428571428571429,regulated_to_importer,410,대한민국
911,39,PET필름,392062,대만,벨기에,대한민국,490,"202112,202201,202202,202203,202204,202205,202206,202207,202208",X,-0.5428571428571429,0,0.5428571428571429,regulated_to_intermediary,56,벨기에
911,39,PET필름,392062,대만,벨기에,대한민국,490,"202112,202201,202202,202203,202204,202205,202206,202207,202208",X,-0.5428571428571429,0,0.5428571428571429,regulated_to_importer,410,대한민국
912,39,PET필름,392062,대만,싱가포르,대한민국,490,"202112,202201,202202,202203,202204,202205,202206,202207,202208",X,-0.5428571428571429,1,0.5428571428571429,regulated_to_intermediary,702,싱가포르
912,39,PET필름,392062,대만,싱가포르,대한민국,490,"202112,202201,202202,202203,202204,202205,202206,202207,202208",X,-0.5428571428571429,1,0.5428571428571429,regulated_to_importer,410,대한민국
913,39,PET필름,392062,태국,벨기에,대한민국,764,"202112,202201,202202,202203,202204,202205,202206,202207,202208",X,-0.5428571428571429,0,0.5428571428571429,regulated_to_intermediary,56,벨기에
913,39,PET필름,392062,태국,벨기에,대한민국,764,"202112,202201,202202,202203,202204,202205,202206,202207,202208",X,-0.5428571428571429,0,0.5428571428571429,regulated_to_importer,410,대한민국
914,39,PET필름,392062,태국,싱가포르,대한민국,764,"202112,202201,202202,202203,202204,202205,202206,202207,202208",X,-0.5428571428571429,1,0.5428571428571429,regulated_to_intermediary,702,싱가포르
914,39,PET필름,392062,태국,싱가포르,대한민국,764,"202112,202201,202202,202203,202204,202205,202206,202207,202208",X,-0.5428571428571429,1,0.5428571428571429,regulated_to_importer,410,대한민국
915,40,플로트판유리,7005,중국,말레이시아,대한민국,156,"202204,202205,202206,202207,202208,202209,202210,202211,202212",X,-0.5428571428571429,0,0.5428571428571429,regulated_to_intermediary,458,말레이시아
915,40,플로트판유리,7005,중국,말레이시아,대한민국,156,"202204,202205,202206,202207,202208,202209,202210,202211,202212",X,-0.5428571428571429,0,0.5428571428571429,regulated_to_importer,410,대한민국
916,40,플로트판유리,7005,중국,미국,대한민국,156,"202204,202205,202206,202207,202208,202209,202210,202211,202212",X,-0.5428571428571429,3,0.5428571428571429,regulated_to_intermediary,842,미국
916,40,플로트판유리,7005,중국,미국,대한민국,156,"202204,202205,202206,202207,202208,202209,202210,202211,202212",X,-0.5428571428571429,3,0.5428571428571429,regulated_to_importer,410,대한민국
917,41,"인쇄제판용 평면모양 사진 플레이트(옵셋 인쇄판, 더블레이어 제품)",370130,중국,대만,대한민국,156,"202211,202212,202301,202302,202303,202304,202305,202306,202307",X,-0.5428571428571429,3,0.5428571428571429,regulated_to_intermediary,158,대만
917,41,"인쇄제판용 평면모양 사진 플레이트(옵셋 인쇄판, 더블레이어 제품)",370130,중국,대만,대한민국,156,"202211,202212,202301,202302,202303,202304,202305,202306,202307",X,-0.5428571428571429,3,0.5428571428571429,regulated_to_importer,410,대한민국
918,44,이음매없는동관,7411,중국,일본,대한민국,156,"202303,202304,202305,202306,202307,202308,202309,202310,202311",X,-0.5428571428571429,3,0.5428571428571429,regulated_to_intermediary,392,일본
918,44,이음매없는동관,7411,중국,일본,대한민국,156,"202303,202304,202305,202306,202307,202308,202309,202310,202311",X,-0.5428571428571429,3,0.5428571428571429,regulated_to_importer,410,대한민국
919,48,도공(coated) 인쇄용지,4810,일본,말레이시아,대한민국,392,"202403,202404,202405,202406,202407,202408,202409,202410,202411",X,-0.5428571428571429,3,0.5428571428571429,regulated_to_intermediary,458,말레이시아
919,48,도공(coated) 인쇄용지,4810,일본,말레이시아,대한민국,392,"202403,202404,202405,202406,202407,202408,202409,202410,202411",X,-0.5428571428571429,3,0.5428571428571429,regulated_to_importer,410,대한민국
920,48,도공(coated) 인쇄용지,4810,일본,베트남,대한민국,392,"202403,202404,202405,202406,202407,202408,202409,202410,202411",X,-0.5428571428571429,3,0.5428571428571429,regulated_to_intermediary,704,베트남
920,48,도공(coated) 인쇄용지,4810,일본,베트남,대한민국,392,"202403,202404,202405,202406,202407,202408,202409,202410,202411",X,-0.5428571428571429,3,0.5428571428571429,regulated_to_importer,410,대한민국
921,48,도공(coated) 인쇄용지,4810,중국,미국,대한민국,156,"202403,202404,202405,202406,202407,202408,202409,202410,202411",X,-0.5428571428571429,2,0.5428571428571429,regulated_to_intermediary,842,미국
921,48,도공(coated) 인쇄용지,4810,중국,미국,대한민국,156,"202403,202404,202405,202406,202407,202408,202409,202410,202411",X,-0.5428571428571429,2,0.5428571428571429,regulated_to_importer,410,대한민국
922,48,도공(coated) 인쇄용지,4810,중국,싱가포르,대한민국,156,"202403,202404,202405,202406,202407,202408,202409,202410,202411",X,-0.5428571428571429,1,0.5428571428571429,regulated_to_intermediary,702,싱가포르
922,48,도공(coated) 인쇄용지,4810,중국,싱가포르,대한민국,156,"202403,202404,202405,202406,202407,202408,202409,202410,202411",X,-0.5428571428571429,1,0.5428571428571429,regulated_to_importer,410,대한민국
923,48,도공(coated) 인쇄용지,4810,핀란드,미국,대한민국,246,"202403,202404,202405,202406,202407,202408,202409,202410,202411",X,-0.5428571428571429,1,0.5428571428571429,regulated_to_intermediary,842,미국
923,48,도공(coated) 인쇄용지,4810,핀란드,미국,대한민국,246,"202403,202404,202405,202406,202407,202408,202409,202410,202411",X,-0.5428571428571429,1,0.5428571428571429,regulated_to_importer,410,대한민국
924,52,합판,4412,베트남,라트비아,대한민국,704,"202407,202408,202409,202410,202411,202412,202501,202502,202503",X,-0.5428571428571429,3,0.5428571428571429,regulated_to_intermediary,428,라트비아
924,52,합판,4412,베트남,라트비아,대한민국,704,"202407,202408,202409,202410,202411,202412,202501,202502,202503",X,-0.5428571428571429,3,0.5428571428571429,regulated_to_importer,410,대한민국
925,54,OPP필름,392020,중국,오스트리아,대한민국,156,"202504,202505,202506,202507,202508,202509,202510,202511,202512",X,-0.5428571428571429,1,0.5428571428571429,regulated_to_intermediary,40,오스트리아
925,54,OPP필름,392020,중국,오스트리아,대한민국,156,"202504,202505,202506,202507,202508,202509,202510,202511,202512",X,-0.5428571428571429,1,0.5428571428571429,regulated_to_importer,410,대한민국
926,54,OPP필름,392020,중국,인도,대한민국,156,"202504,202505,202506,202507,202508,202509,202510,202511,202512",X,-0.5428571428571429,2,0.5428571428571429,regulated_to_intermediary,699,인도
926,54,OPP필름,392020,중국,인도,대한민국,156,"202504,202505,202506,202507,202508,202509,202510,202511,202512",X,-0.5428571428571429,2,0.5428571428571429,regulated_to_importer,410,대한민국
927,56,석유수지,391110,중국,네덜란드,대한민국,156,"202508,202509,202510,202511,202512,202601,202602,202603,202604",X,-0.5428571428571429,2,0.5428571428571429,regulated_to_intermediary,528,네덜란드
927,56,석유수지,391110,중국,네덜란드,대한민국,156,"202508,202509,202510,202511,202512,202601,202602,202603,202604",X,-0.5428571428571429,2,0.5428571428571429,regulated_to_importer,410,대한민국
928,59,탄소강과 그밖의 합금강 열간압연 후판제품,7208,중국,베트남,대한민국,156,"202511,202512,202601,202602,202603,202604,202605,202606,202607",X,-0.5428571428571429,0,0.5428571428571429,regulated_to_intermediary,704,베트남
928,59,탄소강과 그밖의 합금강 열간압연 후판제품,7208,중국,베트남,대한민국,156,"202511,202512,202601,202602,202603,202604,202605,202606,202607",X,-0.5428571428571429,0,0.5428571428571429,regulated_to_importer,410,대한민국
929,2,크라프트지(1차재심),4804,캐나다,말레이시아,대한민국,124,"201204,201205,201206,201207,201208,201209,201210,201211,201212",X,-0.5408987230262506,0,0.5408987230262506,regulated_to_intermediary,458,말레이시아
929,2,크라프트지(1차재심),4804,캐나다,말레이시아,대한민국,124,"201204,201205,201206,201207,201208,201209,201210,201211,201212",X,-0.5408987230262506,0,0.5408987230262506,regulated_to_importer,410,대한민국
930,4,알루미늄 보틀캔,761290,일본,영국,대한민국,392,"201301,201302,201303,201304,201305,201306,201307,201308,201309",X,-0.5408987230262506,2,0.5408987230262506,regulated_to_intermediary,826,영국
930,4,알루미늄 보틀캔,761290,일본,영국,대한민국,392,"201301,201302,201303,201304,201305,201306,201307,201308,201309",X,-0.5408987230262506,2,0.5408987230262506,regulated_to_importer,410,대한민국
931,6,스테인레스스틸바(2차재심),7222,인도,필리핀,대한민국,699,"201311,201312,201401,201402,201403,201404,201405,201406,201407",X,-0.5408987230262506,1,0.5408987230262506,regulated_to_intermediary,608,필리핀
931,6,스테인레스스틸바(2차재심),7222,인도,필리핀,대한민국,699,"201311,201312,201401,201402,201403,201404,201405,201406,201407",X,-0.5408987230262506,1,0.5408987230262506,regulated_to_importer,410,대한민국
932,9,OPP필름,392020,인도네시아,싱가포르,대한민국,360,"201312,201401,201402,201403,201404,201405,201406,201407,201408",X,-0.5408987230262506,2,0.5408987230262506,regulated_to_intermediary,702,싱가포르
932,9,OPP필름,392020,인도네시아,싱가포르,대한민국,360,"201312,201401,201402,201403,201404,201405,201406,201407,201408",X,-0.5408987230262506,2,0.5408987230262506,regulated_to_importer,410,대한민국
933,20,침엽수 합판,441232,중국,스페인,대한민국,156,"201603,201604,201605,201606,201607,201608,201609,201610,201611",X,-0.5408987230262506,3,0.5408987230262506,regulated_to_intermediary,724,스페인
933,20,침엽수 합판,441232,중국,스페인,대한민국,156,"201603,201604,201605,201606,201607,201608,201609,201610,201611",X,-0.5408987230262506,3,0.5408987230262506,regulated_to_importer,410,대한민국
934,26,PET필름,392062,태국,이스라엘,대한민국,764,"201804,201805,201806,201807,201808,201809,201810,201811,201812",X,-0.5408987230262506,3,0.5408987230262506,regulated_to_intermediary,376,이스라엘
934,26,PET필름,392062,태국,이스라엘,대한민국,764,"201804,201805,201806,201807,201808,201809,201810,201811,201812",X,-0.5408987230262506,3,0.5408987230262506,regulated_to_importer,410,대한민국
935,27,아연도금철선,721720,중국,벨기에,대한민국,156,"201808,201809,201810,201811,201812,201901,201902,201903,201904",X,-0.5408987230262506,1,0.5408987230262506,regulated_to_intermediary,56,벨기에
935,27,아연도금철선,721720,중국,벨기에,대한민국,156,"201808,201809,201810,201811,201812,201901,201902,201903,201904",X,-0.5408987230262506,1,0.5408987230262506,regulated_to_importer,410,대한민국
936,28,플로트판유리(3차재심),7005,중국,라트비아,대한민국,156,"201808,201809,201810,201811,201812,201901,201902,201903,201904",X,-0.5408987230262506,2,0.5408987230262506,regulated_to_intermediary,428,라트비아
936,28,플로트판유리(3차재심),7005,중국,라트비아,대한민국,156,"201808,201809,201810,201811,201812,201901,201902,201903,201904",X,-0.5408987230262506,2,0.5408987230262506,regulated_to_importer,410,대한민국
937,32,PET필름(3차재심),392062,인도,튀르키예,대한민국,699,"201909,201910,201911,201912,202001,202002,202003,202004,202005",X,-0.5408987230262506,3,0.5408987230262506,regulated_to_intermediary,792,튀르키예
937,32,PET필름(3차재심),392062,인도,튀르키예,대한민국,699,"201909,201910,201911,201912,202001,202002,202003,202004,202005",X,-0.5408987230262506,3,0.5408987230262506,regulated_to_importer,410,대한민국
938,32,PET필름(3차재심),392062,중국,튀르키예,대한민국,156,"201909,201910,201911,201912,202001,202002,202003,202004,202005",X,-0.5408987230262506,3,0.5408987230262506,regulated_to_intermediary,792,튀르키예
938,32,PET필름(3차재심),392062,중국,튀르키예,대한민국,156,"201909,201910,201911,201912,202001,202002,202003,202004,202005",X,-0.5408987230262506,3,0.5408987230262506,regulated_to_importer,410,대한민국
939,44,이음매없는동관,7411,베트남,폴란드,대한민국,704,"202303,202304,202305,202306,202307,202308,202309,202310,202311",X,-0.5408987230262506,1,0.5408987230262506,regulated_to_intermediary,616,폴란드
939,44,이음매없는동관,7411,베트남,폴란드,대한민국,704,"202303,202304,202305,202306,202307,202308,202309,202310,202311",X,-0.5408987230262506,1,0.5408987230262506,regulated_to_importer,410,대한민국
940,48,도공(coated) 인쇄용지,4810,일본,홍콩,대한민국,392,"202403,202404,202405,202406,202407,202408,202409,202410,202411",X,-0.5408987230262506,3,0.5408987230262506,regulated_to_intermediary,344,홍콩
940,48,도공(coated) 인쇄용지,4810,일본,홍콩,대한민국,392,"202403,202404,202405,202406,202407,202408,202409,202410,202411",X,-0.5408987230262506,3,0.5408987230262506,regulated_to_importer,410,대한민국
941,50,합판,4412,중국,슬로바키아,대한민국,156,"202407,202408,202409,202410,202411,202412,202501,202502,202503",X,-0.5408987230262506,2,0.5408987230262506,regulated_to_intermediary,703,슬로바키아
941,50,합판,4412,중국,슬로바키아,대한민국,156,"202407,202408,202409,202410,202411,202412,202501,202502,202503",X,-0.5408987230262506,2,0.5408987230262506,regulated_to_importer,410,대한민국
942,50,합판,4412,중국,태국,대한민국,156,"202407,202408,202409,202410,202411,202412,202501,202502,202503",X,-0.5408987230262506,3,0.5408987230262506,regulated_to_intermediary,764,태국
942,50,합판,4412,중국,태국,대한민국,156,"202407,202408,202409,202410,202411,202412,202501,202502,202503",X,-0.5408987230262506,3,0.5408987230262506,regulated_to_importer,410,대한민국
943,51,합판,4412,말레이시아,태국,대한민국,458,"202407,202408,202409,202410,202411,202412,202501,202502,202503",X,-0.5408987230262506,3,0.5408987230262506,regulated_to_intermediary,764,태국
943,51,합판,4412,말레이시아,태국,대한민국,458,"202407,202408,202409,202410,202411,202412,202501,202502,202503",X,-0.5408987230262506,3,0.5408987230262506,regulated_to_importer,410,대한민국
944,3,폴리에스터 장섬유 부분연신사(1차재심),540246,대만,인도네시아,대한민국,490,"201207,201208,201209,201210,201211,201212,201301,201302,201303",X,-0.5393598899705937,3,0.5393598899705937,regulated_to_intermediary,360,인도네시아
944,3,폴리에스터 장섬유 부분연신사(1차재심),540246,대만,인도네시아,대한민국,490,"201207,201208,201209,201210,201211,201212,201301,201302,201303",X,-0.5393598899705937,3,0.5393598899705937,regulated_to_importer,410,대한민국
945,5,염화콜린(2차재심),292310,미국,러시아 연방,대한민국,842,"201308,201309,201310,201311,201312,201401,201402,201403,201404",X,-0.5313689313240573,1,0.5313689313240573,regulated_to_intermediary,643,러시아 연방
945,5,염화콜린(2차재심),292310,미국,러시아 연방,대한민국,842,"201308,201309,201310,201311,201312,201401,201402,201403,201404",X,-0.5313689313240573,1,0.5313689313240573,regulated_to_importer,410,대한민국
946,6,스테인레스스틸바(2차재심),7222,스페인,말레이시아,대한민국,724,"201311,201312,201401,201402,201403,201404,201405,201406,201407",X,-0.5313689313240573,2,0.5313689313240573,regulated_to_intermediary,458,말레이시아
946,6,스테인레스스틸바(2차재심),7222,스페인,말레이시아,대한민국,724,"201311,201312,201401,201402,201403,201404,201405,201406,201407",X,-0.5313689313240573,2,0.5313689313240573,regulated_to_importer,410,대한민국
947,6,스테인레스스틸바(2차재심),7222,스페인,벨기에,대한민국,724,"201311,201312,201401,201402,201403,201404,201405,201406,201407",X,-0.5313689313240573,3,0.5313689313240573,regulated_to_intermediary,56,벨기에
947,6,스테인레스스틸바(2차재심),7222,스페인,벨기에,대한민국,724,"201311,201312,201401,201402,201403,201404,201405,201406,201407",X,-0.5313689313240573,3,0.5313689313240573,regulated_to_importer,410,대한민국
948,6,스테인레스스틸바(2차재심),7222,스페인,아일랜드,대한민국,724,"201311,201312,201401,201402,201403,201404,201405,201406,201407",X,-0.5313689313240573,2,0.5313689313240573,regulated_to_intermediary,372,아일랜드
948,6,스테인레스스틸바(2차재심),7222,스페인,아일랜드,대한민국,724,"201311,201312,201401,201402,201403,201404,201405,201406,201407",X,-0.5313689313240573,2,0.5313689313240573,regulated_to_importer,410,대한민국
949,6,스테인레스스틸바(2차재심),7222,스페인,체코공화국,대한민국,724,"201311,201312,201401,201402,201403,201404,201405,201406,201407",X,-0.5313689313240573,1,0.5313689313240573,regulated_to_intermediary,203,체코공화국
949,6,스테인레스스틸바(2차재심),7222,스페인,체코공화국,대한민국,724,"201311,201312,201401,201402,201403,201404,201405,201406,201407",X,-0.5313689313240573,1,0.5313689313240573,regulated_to_importer,410,대한민국
950,6,스테인레스스틸바(2차재심),7222,스페인,파키스탄,대한민국,724,"201311,201312,201401,201402,201403,201404,201405,201406,201407",X,-0.5313689313240573,0,0.5313689313240573,regulated_to_intermediary,586,파키스탄
950,6,스테인레스스틸바(2차재심),7222,스페인,파키스탄,대한민국,724,"201311,201312,201401,201402,201403,201404,201405,201406,201407",X,-0.5313689313240573,0,0.5313689313240573,regulated_to_importer,410,대한민국
951,6,스테인레스스틸바(2차재심),7222,스페인,호주,대한민국,724,"201311,201312,201401,201402,201403,201404,201405,201406,201407",X,-0.5313689313240573,0,0.5313689313240573,regulated_to_intermediary,36,호주
951,6,스테인레스스틸바(2차재심),7222,스페인,호주,대한민국,724,"201311,201312,201401,201402,201403,201404,201405,201406,201407",X,-0.5313689313240573,0,0.5313689313240573,regulated_to_importer,410,대한민국
952,6,스테인레스스틸바(2차재심),7222,스페인,홍콩,대한민국,724,"201311,201312,201401,201402,201403,201404,201405,201406,201407",X,-0.5313689313240573,3,0.5313689313240573,regulated_to_intermediary,344,홍콩
952,6,스테인레스스틸바(2차재심),7222,스페인,홍콩,대한민국,724,"201311,201312,201401,201402,201403,201404,201405,201406,201407",X,-0.5313689313240573,3,0.5313689313240573,regulated_to_importer,410,대한민국
953,21,부틸글리콜에테르,290943,프랑스,영국,대한민국,251,"201612,201701,201702,201703,201704,201705,201706,201707,201708",X,-0.5313689313240573,1,0.5313689313240573,regulated_to_intermediary,826,영국
953,21,부틸글리콜에테르,290943,프랑스,영국,대한민국,251,"201612,201701,201702,201703,201704,201705,201706,201707,201708",X,-0.5313689313240573,1,0.5313689313240573,regulated_to_importer,410,대한민국
954,42,부틸글리콜에테르,290943,프랑스,사우디아라비아,대한민국,251,"202207,202208,202209,202210,202211,202212,202301,202302,202303",X,-0.5313689313240573,0,0.5313689313240573,regulated_to_intermediary,682,사우디아라비아
954,42,부틸글리콜에테르,290943,프랑스,사우디아라비아,대한민국,251,"202207,202208,202209,202210,202211,202212,202301,202302,202303",X,-0.5313689313240573,0,0.5313689313240573,regulated_to_importer,410,대한민국
955,46,수산화알루미늄,281830,호주,보스니아-헤르체고비나,대한민국,36,"202304,202305,202306,202307,202308,202309,202310,202311,202312",X,-0.5313689313240573,3,0.5313689313240573,regulated_to_intermediary,70,보스니아-헤르체고비나
955,46,수산화알루미늄,281830,호주,보스니아-헤르체고비나,대한민국,36,"202304,202305,202306,202307,202308,202309,202310,202311,202312",X,-0.5313689313240573,3,0.5313689313240573,regulated_to_importer,410,대한민국
956,46,수산화알루미늄,281830,호주,스페인,대한민국,36,"202304,202305,202306,202307,202308,202309,202310,202311,202312",X,-0.5313689313240573,1,0.5313689313240573,regulated_to_intermediary,724,스페인
956,46,수산화알루미늄,281830,호주,스페인,대한민국,36,"202304,202305,202306,202307,202308,202309,202310,202311,202312",X,-0.5313689313240573,1,0.5313689313240573,regulated_to_importer,410,대한민국
957,46,수산화알루미늄,281830,호주,튀르키예,대한민국,36,"202304,202305,202306,202307,202308,202309,202310,202311,202312",X,-0.5313689313240573,1,0.5313689313240573,regulated_to_intermediary,792,튀르키예
957,46,수산화알루미늄,281830,호주,튀르키예,대한민국,36,"202304,202305,202306,202307,202308,202309,202310,202311,202312",X,-0.5313689313240573,1,0.5313689313240573,regulated_to_importer,410,대한민국
958,46,수산화알루미늄,281830,호주,폴란드,대한민국,36,"202304,202305,202306,202307,202308,202309,202310,202311,202312",X,-0.5313689313240573,2,0.5313689313240573,regulated_to_intermediary,616,폴란드
958,46,수산화알루미늄,281830,호주,폴란드,대한민국,36,"202304,202305,202306,202307,202308,202309,202310,202311,202312",X,-0.5313689313240573,2,0.5313689313240573,regulated_to_importer,410,대한민국
959,46,수산화알루미늄,281830,호주,헝가리,대한민국,36,"202304,202305,202306,202307,202308,202309,202310,202311,202312",X,-0.5313689313240573,1,0.5313689313240573,regulated_to_intermediary,348,헝가리
959,46,수산화알루미늄,281830,호주,헝가리,대한민국,36,"202304,202305,202306,202307,202308,202309,202310,202311,202312",X,-0.5313689313240573,1,0.5313689313240573,regulated_to_importer,410,대한민국
960,10,합판(1차재심),4412,말레이시아,스페인,대한민국,458,"201409,201410,201411,201412,201501,201502,201503,201504,201505",X,-0.5296408977028497,3,0.5296408977028497,regulated_to_intermediary,724,스페인
960,10,합판(1차재심),4412,말레이시아,스페인,대한민국,458,"201409,201410,201411,201412,201501,201502,201503,201504,201505",X,-0.5296408977028497,3,0.5296408977028497,regulated_to_importer,410,대한민국
961,35,합판,4412,중국,싱가포르,대한민국,156,"202011,202012,202101,202102,202103,202104,202105,202106,202107",X,-0.5246313898711126,1,0.5246313898711126,regulated_to_intermediary,702,싱가포르
961,35,합판,4412,중국,싱가포르,대한민국,156,"202011,202012,202101,202102,202103,202104,202105,202106,202107",X,-0.5246313898711126,1,0.5246313898711126,regulated_to_importer,410,대한민국
962,1,PET필름(1차재심),392062,중국,말레이시아,대한민국,156,"201205,201206,201207,201208,201209,201210,201211,201212,201301",X,-0.5217939320872036,3,0.5217939320872036,regulated_to_intermediary,458,말레이시아
962,1,PET필름(1차재심),392062,중국,말레이시아,대한민국,156,"201205,201206,201207,201208,201209,201210,201211,201212,201301",X,-0.5217939320872036,3,0.5217939320872036,regulated_to_importer,410,대한민국
963,2,크라프트지(1차재심),4804,캐나다,남아프리카공화국,대한민국,124,"201204,201205,201206,201207,201208,201209,201210,201211,201212",X,-0.5217939320872036,1,0.5217939320872036,regulated_to_intermediary,710,남아프리카공화국
963,2,크라프트지(1차재심),4804,캐나다,남아프리카공화국,대한민국,124,"201204,201205,201206,201207,201208,201209,201210,201211,201212",X,-0.5217939320872036,1,0.5217939320872036,regulated_to_importer,410,대한민국
964,11,두꺼운 PET필름,392062,일본,이스라엘,대한민국,392,"201412,201501,201502,201503,201504,201505,201506,201507,201508",X,-0.5217939320872036,2,0.5217939320872036,regulated_to_intermediary,376,이스라엘
964,11,두꺼운 PET필름,392062,일본,이스라엘,대한민국,392,"201412,201501,201502,201503,201504,201505,201506,201507,201508",X,-0.5217939320872036,2,0.5217939320872036,regulated_to_importer,410,대한민국
965,19,PET필름(2차재심),392062,인도,프랑스,대한민국,699,"201601,201602,201603,201604,201605,201606,201607,201608,201609",X,-0.5217939320872036,2,0.5217939320872036,regulated_to_intermediary,251,프랑스
965,19,PET필름(2차재심),392062,인도,프랑스,대한민국,699,"201601,201602,201603,201604,201605,201606,201607,201608,201609",X,-0.5217939320872036,2,0.5217939320872036,regulated_to_importer,410,대한민국
966,26,PET필름,392062,대만,싱가포르,대한민국,490,"201804,201805,201806,201807,201808,201809,201810,201811,201812",X,-0.5217939320872036,0,0.5217939320872036,regulated_to_intermediary,702,싱가포르
966,26,PET필름,392062,대만,싱가포르,대한민국,490,"201804,201805,201806,201807,201808,201809,201810,201811,201812",X,-0.5217939320872036,0,0.5217939320872036,regulated_to_importer,410,대한민국
967,36,합판,4412,베트남,미국,대한민국,704,"202011,202012,202101,202102,202103,202104,202105,202106,202107",X,-0.5217939320872036,2,0.5217939320872036,regulated_to_intermediary,842,미국
967,36,합판,4412,베트남,미국,대한민국,704,"202011,202012,202101,202102,202103,202104,202105,202106,202107",X,-0.5217939320872036,2,0.5217939320872036,regulated_to_importer,410,대한민국
968,46,수산화알루미늄,281830,호주,네덜란드,대한민국,36,"202304,202305,202306,202307,202308,202309,202310,202311,202312",X,-0.5217939320872036,1,0.5217939320872036,regulated_to_intermediary,528,네덜란드
968,46,수산화알루미늄,281830,호주,네덜란드,대한민국,36,"202304,202305,202306,202307,202308,202309,202310,202311,202312",X,-0.5217939320872036,1,0.5217939320872036,regulated_to_importer,410,대한민국
969,46,수산화알루미늄,281830,호주,인도,대한민국,36,"202304,202305,202306,202307,202308,202309,202310,202311,202312",X,-0.5217939320872036,1,0.5217939320872036,regulated_to_intermediary,699,인도
969,46,수산화알루미늄,281830,호주,인도,대한민국,36,"202304,202305,202306,202307,202308,202309,202310,202311,202312",X,-0.5217939320872036,1,0.5217939320872036,regulated_to_importer,410,대한민국
970,56,석유수지,391110,중국,태국,대한민국,156,"202508,202509,202510,202511,202512,202601,202602,202603,202604",X,-0.5217939320872036,3,0.5217939320872036,regulated_to_intermediary,764,태국
970,56,석유수지,391110,중국,태국,대한민국,156,"202508,202509,202510,202511,202512,202601,202602,202603,202604",X,-0.5217939320872036,3,0.5217939320872036,regulated_to_importer,410,대한민국
971,59,탄소강과 그밖의 합금강 열간압연 후판제품,7208,중국,멕시코,대한민국,156,"202511,202512,202601,202602,202603,202604,202605,202606,202607",X,-0.5217939320872036,0,0.5217939320872036,regulated_to_intermediary,484,멕시코
971,59,탄소강과 그밖의 합금강 열간압연 후판제품,7208,중국,멕시코,대한민국,156,"202511,202512,202601,202602,202603,202604,202605,202606,202607",X,-0.5217939320872036,0,0.5217939320872036,regulated_to_importer,410,대한민국
972,1,PET필름(1차재심),392062,인도,프랑스,대한민국,699,"201205,201206,201207,201208,201209,201210,201211,201212,201301",X,-0.5161002296110789,3,0.5161002296110789,regulated_to_intermediary,251,프랑스
972,1,PET필름(1차재심),392062,인도,프랑스,대한민국,699,"201205,201206,201207,201208,201209,201210,201211,201212,201301",X,-0.5161002296110789,3,0.5161002296110789,regulated_to_importer,410,대한민국
973,2,크라프트지(1차재심),4804,미국,이탈리아,대한민국,842,"201204,201205,201206,201207,201208,201209,201210,201211,201212",X,-0.5161002296110789,3,0.5161002296110789,regulated_to_intermediary,380,이탈리아
973,2,크라프트지(1차재심),4804,미국,이탈리아,대한민국,842,"201204,201205,201206,201207,201208,201209,201210,201211,201212",X,-0.5161002296110789,3,0.5161002296110789,regulated_to_importer,410,대한민국
974,12,플로트판유리(2차재심),7005,중국,오스트리아,대한민국,156,"201501,201502,201503,201504,201505,201506,201507,201508,201509",X,-0.5161002296110789,2,0.5161002296110789,regulated_to_intermediary,40,오스트리아
974,12,플로트판유리(2차재심),7005,중국,오스트리아,대한민국,156,"201501,201502,201503,201504,201505,201506,201507,201508,201509",X,-0.5161002296110789,2,0.5161002296110789,regulated_to_importer,410,대한민국
975,14,합판(신규공급자조사),4412,중국,벨기에,대한민국,156,"201402,201403,201404,201405,201406,201407,201408,201409,201410",X,-0.5161002296110789,1,0.5161002296110789,regulated_to_intermediary,56,벨기에
975,14,합판(신규공급자조사),4412,중국,벨기에,대한민국,156,"201402,201403,201404,201405,201406,201407,201408,201409,201410",X,-0.5161002296110789,1,0.5161002296110789,regulated_to_importer,410,대한민국
976,15,합판(신규공급자조사),4412,중국,벨기에,대한민국,156,"201402,201403,201404,201405,201406,201407,201408,201409,201410",X,-0.5161002296110789,1,0.5161002296110789,regulated_to_intermediary,56,벨기에
976,15,합판(신규공급자조사),4412,중국,벨기에,대한민국,156,"201402,201403,201404,201405,201406,201407,201408,201409,201410",X,-0.5161002296110789,1,0.5161002296110789,regulated_to_importer,410,대한민국
977,16,합판(신규공급자조사),4412,중국,벨기에,대한민국,156,"201402,201403,201404,201405,201406,201407,201408,201409,201410",X,-0.5161002296110789,1,0.5161002296110789,regulated_to_intermediary,56,벨기에
977,16,합판(신규공급자조사),4412,중국,벨기에,대한민국,156,"201402,201403,201404,201405,201406,201407,201408,201409,201410",X,-0.5161002296110789,1,0.5161002296110789,regulated_to_importer,410,대한민국
978,32,PET필름(3차재심),392062,인도,프랑스,대한민국,699,"201909,201910,201911,201912,202001,202002,202003,202004,202005",X,-0.5161002296110789,2,0.5161002296110789,regulated_to_intermediary,251,프랑스
978,32,PET필름(3차재심),392062,인도,프랑스,대한민국,699,"201909,201910,201911,201912,202001,202002,202003,202004,202005",X,-0.5161002296110789,2,0.5161002296110789,regulated_to_importer,410,대한민국
979,32,PET필름(3차재심),392062,중국,싱가포르,대한민국,156,"201909,201910,201911,201912,202001,202002,202003,202004,202005",X,-0.5161002296110789,3,0.5161002296110789,regulated_to_intermediary,702,싱가포르
979,32,PET필름(3차재심),392062,중국,싱가포르,대한민국,156,"201909,201910,201911,201912,202001,202002,202003,202004,202005",X,-0.5161002296110789,3,0.5161002296110789,regulated_to_importer,410,대한민국
980,32,PET필름(3차재심),392062,중국,프랑스,대한민국,156,"201909,201910,201911,201912,202001,202002,202003,202004,202005",X,-0.5161002296110789,2,0.5161002296110789,regulated_to_intermediary,251,프랑스
980,32,PET필름(3차재심),392062,중국,프랑스,대한민국,156,"201909,201910,201911,201912,202001,202002,202003,202004,202005",X,-0.5161002296110789,2,0.5161002296110789,regulated_to_importer,410,대한민국
981,36,합판,4412,베트남,슬로바키아,대한민국,704,"202011,202012,202101,202102,202103,202104,202105,202106,202107",X,-0.5161002296110789,3,0.5161002296110789,regulated_to_intermediary,703,슬로바키아
981,36,합판,4412,베트남,슬로바키아,대한민국,704,"202011,202012,202101,202102,202103,202104,202105,202106,202107",X,-0.5161002296110789,3,0.5161002296110789,regulated_to_importer,410,대한민국
982,37,스테인리스스틸바,7222,스페인,슬로바키아,대한민국,724,"202101,202102,202103,202104,202105,202106,202107,202108,202109",X,-0.5161002296110789,1,0.5161002296110789,regulated_to_intermediary,703,슬로바키아
982,37,스테인리스스틸바,7222,스페인,슬로바키아,대한민국,724,"202101,202102,202103,202104,202105,202106,202107,202108,202109",X,-0.5161002296110789,1,0.5161002296110789,regulated_to_importer,410,대한민국
983,37,스테인리스스틸바,7222,스페인,아일랜드,대한민국,724,"202101,202102,202103,202104,202105,202106,202107,202108,202109",X,-0.5161002296110789,0,0.5161002296110789,regulated_to_intermediary,372,아일랜드
983,37,스테인리스스틸바,7222,스페인,아일랜드,대한민국,724,"202101,202102,202103,202104,202105,202106,202107,202108,202109",X,-0.5161002296110789,0,0.5161002296110789,regulated_to_importer,410,대한민국
984,48,도공(coated) 인쇄용지,4810,핀란드,인도네시아,대한민국,246,"202403,202404,202405,202406,202407,202408,202409,202410,202411",X,-0.5161002296110789,2,0.5161002296110789,regulated_to_intermediary,360,인도네시아
984,48,도공(coated) 인쇄용지,4810,핀란드,인도네시아,대한민국,246,"202403,202404,202405,202406,202407,202408,202409,202410,202411",X,-0.5161002296110789,2,0.5161002296110789,regulated_to_importer,410,대한민국
985,51,합판,4412,말레이시아,스페인,대한민국,458,"202407,202408,202409,202410,202411,202412,202501,202502,202503",X,-0.5161002296110789,2,0.5161002296110789,regulated_to_intermediary,724,스페인
985,51,합판,4412,말레이시아,스페인,대한민국,458,"202407,202408,202409,202410,202411,202412,202501,202502,202503",X,-0.5161002296110789,2,0.5161002296110789,regulated_to_importer,410,대한민국
986,54,OPP필름,392020,중국,벨기에,대한민국,156,"202504,202505,202506,202507,202508,202509,202510,202511,202512",X,-0.5161002296110789,3,0.5161002296110789,regulated_to_intermediary,56,벨기에
986,54,OPP필름,392020,중국,벨기에,대한민국,156,"202504,202505,202506,202507,202508,202509,202510,202511,202512",X,-0.5161002296110789,3,0.5161002296110789,regulated_to_importer,410,대한민국
987,54,OPP필름,392020,중국,스페인,대한민국,156,"202504,202505,202506,202507,202508,202509,202510,202511,202512",X,-0.5161002296110789,1,0.5161002296110789,regulated_to_intermediary,724,스페인
987,54,OPP필름,392020,중국,스페인,대한민국,156,"202504,202505,202506,202507,202508,202509,202510,202511,202512",X,-0.5161002296110789,1,0.5161002296110789,regulated_to_importer,410,대한민국
988,2,크라프트지(1차재심),4804,인도네시아,스웨덴,대한민국,360,"201204,201205,201206,201207,201208,201209,201210,201211,201212",X,-0.50709255283711,0,0.50709255283711,regulated_to_intermediary,752,스웨덴
988,2,크라프트지(1차재심),4804,인도네시아,스웨덴,대한민국,360,"201204,201205,201206,201207,201208,201209,201210,201211,201212",X,-0.50709255283711,0,0.50709255283711,regulated_to_importer,410,대한민국
989,6,스테인레스스틸바(2차재심),7222,인도,스위스,대한민국,699,"201311,201312,201401,201402,201403,201404,201405,201406,201407",X,-0.50709255283711,1,0.50709255283711,regulated_to_intermediary,757,스위스
989,6,스테인레스스틸바(2차재심),7222,인도,스위스,대한민국,699,"201311,201312,201401,201402,201403,201404,201405,201406,201407",X,-0.50709255283711,1,0.50709255283711,regulated_to_importer,410,대한민국
990,7,합판,4412,중국,벨기에,대한민국,156,"201311,201312,201401,201402,201403,201404,201405,201406,201407",X,-0.50709255283711,3,0.50709255283711,regulated_to_intermediary,56,벨기에
990,7,합판,4412,중국,벨기에,대한민국,156,"201311,201312,201401,201402,201403,201404,201405,201406,201407",X,-0.50709255283711,3,0.50709255283711,regulated_to_importer,410,대한민국
991,9,OPP필름,392020,중국,호주,대한민국,156,"201312,201401,201402,201403,201404,201405,201406,201407,201408",X,-0.50709255283711,2,0.50709255283711,regulated_to_intermediary,36,호주
991,9,OPP필름,392020,중국,호주,대한민국,156,"201312,201401,201402,201403,201404,201405,201406,201407,201408",X,-0.50709255283711,2,0.50709255283711,regulated_to_importer,410,대한민국
992,13,공기압 전송용 밸브,848120,일본,룩셈부르그,대한민국,392,"201508,201509,201510,201511,201512,201601,201602,201603,201604",X,-0.50709255283711,2,0.50709255283711,regulated_to_intermediary,442,룩셈부르그
992,13,공기압 전송용 밸브,848120,일본,룩셈부르그,대한민국,392,"201508,201509,201510,201511,201512,201601,201602,201603,201604",X,-0.50709255283711,2,0.50709255283711,regulated_to_importer,410,대한민국
993,13,공기압 전송용 밸브,848120,일본,슬로베니아,대한민국,392,"201508,201509,201510,201511,201512,201601,201602,201603,201604",X,-0.50709255283711,2,0.50709255283711,regulated_to_intermediary,705,슬로베니아
993,13,공기압 전송용 밸브,848120,일본,슬로베니아,대한민국,392,"201508,201509,201510,201511,201512,201601,201602,201603,201604",X,-0.50709255283711,2,0.50709255283711,regulated_to_importer,410,대한민국
994,17,초산에틸(2차재심),291531,싱가포르,미국,대한민국,702,"201511,201512,201601,201602,201603,201604,201605,201606,201607",X,-0.50709255283711,3,0.50709255283711,regulated_to_intermediary,842,미국
994,17,초산에틸(2차재심),291531,싱가포르,미국,대한민국,702,"201511,201512,201601,201602,201603,201604,201605,201606,201607",X,-0.50709255283711,3,0.50709255283711,regulated_to_importer,410,대한민국
995,17,초산에틸(2차재심),291531,중국,이탈리아,대한민국,156,"201511,201512,201601,201602,201603,201604,201605,201606,201607",X,-0.50709255283711,3,0.50709255283711,regulated_to_intermediary,380,이탈리아
995,17,초산에틸(2차재심),291531,중국,이탈리아,대한민국,156,"201511,201512,201601,201602,201603,201604,201605,201606,201607",X,-0.50709255283711,3,0.50709255283711,regulated_to_importer,410,대한민국
996,26,PET필름,392062,태국,룩셈부르그,대한민국,764,"201804,201805,201806,201807,201808,201809,201810,201811,201812",X,-0.50709255283711,0,0.50709255283711,regulated_to_intermediary,442,룩셈부르그
996,26,PET필름,392062,태국,룩셈부르그,대한민국,764,"201804,201805,201806,201807,201808,201809,201810,201811,201812",X,-0.50709255283711,0,0.50709255283711,regulated_to_importer,410,대한민국
997,32,PET필름(3차재심),392062,인도,호주,대한민국,699,"201909,201910,201911,201912,202001,202002,202003,202004,202005",X,-0.50709255283711,3,0.50709255283711,regulated_to_intermediary,36,호주
997,32,PET필름(3차재심),392062,인도,호주,대한민국,699,"201909,201910,201911,201912,202001,202002,202003,202004,202005",X,-0.50709255283711,3,0.50709255283711,regulated_to_importer,410,대한민국
998,32,PET필름(3차재심),392062,중국,아랍에미리트 연합,대한민국,156,"201909,201910,201911,201912,202001,202002,202003,202004,202005",X,-0.50709255283711,1,0.50709255283711,regulated_to_intermediary,784,아랍에미리트 연합
998,32,PET필름(3차재심),392062,중국,아랍에미리트 연합,대한민국,156,"201909,201910,201911,201912,202001,202002,202003,202004,202005",X,-0.50709255283711,1,0.50709255283711,regulated_to_importer,410,대한민국
999,33,스테인리스 스틸바,7222,일본,말레이시아,대한민국,392,"202005,202006,202007,202008,202009,202010,202011,202012,202101",X,-0.50709255283711,1,0.50709255283711,regulated_to_intermediary,458,말레이시아
999,33,스테인리스 스틸바,7222,일본,말레이시아,대한민국,392,"202005,202006,202007,202008,202009,202010,202011,202012,202101",X,-0.50709255283711,1,0.50709255283711,regulated_to_importer,410,대한민국
1000,35,합판,4412,중국,태국,대한민국,156,"202011,202012,202101,202102,202103,202104,202105,202106,202107",X,-0.50709255283711,3,0.50709255283711,regulated_to_intermediary,764,태국
1000,35,합판,4412,중국,태국,대한민국,156,"202011,202012,202101,202102,202103,202104,202105,202106,202107",X,-0.50709255283711,3,0.50709255283711,regulated_to_importer,410,대한민국
1001,36,합판,4412,베트남,태국,대한민국,704,"202011,202012,202101,202102,202103,202104,202105,202106,202107",X,-0.50709255283711,1,0.50709255283711,regulated_to_intermediary,764,태국
1001,36,합판,4412,베트남,태국,대한민국,704,"202011,202012,202101,202102,202103,202104,202105,202106,202107",X,-0.50709255283711,1,0.50709255283711,regulated_to_importer,410,대한민국
1002,37,스테인리스스틸바,7222,스페인,노르웨이,대한민국,724,"202101,202102,202103,202104,202105,202106,202107,202108,202109",X,-0.50709255283711,2,0.50709255283711,regulated_to_intermediary,579,노르웨이
1002,37,스테인리스스틸바,7222,스페인,노르웨이,대한민국,724,"202101,202102,202103,202104,202105,202106,202107,202108,202109",X,-0.50709255283711,2,0.50709255283711,regulated_to_importer,410,대한민국
1003,37,스테인리스스틸바,7222,스페인,덴마크,대한민국,724,"202101,202102,202103,202104,202105,202106,202107,202108,202109",X,-0.50709255283711,1,0.50709255283711,regulated_to_intermediary,208,덴마크
1003,37,스테인리스스틸바,7222,스페인,덴마크,대한민국,724,"202101,202102,202103,202104,202105,202106,202107,202108,202109",X,-0.50709255283711,1,0.50709255283711,regulated_to_importer,410,대한민국
1004,37,스테인리스스틸바,7222,일본,싱가포르,대한민국,392,"202101,202102,202103,202104,202105,202106,202107,202108,202109",X,-0.50709255283711,2,0.50709255283711,regulated_to_intermediary,702,싱가포르
1004,37,스테인리스스틸바,7222,일본,싱가포르,대한민국,392,"202101,202102,202103,202104,202105,202106,202107,202108,202109",X,-0.50709255283711,2,0.50709255283711,regulated_to_importer,410,대한민국
1005,38,인쇄제판용 평면모양 사진 플레이트(옵셋 인쇄판),370130,중국,영국,대한민국,156,"202105,202106,202107,202108,202109,202110,202111,202112,202201",X,-0.50709255283711,2,0.50709255283711,regulated_to_intermediary,826,영국
1005,38,인쇄제판용 평면모양 사진 플레이트(옵셋 인쇄판),370130,중국,영국,대한민국,156,"202105,202106,202107,202108,202109,202110,202111,202112,202201",X,-0.50709255283711,2,0.50709255283711,regulated_to_importer,410,대한민국
1006,48,도공(coated) 인쇄용지,4810,일본,벨기에,대한민국,392,"202403,202404,202405,202406,202407,202408,202409,202410,202411",X,-0.50709255283711,0,0.50709255283711,regulated_to_intermediary,56,벨기에
1006,48,도공(coated) 인쇄용지,4810,일본,벨기에,대한민국,392,"202403,202404,202405,202406,202407,202408,202409,202410,202411",X,-0.50709255283711,0,0.50709255283711,regulated_to_importer,410,대한민국
1007,48,도공(coated) 인쇄용지,4810,일본,캐나다,대한민국,392,"202403,202404,202405,202406,202407,202408,202409,202410,202411",X,-0.50709255283711,2,0.50709255283711,regulated_to_intermediary,124,캐나다
1007,48,도공(coated) 인쇄용지,4810,일본,캐나다,대한민국,392,"202403,202404,202405,202406,202407,202408,202409,202410,202411",X,-0.50709255283711,2,0.50709255283711,regulated_to_importer,410,대한민국
1008,48,도공(coated) 인쇄용지,4810,핀란드,홍콩,대한민국,246,"202403,202404,202405,202406,202407,202408,202409,202410,202411",X,-0.50709255283711,2,0.50709255283711,regulated_to_intermediary,344,홍콩
1008,48,도공(coated) 인쇄용지,4810,핀란드,홍콩,대한민국,246,"202403,202404,202405,202406,202407,202408,202409,202410,202411",X,-0.50709255283711,2,0.50709255283711,regulated_to_importer,410,대한민국
1009,50,합판,4412,중국,프랑스,대한민국,156,"202407,202408,202409,202410,202411,202412,202501,202502,202503",X,-0.50709255283711,2,0.50709255283711,regulated_to_intermediary,251,프랑스
1009,50,합판,4412,중국,프랑스,대한민국,156,"202407,202408,202409,202410,202411,202412,202501,202502,202503",X,-0.50709255283711,2,0.50709255283711,regulated_to_importer,410,대한민국
1010,54,OPP필름,392020,중국,캄보디아,대한민국,156,"202504,202505,202506,202507,202508,202509,202510,202511,202512",X,-0.50709255283711,0,0.50709255283711,regulated_to_intermediary,116,캄보디아
1010,54,OPP필름,392020,중국,캄보디아,대한민국,156,"202504,202505,202506,202507,202508,202509,202510,202511,202512",X,-0.50709255283711,0,0.50709255283711,regulated_to_importer,410,대한민국
